left_path,right_path,phash_distance,correlation,rgb_rmse,cross_label,exact_rgb,decision
Cats/Dental Disease in Cat/10A_jpg.rf.DRkSCELcavXeWZQAFpbI.jpg,Cats/Dental Disease in Cat/10D_jpg.rf.TgPOSBEkaYIOtnYrdnXP.jpg,0,0.9968527191164155,0.055972084403038025,False,False,hold_in_same_split_group_only; no automatic exclusion
Cats/Dental Disease in Cat/10A_jpg.rf.DRkSCELcavXeWZQAFpbI.jpg,Cats/Dental Disease in Cat/10I_jpg.rf.qEUrWSWhJn7VXbtxi0su.jpg,0,0.9999868982327628,0.0013664811849594116,False,False,hold_in_same_split_group_only; no automatic exclusion
Cats/Dental Disease in Cat/10A_jpg.rf.DRkSCELcavXeWZQAFpbI.jpg,Cats/Dental Disease in Cat/10_jpg.rf.Pq7Tqb8Fmd0ff5GOWoGR.jpg,0,0.9968632029594389,0.05596327409148216,False,False,hold_in_same_split_group_only; no automatic exclusion
Cats/Dental Disease in Cat/10A_jpg.rf.DRkSCELcavXeWZQAFpbI.jpg,Dogs/Dental Disease in Dog/스크린샷 2024-04-29 154725_png.rf.IdiNJ3qn4FunykO6zzVR.png,0,0.9968156426195498,0.0559561625123024,True,False,hold_in_same_split_group_only; no automatic exclusion
Cats/Dental Disease in Cat/10D_jpg.rf.TgPOSBEkaYIOtnYrdnXP.jpg,Cats/Dental Disease in Cat/10I_jpg.rf.qEUrWSWhJn7VXbtxi0su.jpg,0,0.9968520383743592,0.05591065436601639,False,False,hold_in_same_split_group_only; no automatic exclusion
Cats/Dental Disease in Cat/10D_jpg.rf.TgPOSBEkaYIOtnYrdnXP.jpg,Cats/Dental Disease in Cat/10_jpg.rf.Pq7Tqb8Fmd0ff5GOWoGR.jpg,0,0.9999861821789264,0.0011254067067056894,False,False,hold_in_same_split_group_only; no automatic exclusion
Cats/Dental Disease in Cat/10D_jpg.rf.TgPOSBEkaYIOtnYrdnXP.jpg,Dogs/Dental Disease in Dog/스크린샷 2024-04-29 154725_png.rf.IdiNJ3qn4FunykO6zzVR.png,0,0.9999412183140979,0.002335944212973118,True,False,hold_in_same_split_group_only; no automatic exclusion
Cats/Dental Disease in Cat/10I_jpg.rf.qEUrWSWhJn7VXbtxi0su.jpg,Cats/Dental Disease in Cat/10_jpg.rf.Pq7Tqb8Fmd0ff5GOWoGR.jpg,0,0.9968627799507622,0.05590156465768814,False,False,hold_in_same_split_group_only; no automatic exclusion
Cats/Dental Disease in Cat/10I_jpg.rf.qEUrWSWhJn7VXbtxi0su.jpg,Dogs/Dental Disease in Dog/스크린샷 2024-04-29 154725_png.rf.IdiNJ3qn4FunykO6zzVR.png,0,0.9968129700299666,0.05589686334133148,True,False,hold_in_same_split_group_only; no automatic exclusion
Cats/Dental Disease in Cat/10_jpg.rf.Pq7Tqb8Fmd0ff5GOWoGR.jpg,Dogs/Dental Disease in Dog/스크린샷 2024-04-29 154725_png.rf.IdiNJ3qn4FunykO6zzVR.png,0,0.9999400137724358,0.002362580969929695,True,False,hold_in_same_split_group_only; no automatic exclusion
Cats/Dental Disease in Cat/11D_jpg.rf.6EZTL1QGMSSD8e6aVeow.jpg,Cats/Dental Disease in Cat/11I_jpg.rf.77EiMl6kt7LJ0gWLUQJm.jpg,0,0.999995370760292,0.0007318821153603494,False,False,hold_in_same_split_group_only; no automatic exclusion
Cats/Dental Disease in Cat/11D_jpg.rf.6EZTL1QGMSSD8e6aVeow.jpg,Cats/Dental Disease in Cat/11_jpg.rf.PXP1uJ3h9Xu75gna9ewo.jpg,0,0.999988838785298,0.0011364729143679142,False,False,hold_in_same_split_group_only; no automatic exclusion
Cats/Dental Disease in Cat/11I_jpg.rf.77EiMl6kt7LJ0gWLUQJm.jpg,Cats/Dental Disease in Cat/11_jpg.rf.PXP1uJ3h9Xu75gna9ewo.jpg,0,0.9999891311670569,0.0011209497461095452,False,False,hold_in_same_split_group_only; no automatic exclusion
Cats/Dental Disease in Cat/12D_jpg.rf.BDMW3v7GZj9W3kLpp2cG.jpg,Cats/Dental Disease in Cat/12_jpg.rf.nyBKwvogZyeAKkR6RNAe.jpg,0,0.9999875976360556,0.001162602100521326,False,False,hold_in_same_split_group_only; no automatic exclusion
Cats/Dental Disease in Cat/12D_jpg.rf.BDMW3v7GZj9W3kLpp2cG.jpg,Dogs/Dental Disease in Dog/스크린샷 2024-04-29 154802_png.rf.g3NOv7jnjZXzZ5EfWiw7.png,0,0.9999476069275046,0.002395198680460453,True,False,hold_in_same_split_group_only; no automatic exclusion
Cats/Dental Disease in Cat/12_jpg.rf.nyBKwvogZyeAKkR6RNAe.jpg,Dogs/Dental Disease in Dog/스크린샷 2024-04-29 154802_png.rf.g3NOv7jnjZXzZ5EfWiw7.png,0,0.9999474565729706,0.0023972876369953156,True,False,hold_in_same_split_group_only; no automatic exclusion
Cats/Dental Disease in Cat/13A_jpg.rf.93csRnMkhdXHAzC6M8rf.jpg,Cats/Dental Disease in Cat/13D_jpg.rf.vpyO8qomyWZl7VhXnE3j.jpg,0,0.9999887814774139,0.0011797001352533698,False,False,hold_in_same_split_group_only; no automatic exclusion
Cats/Dental Disease in Cat/13A_jpg.rf.93csRnMkhdXHAzC6M8rf.jpg,Cats/Dental Disease in Cat/13I_jpg.rf.BQQcvXSkoESTc4Jtc8Qq.jpg,0,0.9999888211142496,0.0011775764869526029,False,False,hold_in_same_split_group_only; no automatic exclusion
Cats/Dental Disease in Cat/13A_jpg.rf.93csRnMkhdXHAzC6M8rf.jpg,Cats/Dental Disease in Cat/13_jpg.rf.e9KduuRowSFS5Uf8G9WG.jpg,0,0.9999976580632531,0.0005388442077673972,False,False,hold_in_same_split_group_only; no automatic exclusion
Cats/Dental Disease in Cat/13D_jpg.rf.vpyO8qomyWZl7VhXnE3j.jpg,Cats/Dental Disease in Cat/13I_jpg.rf.BQQcvXSkoESTc4Jtc8Qq.jpg,0,0.9999976978926487,0.0005341788055375218,False,False,hold_in_same_split_group_only; no automatic exclusion
Cats/Dental Disease in Cat/13D_jpg.rf.vpyO8qomyWZl7VhXnE3j.jpg,Cats/Dental Disease in Cat/13_jpg.rf.e9KduuRowSFS5Uf8G9WG.jpg,0,0.9999887805093434,0.0011797001352533698,False,False,hold_in_same_split_group_only; no automatic exclusion
Cats/Dental Disease in Cat/13I_jpg.rf.BQQcvXSkoESTc4Jtc8Qq.jpg,Cats/Dental Disease in Cat/13_jpg.rf.e9KduuRowSFS5Uf8G9WG.jpg,0,0.9999888195863762,0.0011775764869526029,False,False,hold_in_same_split_group_only; no automatic exclusion
Cats/Dental Disease in Cat/14A_jpg.rf.DhmywUN66JLlXuWdnt6d.jpg,Cats/Dental Disease in Cat/14I_jpg.rf.IcIvBXZhK6CXtfrF044a.jpg,0,0.9999901035938764,0.0011669001542031765,False,False,hold_in_same_split_group_only; no automatic exclusion
Cats/Dental Disease in Cat/14A_jpg.rf.DhmywUN66JLlXuWdnt6d.jpg,Cats/Dental Disease in Cat/14_jpg.rf.1VQaqK2ESjiTDrweiBdJ.jpg,0,0.9999970543059165,0.000636783370282501,False,False,hold_in_same_split_group_only; no automatic exclusion
Cats/Dental Disease in Cat/14I_jpg.rf.IcIvBXZhK6CXtfrF044a.jpg,Cats/Dental Disease in Cat/14_jpg.rf.1VQaqK2ESjiTDrweiBdJ.jpg,0,0.9999902843029537,0.001156125101260841,False,False,hold_in_same_split_group_only; no automatic exclusion
Cats/Dental Disease in Cat/15A_jpg.rf.Ym3PZEAx1ZXM3IosIfA1.jpg,Cats/Dental Disease in Cat/15I_jpg.rf.RMr7HVHiY3UexCBMTAsV.jpg,0,0.9999741286358945,0.0016134328907355666,False,False,hold_in_same_split_group_only; no automatic exclusion
Cats/Dental Disease in Cat/15D_jpg.rf.K4PA2VXhNrvlcMghuuoD.jpg,Cats/Dental Disease in Cat/15_jpg.rf.fWFZA4y9ntrVIVS3iOh4.jpg,0,0.9999838749176319,0.0013331021182239056,False,False,hold_in_same_split_group_only; no automatic exclusion
Cats/Dental Disease in Cat/16A_jpg.rf.vBTRvpgpQR4DM3guTvg8.jpg,Cats/Dental Disease in Cat/16I_jpg.rf.4FnRgP2zcq3WnD7Mly36.jpg,0,0.9999773252005958,0.0013774277176707983,False,False,hold_in_same_split_group_only; no automatic exclusion
Cats/Dental Disease in Cat/16D_jpg.rf.6l9Zu1M51g6gWfYGIIYc.jpg,Cats/Dental Disease in Cat/16_jpg.rf.qPgbtGpsQhDYs9ZB85XJ.jpg,0,0.9999855306565331,0.0010938257910311222,False,False,hold_in_same_split_group_only; no automatic exclusion
Cats/Dental Disease in Cat/16D_jpg.rf.6l9Zu1M51g6gWfYGIIYc.jpg,Dogs/Dental Disease in Dog/스크린샷 2024-04-29 155923_png.rf.3aO0iAkXLRlhSvT3qqA8.png,0,0.9999283261075914,0.002443821169435978,True,False,hold_in_same_split_group_only; no automatic exclusion
Cats/Dental Disease in Cat/16I_jpg.rf.4FnRgP2zcq3WnD7Mly36.jpg,Cats/Dental Disease in Cat/16_jpg.rf.qPgbtGpsQhDYs9ZB85XJ.jpg,0,0.9850159858820802,0.03803655132651329,False,False,hold_in_same_split_group_only; no automatic exclusion
Cats/Dental Disease in Cat/16_jpg.rf.qPgbtGpsQhDYs9ZB85XJ.jpg,Dogs/Dental Disease in Dog/스크린샷 2024-04-29 155923_png.rf.3aO0iAkXLRlhSvT3qqA8.png,0,0.9999260858607504,0.0024794102646410465,True,False,hold_in_same_split_group_only; no automatic exclusion
Cats/Dental Disease in Cat/17A_jpg.rf.Aq4MmHn0xRbnS1q7cxKn.jpg,Cats/Dental Disease in Cat/17I_jpg.rf.KsDJP2DP4xiZ3NWG8tQT.jpg,0,0.9999807965652433,0.0018706296104937792,False,False,hold_in_same_split_group_only; no automatic exclusion
Cats/Dental Disease in Cat/17D_jpg.rf.Yc38Bh0XR80ebTbMb8bW.jpg,Cats/Dental Disease in Cat/17_jpg.rf.gr8xeruI6syWxucarDei.jpg,0,0.9999878948580848,0.0015549726085737348,False,False,hold_in_same_split_group_only; no automatic exclusion
Cats/Dental Disease in Cat/17D_jpg.rf.Yc38Bh0XR80ebTbMb8bW.jpg,Dogs/Dental Disease in Dog/스크린샷 2024-04-29 160053_png.rf.Jld6PecWjAdQ40CfxieK.png,0,0.99996583110931,0.002671831054612994,True,False,hold_in_same_split_group_only; no automatic exclusion
Cats/Dental Disease in Cat/17_jpg.rf.gr8xeruI6syWxucarDei.jpg,Dogs/Dental Disease in Dog/스크린샷 2024-04-29 160053_png.rf.Jld6PecWjAdQ40CfxieK.png,0,0.9999714156691171,0.0024499590508639812,True,False,hold_in_same_split_group_only; no automatic exclusion
Cats/Dental Disease in Cat/18D_jpg.rf.95u8WSfZkaVPtHs7viAm.jpg,Cats/Dental Disease in Cat/18I_jpg.rf.bZXMQVFLdCEmF58CAIQE.jpg,0,0.9867642410241213,0.04783892259001732,False,False,hold_in_same_split_group_only; no automatic exclusion
Cats/Dental Disease in Cat/19A_jpg.rf.NNmmdka9IGL42oFJCPbx.jpg,Cats/Dental Disease in Cat/19D_jpg.rf.gPODbBflvULotTfpa4H6.jpg,0,0.99997923838801,0.002006213879212737,False,False,hold_in_same_split_group_only; no automatic exclusion
Cats/Dental Disease in Cat/1A_jpg.rf.BDMcNF7javZqm25RSh6g.jpg,Cats/Dental Disease in Cat/1I_jpg.rf.qCbxe1Mb2LBn1p0xgSvG.jpg,0,0.9999782572483489,0.0015191464917734265,False,False,hold_in_same_split_group_only; no automatic exclusion
Cats/Dental Disease in Cat/1_jpg.rf.g6Ge1LPfs941lFbj0Uti.jpg,Dogs/Dental Disease in Dog/0_1_png.rf.ZFRPnpr9CzffyM0LXCJ9.png,0,0.9999173562438364,0.002377366879954934,True,False,hold_in_same_split_group_only; no automatic exclusion
Cats/Dental Disease in Cat/21A_png_jpg.rf.fusc8GWHe2ZYXKU6p8Yu.jpg,Cats/Dental Disease in Cat/22D_png_jpg.rf.4FwRombX0ttHc0G7yjuk.jpg,0,0.9997508727856074,0.004751573316752911,False,False,hold_in_same_split_group_only; no automatic exclusion
Cats/Dental Disease in Cat/21A_png_jpg.rf.fusc8GWHe2ZYXKU6p8Yu.jpg,Cats/Dental Disease in Cat/22_png_jpg.rf.0RolKEbBpJxJoD7pHqd4.jpg,0,0.9997455695719225,0.004802399780601263,False,False,hold_in_same_split_group_only; no automatic exclusion
Cats/Dental Disease in Cat/21I_jpg.rf.sjHLyuJTZFHgzYH5NBGw.jpg,Cats/Dental Disease in Cat/21_jpg.rf.hJ95fhaIHkr0Pp96a8La.jpg,0,0.9997572715457064,0.003232290968298912,False,False,hold_in_same_split_group_only; no automatic exclusion
Cats/Dental Disease in Cat/22D_png_jpg.rf.4FwRombX0ttHc0G7yjuk.jpg,Cats/Dental Disease in Cat/22_png_jpg.rf.0RolKEbBpJxJoD7pHqd4.jpg,0,0.9997860925429761,0.004403246100991964,False,False,hold_in_same_split_group_only; no automatic exclusion
Cats/Dental Disease in Cat/23A_jpg.rf.1Vzvdgpwemwcy8JoL5NV.jpg,Cats/Dental Disease in Cat/23D_jpg.rf.0J5JeMpN4zOdUq73IDPt.jpg,0,0.9999026371097492,0.0031933370046317577,False,False,hold_in_same_split_group_only; no automatic exclusion
Cats/Dental Disease in Cat/23A_jpg.rf.1Vzvdgpwemwcy8JoL5NV.jpg,Cats/Dental Disease in Cat/23_jpg.rf.zSCn0K7fQyzXwMLcE9hA.jpg,0,0.9999059372390889,0.0031387864146381617,False,False,hold_in_same_split_group_only; no automatic exclusion
Cats/Dental Disease in Cat/23D_jpg.rf.0J5JeMpN4zOdUq73IDPt.jpg,Cats/Dental Disease in Cat/23_jpg.rf.zSCn0K7fQyzXwMLcE9hA.jpg,0,0.999956627928503,0.0021308499854058027,False,False,hold_in_same_split_group_only; no automatic exclusion
Cats/Dental Disease in Cat/25A_jpg.rf.el3ndLpOeQAmG3NpjikV.jpg,Cats/Dental Disease in Cat/25D_jpg.rf.xThSaIPVcThRkiuUfeFR.jpg,0,0.9999776257233078,0.0016532766167074442,False,False,hold_in_same_split_group_only; no automatic exclusion
Cats/Dental Disease in Cat/25A_jpg.rf.el3ndLpOeQAmG3NpjikV.jpg,Cats/Dental Disease in Cat/25I_jpg.rf.kKP9iRareIVAEt5MSTNY.jpg,0,0.9999771157216952,0.0016728427726775408,False,False,hold_in_same_split_group_only; no automatic exclusion
Cats/Dental Disease in Cat/25A_jpg.rf.el3ndLpOeQAmG3NpjikV.jpg,Cats/Dental Disease in Cat/25_jpg.rf.BZtkb2TmfYzgBfr4H7Rf.jpg,0,0.9999497600703213,0.0024784007109701633,False,False,hold_in_same_split_group_only; no automatic exclusion
Cats/Dental Disease in Cat/25D_jpg.rf.xThSaIPVcThRkiuUfeFR.jpg,Cats/Dental Disease in Cat/25I_jpg.rf.kKP9iRareIVAEt5MSTNY.jpg,0,0.9999838974019242,0.0014026376884430647,False,False,hold_in_same_split_group_only; no automatic exclusion
Cats/Dental Disease in Cat/25D_jpg.rf.xThSaIPVcThRkiuUfeFR.jpg,Cats/Dental Disease in Cat/25_jpg.rf.BZtkb2TmfYzgBfr4H7Rf.jpg,0,0.999948731107773,0.002502522198483348,False,False,hold_in_same_split_group_only; no automatic exclusion
Cats/Dental Disease in Cat/25I_jpg.rf.kKP9iRareIVAEt5MSTNY.jpg,Cats/Dental Disease in Cat/25_jpg.rf.BZtkb2TmfYzgBfr4H7Rf.jpg,0,0.9999515039510347,0.002434585941955447,False,False,hold_in_same_split_group_only; no automatic exclusion
Cats/Dental Disease in Cat/26A_jpg.rf.5PPbyyCrkPU4r5YLoxmK.jpg,Cats/Dental Disease in Cat/26I_jpg.rf.DSDrWYHkgFW5zFJ8SVi4.jpg,0,0.999910141908908,0.002914675045758486,False,False,hold_in_same_split_group_only; no automatic exclusion
Cats/Dental Disease in Cat/28A_jpg.rf.P2ncMNZ9ARRMgf1zHnKK.jpg,Cats/Dental Disease in Cat/28D_jpg.rf.efgS3jzr4VHbyFgW5KRG.jpg,0,0.9998073333816391,0.0032723110634833574,False,False,hold_in_same_split_group_only; no automatic exclusion
Cats/Dental Disease in Cat/28A_jpg.rf.P2ncMNZ9ARRMgf1zHnKK.jpg,Cats/Dental Disease in Cat/28I_jpg.rf.7zgCHLzHb0ANuzNExqVV.jpg,0,0.9999427826590593,0.0017843407113105059,False,False,hold_in_same_split_group_only; no automatic exclusion
Cats/Dental Disease in Cat/28A_jpg.rf.P2ncMNZ9ARRMgf1zHnKK.jpg,Cats/Dental Disease in Cat/28_jpg.rf.DKTDniClxKf17mLST5RH.jpg,0,0.9998073992076749,0.0032738405279815197,False,False,hold_in_same_split_group_only; no automatic exclusion
Cats/Dental Disease in Cat/28D_jpg.rf.efgS3jzr4VHbyFgW5KRG.jpg,Cats/Dental Disease in Cat/28I_jpg.rf.7zgCHLzHb0ANuzNExqVV.jpg,0,0.9998092682299865,0.0032554396893829107,False,False,hold_in_same_split_group_only; no automatic exclusion
Cats/Dental Disease in Cat/28D_jpg.rf.efgS3jzr4VHbyFgW5KRG.jpg,Cats/Dental Disease in Cat/28_jpg.rf.DKTDniClxKf17mLST5RH.jpg,0,0.9998912629699179,0.0024591367691755295,False,False,hold_in_same_split_group_only; no automatic exclusion
Cats/Dental Disease in Cat/28I_jpg.rf.7zgCHLzHb0ANuzNExqVV.jpg,Cats/Dental Disease in Cat/28_jpg.rf.DKTDniClxKf17mLST5RH.jpg,0,0.9998086683505859,0.0032615847885608673,False,False,hold_in_same_split_group_only; no automatic exclusion
Cats/Dental Disease in Cat/2A_jpg.rf.Q5KSdQfW5Ko86iau3PXZ.jpg,Cats/Dental Disease in Cat/2I_jpg.rf.9x8MYxiMP6pLH2uoOQ9Q.jpg,0,0.9999860478097865,0.0012254902394488454,False,False,hold_in_same_split_group_only; no automatic exclusion
Cats/Dental Disease in Cat/2_jpg.rf.9HiHFb9B02Q3SZlNHQHb.jpg,Dogs/Dental Disease in Dog/0_png.rf.OsmLK2dyjcEHSX3nunSb.png,0,0.9999407981697258,0.002264118753373623,True,False,hold_in_same_split_group_only; no automatic exclusion
Cats/Dental Disease in Cat/31D_jpg.rf.RhmUMbLgqV2Cuy0hQlaN.jpg,Cats/Dental Disease in Cat/31I_jpg.rf.mJplPbGJ0GwBUZw9nCt0.jpg,0,0.9999335727397581,0.00212614587508142,False,False,hold_in_same_split_group_only; no automatic exclusion
Cats/Dental Disease in Cat/31D_jpg.rf.RhmUMbLgqV2Cuy0hQlaN.jpg,Cats/Dental Disease in Cat/31_jpg.rf.2VPlpAQRavdybRo617HG.jpg,0,0.9999415458140025,0.001994953490793705,False,False,hold_in_same_split_group_only; no automatic exclusion
Cats/Dental Disease in Cat/31I_jpg.rf.mJplPbGJ0GwBUZw9nCt0.jpg,Cats/Dental Disease in Cat/31_jpg.rf.2VPlpAQRavdybRo617HG.jpg,0,0.9999314213248472,0.002162333345040679,False,False,hold_in_same_split_group_only; no automatic exclusion
Cats/Dental Disease in Cat/32A_png_jpg.rf.uOtBwCTsmthc6hpVVEXn.jpg,Cats/Dental Disease in Cat/32I_png_jpg.rf.JMduB2xIvbHssXzpl60M.jpg,0,0.9999367078224718,0.0027612082194536924,False,False,hold_in_same_split_group_only; no automatic exclusion
Cats/Dental Disease in Cat/34A_jpg.rf.y3dLUplUSznMHdAemARD.jpg,Cats/Dental Disease in Cat/34I_jpg.rf.cUKlrdvoAnJ1tCGim63P.jpg,0,0.9999411168743202,0.001687739510089159,False,False,hold_in_same_split_group_only; no automatic exclusion
Cats/Dental Disease in Cat/34A_jpg.rf.y3dLUplUSznMHdAemARD.jpg,Cats/Dental Disease in Cat/34_jpg.rf.2LyCsNZhbyNCr6Gpu247.jpg,0,0.9999307680356204,0.0018355101346969604,False,False,hold_in_same_split_group_only; no automatic exclusion
Cats/Dental Disease in Cat/34I_jpg.rf.cUKlrdvoAnJ1tCGim63P.jpg,Cats/Dental Disease in Cat/34_jpg.rf.2LyCsNZhbyNCr6Gpu247.jpg,0,0.999940502868668,0.0016921827336773276,False,False,hold_in_same_split_group_only; no automatic exclusion
Cats/Dental Disease in Cat/35A_jpg.rf.ML4ZZW9udnz7yMqFPZCv.jpg,Cats/Dental Disease in Cat/35D_jpg.rf.EhaPLz1FrVKM4390nTp1.jpg,0,0.9999501163035979,0.001743185450322926,False,False,hold_in_same_split_group_only; no automatic exclusion
Cats/Dental Disease in Cat/35A_jpg.rf.ML4ZZW9udnz7yMqFPZCv.jpg,Cats/Dental Disease in Cat/35I_jpg.rf.aMXU9iAdVSdoTHxgvmGW.jpg,0,0.9999505738129718,0.0017359910998493433,False,False,hold_in_same_split_group_only; no automatic exclusion
Cats/Dental Disease in Cat/35D_jpg.rf.EhaPLz1FrVKM4390nTp1.jpg,Cats/Dental Disease in Cat/35I_jpg.rf.aMXU9iAdVSdoTHxgvmGW.jpg,0,0.999948357600945,0.001774494186975062,False,False,hold_in_same_split_group_only; no automatic exclusion
Cats/Dental Disease in Cat/36A_jpg.rf.3K66dHoZwsOEA3MK9UEB.jpg,Cats/Dental Disease in Cat/36I_jpg.rf.bwmDWOudDmJ7xeUTOMf8.jpg,2,0.9999633058271203,0.001663840957917273,False,False,hold_in_same_split_group_only; no automatic exclusion
Cats/Dental Disease in Cat/36A_jpg.rf.3K66dHoZwsOEA3MK9UEB.jpg,Cats/Dental Disease in Cat/36_jpg.rf.LktHSI81324xaZW2nBSO.jpg,0,0.9999598154143594,0.001743185450322926,False,False,hold_in_same_split_group_only; no automatic exclusion
Cats/Dental Disease in Cat/36I_jpg.rf.bwmDWOudDmJ7xeUTOMf8.jpg,Cats/Dental Disease in Cat/36_jpg.rf.LktHSI81324xaZW2nBSO.jpg,2,0.9999586652281558,0.0017674271948635578,False,False,hold_in_same_split_group_only; no automatic exclusion
Cats/Dental Disease in Cat/37A_jpg.rf.uXhcs1C1sElgzz1m1lNp.jpg,Cats/Dental Disease in Cat/37D_jpg.rf.62iVGOpwI5nSLwW4AeDG.jpg,0,0.9999798780244444,0.0015565815847367048,False,False,hold_in_same_split_group_only; no automatic exclusion
Cats/Dental Disease in Cat/37A_jpg.rf.uXhcs1C1sElgzz1m1lNp.jpg,Cats/Dental Disease in Cat/37I_jpg.rf.3InFCBCl2CNGd8A2WxPg.jpg,0,0.9999854364050681,0.0013236807426437736,False,False,hold_in_same_split_group_only; no automatic exclusion
Cats/Dental Disease in Cat/37A_jpg.rf.uXhcs1C1sElgzz1m1lNp.jpg,Cats/Dental Disease in Cat/37_jpg.rf.t8d1qN9cCMt1Yrnc64yW.jpg,0,0.9999826071861254,0.0014534679939970374,False,False,hold_in_same_split_group_only; no automatic exclusion
Cats/Dental Disease in Cat/37D_jpg.rf.62iVGOpwI5nSLwW4AeDG.jpg,Cats/Dental Disease in Cat/37I_jpg.rf.3InFCBCl2CNGd8A2WxPg.jpg,0,0.999987178493206,0.0012417224934324622,False,False,hold_in_same_split_group_only; no automatic exclusion
Cats/Dental Disease in Cat/37D_jpg.rf.62iVGOpwI5nSLwW4AeDG.jpg,Cats/Dental Disease in Cat/37_jpg.rf.t8d1qN9cCMt1Yrnc64yW.jpg,0,0.9999785238912119,0.0016103270463645458,False,False,hold_in_same_split_group_only; no automatic exclusion
Cats/Dental Disease in Cat/37I_jpg.rf.3InFCBCl2CNGd8A2WxPg.jpg,Cats/Dental Disease in Cat/37_jpg.rf.t8d1qN9cCMt1Yrnc64yW.jpg,0,0.9999790572210709,0.0015915653202682734,False,False,hold_in_same_split_group_only; no automatic exclusion
Cats/Dental Disease in Cat/38A_jpg.rf.IyxtnXxkK955aLejNkYf.jpg,Cats/Dental Disease in Cat/38D_jpg.rf.YXUJ3wspp31rpdndrXIP.jpg,2,0.9999828320875108,0.001630408805795014,False,False,hold_in_same_split_group_only; no automatic exclusion
Cats/Dental Disease in Cat/38A_jpg.rf.IyxtnXxkK955aLejNkYf.jpg,Cats/Dental Disease in Cat/38I_jpg.rf.nazEhpMC77UczKIlXlER.jpg,2,0.9999827348763493,0.0016350079094991088,False,False,hold_in_same_split_group_only; no automatic exclusion
Cats/Dental Disease in Cat/38A_jpg.rf.IyxtnXxkK955aLejNkYf.jpg,Cats/Dental Disease in Cat/38_jpg.rf.Lc1lv8d0VI9xVt71SSLH.jpg,2,0.9999690944948689,0.0021876515820622444,False,False,hold_in_same_split_group_only; no automatic exclusion
Cats/Dental Disease in Cat/38D_jpg.rf.YXUJ3wspp31rpdndrXIP.jpg,Cats/Dental Disease in Cat/38I_jpg.rf.nazEhpMC77UczKIlXlER.jpg,0,0.9999950977835262,0.00086943618953228,False,False,hold_in_same_split_group_only; no automatic exclusion
Cats/Dental Disease in Cat/38D_jpg.rf.YXUJ3wspp31rpdndrXIP.jpg,Cats/Dental Disease in Cat/38_jpg.rf.Lc1lv8d0VI9xVt71SSLH.jpg,0,0.9999633514913652,0.0023857748601585627,False,False,hold_in_same_split_group_only; no automatic exclusion
Cats/Dental Disease in Cat/38I_jpg.rf.nazEhpMC77UczKIlXlER.jpg,Cats/Dental Disease in Cat/38_jpg.rf.Lc1lv8d0VI9xVt71SSLH.jpg,0,0.9999632441328576,0.002388920169323683,False,False,hold_in_same_split_group_only; no automatic exclusion
Cats/Dental Disease in Cat/39A_jpg.rf.4PYuFcJCeVeKjTpND3Y0.jpg,Cats/Dental Disease in Cat/39D_jpg.rf.f8GvQTjAsXMgno25PAIE.jpg,0,0.9996984062664592,0.004898896440863609,False,False,hold_in_same_split_group_only; no automatic exclusion
Cats/Dental Disease in Cat/39A_jpg.rf.4PYuFcJCeVeKjTpND3Y0.jpg,Cats/Dental Disease in Cat/39I_jpg.rf.QDUptiCDfrzLapptXbxf.jpg,0,0.999748053266979,0.004475975874811411,False,False,hold_in_same_split_group_only; no automatic exclusion
Cats/Dental Disease in Cat/39A_jpg.rf.4PYuFcJCeVeKjTpND3Y0.jpg,Cats/Dental Disease in Cat/39_jpg.rf.rtfjzbaGM7XMEmLOqyqB.jpg,0,0.9996783501246366,0.005067171063274145,False,False,hold_in_same_split_group_only; no automatic exclusion
Cats/Dental Disease in Cat/39D_jpg.rf.f8GvQTjAsXMgno25PAIE.jpg,Cats/Dental Disease in Cat/39I_jpg.rf.QDUptiCDfrzLapptXbxf.jpg,0,0.9997349054923337,0.0045930007472634315,False,False,hold_in_same_split_group_only; no automatic exclusion
Cats/Dental Disease in Cat/39D_jpg.rf.f8GvQTjAsXMgno25PAIE.jpg,Cats/Dental Disease in Cat/39_jpg.rf.rtfjzbaGM7XMEmLOqyqB.jpg,0,0.999737004345633,0.004578262101858854,False,False,hold_in_same_split_group_only; no automatic exclusion
Cats/Dental Disease in Cat/39I_jpg.rf.QDUptiCDfrzLapptXbxf.jpg,Cats/Dental Disease in Cat/39_jpg.rf.rtfjzbaGM7XMEmLOqyqB.jpg,0,0.9997348311446999,0.0046022552996873856,False,False,hold_in_same_split_group_only; no automatic exclusion
Cats/Dental Disease in Cat/3A_jpeg_jpg.rf.Yrg8J2mDOUjhBQSjQs6V.jpg,Cats/Dental Disease in Cat/3A_jpg.rf.ZvkiUaFsJpNJBazmSXjC.jpg,0,0.9999691513760808,0.0023144143633544445,False,False,hold_in_same_split_group_only; no automatic exclusion
Cats/Dental Disease in Cat/3A_jpeg_jpg.rf.Yrg8J2mDOUjhBQSjQs6V.jpg,Cats/Dental Disease in Cat/3D_jpg.rf.dtMOOxrXqmWe24UVrpJ7.jpg,0,0.9999687564573302,0.002326280577108264,False,False,hold_in_same_split_group_only; no automatic exclusion
Cats/Dental Disease in Cat/3A_jpeg_jpg.rf.Yrg8J2mDOUjhBQSjQs6V.jpg,Cats/Dental Disease in Cat/3_jpeg_jpg.rf.hC1ixlxmU1ZxCukR5C2M.jpg,0,0.9999749210703849,0.0020857348572462797,False,False,hold_in_same_split_group_only; no automatic exclusion
Cats/Dental Disease in Cat/3A_jpeg_jpg.rf.Yrg8J2mDOUjhBQSjQs6V.jpg,Cats/Ear Mites in Cat/3D_jpg.rf.dtMOOxrXqmWe24UVrpJ7.jpg,0,0.9999687564573302,0.002326280577108264,True,False,hold_in_same_split_group_only; no automatic exclusion
Cats/Dental Disease in Cat/3A_jpeg_jpg.rf.Yrg8J2mDOUjhBQSjQs6V.jpg,Cats/Ear Mites in Cat/3_jpeg_jpg.rf.hC1ixlxmU1ZxCukR5C2M.jpg,0,0.9999749210703849,0.0020857348572462797,True,False,hold_in_same_split_group_only; no automatic exclusion
Cats/Dental Disease in Cat/3A_jpg.rf.ZvkiUaFsJpNJBazmSXjC.jpg,Cats/Dental Disease in Cat/3D_jpg.rf.dtMOOxrXqmWe24UVrpJ7.jpg,0,0.9999640447854841,0.0024945074692368507,False,False,hold_in_same_split_group_only; no automatic exclusion
Cats/Dental Disease in Cat/3A_jpg.rf.ZvkiUaFsJpNJBazmSXjC.jpg,Cats/Dental Disease in Cat/3_jpeg_jpg.rf.hC1ixlxmU1ZxCukR5C2M.jpg,0,0.9999668648074281,0.002402502577751875,False,False,hold_in_same_split_group_only; no automatic exclusion
Cats/Dental Disease in Cat/3A_jpg.rf.ZvkiUaFsJpNJBazmSXjC.jpg,Cats/Ear Mites in Cat/3D_jpg.rf.dtMOOxrXqmWe24UVrpJ7.jpg,0,0.9999640447854841,0.0024945074692368507,True,False,hold_in_same_split_group_only; no automatic exclusion
Cats/Dental Disease in Cat/3A_jpg.rf.ZvkiUaFsJpNJBazmSXjC.jpg,Cats/Ear Mites in Cat/3_jpeg_jpg.rf.hC1ixlxmU1ZxCukR5C2M.jpg,0,0.9999668648074281,0.002402502577751875,True,False,hold_in_same_split_group_only; no automatic exclusion
Cats/Dental Disease in Cat/3D_jpg.rf.dtMOOxrXqmWe24UVrpJ7.jpg,Cats/Dental Disease in Cat/3_jpeg_jpg.rf.hC1ixlxmU1ZxCukR5C2M.jpg,0,0.9999756606043042,0.0020555139053612947,False,False,hold_in_same_split_group_only; no automatic exclusion
Cats/Dental Disease in Cat/3D_jpg.rf.dtMOOxrXqmWe24UVrpJ7.jpg,Cats/Ear Mites in Cat/3D_jpg.rf.dtMOOxrXqmWe24UVrpJ7.jpg,0,1.0,0.0,True,True,hold_in_same_split_group_only; no automatic exclusion
Cats/Dental Disease in Cat/3D_jpg.rf.dtMOOxrXqmWe24UVrpJ7.jpg,Cats/Ear Mites in Cat/3_jpeg_jpg.rf.hC1ixlxmU1ZxCukR5C2M.jpg,0,0.9999756606043042,0.0020555139053612947,True,False,hold_in_same_split_group_only; no automatic exclusion
Cats/Dental Disease in Cat/3_jpeg_jpg.rf.hC1ixlxmU1ZxCukR5C2M.jpg,Cats/Ear Mites in Cat/3D_jpg.rf.dtMOOxrXqmWe24UVrpJ7.jpg,0,0.9999756606043042,0.0020555139053612947,True,False,hold_in_same_split_group_only; no automatic exclusion
Cats/Dental Disease in Cat/3_jpeg_jpg.rf.hC1ixlxmU1ZxCukR5C2M.jpg,Cats/Ear Mites in Cat/3_jpeg_jpg.rf.hC1ixlxmU1ZxCukR5C2M.jpg,0,0.9999999999999998,0.0,True,True,hold_in_same_split_group_only; no automatic exclusion
Cats/Dental Disease in Cat/40A_jpg.rf.5suESHr9mEQzktEIe0Of.jpg,Cats/Dental Disease in Cat/40D_jpg.rf.JlWWXiPTO16euZTzymkh.jpg,0,0.999966671764067,0.0018409565091133118,False,False,hold_in_same_split_group_only; no automatic exclusion
Cats/Dental Disease in Cat/40A_jpg.rf.5suESHr9mEQzktEIe0Of.jpg,Cats/Dental Disease in Cat/40I_jpg.rf.jeHK5nZOOx9UAvAoa4F6.jpg,0,0.9999882583120774,0.0010915350867435336,False,False,hold_in_same_split_group_only; no automatic exclusion
Cats/Dental Disease in Cat/40A_jpg.rf.5suESHr9mEQzktEIe0Of.jpg,Cats/Dental Disease in Cat/40_jpg.rf.y6XgtNANuhimRkjZOKLF.jpg,0,0.9999656224688829,0.0018879444105550647,False,False,hold_in_same_split_group_only; no automatic exclusion
Cats/Dental Disease in Cat/40D_jpg.rf.JlWWXiPTO16euZTzymkh.jpg,Cats/Dental Disease in Cat/40I_jpg.rf.jeHK5nZOOx9UAvAoa4F6.jpg,0,0.9999660819305249,0.001857200637459755,False,False,hold_in_same_split_group_only; no automatic exclusion
Cats/Dental Disease in Cat/40D_jpg.rf.JlWWXiPTO16euZTzymkh.jpg,Cats/Dental Disease in Cat/40_jpg.rf.y6XgtNANuhimRkjZOKLF.jpg,0,0.9999809878486524,0.0014026376884430647,False,False,hold_in_same_split_group_only; no automatic exclusion
Cats/Dental Disease in Cat/40I_jpg.rf.jeHK5nZOOx9UAvAoa4F6.jpg,Cats/Dental Disease in Cat/40_jpg.rf.y6XgtNANuhimRkjZOKLF.jpg,0,0.9999655320632651,0.0018905941396951675,False,False,hold_in_same_split_group_only; no automatic exclusion
Cats/Dental Disease in Cat/42A_png_jpg.rf.4T8WyuM2mBR4e9CJazfS.jpg,Cats/Dental Disease in Cat/42_png_jpg.rf.H0ajalb0swb6fUXH3yep.jpg,0,0.9998072215086171,0.0049365609884262085,False,False,hold_in_same_split_group_only; no automatic exclusion
Cats/Dental Disease in Cat/44A_jpg.rf.ManAxn2BMJWz8FnhNNca.jpg,Cats/Dental Disease in Cat/44D_jpg.rf.FGM2j3IaQpPOaT3KSAjq.jpg,0,0.9999745814822268,0.002034707460552454,False,False,hold_in_same_split_group_only; no automatic exclusion
Cats/Dental Disease in Cat/44A_jpg.rf.ManAxn2BMJWz8FnhNNca.jpg,Cats/Dental Disease in Cat/44_jpg.rf.FLuHmEw1zLM0MzvPv6Ca.jpg,0,0.9999593582334312,0.0025725567247718573,False,False,hold_in_same_split_group_only; no automatic exclusion
Cats/Dental Disease in Cat/44D_jpg.rf.FGM2j3IaQpPOaT3KSAjq.jpg,Cats/Dental Disease in Cat/44_jpg.rf.FLuHmEw1zLM0MzvPv6Ca.jpg,0,0.9999581961259585,0.0026063884142786264,False,False,hold_in_same_split_group_only; no automatic exclusion
Cats/Dental Disease in Cat/45A_jpg.rf.HVW60EM05uZgJYkyUHIN.jpg,Cats/Dental Disease in Cat/45D_jpg.rf.gbBPKzkE0IemQ4Q9G4T9.jpg,0,0.9999341859726606,0.002374206203967333,False,False,hold_in_same_split_group_only; no automatic exclusion
Cats/Dental Disease in Cat/45A_jpg.rf.HVW60EM05uZgJYkyUHIN.jpg,Cats/Dental Disease in Cat/45_jpg.rf.EEsX556lVeE80w9LqDn8.jpg,0,0.9999359745096056,0.002342364750802517,False,False,hold_in_same_split_group_only; no automatic exclusion
Cats/Dental Disease in Cat/45D_jpg.rf.gbBPKzkE0IemQ4Q9G4T9.jpg,Cats/Dental Disease in Cat/45_jpg.rf.EEsX556lVeE80w9LqDn8.jpg,0,0.9999276907769725,0.0024894853122532368,False,False,hold_in_same_split_group_only; no automatic exclusion
Cats/Dental Disease in Cat/46A_jpg.rf.DuGOPB77KGoLMeNNL0YT.jpg,Cats/Dental Disease in Cat/46D_jpg.rf.8XHrwjo7nDGcS7tS70jc.jpg,0,0.9999805650263226,0.0014500196557492018,False,False,hold_in_same_split_group_only; no automatic exclusion
Cats/Dental Disease in Cat/48A_jpg.rf.3zYDEpjjnATfq5dImsCk.jpg,Cats/Dental Disease in Cat/48D_jpg.rf.AMBytZwbe1gQrv8mcdpl.jpg,0,0.9999685824813935,0.0016877392772585154,False,False,hold_in_same_split_group_only; no automatic exclusion
Cats/Dental Disease in Cat/48A_jpg.rf.3zYDEpjjnATfq5dImsCk.jpg,Cats/Dental Disease in Cat/48_jpg.rf.LK0N2Aalb2iN53pSqpBh.jpg,0,0.9999765580539924,0.0014586251927539706,False,False,hold_in_same_split_group_only; no automatic exclusion
Cats/Dental Disease in Cat/48D_jpg.rf.AMBytZwbe1gQrv8mcdpl.jpg,Cats/Dental Disease in Cat/48_jpg.rf.LK0N2Aalb2iN53pSqpBh.jpg,0,0.999975770435143,0.0014807654079049826,False,False,hold_in_same_split_group_only; no automatic exclusion
Cats/Dental Disease in Cat/49A_jpg.rf.mv2SybZb07iEZzVGaCwi.jpg,Cats/Dental Disease in Cat/49_jpeg_jpg.rf.BGuQduU2GPAoVsqXVNtX.jpg,0,0.99997473948905,0.0018719672225415707,False,False,hold_in_same_split_group_only; no automatic exclusion
Cats/Dental Disease in Cat/49A_jpg.rf.mv2SybZb07iEZzVGaCwi.jpg,Cats/Dental Disease in Cat/49_jpg.rf.uvvrXsJ4VS9PEq5ukX3V.jpg,0,0.999984074108555,0.0014858278445899487,False,False,hold_in_same_split_group_only; no automatic exclusion
Cats/Dental Disease in Cat/49_jpeg_jpg.rf.BGuQduU2GPAoVsqXVNtX.jpg,Cats/Dental Disease in Cat/49_jpg.rf.uvvrXsJ4VS9PEq5ukX3V.jpg,0,0.9999731213509755,0.0019312003860250115,False,False,hold_in_same_split_group_only; no automatic exclusion
Cats/Dental Disease in Cat/4A_jpg.rf.leCwSPdUqT7UoDtlIycM.jpg,Cats/Dental Disease in Cat/4D_jpg.rf.ywnVwQ3kdLyAPR6sFC2i.jpg,0,0.999984722430565,0.0010006085503846407,False,False,hold_in_same_split_group_only; no automatic exclusion
Cats/Dental Disease in Cat/4A_jpg.rf.leCwSPdUqT7UoDtlIycM.jpg,Cats/Dental Disease in Cat/4_jpg.rf.PyW43JDO8LSBq6F3qKpK.jpg,0,0.999987479234677,0.0009060896118171513,False,False,hold_in_same_split_group_only; no automatic exclusion
Cats/Dental Disease in Cat/4D_jpg.rf.ywnVwQ3kdLyAPR6sFC2i.jpg,Cats/Dental Disease in Cat/4_jpg.rf.PyW43JDO8LSBq6F3qKpK.jpg,0,0.9999871644095537,0.0009170729317702353,False,False,hold_in_same_split_group_only; no automatic exclusion
Cats/Dental Disease in Cat/50A_jpg.rf.BwjtA7gJTJMuWkbC3ae0.jpg,Cats/Dental Disease in Cat/50D_jpg.rf.PARlK1ZCOujIRbIRZFmx.jpg,0,0.9999736049189619,0.0019428303930908442,False,False,hold_in_same_split_group_only; no automatic exclusion
Cats/Dental Disease in Cat/50A_jpg.rf.BwjtA7gJTJMuWkbC3ae0.jpg,Cats/Dental Disease in Cat/50I_jpg.rf.Iek9EHURIWnCfmDjgPJ5.jpg,0,0.999971950426961,0.0020049659069627523,False,False,hold_in_same_split_group_only; no automatic exclusion
Cats/Dental Disease in Cat/50A_jpg.rf.BwjtA7gJTJMuWkbC3ae0.jpg,Cats/Dental Disease in Cat/50_jpg.rf.PiTeFMSrOuzFDcR3H1It.jpg,0,0.9999455733495198,0.0027936517726629972,False,False,hold_in_same_split_group_only; no automatic exclusion
Cats/Dental Disease in Cat/50D_jpg.rf.PARlK1ZCOujIRbIRZFmx.jpg,Cats/Dental Disease in Cat/50I_jpg.rf.Iek9EHURIWnCfmDjgPJ5.jpg,0,0.999982000845658,0.0016056571621447802,False,False,hold_in_same_split_group_only; no automatic exclusion
Cats/Dental Disease in Cat/50D_jpg.rf.PARlK1ZCOujIRbIRZFmx.jpg,Cats/Dental Disease in Cat/50_jpg.rf.PiTeFMSrOuzFDcR3H1It.jpg,0,0.9999417412504013,0.0028887970838695765,False,False,hold_in_same_split_group_only; no automatic exclusion
Cats/Dental Disease in Cat/50I_jpg.rf.Iek9EHURIWnCfmDjgPJ5.jpg,Cats/Dental Disease in Cat/50_jpg.rf.PiTeFMSrOuzFDcR3H1It.jpg,0,0.9999452137783733,0.002799916546791792,False,False,hold_in_same_split_group_only; no automatic exclusion
Cats/Dental Disease in Cat/51A_jpg.rf.UphztdaIcCK2NxZBnvjV.jpg,Cats/Dental Disease in Cat/51I_jpg.rf.YKYsjWoPmEqspO8v8yHx.jpg,0,0.999987981226414,0.00129113404545933,False,False,hold_in_same_split_group_only; no automatic exclusion
Cats/Dental Disease in Cat/52A_jpg.rf.3xyvFYIN1fHrIFdL9uda.jpg,Cats/Dental Disease in Cat/52I_jpg.rf.Da9rRg7OSvRjLOEjTc07.jpg,0,0.9999855658343653,0.001310377148911357,False,False,hold_in_same_split_group_only; no automatic exclusion
Cats/Dental Disease in Cat/52A_jpg.rf.3xyvFYIN1fHrIFdL9uda.jpg,Cats/Dental Disease in Cat/52_jpg.rf.Jc0E37lVH1nCNKjLHfmZ.jpg,0,0.999979924324143,0.0015533622354269028,False,False,hold_in_same_split_group_only; no automatic exclusion
Cats/Dental Disease in Cat/52I_jpg.rf.Da9rRg7OSvRjLOEjTc07.jpg,Cats/Dental Disease in Cat/52_jpg.rf.Jc0E37lVH1nCNKjLHfmZ.jpg,0,0.9999782660301643,0.0016087719704955816,False,False,hold_in_same_split_group_only; no automatic exclusion
Cats/Dental Disease in Cat/53A_jpg.rf.H75HCXBOFFY54Cetzr1a.jpg,Cats/Dental Disease in Cat/53D_jpg.rf.A4HZPMW8CQyoYSGePBhu.jpg,0,0.9999457380717773,0.0024066665209829807,False,False,hold_in_same_split_group_only; no automatic exclusion
Cats/Dental Disease in Cat/53A_jpg.rf.H75HCXBOFFY54Cetzr1a.jpg,Cats/Dental Disease in Cat/53_jpg.rf.B2cDrWgrlbu681TamaYx.jpg,0,0.9999458792045722,0.002404585713520646,False,False,hold_in_same_split_group_only; no automatic exclusion
Cats/Dental Disease in Cat/53D_jpg.rf.A4HZPMW8CQyoYSGePBhu.jpg,Cats/Dental Disease in Cat/53_jpg.rf.B2cDrWgrlbu681TamaYx.jpg,0,0.9999719818691767,0.0017302141059190035,False,False,hold_in_same_split_group_only; no automatic exclusion
Cats/Dental Disease in Cat/54A_jpg.rf.fG1ggMqjZpgdOmZTdT5i.jpg,Cats/Dental Disease in Cat/54I_jpg.rf.ILNe3SPythonGnqxNGl2.jpg,0,0.9999235678735495,0.0024253150913864374,False,False,hold_in_same_split_group_only; no automatic exclusion
Cats/Dental Disease in Cat/55A_jpg.rf.GwSmZMfAjWGPg7iQrS61.jpg,Cats/Dental Disease in Cat/55D_jpg.rf.sho9XFgMwo7KVgwOsOuK.jpg,0,0.999910899557622,0.0025065194349735975,False,False,hold_in_same_split_group_only; no automatic exclusion
Cats/Dental Disease in Cat/55A_jpg.rf.GwSmZMfAjWGPg7iQrS61.jpg,Cats/Dental Disease in Cat/55_jpg.rf.OsXk1RD7fUmdKEx2YgXN.jpg,0,0.9999057826541448,0.0025812985841184855,False,False,hold_in_same_split_group_only; no automatic exclusion
Cats/Dental Disease in Cat/55D_jpg.rf.sho9XFgMwo7KVgwOsOuK.jpg,Cats/Dental Disease in Cat/55_jpg.rf.OsXk1RD7fUmdKEx2YgXN.jpg,0,0.9999573311844029,0.0017359909834340215,False,False,hold_in_same_split_group_only; no automatic exclusion
Cats/Dental Disease in Cat/56A_jpg.rf.UI2UwAG55UwzpdNhyT3f.jpg,Cats/Dental Disease in Cat/56D_jpg.rf.h9VFDYANsVbdLiTgPBwG.jpg,0,0.9996824861733784,0.004876363091170788,False,False,hold_in_same_split_group_only; no automatic exclusion
Cats/Dental Disease in Cat/56A_jpg.rf.UI2UwAG55UwzpdNhyT3f.jpg,Cats/Dental Disease in Cat/56_jpeg_jpg.rf.yaEA7DRVRiDfFziiYn4p.jpg,0,0.9996795886397299,0.0048999181017279625,False,False,hold_in_same_split_group_only; no automatic exclusion
Cats/Dental Disease in Cat/56A_jpg.rf.UI2UwAG55UwzpdNhyT3f.jpg,Cats/Dental Disease in Cat/56_jpg.rf.8XyPCGhNiNtXnwdUakk5.jpg,0,0.9997528172664484,0.004306106362491846,False,False,hold_in_same_split_group_only; no automatic exclusion
Cats/Dental Disease in Cat/56D_jpg.rf.h9VFDYANsVbdLiTgPBwG.jpg,Cats/Dental Disease in Cat/56_jpeg_jpg.rf.yaEA7DRVRiDfFziiYn4p.jpg,0,0.9997899743140838,0.0039672586135566235,False,False,hold_in_same_split_group_only; no automatic exclusion
Cats/Dental Disease in Cat/56D_jpg.rf.h9VFDYANsVbdLiTgPBwG.jpg,Cats/Dental Disease in Cat/56_jpg.rf.8XyPCGhNiNtXnwdUakk5.jpg,0,0.9997079440660046,0.004677243530750275,False,False,hold_in_same_split_group_only; no automatic exclusion
Cats/Dental Disease in Cat/56_jpeg_jpg.rf.yaEA7DRVRiDfFziiYn4p.jpg,Cats/Dental Disease in Cat/56_jpg.rf.8XyPCGhNiNtXnwdUakk5.jpg,0,0.9997280004269535,0.004516060929745436,False,False,hold_in_same_split_group_only; no automatic exclusion
Cats/Dental Disease in Cat/58A_jpg.rf.7bqXlDSCmJGC2hB61gXo.jpg,Cats/Dental Disease in Cat/58D_jpg.rf.9pwSgP42pm05fvMXL9VX.jpg,0,0.9995522832773677,0.005538257770240307,False,False,hold_in_same_split_group_only; no automatic exclusion
Cats/Dental Disease in Cat/58A_jpg.rf.7bqXlDSCmJGC2hB61gXo.jpg,Cats/Dental Disease in Cat/58_jpeg_jpg.rf.Hrq3gAk0d2JG06iFxQCX.jpg,0,0.999595669978692,0.00526818260550499,False,False,hold_in_same_split_group_only; no automatic exclusion
Cats/Dental Disease in Cat/58A_jpg.rf.7bqXlDSCmJGC2hB61gXo.jpg,Cats/Dental Disease in Cat/Image_17.jpg,0,0.9991981529062615,0.0074540297500789165,False,False,hold_in_same_split_group_only; no automatic exclusion
Cats/Dental Disease in Cat/58A_jpg.rf.7bqXlDSCmJGC2hB61gXo.jpg,Cats/Dental Disease in Cat/Image_54.jpg,0,0.9992225590357334,0.007606928702443838,False,False,hold_in_same_split_group_only; no automatic exclusion
Cats/Dental Disease in Cat/58D_jpg.rf.9pwSgP42pm05fvMXL9VX.jpg,Cats/Dental Disease in Cat/58_jpeg_jpg.rf.Hrq3gAk0d2JG06iFxQCX.jpg,0,0.9996993504564042,0.004537624306976795,False,False,hold_in_same_split_group_only; no automatic exclusion
Cats/Dental Disease in Cat/58D_jpg.rf.9pwSgP42pm05fvMXL9VX.jpg,Cats/Dental Disease in Cat/Image_17.jpg,0,0.9993264646170794,0.006819571368396282,False,False,hold_in_same_split_group_only; no automatic exclusion
Cats/Dental Disease in Cat/58D_jpg.rf.9pwSgP42pm05fvMXL9VX.jpg,Cats/Dental Disease in Cat/Image_54.jpg,0,0.9993450527457562,0.006990666966885328,False,False,hold_in_same_split_group_only; no automatic exclusion
Cats/Dental Disease in Cat/58_jpeg_jpg.rf.Hrq3gAk0d2JG06iFxQCX.jpg,Cats/Dental Disease in Cat/Image_17.jpg,0,0.9994413164120126,0.006210628431290388,False,False,hold_in_same_split_group_only; no automatic exclusion
Cats/Dental Disease in Cat/58_jpeg_jpg.rf.Hrq3gAk0d2JG06iFxQCX.jpg,Cats/Dental Disease in Cat/Image_54.jpg,0,0.9994582377776244,0.006405067164450884,False,False,hold_in_same_split_group_only; no automatic exclusion
Cats/Dental Disease in Cat/61A_jpg.rf.uglKQtjy0hUxoIlRxcV8.jpg,Cats/Dental Disease in Cat/61_jpeg_jpg.rf.3H4jaGJN1dxu4Tt7uCd6.jpg,0,0.9997809511373408,0.005331939086318016,False,False,hold_in_same_split_group_only; no automatic exclusion
Cats/Dental Disease in Cat/61A_jpg.rf.uglKQtjy0hUxoIlRxcV8.jpg,Cats/Dental Disease in Cat/61_jpg.rf.Dt36iQ3XID6n77AVBKC0.jpg,0,0.9997935216829726,0.00517567154020071,False,False,hold_in_same_split_group_only; no automatic exclusion
Cats/Dental Disease in Cat/61_jpeg_jpg.rf.3H4jaGJN1dxu4Tt7uCd6.jpg,Cats/Dental Disease in Cat/61_jpg.rf.Dt36iQ3XID6n77AVBKC0.jpg,0,0.9998690416928236,0.004119543358683586,False,False,hold_in_same_split_group_only; no automatic exclusion
Cats/Dental Disease in Cat/6264658419600002422123_jpg.rf.X6MHvK179tJBwh39ktr6.jpg,Cats/Dental Disease in Cat/62646584196000024221_jpg.rf.SIatIwzw3f7Hz0eJ4WBe.jpg,0,0.9999953566637301,0.0005961813731119037,False,False,hold_in_same_split_group_only; no automatic exclusion
Cats/Dental Disease in Cat/6264658419600002422123_jpg.rf.X6MHvK179tJBwh39ktr6.jpg,Cats/Dental Disease in Cat/6264658419600002422_jpg.rf.v626JVqJrfZ55l6CAVGo.jpg,0,0.9999882953147899,0.000946620071772486,False,False,hold_in_same_split_group_only; no automatic exclusion
Cats/Dental Disease in Cat/62646584196000024221_jpg.rf.SIatIwzw3f7Hz0eJ4WBe.jpg,Cats/Dental Disease in Cat/6264658419600002422_jpg.rf.v626JVqJrfZ55l6CAVGo.jpg,0,0.9999890051889988,0.0009170728735625744,False,False,hold_in_same_split_group_only; no automatic exclusion
Cats/Dental Disease in Cat/6264658419600002423123_jpg.rf.AN78OGiPrjcnWWhf2gIV.jpg,Cats/Dental Disease in Cat/626465841960000242312_jpg.rf.DvL8WKaEbLPfY8qDzJ9K.jpg,0,0.9999883464210585,0.0008519875118508935,False,False,hold_in_same_split_group_only; no automatic exclusion
Cats/Dental Disease in Cat/6264658419600002423123_jpg.rf.AN78OGiPrjcnWWhf2gIV.jpg,Cats/Dental Disease in Cat/62646584196000024231_jpg.rf.HcUl5ZhNdB4QWBaGy5oQ.jpg,0,0.999994301270609,0.0005961813731119037,False,False,hold_in_same_split_group_only; no automatic exclusion
Cats/Dental Disease in Cat/6264658419600002423123_jpg.rf.AN78OGiPrjcnWWhf2gIV.jpg,Cats/Dental Disease in Cat/6264658419600002423_jpg.rf.PdjoRfNgoCeDW6yfCjL4.jpg,0,0.9999868224445939,0.0009060895536094904,False,False,hold_in_same_split_group_only; no automatic exclusion
Cats/Dental Disease in Cat/626465841960000242312_jpg.rf.DvL8WKaEbLPfY8qDzJ9K.jpg,Cats/Dental Disease in Cat/62646584196000024231_jpg.rf.HcUl5ZhNdB4QWBaGy5oQ.jpg,0,0.9999873100860796,0.0008893603226169944,False,False,hold_in_same_split_group_only; no automatic exclusion
Cats/Dental Disease in Cat/626465841960000242312_jpg.rf.DvL8WKaEbLPfY8qDzJ9K.jpg,Cats/Dental Disease in Cat/6264658419600002423_jpg.rf.PdjoRfNgoCeDW6yfCjL4.jpg,0,0.9999901179944504,0.0007846966036595404,False,False,hold_in_same_split_group_only; no automatic exclusion
Cats/Dental Disease in Cat/62646584196000024231_jpg.rf.HcUl5ZhNdB4QWBaGy5oQ.jpg,Cats/Dental Disease in Cat/6264658419600002423_jpg.rf.PdjoRfNgoCeDW6yfCjL4.jpg,0,0.9999857762490105,0.0009413168882019818,False,False,hold_in_same_split_group_only; no automatic exclusion
Cats/Dental Disease in Cat/62739718113682428081_jpg.rf.jK8Rhu4jDCbmLZTp7Sdq.jpg,Cats/Dental Disease in Cat/62739718113682428082_jpg.rf.xVLjRNKcgAlHhUFxyDYV.jpg,0,0.9999890118034733,0.0009225155226886272,False,False,hold_in_same_split_group_only; no automatic exclusion
Cats/Dental Disease in Cat/62739718113682428081_jpg.rf.jK8Rhu4jDCbmLZTp7Sdq.jpg,Cats/Dental Disease in Cat/6273971811368242808_jpg.rf.aVucf23GOS8RgxXYfd86.jpg,0,0.9999882546809128,0.0009545197826810181,False,False,hold_in_same_split_group_only; no automatic exclusion
Cats/Dental Disease in Cat/62739718113682428082_jpg.rf.xVLjRNKcgAlHhUFxyDYV.jpg,Cats/Dental Disease in Cat/6273971811368242808_jpg.rf.aVucf23GOS8RgxXYfd86.jpg,0,0.9999913527268451,0.0008190334192477167,False,False,hold_in_same_split_group_only; no automatic exclusion
Cats/Dental Disease in Cat/63D_jpg.rf.nMUtjIP9wNO1LBuZbaui.jpg,Cats/Dental Disease in Cat/63I_jpg.rf.x1kQrOKEaxbB4CjxYx1V.jpg,0,0.999997921242076,0.0005052826018072665,False,False,hold_in_same_split_group_only; no automatic exclusion
Cats/Dental Disease in Cat/63D_jpg.rf.nMUtjIP9wNO1LBuZbaui.jpg,Cats/Dental Disease in Cat/63_jpg.rf.1QkCahaywrepP5uf5wBa.jpg,0,0.998982005445761,0.011484352871775627,False,False,hold_in_same_split_group_only; no automatic exclusion
Cats/Dental Disease in Cat/63I_jpg.rf.x1kQrOKEaxbB4CjxYx1V.jpg,Cats/Dental Disease in Cat/63_jpg.rf.1QkCahaywrepP5uf5wBa.jpg,0,0.9989817986556513,0.011488493531942368,False,False,hold_in_same_split_group_only; no automatic exclusion
Cats/Dental Disease in Cat/64A_jpg.rf.Hs8SZYRyNt5faIeN0SRk.jpg,Cats/Dental Disease in Cat/64D_jpg.rf.HpoJJRBNdHMsNU5yhqEL.jpg,0,0.9999516320634902,0.0017997052054852247,False,False,hold_in_same_split_group_only; no automatic exclusion
Cats/Dental Disease in Cat/64A_jpg.rf.Hs8SZYRyNt5faIeN0SRk.jpg,Cats/Dental Disease in Cat/64_jpg.rf.ZWHFccLMESqM8meHArnd.jpg,0,0.9999518869191891,0.0017927376320585608,False,False,hold_in_same_split_group_only; no automatic exclusion
Cats/Dental Disease in Cat/64D_jpg.rf.HpoJJRBNdHMsNU5yhqEL.jpg,Cats/Dental Disease in Cat/64_jpg.rf.ZWHFccLMESqM8meHArnd.jpg,0,0.999979512832002,0.0011690431274473667,False,False,hold_in_same_split_group_only; no automatic exclusion
Cats/Dental Disease in Cat/66D_png_jpg.rf.ZPIfkvpUIulamLWgmSum.jpg,Cats/Dental Disease in Cat/66_png_jpg.rf.fgdL7kRHXjMZdOJee5JY.jpg,0,0.9999322560453547,0.0024222168140113354,False,False,hold_in_same_split_group_only; no automatic exclusion
Cats/Dental Disease in Cat/68A_jpg.rf.cHle2zaspzV0e8CjSQ5b.jpg,Cats/Dental Disease in Cat/68I_jpg.rf.Qjh2axTu79P9qI9MvJbF.jpg,0,0.999981301205098,0.0013792437966912985,False,False,hold_in_same_split_group_only; no automatic exclusion
Cats/Dental Disease in Cat/69A_JPG_jpg.rf.aggYz7MymfGbMIJg2L0Z.jpg,Cats/Dental Disease in Cat/69D_JPG_jpg.rf.wqCD4aOQwCzeNqKEfVPP.jpg,0,0.9999311195154164,0.0026746399234980345,False,False,hold_in_same_split_group_only; no automatic exclusion
Cats/Dental Disease in Cat/69A_JPG_jpg.rf.aggYz7MymfGbMIJg2L0Z.jpg,Cats/Dental Disease in Cat/69I_JPG_jpg.rf.wkQ1Aq6xlxSFqczkmfZr.jpg,0,0.9999420635759465,0.0024530221708118916,False,False,hold_in_same_split_group_only; no automatic exclusion
Cats/Dental Disease in Cat/69A_JPG_jpg.rf.aggYz7MymfGbMIJg2L0Z.jpg,Cats/Dental Disease in Cat/69_JPG_jpg.rf.kGuhjO8dS0X5dyKFMvyG.jpg,0,0.9999274510991771,0.0027448427863419056,False,False,hold_in_same_split_group_only; no automatic exclusion
Cats/Dental Disease in Cat/69D_JPG_jpg.rf.wqCD4aOQwCzeNqKEfVPP.jpg,Cats/Dental Disease in Cat/69I_JPG_jpg.rf.wkQ1Aq6xlxSFqczkmfZr.jpg,0,0.9999355427792833,0.0025871102698147297,False,False,hold_in_same_split_group_only; no automatic exclusion
Cats/Dental Disease in Cat/69D_JPG_jpg.rf.wqCD4aOQwCzeNqKEfVPP.jpg,Cats/Dental Disease in Cat/69_JPG_jpg.rf.kGuhjO8dS0X5dyKFMvyG.jpg,0,0.9999327928706497,0.0026416825130581856,False,False,hold_in_same_split_group_only; no automatic exclusion
Cats/Dental Disease in Cat/69I_JPG_jpg.rf.wkQ1Aq6xlxSFqczkmfZr.jpg,Cats/Dental Disease in Cat/69_JPG_jpg.rf.kGuhjO8dS0X5dyKFMvyG.jpg,0,0.9999327457000797,0.0026426296681165695,False,False,hold_in_same_split_group_only; no automatic exclusion
Cats/Dental Disease in Cat/6D_jpg.rf.qmSHj5TIZaz7pBibV4TE.jpg,Cats/Dental Disease in Cat/6I_jpg.rf.ZZZq71ea8cAiUJO3l9Da.jpg,0,0.9999954744903575,0.000620861304923892,False,False,hold_in_same_split_group_only; no automatic exclusion
Cats/Dental Disease in Cat/6D_jpg.rf.qmSHj5TIZaz7pBibV4TE.jpg,Cats/Dental Disease in Cat/6_jpg.rf.2FcpZaIt62hfuSwPS0tR.jpg,0,0.9999875132698175,0.001030189567245543,False,False,hold_in_same_split_group_only; no automatic exclusion
Cats/Dental Disease in Cat/6D_jpg.rf.qmSHj5TIZaz7pBibV4TE.jpg,Dogs/Dental Disease in Dog/스크린샷 2024-04-29 153848_png.rf.waxbwWbCZqpNv7bnDzYF.png,0,0.9999338893000186,0.002374205971136689,True,False,hold_in_same_split_group_only; no automatic exclusion
Cats/Dental Disease in Cat/6I_jpg.rf.ZZZq71ea8cAiUJO3l9Da.jpg,Cats/Dental Disease in Cat/6_jpg.rf.2FcpZaIt62hfuSwPS0tR.jpg,0,0.9999874539615344,0.0010326164774596691,False,False,hold_in_same_split_group_only; no automatic exclusion
Cats/Dental Disease in Cat/6I_jpg.rf.ZZZq71ea8cAiUJO3l9Da.jpg,Dogs/Dental Disease in Dog/스크린샷 2024-04-29 153848_png.rf.waxbwWbCZqpNv7bnDzYF.png,0,0.9999344569795199,0.0023625807370990515,True,False,hold_in_same_split_group_only; no automatic exclusion
Cats/Dental Disease in Cat/6_jpg.rf.2FcpZaIt62hfuSwPS0tR.jpg,Dogs/Dental Disease in Dog/스크린샷 2024-04-29 153848_png.rf.waxbwWbCZqpNv7bnDzYF.png,0,0.9999350148430662,0.0023530262988060713,True,False,hold_in_same_split_group_only; no automatic exclusion
Cats/Dental Disease in Cat/70A_JPG_jpg.rf.qgZT0fEAHCAzLmgHc1Tq.jpg,Cats/Dental Disease in Cat/70D_JPG_jpg.rf.8R3qicT0yu1F2sIC7qu2.jpg,0,0.9999535074854694,0.0022374289110302925,False,False,hold_in_same_split_group_only; no automatic exclusion
Cats/Dental Disease in Cat/70A_JPG_jpg.rf.qgZT0fEAHCAzLmgHc1Tq.jpg,Cats/Dental Disease in Cat/70I_JPG_jpg.rf.jIm12NJEgADU838PHXfM.jpg,0,0.9999561836935583,0.002172726672142744,False,False,hold_in_same_split_group_only; no automatic exclusion
Cats/Dental Disease in Cat/70A_JPG_jpg.rf.qgZT0fEAHCAzLmgHc1Tq.jpg,Cats/Dental Disease in Cat/70_JPG_jpg.rf.SIwvTN52VC9LtOGnHxK1.jpg,0,0.9999523757908101,0.0022696396335959435,False,False,hold_in_same_split_group_only; no automatic exclusion
Cats/Dental Disease in Cat/70D_JPG_jpg.rf.8R3qicT0yu1F2sIC7qu2.jpg,Cats/Dental Disease in Cat/70I_JPG_jpg.rf.jIm12NJEgADU838PHXfM.jpg,0,0.9999545378234855,0.0022115486208349466,False,False,hold_in_same_split_group_only; no automatic exclusion
Cats/Dental Disease in Cat/70D_JPG_jpg.rf.8R3qicT0yu1F2sIC7qu2.jpg,Cats/Dental Disease in Cat/70_JPG_jpg.rf.SIwvTN52VC9LtOGnHxK1.jpg,0,0.9999540926950251,0.0022250888869166374,False,False,hold_in_same_split_group_only; no automatic exclusion
Cats/Dental Disease in Cat/70I_JPG_jpg.rf.jIm12NJEgADU838PHXfM.jpg,Cats/Dental Disease in Cat/70_JPG_jpg.rf.SIwvTN52VC9LtOGnHxK1.jpg,0,0.9999562270206536,0.002171574393287301,False,False,hold_in_same_split_group_only; no automatic exclusion
Cats/Dental Disease in Cat/72D_jpg.rf.UljYJFtNamJte0bF0wIa.jpg,Cats/Dental Disease in Cat/72I_jpg.rf.GxwNceEZ1VL6jQ3uJQ9d.jpg,0,0.9999713778469373,0.0016087719704955816,False,False,hold_in_same_split_group_only; no automatic exclusion
Cats/Dental Disease in Cat/74A_jpg.rf.0MzyJgm1nHCBU31Lv1hb.jpg,Cats/Dental Disease in Cat/74D_jpg.rf.IAgvUHJ1JxR3dsiPYaXd.jpg,0,0.9999378634456896,0.002148397732526064,False,False,hold_in_same_split_group_only; no automatic exclusion
Cats/Dental Disease in Cat/74A_jpg.rf.0MzyJgm1nHCBU31Lv1hb.jpg,Cats/Dental Disease in Cat/74I_jpg.rf.FrJmWo6wFOImbyhN4rhI.jpg,0,0.9999727946984437,0.001422132016159594,False,False,hold_in_same_split_group_only; no automatic exclusion
Cats/Dental Disease in Cat/74A_jpg.rf.0MzyJgm1nHCBU31Lv1hb.jpg,Cats/Dental Disease in Cat/74_jpg.rf.6lPNz5OXD3FTHDDYq0Yq.jpg,0,0.9999384183620019,0.002139057032763958,False,False,hold_in_same_split_group_only; no automatic exclusion
Cats/Dental Disease in Cat/74D_jpg.rf.IAgvUHJ1JxR3dsiPYaXd.jpg,Cats/Dental Disease in Cat/74I_jpg.rf.FrJmWo6wFOImbyhN4rhI.jpg,0,0.9999377388838329,0.0021507267374545336,False,False,hold_in_same_split_group_only; no automatic exclusion
Cats/Dental Disease in Cat/74D_jpg.rf.IAgvUHJ1JxR3dsiPYaXd.jpg,Cats/Dental Disease in Cat/74_jpg.rf.6lPNz5OXD3FTHDDYq0Yq.jpg,0,0.9999772513263083,0.0013007911620661616,False,False,hold_in_same_split_group_only; no automatic exclusion
Cats/Dental Disease in Cat/74I_jpg.rf.FrJmWo6wFOImbyhN4rhI.jpg,Cats/Dental Disease in Cat/74_jpg.rf.6lPNz5OXD3FTHDDYq0Yq.jpg,0,0.9999385460446659,0.002136715454980731,False,False,hold_in_same_split_group_only; no automatic exclusion
Cats/Dental Disease in Cat/75_jpg.rf.a7XAoFlMIwSYX1JImVnk.jpg,Cats/Dental Disease in Cat/75_png_jpg.rf.P3WfjPqAQ9jQOhZaX2H0.jpg,0,0.9999485853662307,0.0019848907832056284,False,False,hold_in_same_split_group_only; no automatic exclusion
Cats/Dental Disease in Cat/76A_jpg.rf.llAtZFygs2vUSG8foWbg.jpg,Cats/Dental Disease in Cat/76D_jpg.rf.o5C2fE4O75utd0fJEnHy.jpg,0,0.9997947605256264,0.003933040890842676,False,False,hold_in_same_split_group_only; no automatic exclusion
Cats/Dental Disease in Cat/76A_jpg.rf.llAtZFygs2vUSG8foWbg.jpg,Cats/Dental Disease in Cat/76I_jpg.rf.j8DYVNa1huLt3h8v0XFL.jpg,0,0.9998386385483689,0.003487806301563978,False,False,hold_in_same_split_group_only; no automatic exclusion
Cats/Dental Disease in Cat/76A_jpg.rf.llAtZFygs2vUSG8foWbg.jpg,Cats/Dental Disease in Cat/76_jpg.rf.D6hLuQNs7275YDEeP7tZ.jpg,0,0.9997932070131026,0.0039514536038041115,False,False,hold_in_same_split_group_only; no automatic exclusion
Cats/Dental Disease in Cat/76D_jpg.rf.o5C2fE4O75utd0fJEnHy.jpg,Cats/Dental Disease in Cat/76I_jpg.rf.j8DYVNa1huLt3h8v0XFL.jpg,0,0.9998023189603642,0.003857213072478771,False,False,hold_in_same_split_group_only; no automatic exclusion
Cats/Dental Disease in Cat/76D_jpg.rf.o5C2fE4O75utd0fJEnHy.jpg,Cats/Dental Disease in Cat/76_jpg.rf.D6hLuQNs7275YDEeP7tZ.jpg,0,0.9998205984677166,0.0036785125266760588,False,False,hold_in_same_split_group_only; no automatic exclusion
Cats/Dental Disease in Cat/76I_jpg.rf.j8DYVNa1huLt3h8v0XFL.jpg,Cats/Dental Disease in Cat/76_jpg.rf.D6hLuQNs7275YDEeP7tZ.jpg,0,0.9998048540049376,0.0038370436523109674,False,False,hold_in_same_split_group_only; no automatic exclusion
Cats/Dental Disease in Cat/78A_jpg.rf.bmdrEoctOYZEPsvw1SLK.jpg,Cats/Dental Disease in Cat/78_jpg.rf.cNJpsZlxCtPGkRvaOrWb.jpg,0,0.9996600057665239,0.005523322615772486,False,False,hold_in_same_split_group_only; no automatic exclusion
Cats/Dental Disease in Cat/79A_jpg.rf.JFfsKX3ktFS7S103HcVJ.jpg,Cats/Dental Disease in Cat/79D_jpg.rf.CTvWEJTUWyomMgAuhmVn.jpg,0,0.9999701091867169,0.0019696999806910753,False,False,hold_in_same_split_group_only; no automatic exclusion
Cats/Dental Disease in Cat/79A_jpg.rf.JFfsKX3ktFS7S103HcVJ.jpg,Cats/Dental Disease in Cat/79I_jpg.rf.SWVfNDx1YvhS1DB8d6OV.jpg,0,0.9999814507782585,0.0015517499996349216,False,False,hold_in_same_split_group_only; no automatic exclusion
Cats/Dental Disease in Cat/79A_jpg.rf.JFfsKX3ktFS7S103HcVJ.jpg,Cats/Dental Disease in Cat/79_jpg.rf.1HQXELTymm3tFMNcHpcL.jpg,0,0.9999634668228152,0.002181923482567072,False,False,hold_in_same_split_group_only; no automatic exclusion
Cats/Dental Disease in Cat/79D_jpg.rf.CTvWEJTUWyomMgAuhmVn.jpg,Cats/Dental Disease in Cat/79I_jpg.rf.SWVfNDx1YvhS1DB8d6OV.jpg,0,0.9999756218484491,0.0017787207616493106,False,False,hold_in_same_split_group_only; no automatic exclusion
Cats/Dental Disease in Cat/79D_jpg.rf.CTvWEJTUWyomMgAuhmVn.jpg,Cats/Dental Disease in Cat/79_jpg.rf.1HQXELTymm3tFMNcHpcL.jpg,0,0.9999668728111409,0.0020773173309862614,False,False,hold_in_same_split_group_only; no automatic exclusion
Cats/Dental Disease in Cat/79I_jpg.rf.SWVfNDx1YvhS1DB8d6OV.jpg,Cats/Dental Disease in Cat/79_jpg.rf.1HQXELTymm3tFMNcHpcL.jpg,0,0.999965031643122,0.00213437108322978,False,False,hold_in_same_split_group_only; no automatic exclusion
Cats/Dental Disease in Cat/7_jpg.rf.BDae41EGWuiz83KDqbZa.jpg,Dogs/Dental Disease in Dog/스크린샷 2024-04-29 153904_png.rf.CgpTYnVv9g7QpEuOYyet.png,0,0.9999413955592112,0.002474357606843114,True,False,hold_in_same_split_group_only; no automatic exclusion
Cats/Dental Disease in Cat/80A_jpg.rf.BEgJjkM6ZbCwYW7zTIyg.jpg,Cats/Dental Disease in Cat/80D_jpg.rf.QZQtAp8Xvy5ulFzCMmtr.jpg,0,0.9999583616569861,0.002505520824342966,False,False,hold_in_same_split_group_only; no automatic exclusion
Cats/Dental Disease in Cat/80A_jpg.rf.BEgJjkM6ZbCwYW7zTIyg.jpg,Cats/Dental Disease in Cat/80_jpeg_jpg.rf.AoAeWNZHO1e3zdxd1Cz2.jpg,0,0.9999640182121377,0.0023530262988060713,False,False,hold_in_same_split_group_only; no automatic exclusion
Cats/Dental Disease in Cat/80D_jpg.rf.QZQtAp8Xvy5ulFzCMmtr.jpg,Cats/Dental Disease in Cat/80_jpeg_jpg.rf.AoAeWNZHO1e3zdxd1Cz2.jpg,0,0.9999735851904901,0.0020087077282369137,False,False,hold_in_same_split_group_only; no automatic exclusion
Cats/Dental Disease in Cat/81A_jpg.rf.zkcgg0swp5RKUZoZoxVn.jpg,Cats/Dental Disease in Cat/81D_jpg.rf.TVrQEAWQxxwd4SGR6qjJ.jpg,0,0.9993987473454463,0.0051814718171954155,False,False,hold_in_same_split_group_only; no automatic exclusion
Cats/Dental Disease in Cat/81A_jpg.rf.zkcgg0swp5RKUZoZoxVn.jpg,Cats/Dental Disease in Cat/81I_jpg.rf.eZo81x3Ny1QksA6MZn1Q.jpg,0,0.9995503762178619,0.00448603043332696,False,False,hold_in_same_split_group_only; no automatic exclusion
Cats/Dental Disease in Cat/81A_jpg.rf.zkcgg0swp5RKUZoZoxVn.jpg,Cats/Dental Disease in Cat/81_jpg.rf.qKkEk3WUvOyeCchSYkKS.jpg,0,0.999425474037761,0.005074082408100367,False,False,hold_in_same_split_group_only; no automatic exclusion
Cats/Dental Disease in Cat/81D_jpg.rf.TVrQEAWQxxwd4SGR6qjJ.jpg,Cats/Dental Disease in Cat/81I_jpg.rf.eZo81x3Ny1QksA6MZn1Q.jpg,0,0.9994136707902846,0.005119264591485262,False,False,hold_in_same_split_group_only; no automatic exclusion
Cats/Dental Disease in Cat/81D_jpg.rf.TVrQEAWQxxwd4SGR6qjJ.jpg,Cats/Dental Disease in Cat/81_jpg.rf.qKkEk3WUvOyeCchSYkKS.jpg,0,0.99948111575195,0.004820607602596283,False,False,hold_in_same_split_group_only; no automatic exclusion
Cats/Dental Disease in Cat/81I_jpg.rf.eZo81x3Ny1QksA6MZn1Q.jpg,Cats/Dental Disease in Cat/81_jpg.rf.qKkEk3WUvOyeCchSYkKS.jpg,0,0.9994758757613588,0.004842883441597223,False,False,hold_in_same_split_group_only; no automatic exclusion
Cats/Dental Disease in Cat/83A_png_jpg.rf.eUXNoEHHnApN58NjUSPU.jpg,Cats/Dental Disease in Cat/83D_png_jpg.rf.BZsZvfNF2dm0FYskN1Ef.jpg,0,0.9997974672488795,0.003884372301399708,False,False,hold_in_same_split_group_only; no automatic exclusion
Cats/Dental Disease in Cat/83A_png_jpg.rf.eUXNoEHHnApN58NjUSPU.jpg,Cats/Dental Disease in Cat/83I_png_jpg.rf.Tz2sU5uwUekvpht3ePhx.jpg,0,0.999792226808675,0.003934313543140888,False,False,hold_in_same_split_group_only; no automatic exclusion
Cats/Dental Disease in Cat/83A_png_jpg.rf.eUXNoEHHnApN58NjUSPU.jpg,Cats/Dental Disease in Cat/83_png_jpg.rf.03FVCGgnMDOfGrzHc8cq.jpg,0,0.9997866210825167,0.003983628936111927,False,False,hold_in_same_split_group_only; no automatic exclusion
Cats/Dental Disease in Cat/83D_png_jpg.rf.BZsZvfNF2dm0FYskN1Ef.jpg,Cats/Dental Disease in Cat/83I_png_jpg.rf.Tz2sU5uwUekvpht3ePhx.jpg,0,0.9997879360251155,0.003973562736064196,False,False,hold_in_same_split_group_only; no automatic exclusion
Cats/Dental Disease in Cat/83D_png_jpg.rf.BZsZvfNF2dm0FYskN1Ef.jpg,Cats/Dental Disease in Cat/83_png_jpg.rf.03FVCGgnMDOfGrzHc8cq.jpg,0,0.9997899972095351,0.003954619634896517,False,False,hold_in_same_split_group_only; no automatic exclusion
Cats/Dental Disease in Cat/83I_png_jpg.rf.Tz2sU5uwUekvpht3ePhx.jpg,Cats/Dental Disease in Cat/83_png_jpg.rf.03FVCGgnMDOfGrzHc8cq.jpg,0,0.9997915467079662,0.0039406707510352135,False,False,hold_in_same_split_group_only; no automatic exclusion
Cats/Dental Disease in Cat/84A_png_jpg.rf.c1pCDONm8F8fmtAEm7Wb.jpg,Cats/Dental Disease in Cat/84D_png_jpg.rf.muaQJuGfzX2jtgsr8t9Q.jpg,0,0.9998893269004385,0.003685989882797003,False,False,hold_in_same_split_group_only; no automatic exclusion
Cats/Dental Disease in Cat/84A_png_jpg.rf.c1pCDONm8F8fmtAEm7Wb.jpg,Cats/Dental Disease in Cat/84I_png_jpg.rf.WrwpaU9t9mtOyFVuSekY.jpg,0,0.999889845287723,0.0036771513987332582,False,False,hold_in_same_split_group_only; no automatic exclusion
Cats/Dental Disease in Cat/84A_png_jpg.rf.c1pCDONm8F8fmtAEm7Wb.jpg,Cats/Dental Disease in Cat/84_png_jpg.rf.rsQAQbp2HAYqQdIDtohL.jpg,0,0.9998872895065708,0.003719788510352373,False,False,hold_in_same_split_group_only; no automatic exclusion
Cats/Dental Disease in Cat/84D_png_jpg.rf.muaQJuGfzX2jtgsr8t9Q.jpg,Cats/Dental Disease in Cat/84I_png_jpg.rf.WrwpaU9t9mtOyFVuSekY.jpg,0,0.99988996096757,0.0036757898051291704,False,False,hold_in_same_split_group_only; no automatic exclusion
Cats/Dental Disease in Cat/84D_png_jpg.rf.muaQJuGfzX2jtgsr8t9Q.jpg,Cats/Dental Disease in Cat/84_png_jpg.rf.rsQAQbp2HAYqQdIDtohL.jpg,0,0.9998942597185811,0.0036035801749676466,False,False,hold_in_same_split_group_only; no automatic exclusion
Cats/Dental Disease in Cat/84I_png_jpg.rf.WrwpaU9t9mtOyFVuSekY.jpg,Cats/Dental Disease in Cat/84_png_jpg.rf.rsQAQbp2HAYqQdIDtohL.jpg,0,0.9998872565452652,0.003720461158081889,False,False,hold_in_same_split_group_only; no automatic exclusion
Cats/Dental Disease in Cat/85A_jpg.rf.phAHr4sdhpnkoqmgMr2q.jpg,Cats/Dental Disease in Cat/85I_jpg.rf.SWh3rvD88lrp66DTNYgb.jpg,0,0.9999309360597706,0.0026044670958071947,False,False,hold_in_same_split_group_only; no automatic exclusion
Cats/Dental Disease in Cat/85A_jpg.rf.phAHr4sdhpnkoqmgMr2q.jpg,Cats/Dental Disease in Cat/85_jpg.rf.U9CdYZpTqlBE90ZshTvH.jpg,0,0.9997670399388436,0.004785169381648302,False,False,hold_in_same_split_group_only; no automatic exclusion
Cats/Dental Disease in Cat/85I_jpg.rf.SWh3rvD88lrp66DTNYgb.jpg,Cats/Dental Disease in Cat/85_jpg.rf.U9CdYZpTqlBE90ZshTvH.jpg,0,0.9997761723951809,0.004689535591751337,False,False,hold_in_same_split_group_only; no automatic exclusion
Cats/Dental Disease in Cat/86A_png_jpg.rf.f28vlvtl4Snh85kVidvN.jpg,Cats/Dental Disease in Cat/86D_png_jpg.rf.6bcGYwoHSFPZRuaBEO2r.jpg,0,0.9998245532882435,0.004360403399914503,False,False,hold_in_same_split_group_only; no automatic exclusion
Cats/Dental Disease in Cat/86A_png_jpg.rf.f28vlvtl4Snh85kVidvN.jpg,Cats/Dental Disease in Cat/86I_png_jpg.rf.eE940eZXPJv1RXrtRHrk.jpg,0,0.9998394785432911,0.004169669467955828,False,False,hold_in_same_split_group_only; no automatic exclusion
Cats/Dental Disease in Cat/86D_png_jpg.rf.6bcGYwoHSFPZRuaBEO2r.jpg,Cats/Dental Disease in Cat/86I_png_jpg.rf.eE940eZXPJv1RXrtRHrk.jpg,0,0.9998096528640384,0.004543137736618519,False,False,hold_in_same_split_group_only; no automatic exclusion
Cats/Dental Disease in Cat/87A_png_jpg.rf.b4pAWSzW4QvZ7JCJ0PQt.jpg,Cats/Dental Disease in Cat/87I_png_jpg.rf.0BOyXuCZmtwKqdvClFoe.jpg,0,0.9998637240742619,0.003218321828171611,False,False,hold_in_same_split_group_only; no automatic exclusion
Cats/Dental Disease in Cat/88D_png_jpg.rf.2LpwAl6i1jMZEAcyLhOz.jpg,Cats/Dental Disease in Cat/88_png_jpg.rf.D2pE4SDA5DytXmIS6LYh.jpg,0,0.9998492433052654,0.003713727230206132,False,False,hold_in_same_split_group_only; no automatic exclusion
Cats/Dental Disease in Cat/89A_jpg.rf.cTbUi1TusDz7tNWooADQ.jpg,Cats/Dental Disease in Cat/89_jpg.rf.6h6ekfZUwDiLnhj8c6R3.jpg,0,0.9999753359812065,0.0014291548868641257,False,False,hold_in_same_split_group_only; no automatic exclusion
Cats/Dental Disease in Cat/8A_jpg.rf.0fZRTGjCu7P4PlJ58x1A.jpg,Cats/Dental Disease in Cat/8I_jpg.rf.13wLhGJYo66bZhbvU1wH.jpg,0,0.9999810956436984,0.001660829409956932,False,False,hold_in_same_split_group_only; no automatic exclusion
Cats/Dental Disease in Cat/8D_jpg.rf.HDRWxpsTjaoScJ3xpLix.jpg,Dogs/Dental Disease in Dog/스크린샷 2024-04-29 153926_png.rf.Jk9Vq9BwHmxgjG1sIZd2.png,0,0.9999467355731112,0.0025637848302721977,True,False,hold_in_same_split_group_only; no automatic exclusion
Cats/Dental Disease in Cat/90A_jpg.rf.uYTy2Bc6Axu3LwlGlRi2.jpg,Cats/Dental Disease in Cat/90D_jpg.rf.wVYqeHbFSSOl4gLPcUyC.jpg,0,0.9999784847267321,0.0014688852243125439,False,False,hold_in_same_split_group_only; no automatic exclusion
Cats/Dental Disease in Cat/90A_jpg.rf.uYTy2Bc6Axu3LwlGlRi2.jpg,Cats/Dental Disease in Cat/90_jpg.rf.2G3zaxL7g5MI5vkXp3Ei.jpg,0,0.9999725147102363,0.0016638408415019512,False,False,hold_in_same_split_group_only; no automatic exclusion
Cats/Dental Disease in Cat/90D_jpg.rf.wVYqeHbFSSOl4gLPcUyC.jpg,Cats/Dental Disease in Cat/90_jpg.rf.2G3zaxL7g5MI5vkXp3Ei.jpg,0,0.9999687849305225,0.001773082884028554,False,False,hold_in_same_split_group_only; no automatic exclusion
Cats/Dental Disease in Cat/9A_jpg.rf.qtwnJ5XPe2qUbEhIJyGL.jpg,Cats/Dental Disease in Cat/9D_jpg.rf.U3gXYK24LzxE3vwvpFMl.jpg,0,0.999992195719472,0.0010660120751708746,False,False,hold_in_same_split_group_only; no automatic exclusion
Cats/Dental Disease in Cat/9A_jpg.rf.qtwnJ5XPe2qUbEhIJyGL.jpg,Cats/Dental Disease in Cat/9I_jpg.rf.bPvqM6cF72p3CC3Wixsa.jpg,0,0.9999891741530357,0.001255753799341619,False,False,hold_in_same_split_group_only; no automatic exclusion
Cats/Dental Disease in Cat/9A_jpg.rf.qtwnJ5XPe2qUbEhIJyGL.jpg,Cats/Dental Disease in Cat/9_jpg.rf.NyOVhbtlVx7vgFvFXFgT.jpg,0,0.9999888311150618,0.0012755306670442224,False,False,hold_in_same_split_group_only; no automatic exclusion
Cats/Dental Disease in Cat/9A_jpg.rf.qtwnJ5XPe2qUbEhIJyGL.jpg,Dogs/Dental Disease in Dog/스크린샷 2024-04-29 154459_png.rf.myiTJytWOA7HPYM3qPHU.png,0,0.9999610441697823,0.002394153270870447,True,False,hold_in_same_split_group_only; no automatic exclusion
Cats/Dental Disease in Cat/9D_jpg.rf.U3gXYK24LzxE3vwvpFMl.jpg,Cats/Dental Disease in Cat/9I_jpg.rf.bPvqM6cF72p3CC3Wixsa.jpg,0,0.9999904419642617,0.0011797001352533698,False,False,hold_in_same_split_group_only; no automatic exclusion
Cats/Dental Disease in Cat/9D_jpg.rf.U3gXYK24LzxE3vwvpFMl.jpg,Cats/Dental Disease in Cat/9_jpg.rf.NyOVhbtlVx7vgFvFXFgT.jpg,0,0.9999897554963812,0.0012213984737172723,False,False,hold_in_same_split_group_only; no automatic exclusion
Cats/Dental Disease in Cat/9D_jpg.rf.U3gXYK24LzxE3vwvpFMl.jpg,Dogs/Dental Disease in Dog/스크린샷 2024-04-29 154459_png.rf.myiTJytWOA7HPYM3qPHU.png,0,0.999961534527283,0.0023805233649909496,True,False,hold_in_same_split_group_only; no automatic exclusion
Cats/Dental Disease in Cat/9I_jpg.rf.bPvqM6cF72p3CC3Wixsa.jpg,Cats/Dental Disease in Cat/9_jpg.rf.NyOVhbtlVx7vgFvFXFgT.jpg,0,0.9999978711455314,0.0005571152432821691,False,False,hold_in_same_split_group_only; no automatic exclusion
Cats/Dental Disease in Cat/9I_jpg.rf.bPvqM6cF72p3CC3Wixsa.jpg,Dogs/Dental Disease in Dog/스크린샷 2024-04-29 154459_png.rf.myiTJytWOA7HPYM3qPHU.png,0,0.9999634483028621,0.0023230500519275665,True,False,hold_in_same_split_group_only; no automatic exclusion
Cats/Dental Disease in Cat/9_jpg.rf.NyOVhbtlVx7vgFvFXFgT.jpg,Dogs/Dental Disease in Dog/스크린샷 2024-04-29 154459_png.rf.myiTJytWOA7HPYM3qPHU.png,0,0.9999641684822119,0.0022992233280092478,True,False,hold_in_same_split_group_only; no automatic exclusion
Cats/Dental Disease in Cat/Image_10.jpg,Cats/Dental Disease in Cat/Image_50.jpg,0,0.9999570937503136,0.0028416228014975786,False,False,hold_in_same_split_group_only; no automatic exclusion
Cats/Dental Disease in Cat/Image_14.jpg,Cats/Dental Disease in Cat/Image_49.jpg,0,0.9999061306055544,0.0029198231641203165,False,False,hold_in_same_split_group_only; no automatic exclusion
Cats/Dental Disease in Cat/Image_17.jpg,Cats/Dental Disease in Cat/Image_54.jpg,0,0.9999407773499726,0.0027891683857887983,False,False,hold_in_same_split_group_only; no automatic exclusion
Cats/Dental Disease in Cat/Image_19.jpg,Cats/Dental Disease in Cat/Image_44.webp,0,0.9999511895366298,0.002250813413411379,False,False,hold_in_same_split_group_only; no automatic exclusion
Cats/Dental Disease in Cat/Image_29.jpg,Cats/Dental Disease in Cat/Image_43.jpg,0,0.9999661486639883,0.0027855762746185064,False,False,hold_in_same_split_group_only; no automatic exclusion
Cats/Dental Disease in Cat/Image_3.jpg,Cats/Dental Disease in Cat/Image_41.jpg,0,0.9999513435526138,0.0018773081246763468,False,False,hold_in_same_split_group_only; no automatic exclusion
Cats/Dental Disease in Cat/Image_34.jpg,Cats/Dental Disease in Cat/Image_37.jpg,0,1.0,0.0,False,True,hold_in_same_split_group_only; no automatic exclusion
Cats/Dental Disease in Cat/Image_34.jpg,Cats/Dental Disease in Cat/Image_4.jpg,0,0.9999635364057947,0.0027347933501005173,False,False,hold_in_same_split_group_only; no automatic exclusion
Cats/Dental Disease in Cat/Image_37.jpg,Cats/Dental Disease in Cat/Image_4.jpg,0,0.9999635364057947,0.0027347933501005173,False,False,hold_in_same_split_group_only; no automatic exclusion
Cats/Dental Disease in Cat/Image_39.png,Cats/Dental Disease in Cat/Image_45.png,0,0.9999999999999998,0.0,False,True,hold_in_same_split_group_only; no automatic exclusion
Cats/Dental Disease in Cat/Image_46.jpg,Cats/Dental Disease in Cat/Image_57.jpg,0,0.9999366659309683,0.0024682804942131042,False,False,hold_in_same_split_group_only; no automatic exclusion
Cats/Dental Disease in Cat/Image_55.png,Cats/Dental Disease in Cat/Image_9.png,0,0.9999858501954084,0.0013737885747104883,False,False,hold_in_same_split_group_only; no automatic exclusion
Cats/Ear Mites in Cat/104_jpg.rf.0HPqDdxwyOpPI2R2WCuF.jpg,Cats/Ear Mites in Cat/104_jpg.rf.W8pbfvRraRZINK8zamd5.jpg,0,0.9999999999999999,0.0,False,True,hold_in_same_split_group_only; no automatic exclusion
Cats/Ear Mites in Cat/107_jpg.rf.SBRhmH9Z3lSPtiJbniEq.jpg,Cats/Ear Mites in Cat/45_jpg.rf.fpe3Nc0AmPGcZ5jTyngN.jpg,0,0.9995615664907113,0.005866161081939936,False,False,hold_in_same_split_group_only; no automatic exclusion
Cats/Ear Mites in Cat/107_jpg.rf.SBRhmH9Z3lSPtiJbniEq.jpg,Cats/Ear Mites in Cat/45_jpg.rf.vaaLrbKxmQYpb2GyVcNL.jpg,0,0.9995615664907113,0.005866161081939936,False,False,hold_in_same_split_group_only; no automatic exclusion
Cats/Ear Mites in Cat/18_jpg.rf.xDBFj1cW7QF1NySSn9bn.jpg,Cats/Ear Mites in Cat/53_jpg.rf.gwKyTYKespAT27BwChTf.jpg,0,0.9996762097786877,0.0056203571148216724,False,False,hold_in_same_split_group_only; no automatic exclusion
Cats/Ear Mites in Cat/18_jpg.rf.xDBFj1cW7QF1NySSn9bn.jpg,Cats/Ear Mites in Cat/67_jpg.rf.9CXKJwpJW1iibtwvH1Nn.jpg,0,0.9996908829828445,0.005497886333614588,False,False,hold_in_same_split_group_only; no automatic exclusion
Cats/Ear Mites in Cat/28_jpg.rf.NhPAbDk0UFhursWC8d53.jpg,Cats/Ear Mites in Cat/28_jpg.rf.manPL4Vm8FCG76rTX9U2.jpg,0,1.0,0.0,False,True,hold_in_same_split_group_only; no automatic exclusion
Cats/Ear Mites in Cat/2_jpg.rf.EkhvSr4LSkk6mGAqCOA0.jpg,Cats/Ear Mites in Cat/2_jpg.rf.W4yOci6fl9AW0C4q5K6o.jpg,0,0.9999999999999999,0.0,False,True,hold_in_same_split_group_only; no automatic exclusion
Cats/Ear Mites in Cat/2_jpg.rf.EkhvSr4LSkk6mGAqCOA0.jpg,Cats/Ear Mites in Cat/Image_54.jpg,0,0.9999999999999999,0.0,False,True,hold_in_same_split_group_only; no automatic exclusion
Cats/Ear Mites in Cat/2_jpg.rf.W4yOci6fl9AW0C4q5K6o.jpg,Cats/Ear Mites in Cat/Image_54.jpg,0,0.9999999999999999,0.0,False,True,hold_in_same_split_group_only; no automatic exclusion
Cats/Ear Mites in Cat/34_jpg.rf.qhIFXn8vs9rWRGlqZm3k.jpg,Cats/Ear Mites in Cat/63_jpg.rf.Br0GgU13xSP4L8BdWdIP.jpg,0,0.9998063483407763,0.005370760802179575,False,False,hold_in_same_split_group_only; no automatic exclusion
Cats/Ear Mites in Cat/34_jpg.rf.qhIFXn8vs9rWRGlqZm3k.jpg,Cats/Ear Mites in Cat/63_jpg.rf.ii1Q72GGzdSpT37RllIx.jpg,0,0.9998063483407763,0.005370760802179575,False,False,hold_in_same_split_group_only; no automatic exclusion
Cats/Ear Mites in Cat/36_jpg.rf.6yzidFW56brVD4S5zIKi.jpg,Cats/Ear Mites in Cat/Image_42.jpg,2,0.9999407194760705,0.0032268657814711332,False,False,hold_in_same_split_group_only; no automatic exclusion
Cats/Ear Mites in Cat/36_jpg.rf.6yzidFW56brVD4S5zIKi.jpg,Cats/Ear Mites in Cat/Image_76.jpg,0,0.9999517588688634,0.0028115143068134785,False,False,hold_in_same_split_group_only; no automatic exclusion
Cats/Ear Mites in Cat/3D_jpg.rf.dtMOOxrXqmWe24UVrpJ7.jpg,Cats/Ear Mites in Cat/3_jpeg_jpg.rf.hC1ixlxmU1ZxCukR5C2M.jpg,0,0.9999756606043042,0.0020555139053612947,False,False,hold_in_same_split_group_only; no automatic exclusion
Cats/Ear Mites in Cat/3_jpg.rf.FEXxIYVVUNOYkuNzHvoa.jpg,Cats/Ear Mites in Cat/75_jpg.rf.Cz2sNmSNZBVlFyDld9jv.jpg,0,0.9999354217340224,0.0022685364820063114,False,False,hold_in_same_split_group_only; no automatic exclusion
Cats/Ear Mites in Cat/3_jpg.rf.FEXxIYVVUNOYkuNzHvoa.jpg,Cats/Ear Mites in Cat/75_jpg.rf.qYE2bRvf08AQRPzz7M2S.jpg,0,0.9999354217340224,0.0022685364820063114,False,False,hold_in_same_split_group_only; no automatic exclusion
Cats/Ear Mites in Cat/41_jpg.rf.8CUweViY02qKKv81fTE9.jpg,Cats/Ear Mites in Cat/41_jpg.rf.yiCDENqHiZ9PoPkvSDL9.jpg,0,0.9999999999999998,0.0,False,True,hold_in_same_split_group_only; no automatic exclusion
Cats/Ear Mites in Cat/41_jpg.rf.8CUweViY02qKKv81fTE9.jpg,Cats/Ear Mites in Cat/49_jpg.rf.BgAqcHCMLh2tFd6G9Zkg.jpg,0,0.9998107867612692,0.005234340205788612,False,False,hold_in_same_split_group_only; no automatic exclusion
Cats/Ear Mites in Cat/41_jpg.rf.yiCDENqHiZ9PoPkvSDL9.jpg,Cats/Ear Mites in Cat/49_jpg.rf.BgAqcHCMLh2tFd6G9Zkg.jpg,0,0.9998107867612692,0.005234340205788612,False,False,hold_in_same_split_group_only; no automatic exclusion
Cats/Ear Mites in Cat/42_png.rf.oyC4cawSnPGOaASGy8lt.png,Cats/Ear Mites in Cat/42_png.rf.x6rjUfvzh8zxy8lVE8wR.png,0,0.9999999999999999,0.0,False,True,hold_in_same_split_group_only; no automatic exclusion
Cats/Ear Mites in Cat/44_jpg.rf.lo2PqzURVaBNpWjvV6jz.jpg,Cats/Ear Mites in Cat/60_jpg.rf.1zy6AMlobDql81ee2MVk.jpg,0,0.9992255148541994,0.006150284316390753,False,False,hold_in_same_split_group_only; no automatic exclusion
Cats/Ear Mites in Cat/45_jpg.rf.fpe3Nc0AmPGcZ5jTyngN.jpg,Cats/Ear Mites in Cat/45_jpg.rf.vaaLrbKxmQYpb2GyVcNL.jpg,0,1.0,0.0,False,True,hold_in_same_split_group_only; no automatic exclusion
Cats/Ear Mites in Cat/48_jpg.rf.dPvvqCrZHyeSBSo8pAZT.jpg,Cats/Ear Mites in Cat/64_jpg.rf.pjlAECq25UTwwg6uYBpw.jpg,0,0.9998890343297316,0.004848564974963665,False,False,hold_in_same_split_group_only; no automatic exclusion
Cats/Ear Mites in Cat/50_jpg.rf.0A9rXi4anF0UxpvJE3s6.jpg,Cats/Ear Mites in Cat/50_jpg.rf.nViJvdbwTXTQ24l2Ddsy.jpg,0,1.0,0.0,False,True,hold_in_same_split_group_only; no automatic exclusion
Cats/Ear Mites in Cat/50_jpg.rf.0A9rXi4anF0UxpvJE3s6.jpg,Cats/Ear Mites in Cat/88_jpg.rf.LgXlmRgN5JmDxUfZ8fuE.jpg,2,0.996326584959197,0.024939754977822304,False,False,hold_in_same_split_group_only; no automatic exclusion
Cats/Ear Mites in Cat/50_jpg.rf.nViJvdbwTXTQ24l2Ddsy.jpg,Cats/Ear Mites in Cat/88_jpg.rf.LgXlmRgN5JmDxUfZ8fuE.jpg,2,0.996326584959197,0.024939754977822304,False,False,hold_in_same_split_group_only; no automatic exclusion
Cats/Ear Mites in Cat/53_jpg.rf.gwKyTYKespAT27BwChTf.jpg,Cats/Ear Mites in Cat/67_jpg.rf.9CXKJwpJW1iibtwvH1Nn.jpg,0,0.9999409789189929,0.0023972876369953156,False,False,hold_in_same_split_group_only; no automatic exclusion
Cats/Ear Mites in Cat/57_jpg.rf.Nk1CPll74JAXsveuSquy.jpg,Cats/Ear Mites in Cat/57_jpg.rf.wACyvZaqwBaoI2hbND6E.jpg,0,1.0,0.0,False,True,hold_in_same_split_group_only; no automatic exclusion
Cats/Ear Mites in Cat/63_jpg.rf.Br0GgU13xSP4L8BdWdIP.jpg,Cats/Ear Mites in Cat/63_jpg.rf.ii1Q72GGzdSpT37RllIx.jpg,0,1.0,0.0,False,True,hold_in_same_split_group_only; no automatic exclusion
Cats/Ear Mites in Cat/72-jpeg-crdownload_jpg.rf.hgqZcnfSvAkC8AAE8xN2.jpg,Cats/Ear Mites in Cat/72-jpeg-crdownload_jpg.rf.jJPKJO9AJWJpjZKEVVLk.jpg,0,1.0,0.0,False,True,hold_in_same_split_group_only; no automatic exclusion
Cats/Ear Mites in Cat/75_jpg.rf.Cz2sNmSNZBVlFyDld9jv.jpg,Cats/Ear Mites in Cat/75_jpg.rf.qYE2bRvf08AQRPzz7M2S.jpg,0,1.0,0.0,False,True,hold_in_same_split_group_only; no automatic exclusion
Cats/Ear Mites in Cat/93_jpg.rf.eAgrhgf5Cpw3LDu3ja2X.jpg,Cats/Ear Mites in Cat/93_jpg.rf.fYJXtGgcApCyuahZTc1o.jpg,0,0.9999999999999999,0.0,False,True,hold_in_same_split_group_only; no automatic exclusion
Cats/Ear Mites in Cat/95_jpg.rf.HNz7LnnEoXdIcFpcOmfi.jpg,Cats/Ear Mites in Cat/Image_38.jpg,0,0.9999999999999998,0.0,False,True,hold_in_same_split_group_only; no automatic exclusion
Cats/Ear Mites in Cat/97_jpg.rf.gsFCyGezIIbUJqmTnZuD.jpg,Cats/Ear Mites in Cat/97_jpg.rf.oHiel37tnqpHu6iWavP4.jpg,0,0.9999999999999999,0.0,False,True,hold_in_same_split_group_only; no automatic exclusion
Cats/Ear Mites in Cat/Image_2.jpg,Cats/Ear Mites in Cat/Image_32.jpg,0,1.0,0.0,False,True,hold_in_same_split_group_only; no automatic exclusion
Cats/Ear Mites in Cat/Image_2.jpg,Cats/Ear Mites in Cat/Image_43.jpg,0,1.0,0.0,False,True,hold_in_same_split_group_only; no automatic exclusion
Cats/Ear Mites in Cat/Image_26.jpg,Cats/Ear Mites in Cat/Image_40.jpg,0,1.0,0.0,False,True,hold_in_same_split_group_only; no automatic exclusion
Cats/Ear Mites in Cat/Image_30.jpg,Cats/Ear Mites in Cat/Image_41.jpg,0,1.0,0.0,False,True,hold_in_same_split_group_only; no automatic exclusion
Cats/Ear Mites in Cat/Image_32.jpg,Cats/Ear Mites in Cat/Image_43.jpg,0,1.0,0.0,False,True,hold_in_same_split_group_only; no automatic exclusion
Cats/Ear Mites in Cat/Image_42.jpg,Cats/Ear Mites in Cat/Image_76.jpg,2,0.9999613050241408,0.0026274314150214195,False,False,hold_in_same_split_group_only; no automatic exclusion
Cats/Eye Infection in Cat/Image_10.jpg,Cats/Eye Infection in Cat/Image_5.jpg,0,0.9999999999999999,0.0,False,True,hold_in_same_split_group_only; no automatic exclusion
Cats/Eye Infection in Cat/Image_13.jpg,Cats/Eye Infection in Cat/Image_61.jpg,0,0.9999693826624094,0.0031594522297382355,False,False,hold_in_same_split_group_only; no automatic exclusion
Cats/Eye Infection in Cat/Image_15.jpg,Cats/Eye Infection in Cat/Image_4.jpg,0,0.9998536566501336,0.003122796770185232,False,False,hold_in_same_split_group_only; no automatic exclusion
Cats/Eye Infection in Cat/Image_23.jpg,Cats/Eye Infection in Cat/Image_58.jpg,2,0.9999247707858098,0.0027247071266174316,False,False,hold_in_same_split_group_only; no automatic exclusion
Cats/Eye Infection in Cat/Image_3.jpeg,Cats/Eye Infection in Cat/Image_31.jpeg,0,1.0,0.0,False,True,hold_in_same_split_group_only; no automatic exclusion
Cats/Eye Infection in Cat/Image_3.jpeg,Cats/Eye Infection in Cat/conjunctivitis_056_jpeg.rf.rkHCjHvAKHIggHueVnNH.jpeg,0,0.9999022074334617,0.0021669587586075068,False,False,hold_in_same_split_group_only; no automatic exclusion
Cats/Eye Infection in Cat/Image_3.jpeg,Dogs/Eye Infection in Dog/conjunctivitis_069_webp.rf.ZEjI36R8WklT2t7lDVub.webp,0,0.9993724965029025,0.005517428275197744,True,False,hold_in_same_split_group_only; no automatic exclusion
Cats/Eye Infection in Cat/Image_31.jpeg,Cats/Eye Infection in Cat/conjunctivitis_056_jpeg.rf.rkHCjHvAKHIggHueVnNH.jpeg,0,0.9999022074334617,0.0021669587586075068,False,False,hold_in_same_split_group_only; no automatic exclusion
Cats/Eye Infection in Cat/Image_31.jpeg,Dogs/Eye Infection in Dog/conjunctivitis_069_webp.rf.ZEjI36R8WklT2t7lDVub.webp,0,0.9993724965029025,0.005517428275197744,True,False,hold_in_same_split_group_only; no automatic exclusion
Cats/Eye Infection in Cat/Image_38.jpg,Cats/Eye Infection in Cat/Image_53.jpg,0,0.9999367357930451,0.0023931076284497976,False,False,hold_in_same_split_group_only; no automatic exclusion
Cats/Eye Infection in Cat/Image_38.jpg,Cats/Eye Infection in Cat/conjunctivitis_009_webp.rf.wHypVCuOw7WwyQUWc0hD.webp,0,0.9997438931685414,0.0048604244366288185,False,False,hold_in_same_split_group_only; no automatic exclusion
Cats/Eye Infection in Cat/Image_38.jpg,Cats/Eye Infection in Cat/conjunctivitis_058_webp.rf.Sz1BU2hBhfml7JQFe8Ca.webp,0,0.9995455339544613,0.006445969920605421,False,False,hold_in_same_split_group_only; no automatic exclusion
Cats/Eye Infection in Cat/Image_38.jpg,Dogs/Eye Infection in Dog/conjunctivitis_009_webp.rf.wHypVCuOw7WwyQUWc0hD.webp,0,0.9997438931685414,0.0048604244366288185,True,False,hold_in_same_split_group_only; no automatic exclusion
Cats/Eye Infection in Cat/Image_53.jpg,Cats/Eye Infection in Cat/conjunctivitis_009_webp.rf.wHypVCuOw7WwyQUWc0hD.webp,0,0.9997727936902565,0.00457607489079237,False,False,hold_in_same_split_group_only; no automatic exclusion
Cats/Eye Infection in Cat/Image_53.jpg,Cats/Eye Infection in Cat/conjunctivitis_058_webp.rf.Sz1BU2hBhfml7JQFe8Ca.webp,0,0.9995657885621878,0.006297477521002293,False,False,hold_in_same_split_group_only; no automatic exclusion
Cats/Eye Infection in Cat/Image_53.jpg,Dogs/Eye Infection in Dog/conjunctivitis_009_webp.rf.wHypVCuOw7WwyQUWc0hD.webp,0,0.9997727936902565,0.00457607489079237,True,False,hold_in_same_split_group_only; no automatic exclusion
Cats/Eye Infection in Cat/Image_6.jpg,Cats/Eye Infection in Cat/Image_69.jpg,0,0.9999192226717634,0.0032074148766696453,False,False,hold_in_same_split_group_only; no automatic exclusion
Cats/Eye Infection in Cat/Image_83.jpg,Cats/Eye Infection in Cat/conjunctivitis_034_jpg.rf.GRlqckO3putheil9LHUO.jpg,0,0.9998914513003694,0.0026511407922953367,False,False,hold_in_same_split_group_only; no automatic exclusion
Cats/Eye Infection in Cat/Image_90.jpg,Cats/Eye Infection in Cat/conjunctivitis_070_jpg.rf.0ICDQboNOv0h6IIDRGdX.jpg,0,0.9999406892288639,0.002175029367208481,False,False,hold_in_same_split_group_only; no automatic exclusion
Cats/Eye Infection in Cat/Image_90.jpg,Dogs/Eye Infection in Dog/conjunctivitis_070_jpg.rf.0ICDQboNOv0h6IIDRGdX.jpg,0,0.9999406892288639,0.002175029367208481,True,False,hold_in_same_split_group_only; no automatic exclusion
Cats/Eye Infection in Cat/cataracts_004_webp.rf.L5i3EqNMaNSVZBEXf22Q.webp,Dogs/Eye Infection in Dog/cataracts_004_webp.rf.L5i3EqNMaNSVZBEXf22Q.webp,0,1.0,0.0,True,True,hold_in_same_split_group_only; no automatic exclusion
Cats/Eye Infection in Cat/cataracts_027_webp.rf.9WFUA9IUVgc8K3m3VcGI.webp,Dogs/Eye Infection in Dog/cataracts_027_webp.rf.9WFUA9IUVgc8K3m3VcGI.webp,0,1.0,0.0,True,True,hold_in_same_split_group_only; no automatic exclusion
Cats/Eye Infection in Cat/cataracts_036_webp.rf.q9B2MoAnB8jbGZvUrIiD.webp,Dogs/Eye Infection in Dog/cataracts_036_webp.rf.q9B2MoAnB8jbGZvUrIiD.webp,0,1.0,0.0,True,True,hold_in_same_split_group_only; no automatic exclusion
Cats/Eye Infection in Cat/cataracts_042_webp.rf.7CssFgjbmfH3bDm3Fl1I.webp,Dogs/Eye Infection in Dog/cataracts_042_webp.rf.7CssFgjbmfH3bDm3Fl1I.webp,0,1.0,0.0,True,True,hold_in_same_split_group_only; no automatic exclusion
Cats/Eye Infection in Cat/cataracts_049_jpg.rf.wWZ8s32Sk53PU50viNj5.jpg,Dogs/Eye Infection in Dog/cataracts_049_jpg.rf.wWZ8s32Sk53PU50viNj5.jpg,0,1.0,0.0,True,True,hold_in_same_split_group_only; no automatic exclusion
Cats/Eye Infection in Cat/conjunctivitis_001_jpg.rf.GTEKEwttvFTbzC53adDx.jpg,Dogs/Eye Infection in Dog/conjunctivitis_099_jpg.rf.v7FaatwwhPuWNmp4ecDK.jpg,0,0.9999077910800376,0.0031075298320502043,True,False,hold_in_same_split_group_only; no automatic exclusion
Cats/Eye Infection in Cat/conjunctivitis_009_webp.rf.wHypVCuOw7WwyQUWc0hD.webp,Cats/Eye Infection in Cat/conjunctivitis_058_webp.rf.Sz1BU2hBhfml7JQFe8Ca.webp,0,0.9996865375657668,0.005328182131052017,False,False,hold_in_same_split_group_only; no automatic exclusion
Cats/Eye Infection in Cat/conjunctivitis_009_webp.rf.wHypVCuOw7WwyQUWc0hD.webp,Dogs/Eye Infection in Dog/conjunctivitis_009_webp.rf.wHypVCuOw7WwyQUWc0hD.webp,0,0.9999999999999999,0.0,True,True,hold_in_same_split_group_only; no automatic exclusion
Cats/Eye Infection in Cat/conjunctivitis_056_jpeg.rf.rkHCjHvAKHIggHueVnNH.jpeg,Dogs/Eye Infection in Dog/conjunctivitis_069_webp.rf.ZEjI36R8WklT2t7lDVub.webp,0,0.9993648423321022,0.005540968384593725,True,False,hold_in_same_split_group_only; no automatic exclusion
Cats/Eye Infection in Cat/conjunctivitis_058_webp.rf.Sz1BU2hBhfml7JQFe8Ca.webp,Dogs/Eye Infection in Dog/conjunctivitis_009_webp.rf.wHypVCuOw7WwyQUWc0hD.webp,0,0.9996865375657666,0.005328182131052017,True,False,hold_in_same_split_group_only; no automatic exclusion
Cats/Eye Infection in Cat/conjunctivitis_070_jpg.rf.0ICDQboNOv0h6IIDRGdX.jpg,Dogs/Eye Infection in Dog/conjunctivitis_070_jpg.rf.0ICDQboNOv0h6IIDRGdX.jpg,0,1.0,0.0,True,True,hold_in_same_split_group_only; no automatic exclusion
Cats/Eye Infection in Cat/conjunctivitis_074_webp.rf.f5WCNe6GkksALeT1g7jI.webp,Dogs/Eye Infection in Dog/conjunctivitis_074_webp.rf.f5WCNe6GkksALeT1g7jI.webp,0,1.0,0.0,True,True,hold_in_same_split_group_only; no automatic exclusion
Cats/Eye Infection in Cat/conjunctivitis_074_webp.rf.f5WCNe6GkksALeT1g7jI.webp,Dogs/Eye Infection in Dog/uveitis_047_webp.rf.GsHhV4aKB30MnZ10kGOf.webp,2,0.999599652826068,0.005516975186765194,True,False,hold_in_same_split_group_only; no automatic exclusion
Cats/Eye Infection in Cat/conjunctivitis_100_jpg.rf.aWe6lIKTMbR4AyxyUfx3.jpg,Dogs/Eye Infection in Dog/conjunctivitis_100_jpg.rf.aWe6lIKTMbR4AyxyUfx3.jpg,0,1.0,0.0,True,True,hold_in_same_split_group_only; no automatic exclusion
Cats/Eye Infection in Cat/cornealulcer_001_jpg.rf.bG6LVpU9f1mc7vzqvHev.jpg,Dogs/Eye Infection in Dog/cornealulcer_001_jpg.rf.bG6LVpU9f1mc7vzqvHev.jpg,0,1.0,0.0,True,True,hold_in_same_split_group_only; no automatic exclusion
Cats/Eye Infection in Cat/cornealulcer_008_jpg.rf.C3xzjsYzrjUdrco94F34.jpg,Dogs/Eye Infection in Dog/cornealulcer_008_jpg.rf.C3xzjsYzrjUdrco94F34.jpg,0,0.9999999999999998,0.0,True,True,hold_in_same_split_group_only; no automatic exclusion
Cats/Eye Infection in Cat/cornealulcer_012_webp.rf.WK7X9yzsSFfGL8u0epwW.webp,Dogs/Eye Infection in Dog/cornealulcer_012_webp.rf.WK7X9yzsSFfGL8u0epwW.webp,0,0.9999999999999999,0.0,True,True,hold_in_same_split_group_only; no automatic exclusion
Cats/Eye Infection in Cat/cornealulcer_013_jpg.rf.7KZP9iWcaWwsLG78tBlt.jpg,Dogs/Eye Infection in Dog/cornealulcer_013_jpg.rf.7KZP9iWcaWwsLG78tBlt.jpg,0,1.0,0.0,True,True,hold_in_same_split_group_only; no automatic exclusion
Cats/Eye Infection in Cat/cornealulcer_014_webp.rf.b2T8dyHC99HHsMsplN6E.webp,Dogs/Eye Infection in Dog/cornealulcer_014_webp.rf.b2T8dyHC99HHsMsplN6E.webp,0,1.0,0.0,True,True,hold_in_same_split_group_only; no automatic exclusion
Cats/Eye Infection in Cat/cornealulcer_015_webp.rf.4YcD2wIEtaxqIlkTPGp9.webp,Dogs/Eye Infection in Dog/cornealulcer_015_webp.rf.4YcD2wIEtaxqIlkTPGp9.webp,0,1.0,0.0,True,True,hold_in_same_split_group_only; no automatic exclusion
Cats/Eye Infection in Cat/cornealulcer_021_PNG.rf.F5Q2RVdRCwLiJeRHdnDF.PNG,Dogs/Eye Infection in Dog/cornealulcer_021_PNG.rf.F5Q2RVdRCwLiJeRHdnDF.PNG,0,1.0,0.0,True,True,hold_in_same_split_group_only; no automatic exclusion
Cats/Eye Infection in Cat/cornealulcer_025_png.rf.ohe0OvXPM7cgMF3e6DNB.png,Dogs/Eye Infection in Dog/cornealulcer_025_png.rf.ohe0OvXPM7cgMF3e6DNB.png,0,1.0,0.0,True,True,hold_in_same_split_group_only; no automatic exclusion
Cats/Eye Infection in Cat/cornealulcer_043_webp.rf.rlaEPk8NV82sLKsQnb6l.webp,Dogs/Eye Infection in Dog/cornealulcer_043_webp.rf.rlaEPk8NV82sLKsQnb6l.webp,0,1.0,0.0,True,True,hold_in_same_split_group_only; no automatic exclusion
Cats/Eye Infection in Cat/glaucoma_007_jpg.rf.35M5iIrmFaHoJGVgTP7L.jpg,Dogs/Eye Infection in Dog/glaucoma_007_jpg.rf.35M5iIrmFaHoJGVgTP7L.jpg,0,1.0,0.0,True,True,hold_in_same_split_group_only; no automatic exclusion
Cats/Eye Infection in Cat/glaucoma_012_jpg.rf.pukXsfm9iJz966p7cz3Q.jpg,Dogs/Eye Infection in Dog/glaucoma_012_jpg.rf.pukXsfm9iJz966p7cz3Q.jpg,0,1.0,0.0,True,True,hold_in_same_split_group_only; no automatic exclusion
Cats/Eye Infection in Cat/glaucoma_013_jpg.rf.pCQJ88zqQDiwIjCVD9F8.jpg,Dogs/Eye Infection in Dog/glaucoma_013_jpg.rf.pCQJ88zqQDiwIjCVD9F8.jpg,0,1.0,0.0,True,True,hold_in_same_split_group_only; no automatic exclusion
Cats/Eye Infection in Cat/glaucoma_017_webp.rf.5uLLKDxfF6paPZekBuHN.webp,Dogs/Eye Infection in Dog/glaucoma_017_webp.rf.5uLLKDxfF6paPZekBuHN.webp,0,1.0,0.0,True,True,hold_in_same_split_group_only; no automatic exclusion
Cats/Eye Infection in Cat/glaucoma_020_jpg.rf.8AVeCD1V4EDbuubWYFRE.jpg,Dogs/Eye Infection in Dog/glaucoma_020_jpg.rf.8AVeCD1V4EDbuubWYFRE.jpg,0,1.0,0.0,True,True,hold_in_same_split_group_only; no automatic exclusion
Cats/Eye Infection in Cat/uveitis_003_webp.rf.J1LDfd6RTslrLHwAVrbm.webp,Dogs/Eye Infection in Dog/uveitis_003_webp.rf.J1LDfd6RTslrLHwAVrbm.webp,0,1.0,0.0,True,True,hold_in_same_split_group_only; no automatic exclusion
Cats/Eye Infection in Cat/uveitis_010_webp.rf.ZtbLI31DiPJZnemyhd5C.webp,Dogs/Eye Infection in Dog/uveitis_010_webp.rf.ZtbLI31DiPJZnemyhd5C.webp,0,1.0,0.0,True,True,hold_in_same_split_group_only; no automatic exclusion
Cats/Eye Infection in Cat/uveitis_011_webp.rf.uRrIp9z0wVamBU0oRTyS.webp,Dogs/Eye Infection in Dog/uveitis_011_webp.rf.uRrIp9z0wVamBU0oRTyS.webp,0,1.0,0.0,True,True,hold_in_same_split_group_only; no automatic exclusion
Cats/Eye Infection in Cat/uveitis_011_webp.rf.uRrIp9z0wVamBU0oRTyS.webp,Dogs/Eye Infection in Dog/uveitis_040_jpg.rf.rDpkIuCjMvMaIojBSi3Z.jpg,0,0.9992561015214563,0.008002366870641708,True,False,hold_in_same_split_group_only; no automatic exclusion
Cats/Eye Infection in Cat/uveitis_013_jpg.rf.vmHafMGhQWgWt894c3Uh.jpg,Dogs/Eye Infection in Dog/uveitis_013_jpg.rf.vmHafMGhQWgWt894c3Uh.jpg,0,0.9999999999999999,0.0,True,True,hold_in_same_split_group_only; no automatic exclusion
Cats/Eye Infection in Cat/uveitis_017_webp.rf.xukNmO9OH5k1Gxej01wm.webp,Dogs/Eye Infection in Dog/uveitis_017_webp.rf.xukNmO9OH5k1Gxej01wm.webp,0,1.0,0.0,True,True,hold_in_same_split_group_only; no automatic exclusion
Cats/Eye Infection in Cat/uveitis_019_webp.rf.VwHBSdJhfu6gnFvWBhaI.webp,Dogs/Eye Infection in Dog/uveitis_019_webp.rf.VwHBSdJhfu6gnFvWBhaI.webp,0,1.0,0.0,True,True,hold_in_same_split_group_only; no automatic exclusion
Cats/Eye Infection in Cat/uveitis_028_jpg.rf.r0kKLTYvMBs9dL9RBKy1.jpg,Dogs/Eye Infection in Dog/uveitis_028_jpg.rf.r0kKLTYvMBs9dL9RBKy1.jpg,0,0.9999999999999999,0.0,True,True,hold_in_same_split_group_only; no automatic exclusion
Cats/Eye Infection in Cat/uveitis_037_jpg.rf.J37GEA9xB1TudmwPUVTa.jpg,Dogs/Eye Infection in Dog/uveitis_037_jpg.rf.J37GEA9xB1TudmwPUVTa.jpg,0,1.0,0.0,True,True,hold_in_same_split_group_only; no automatic exclusion
Cats/Eye Infection in Cat/uveitis_041_webp.rf.yKZ3whc3lrUz5W6ke9WZ.webp,Dogs/Eye Infection in Dog/uveitis_041_webp.rf.yKZ3whc3lrUz5W6ke9WZ.webp,0,1.0,0.0,True,True,hold_in_same_split_group_only; no automatic exclusion
Cats/Flea Allergy in Cat/Image_11.jpg,Cats/Flea Allergy in Cat/Image_43.jpg,0,1.0,0.0,False,True,hold_in_same_split_group_only; no automatic exclusion
Cats/Flea Allergy in Cat/Image_11.jpg,Cats/Flea Allergy in Cat/Image_49.jpg,2,0.999941147359097,0.002303574001416564,False,False,hold_in_same_split_group_only; no automatic exclusion
Cats/Flea Allergy in Cat/Image_14 (2)_jpg.rf.IWWIkUs7ffrRjj3BRwYz.jpg,Cats/Flea Allergy in Cat/Image_27.jpg,0,1.0,0.0,False,True,hold_in_same_split_group_only; no automatic exclusion
Cats/Flea Allergy in Cat/Image_14 (2)_jpg.rf.IWWIkUs7ffrRjj3BRwYz.jpg,Cats/Flea Allergy in Cat/thumb () (39)_jpg.rf.1An3UfXqvcqvBGXWwH2Z.jpg,2,0.9987466146405111,0.008471852168440819,False,False,hold_in_same_split_group_only; no automatic exclusion
Cats/Flea Allergy in Cat/Image_19 (2) (1)_jpg.rf.HbpA13QuIBsl9WGoeTMe.jpg,Cats/Flea Allergy in Cat/image_2_jpg.rf.iKKncMeQraCtlydfJcG0.jpg,0,0.9993993850939625,0.00561723904684186,False,False,hold_in_same_split_group_only; no automatic exclusion
Cats/Flea Allergy in Cat/Image_20.jpg,Cats/Flea Allergy in Cat/Image_24.jpg,0,1.0,0.0,False,True,hold_in_same_split_group_only; no automatic exclusion
Cats/Flea Allergy in Cat/Image_22 (2)_jpg.rf.iLmdI8kRlSaT3mcTNfcH.jpg,Cats/Flea Allergy in Cat/thumb () (35)_jpg.rf.PKHlgswm0jaDWz35p7mN.jpg,0,0.9982817349852185,0.0070420377887785435,False,False,hold_in_same_split_group_only; no automatic exclusion
Cats/Flea Allergy in Cat/Image_22.jpg,Cats/Flea Allergy in Cat/Image_63.jpg,0,0.9999634465854709,0.001853153109550476,False,False,hold_in_same_split_group_only; no automatic exclusion
Cats/Flea Allergy in Cat/Image_27.jpg,Cats/Flea Allergy in Cat/thumb () (39)_jpg.rf.1An3UfXqvcqvBGXWwH2Z.jpg,2,0.9987466146405111,0.008471852168440819,False,False,hold_in_same_split_group_only; no automatic exclusion
Cats/Flea Allergy in Cat/Image_3.jpg,Cats/Flea Allergy in Cat/Image_37.jpg,0,0.9998524579234881,0.0032477418426424265,False,False,hold_in_same_split_group_only; no automatic exclusion
Cats/Flea Allergy in Cat/Image_33.jpg,Cats/Flea Allergy in Cat/Image_45.jpg,0,1.0,0.0,False,True,hold_in_same_split_group_only; no automatic exclusion
Cats/Flea Allergy in Cat/Image_36.jpg,Cats/Flea Allergy in Cat/Image_62.jpg,0,0.9999999999999998,0.0,False,True,hold_in_same_split_group_only; no automatic exclusion
Cats/Flea Allergy in Cat/Image_4.JPG,Cats/Flea Allergy in Cat/thumb (2)_jpg.rf.LcOQbUuwRQ8fHNPBCGbe.jpg,2,0.9994488948575854,0.008405409753322601,False,False,hold_in_same_split_group_only; no automatic exclusion
Cats/Flea Allergy in Cat/Image_40.jpg,Cats/Flea Allergy in Cat/Image_7.jpg,0,0.9999239302715819,0.0036948074121028185,False,False,hold_in_same_split_group_only; no automatic exclusion
Cats/Flea Allergy in Cat/Image_42_jpg.rf.dACFnKEe6P2WWXyUt3sl.jpg,Cats/Flea Allergy in Cat/thumb (3)_jpg.rf.79NAdIsOFnOyQPsXpQ64.jpg,2,0.9900981510348896,0.023277541622519493,False,False,hold_in_same_split_group_only; no automatic exclusion
Cats/Flea Allergy in Cat/Image_43.jpg,Cats/Flea Allergy in Cat/Image_49.jpg,2,0.999941147359097,0.002303574001416564,False,False,hold_in_same_split_group_only; no automatic exclusion
Cats/Flea Allergy in Cat/Image_50_png.rf.zKO81sINi28HGUSP9Rix.png,Cats/Flea Allergy in Cat/Image_6_png.rf.MwClSRLUKbWoa6y9iWzK.png,0,0.999947416723901,0.002759394934400916,False,False,hold_in_same_split_group_only; no automatic exclusion
Cats/Flea Allergy in Cat/Image_50_png.rf.zKO81sINi28HGUSP9Rix.png,Cats/Flea Allergy in Cat/thumb (19)_jpg.rf.7HrMqvXHTbXTYTYmJxED.jpg,2,0.9983671105766055,0.01187693327665329,False,False,hold_in_same_split_group_only; no automatic exclusion
Cats/Flea Allergy in Cat/Image_50_png.rf.zKO81sINi28HGUSP9Rix.png,Cats/Flea Allergy in Cat/thumb (9)_jpg.rf.rWDBfbtyixZyXElpgoyO.jpg,2,0.9992191422687167,0.007825245149433613,False,False,hold_in_same_split_group_only; no automatic exclusion
Cats/Flea Allergy in Cat/Image_51.jpg,Cats/Flea Allergy in Cat/Image_93.jpg,2,0.999850761657195,0.003229191992431879,False,False,hold_in_same_split_group_only; no automatic exclusion
Cats/Flea Allergy in Cat/Image_6_png.rf.MwClSRLUKbWoa6y9iWzK.png,Cats/Flea Allergy in Cat/thumb (19)_jpg.rf.7HrMqvXHTbXTYTYmJxED.jpg,2,0.998373571456421,0.012306468561291695,False,False,hold_in_same_split_group_only; no automatic exclusion
Cats/Flea Allergy in Cat/Image_6_png.rf.MwClSRLUKbWoa6y9iWzK.png,Cats/Flea Allergy in Cat/thumb (9)_jpg.rf.rWDBfbtyixZyXElpgoyO.jpg,2,0.9992231518029661,0.00851781852543354,False,False,hold_in_same_split_group_only; no automatic exclusion
Cats/Flea Allergy in Cat/aug_0_1103_jpeg.rf.eogtBwteqav3CMxuibR6.jpeg,Cats/Flea Allergy in Cat/thumb (28)_jpg.rf.ZG0umtRMj5ozF4fc90ic.jpg,0,0.9996233822996072,0.005026502534747124,False,False,hold_in_same_split_group_only; no automatic exclusion
Cats/Flea Allergy in Cat/aug_0_1323_jpeg.rf.t6UxvFAXFFilV90iV9D0.jpeg,Cats/Flea Allergy in Cat/thumb (24)_jpg.rf.KRjLZGR4ABi3RzcMnirW.jpg,0,0.9997753453520983,0.005720996297895908,False,False,hold_in_same_split_group_only; no automatic exclusion
Cats/Flea Allergy in Cat/aug_0_1613_jpeg.rf.NNnNHRfTv2YPqkB0Uk7T.jpeg,Cats/Flea Allergy in Cat/thumb (38)_jpg.rf.5Lxm7BQES7NhP2n7Jb6S.jpg,0,0.9998405777240115,0.005240553058683872,False,False,hold_in_same_split_group_only; no automatic exclusion
Cats/Flea Allergy in Cat/aug_0_2048 (1)_jpeg.rf.StHotFyLgxPrKrtfVdqn.jpeg,Cats/Flea Allergy in Cat/thumb (14)_jpg.rf.xdjGRRjXFpVzUGqb2aNo.jpg,0,0.9997551063140928,0.0056642754934728146,False,False,hold_in_same_split_group_only; no automatic exclusion
Cats/Flea Allergy in Cat/aug_0_2133_jpeg.rf.kclWSNwNb5FtHck8vvS6.jpeg,Cats/Flea Allergy in Cat/thumb (33)_jpg.rf.KONcTBGCjrxc2FR9mHUD.jpg,0,0.9998018251870503,0.004905533976852894,False,False,hold_in_same_split_group_only; no automatic exclusion
Cats/Flea Allergy in Cat/aug_0_234_jpeg.rf.YByV2WJSSb0UYAgz4q88.jpeg,Cats/Flea Allergy in Cat/thumb () (23)_jpg.rf.f9649CzzAmPYBtfxjUuL.jpg,0,0.9998462787487731,0.005272931884974241,False,False,hold_in_same_split_group_only; no automatic exclusion
Cats/Flea Allergy in Cat/aug_0_2755_jpeg.rf.cWiUyrOviNjVsJHvY5dS.jpeg,Cats/Flea Allergy in Cat/thumb (40)_jpg.rf.RfWb6lxi2uDrv7nEe7pT.jpg,0,0.9997818330054129,0.004755786154419184,False,False,hold_in_same_split_group_only; no automatic exclusion
Cats/Flea Allergy in Cat/aug_0_2779_jpeg.rf.oBBoi2NgooDFIw5Lu1hy.jpeg,Cats/Flea Allergy in Cat/thumb (32)_jpg.rf.7xV89W22sc50YBhWKbZb.jpg,2,0.9997848743076858,0.0047288681380450726,False,False,hold_in_same_split_group_only; no automatic exclusion
Cats/Flea Allergy in Cat/aug_0_2973_jpeg.rf.xN51IwDd1XtamdHMegrW.jpeg,Cats/Flea Allergy in Cat/thumb (6)_jpg.rf.qRhZ4jMJnbpuTFgSn836.jpg,0,0.9997679367940454,0.005894680507481098,False,False,hold_in_same_split_group_only; no automatic exclusion
Cats/Flea Allergy in Cat/aug_0_3008_jpeg.rf.cBuruSol0aF9n9uBJbHO.jpeg,Cats/Flea Allergy in Cat/thumb (27)_jpg.rf.jd9zN87eJCUAjjPTECsL.jpg,0,0.9997187258932808,0.005203645676374435,False,False,hold_in_same_split_group_only; no automatic exclusion
Cats/Flea Allergy in Cat/aug_0_3019_jpeg.rf.2kH9llOm858ak4VpeH4L.jpeg,Cats/Flea Allergy in Cat/thumb (13)_jpg.rf.9GMwGqkTr74EjVJkG2Wo.jpg,0,0.999806082021924,0.0054659247398376465,False,False,hold_in_same_split_group_only; no automatic exclusion
Cats/Flea Allergy in Cat/aug_0_3176_jpeg.rf.2vgc0x7phtsUn0X0zBId.jpeg,Cats/Flea Allergy in Cat/thumb () (21)_jpg.rf.jTn6PNwQcub94SmEqMnM.jpg,0,0.9998080603625952,0.005359097383916378,False,False,hold_in_same_split_group_only; no automatic exclusion
Cats/Flea Allergy in Cat/aug_0_3254 (1)_jpeg.rf.mfsrrc7rs3Z5OQz616HI.jpeg,Cats/Flea Allergy in Cat/thumb () (18)_jpg.rf.Ni0X2msWvw83QpQFEN84.jpg,0,0.9997703949863271,0.004593545570969582,False,False,hold_in_same_split_group_only; no automatic exclusion
Cats/Flea Allergy in Cat/aug_0_3637_jpeg.rf.6KT6rXgtA5C3kX3j7I2J.jpeg,Cats/Flea Allergy in Cat/thumb () (22)_jpg.rf.02Q6w9sR6POwBZpYQSd2.jpg,0,0.9997823433768876,0.004911653231829405,False,False,hold_in_same_split_group_only; no automatic exclusion
Cats/Flea Allergy in Cat/aug_0_3663_jpeg.rf.qPmEnbuzocnsbglSAouD.jpeg,Cats/Flea Allergy in Cat/thumb () (26)_jpg.rf.hBpAKUGxB6WF3QIgAE8e.jpg,0,0.9997255515349215,0.004993027076125145,False,False,hold_in_same_split_group_only; no automatic exclusion
Cats/Flea Allergy in Cat/aug_0_4493_jpeg.rf.EZQgNBzIdBTZhjfCifk3.jpeg,Cats/Flea Allergy in Cat/thumb () (7)_jpg.rf.lXfWQeFou7pNt1M6sTCn.jpg,0,0.9998289134343713,0.005290466360747814,False,False,hold_in_same_split_group_only; no automatic exclusion
Cats/Flea Allergy in Cat/aug_0_4602_jpeg.rf.qoTMO5CsNmbMsjV5T6uS.jpeg,Cats/Flea Allergy in Cat/thumb () (24)_jpg.rf.QkkgXUZVtgT3OWewfy5O.jpg,0,0.9998152698501084,0.005422246176749468,False,False,hold_in_same_split_group_only; no automatic exclusion
Cats/Flea Allergy in Cat/aug_0_4851_jpeg.rf.LTeMLVr8979AaLVxkEDS.jpeg,Cats/Flea Allergy in Cat/thumb () (4)_jpg.rf.XydLm0lYnjSjgA1ovUVu.jpg,0,0.9997957234926013,0.005374488420784473,False,False,hold_in_same_split_group_only; no automatic exclusion
Cats/Flea Allergy in Cat/aug_0_5050_jpeg.rf.iLkBgHOgofMjW3dyEcpi.jpeg,Cats/Flea Allergy in Cat/thumb (43)_jpg.rf.gNKWeyJtla1oYMyi8FuN.jpg,0,0.9998276049482028,0.005343193653970957,False,False,hold_in_same_split_group_only; no automatic exclusion
Cats/Flea Allergy in Cat/aug_0_5453_jpeg.rf.nDbZ60aFBvru1XmTVd1L.jpeg,Cats/Flea Allergy in Cat/thumb () (32)_jpg.rf.twumZdCR8azm92vGic0x.jpg,0,0.9998450783785423,0.005221412982791662,False,False,hold_in_same_split_group_only; no automatic exclusion
Cats/Flea Allergy in Cat/aug_0_5745 (1)_jpeg.rf.xasIy0eLRAQwRVHYmeOd.jpeg,Cats/Flea Allergy in Cat/thumb () (45)_jpg.rf.6bSkdswdHvKEOPEo0NJX.jpg,0,0.9995975790763724,0.004968905821442604,False,False,hold_in_same_split_group_only; no automatic exclusion
Cats/Flea Allergy in Cat/aug_0_6545 (1)_jpeg.rf.ncX91WnYdu8UUWsMiwzb.jpeg,Cats/Flea Allergy in Cat/thumb () (13)_jpg.rf.ODw2DwXA3O2KUbmkEisB.jpg,0,0.9998479888545251,0.0051177977584302425,False,False,hold_in_same_split_group_only; no automatic exclusion
Cats/Flea Allergy in Cat/aug_0_7089_jpeg.rf.C9cTJtJaVVZquLvRZkWQ.jpeg,Cats/Flea Allergy in Cat/thumb (39)_jpg.rf.3DBYjOGHzjlaeF9WUu0T.jpg,2,0.999740679388426,0.005708294454962015,False,False,hold_in_same_split_group_only; no automatic exclusion
Cats/Flea Allergy in Cat/aug_0_7473_jpeg.rf.FeuP1JGT07gbQvRPZonH.jpeg,Cats/Flea Allergy in Cat/thumb () (46)_jpg.rf.noogNUpVdjnJ10m9rgjD.jpg,0,0.9998080321262275,0.0052352966740727425,False,False,hold_in_same_split_group_only; no automatic exclusion
Cats/Flea Allergy in Cat/aug_0_7532_jpeg.rf.tBG6FL9oniPvPJxEEaRA.jpeg,Cats/Flea Allergy in Cat/thumb () (34)_jpg.rf.JJGM3GMPMdhtoCj9RnSu.jpg,2,0.9996365951160671,0.004992024041712284,False,False,hold_in_same_split_group_only; no automatic exclusion
Cats/Flea Allergy in Cat/aug_0_8205_jpeg.rf.4cSVpcdMcNn2FgeoG2G8.jpeg,Cats/Flea Allergy in Cat/thumb (46)_jpg.rf.NRiOYUB8WV4PtaXqp5A1.jpg,2,0.9997449609408399,0.0057148681953549385,False,False,hold_in_same_split_group_only; no automatic exclusion
Cats/Flea Allergy in Cat/aug_0_9416_jpeg.rf.kqfotgPkUAxz27FRJWoz.jpeg,Cats/Flea Allergy in Cat/thumb () (3)_jpg.rf.RhEIszwJy3xTuujtYWbw.jpg,0,0.9996295760456283,0.005902318749576807,False,False,hold_in_same_split_group_only; no automatic exclusion
Cats/Flea Allergy in Cat/thumb (19)_jpg.rf.7HrMqvXHTbXTYTYmJxED.jpg,Cats/Flea Allergy in Cat/thumb (9)_jpg.rf.rWDBfbtyixZyXElpgoyO.jpg,0,0.9993739631505941,0.007831639610230923,False,False,hold_in_same_split_group_only; no automatic exclusion
Cats/Ringworm in Cat/135195862_10222884899858522_306512586281914012_n_jpg.rf.Ug14ujLyZFllRbnfRhg2.jpg,Cats/Ringworm in Cat/135195862_10222884899858522_306512586281914012_n_jpg.rf.cFb0VvwQG6aeR9nTKhWj.jpg,0,0.9991124347192553,0.009668695740401745,False,False,hold_in_same_split_group_only; no automatic exclusion
Cats/Ringworm in Cat/135195862_10222884899858522_306512586281914012_n_jpg.rf.Ug14ujLyZFllRbnfRhg2.jpg,Cats/Ringworm in Cat/135195862_10222884899858522_306512586281914012_n_jpg.rf.lobUwUJWUjtvoGWydMQg.jpg,0,0.999556767826837,0.00686529790982604,False,False,hold_in_same_split_group_only; no automatic exclusion
Cats/Ringworm in Cat/135195862_10222884899858522_306512586281914012_n_jpg.rf.cFb0VvwQG6aeR9nTKhWj.jpg,Cats/Ringworm in Cat/135195862_10222884899858522_306512586281914012_n_jpg.rf.lobUwUJWUjtvoGWydMQg.jpg,0,0.9996671111157381,0.005953831132501364,False,False,hold_in_same_split_group_only; no automatic exclusion
Cats/Ringworm in Cat/141725846_3721210257986104_5054501378569814826_n_jpg.rf.WuutApdNd0rHNKqWc8yJ.jpg,Cats/Ringworm in Cat/141725846_3721210257986104_5054501378569814826_n_jpg.rf.piHK35wZ6nMf2gqJS5KD.jpg,0,0.9996877456893232,0.004274016246199608,False,False,hold_in_same_split_group_only; no automatic exclusion
Cats/Ringworm in Cat/2009-2652-Yegar-M-Canis-Ca_jpg.rf.RIwWdU3Q11WpDPq9QQ9n.jpg,Cats/Ringworm in Cat/ringworm17_jpg.rf.hZDwKsNwMJk32yu9fBCA.jpg,0,0.9994732823529833,0.005866588093340397,False,False,hold_in_same_split_group_only; no automatic exclusion
Cats/Ringworm in Cat/Image_10.jpg,Cats/Ringworm in Cat/Image_46.png,2,0.9988913860538534,0.015977967530488968,False,False,hold_in_same_split_group_only; no automatic exclusion
Cats/Ringworm in Cat/Image_10.jpg,Cats/Ringworm in Cat/Image_48.png,2,0.9988913860538534,0.015977967530488968,False,False,hold_in_same_split_group_only; no automatic exclusion
Cats/Ringworm in Cat/Image_22.jpg,Cats/Ringworm in Cat/Image_38.jpg,0,1.0,0.0,False,True,hold_in_same_split_group_only; no automatic exclusion
Cats/Ringworm in Cat/Image_24.jpg,Cats/Ringworm in Cat/Image_76.jpg,0,0.9999678839338056,0.0030522660817950964,False,False,hold_in_same_split_group_only; no automatic exclusion
Cats/Ringworm in Cat/Image_31.jpg,Cats/Ringworm in Cat/Screenshot 2024-11-16 181513_png.rf.LX8r0lWCZHUEXkhYtW3Z.png,2,0.9910290199686485,0.026043517515063286,False,False,hold_in_same_split_group_only; no automatic exclusion
Cats/Ringworm in Cat/Image_4.jpg,Cats/Ringworm in Cat/Image_42.jpg,0,0.9999725080922761,0.00220361165702343,False,False,hold_in_same_split_group_only; no automatic exclusion
Cats/Ringworm in Cat/Image_40.jpeg,Cats/Ringworm in Cat/Image_41.jpeg,0,1.0,0.0,False,True,hold_in_same_split_group_only; no automatic exclusion
Cats/Ringworm in Cat/Image_46.png,Cats/Ringworm in Cat/Image_48.png,0,1.0,0.0,False,True,hold_in_same_split_group_only; no automatic exclusion
Cats/Ringworm in Cat/Image_54_jpg.rf.akcOrZiIYvVW5tveTJBa.jpg,Cats/Ringworm in Cat/Image_62_jpg.rf.A8jsShadqXqzVmefMFgl.jpg,0,0.9997316252495655,0.003346433863043785,False,False,hold_in_same_split_group_only; no automatic exclusion
Cats/Ringworm in Cat/Image_59.jpg,Cats/Ringworm in Cat/Image_6.jpg,0,0.9999632307756356,0.002671831054612994,False,False,hold_in_same_split_group_only; no automatic exclusion
Cats/Ringworm in Cat/Image_59.jpg,Cats/Ringworm in Cat/Image_61.jpg,0,0.9999761021634427,0.0016288727056235075,False,False,hold_in_same_split_group_only; no automatic exclusion
Cats/Ringworm in Cat/Image_6.jpg,Cats/Ringworm in Cat/Image_61.jpg,0,0.9999651920011765,0.002576445695012808,False,False,hold_in_same_split_group_only; no automatic exclusion
Cats/Ringworm in Cat/Image_7.jpg,Cats/Ringworm in Cat/Screenshot 2024-11-16 182620_png.rf.Bk44gfmjXS98h4fGE21C.png,4,0.9904478680466765,0.020361708477139473,False,False,hold_in_same_split_group_only; no automatic exclusion
Cats/Ringworm in Cat/Ringworm-in-Cats-Treatments-and-Symptoms-5_jpg.rf.apW30tk6PQMB4Q3IhnKj.jpg,Cats/Ringworm in Cat/Ringworm-in-Cats-Treatments-and-Symptoms-5_jpg.rf.tIQpQTPkKJUwVyshwbUy.jpg,0,0.9992789394927208,0.009891104884445667,False,False,hold_in_same_split_group_only; no automatic exclusion
Cats/Ringworm in Cat/Screenshot-2024-10-14-175112_png_jpg.rf.L3m2zainyVpQkQMz9Mj0.jpg,Cats/Ringworm in Cat/Screenshot-2024-10-14-175112_png_jpg.rf.MA6KKi3XQbA66RtEUeOq.jpg,0,0.9999698830303642,0.001509228372015059,False,False,hold_in_same_split_group_only; no automatic exclusion
Cats/Ringworm in Cat/Screenshot-2024-10-14-175809_png_jpg.rf.6dxo48VIq2VvbqswIDRt.jpg,Cats/Ringworm in Cat/Screenshot-2024-10-14-175809_png_jpg.rf.Dt7Xhobqieay8SigWjtq.jpg,0,0.9999647068714856,0.0014569080667570233,False,False,hold_in_same_split_group_only; no automatic exclusion
Cats/Ringworm in Cat/Screenshot-2024-10-14-175809_png_jpg.rf.6dxo48VIq2VvbqswIDRt.jpg,Cats/Ringworm in Cat/Screenshot-2024-10-14-175809_png_jpg.rf.sFo1bwd1UDLXM3Xx8Tyq.jpg,0,0.9988963569572702,0.008205295540392399,False,False,hold_in_same_split_group_only; no automatic exclusion
Cats/Ringworm in Cat/Screenshot-2024-10-14-175809_png_jpg.rf.Dt7Xhobqieay8SigWjtq.jpg,Cats/Ringworm in Cat/Screenshot-2024-10-14-175809_png_jpg.rf.sFo1bwd1UDLXM3Xx8Tyq.jpg,0,0.9988975833670298,0.008191251195967197,False,False,hold_in_same_split_group_only; no automatic exclusion
Cats/Ringworm in Cat/Screenshot-2024-10-14-175932_png_jpg.rf.hl4qdgLZB9giXAslalDt.jpg,Cats/Ringworm in Cat/Screenshot-2024-10-14-175932_png_jpg.rf.kbVfYKvbe4fqD66JkpYO.jpg,2,0.9998190808704417,0.00645062793046236,False,False,hold_in_same_split_group_only; no automatic exclusion
Cats/Ringworm in Cat/Screenshot-2024-10-14-175932_png_jpg.rf.hl4qdgLZB9giXAslalDt.jpg,Cats/Ringworm in Cat/Screenshot-2024-10-14-175932_png_jpg.rf.soCDgZN6B8IuPdXVNt1w.jpg,2,0.9998190808704417,0.00645062793046236,False,False,hold_in_same_split_group_only; no automatic exclusion
Cats/Ringworm in Cat/Screenshot-2024-10-14-175932_png_jpg.rf.kbVfYKvbe4fqD66JkpYO.jpg,Cats/Ringworm in Cat/Screenshot-2024-10-14-175932_png_jpg.rf.soCDgZN6B8IuPdXVNt1w.jpg,0,1.0,0.0,False,False,hold_in_same_split_group_only; no automatic exclusion
Cats/Ringworm in Cat/Screenshot-2024-10-14-180043_png_jpg.rf.61Rlq7h0Sv8p8hdqXrEg.jpg,Cats/Ringworm in Cat/Screenshot-2024-10-14-180043_png_jpg.rf.cRahcWb8UUdDc8NTVTWo.jpg,0,0.9995036176624079,0.0062560043297708035,False,False,hold_in_same_split_group_only; no automatic exclusion
Cats/Ringworm in Cat/Screenshot-2024-10-14-180043_png_jpg.rf.61Rlq7h0Sv8p8hdqXrEg.jpg,Cats/Ringworm in Cat/Screenshot-2024-10-14-180043_png_jpg.rf.wBqe0NfnOyjESiFwOyCe.jpg,0,0.9995029930530684,0.006261603441089392,False,False,hold_in_same_split_group_only; no automatic exclusion
Cats/Ringworm in Cat/Screenshot-2024-10-14-180043_png_jpg.rf.cRahcWb8UUdDc8NTVTWo.jpg,Cats/Ringworm in Cat/Screenshot-2024-10-14-180043_png_jpg.rf.wBqe0NfnOyjESiFwOyCe.jpg,0,0.9999783719505201,0.0012969368835911155,False,False,hold_in_same_split_group_only; no automatic exclusion
Cats/Ringworm in Cat/Screenshot-2024-10-14-180439_png_jpg.rf.pmDBvOFvRinJjNLDo7zl.jpg,Cats/Ringworm in Cat/Screenshot-2024-10-14-180439_png_jpg.rf.yKa9bnO57sWjZ4PMqnjV.jpg,2,0.9994805922868842,0.007672456093132496,False,False,hold_in_same_split_group_only; no automatic exclusion
Cats/Ringworm in Cat/Screenshot-2024-10-14-180548_png_jpg.rf.go6YnQbi1Ji1ZA7R8jJE.jpg,Cats/Ringworm in Cat/Screenshot-2024-10-14-180548_png_jpg.rf.xQXiOGz0HRmhyfjq2TJO.jpg,0,0.9996241554302747,0.007732251193374395,False,False,hold_in_same_split_group_only; no automatic exclusion
Cats/Ringworm in Cat/Screenshot-2024-10-14-180548_png_jpg.rf.go6YnQbi1Ji1ZA7R8jJE.jpg,Cats/Ringworm in Cat/Screenshot-2024-10-14-180548_png_jpg.rf.zuN1JIaIE4SyNlkB0Eh1.jpg,0,0.9999899944686282,0.0012617193860933185,False,False,hold_in_same_split_group_only; no automatic exclusion
Cats/Ringworm in Cat/Screenshot-2024-10-14-180548_png_jpg.rf.xQXiOGz0HRmhyfjq2TJO.jpg,Cats/Ringworm in Cat/Screenshot-2024-10-14-180548_png_jpg.rf.zuN1JIaIE4SyNlkB0Eh1.jpg,0,0.9996257923787583,0.007715399377048016,False,False,hold_in_same_split_group_only; no automatic exclusion
Cats/Ringworm in Cat/Screenshot-2024-10-14-182237_png_jpg.rf.L6o8E4nsYJzRjLU0Yn9f.jpg,Cats/Ringworm in Cat/Screenshot-2024-10-14-182237_png_jpg.rf.fDU8VYeNPf8Ig53ZcqfV.jpg,0,0.9999825603739426,0.001346181146800518,False,False,hold_in_same_split_group_only; no automatic exclusion
Cats/Ringworm in Cat/images-34-_jpeg_jpg.rf.oCWzwz14MRyCOebSuPFV.jpg,Cats/Ringworm in Cat/images-34-_jpeg_jpg.rf.uICnVZbNOzU8039z23DF.jpg,0,0.9989013532987893,0.010126188397407532,False,False,hold_in_same_split_group_only; no automatic exclusion
Cats/Ringworm in Cat/images-36-_jpeg_jpg.rf.MhGU5R48Mt6plNsu1O4z.jpg,Cats/Ringworm in Cat/images-36-_jpeg_jpg.rf.PzJvDgVtzFFymjE9uPsD.jpg,0,0.9992812695611154,0.009059238247573376,False,False,hold_in_same_split_group_only; no automatic exclusion
Cats/Ringworm in Cat/images-41-_jpeg_jpg.rf.2ARdtuO155YyuDt9OcSG.jpg,Cats/Ringworm in Cat/images-41-_jpeg_jpg.rf.GD4LykrJHSDu6q2X8VWR.jpg,0,0.9999999999999998,0.0,False,False,hold_in_same_split_group_only; no automatic exclusion
Cats/Ringworm in Cat/j21_jpeg_jpg.rf.3d9ngG9yjIZqhwBqN1WJ.jpg,Cats/Ringworm in Cat/j21_jpeg_jpg.rf.bFUPCZSWKVTxGRh2hWsQ.jpg,0,0.9999998300018379,0.00012254901230335236,False,False,hold_in_same_split_group_only; no automatic exclusion
Cats/Ringworm in Cat/j25_jpeg_jpg.rf.EU0S2C7wrp53vH5S2bfn.jpg,Cats/Ringworm in Cat/j25_jpeg_jpg.rf.wA0SBc4oYKqGGUYmKuVw.jpg,2,0.9989645309206662,0.00863919872790575,False,False,hold_in_same_split_group_only; no automatic exclusion
Cats/Ringworm in Cat/j26_jpeg_jpg.rf.8IyI7qLrbLX90jyBNptV.jpg,Cats/Ringworm in Cat/j26_jpeg_jpg.rf.tcP3KcYz3CJYTwaeAMm8.jpg,0,0.9994810696807502,0.006146620027720928,False,False,hold_in_same_split_group_only; no automatic exclusion
Cats/Ringworm in Cat/jamur12_jpeg_jpg.rf.3HRJG0Un1o64OtswoELf.jpg,Cats/Ringworm in Cat/jamur12_jpeg_jpg.rf.DzLXhetG8Fdaho4ZfqHC.jpg,2,0.9997959187419369,0.004819049965590239,False,False,hold_in_same_split_group_only; no automatic exclusion
Cats/Ringworm in Cat/jamur15_jpeg_jpg.rf.c0RjjoLxxoKglnGQWi89.jpg,Cats/Ringworm in Cat/jamur15_jpeg_jpg.rf.feNQeTY5JM5mgw4jvHHh.jpg,0,0.9999977406975421,0.0005102122668176889,False,False,hold_in_same_split_group_only; no automatic exclusion
Cats/Ringworm in Cat/jamur15_jpeg_jpg.rf.c0RjjoLxxoKglnGQWi89.jpg,Cats/Ringworm in Cat/jamur15_jpeg_jpg.rf.stZRVxUD74YTDFAZsplM.jpg,0,0.9999976540734157,0.0005199314327910542,False,False,hold_in_same_split_group_only; no automatic exclusion
Cats/Ringworm in Cat/jamur15_jpeg_jpg.rf.feNQeTY5JM5mgw4jvHHh.jpg,Cats/Ringworm in Cat/jamur15_jpeg_jpg.rf.stZRVxUD74YTDFAZsplM.jpg,0,0.9999998263487121,0.00014150755305308849,False,False,hold_in_same_split_group_only; no automatic exclusion
Cats/Ringworm in Cat/jamur8_jpeg_jpg.rf.m3i9tHXGMvBJg76kPvOF.jpg,Cats/Ringworm in Cat/jamur8_jpeg_jpg.rf.pNUePS1mV3SyOxsm5rhB.jpg,2,0.9997825771849128,0.004030478186905384,False,False,hold_in_same_split_group_only; no automatic exclusion
Cats/Ringworm in Cat/ringworm10_jpg.rf.0yPm15WBY89VIdrNSR4a.jpg,Cats/Ringworm in Cat/ringworm10_jpg.rf.a6Ot5jcypqdwPsRp4mMb.jpg,0,0.9999345511575928,0.0023731517139822245,False,False,hold_in_same_split_group_only; no automatic exclusion
Cats/Ringworm in Cat/ringworm13_jpg.rf.PA0kVhezHNL1WWeQvWK2.jpg,Cats/Ringworm in Cat/ringworm13_jpg.rf.zdMTm6Mx1Fm0Hz3BVJLN.jpg,0,0.9997178055184325,0.004938081838190556,False,False,hold_in_same_split_group_only; no automatic exclusion
Cats/Ringworm in Cat/ringworm16_jpg.rf.MGtwe1pjwnuwtHyQhJ6t.jpg,Cats/Ringworm in Cat/ringworm16_jpg.rf.R2DkwG9NQbDzgK7yYgHO.jpg,0,0.9996274484514317,0.005189677234739065,False,False,hold_in_same_split_group_only; no automatic exclusion
Cats/Ringworm in Cat/ringworm16_jpg.rf.MGtwe1pjwnuwtHyQhJ6t.jpg,Cats/Ringworm in Cat/ringworm16_jpg.rf.VyyxVxdgcXyO90ScUnjL.jpg,0,0.999968243008094,0.0015042443992570043,False,False,hold_in_same_split_group_only; no automatic exclusion
Cats/Ringworm in Cat/ringworm16_jpg.rf.R2DkwG9NQbDzgK7yYgHO.jpg,Cats/Ringworm in Cat/ringworm16_jpg.rf.VyyxVxdgcXyO90ScUnjL.jpg,0,0.9996287923443279,0.0051751877181231976,False,False,hold_in_same_split_group_only; no automatic exclusion
Cats/Ringworm in Cat/ringworm1_jpeg_jpg.rf.O5MPaZvrPQEOGfRqqgyb.jpg,Cats/Ringworm in Cat/ringworm1_jpeg_jpg.rf.cpSQeGo8a5IorguOnC0k.jpg,0,0.9995834298519645,0.0043626995757222176,False,False,hold_in_same_split_group_only; no automatic exclusion
Cats/Ringworm in Cat/ringworm28_jpg.rf.FXegzYWdN1l76QFuG3Fq.jpg,Cats/Ringworm in Cat/ringworm28_jpg.rf.hV0mPPV3fVjbx8RwoWbA.jpg,0,0.999986355080304,0.00125973392277956,False,False,hold_in_same_split_group_only; no automatic exclusion
Cats/Ringworm in Cat/ringworm28_jpg.rf.FXegzYWdN1l76QFuG3Fq.jpg,Cats/Ringworm in Cat/ringworm28_jpg.rf.pYu0CpyYGyVvd3N9MaUy.jpg,0,0.9996921307770255,0.006003651302307844,False,False,hold_in_same_split_group_only; no automatic exclusion
Cats/Ringworm in Cat/ringworm28_jpg.rf.hV0mPPV3fVjbx8RwoWbA.jpg,Cats/Ringworm in Cat/ringworm28_jpg.rf.pYu0CpyYGyVvd3N9MaUy.jpg,0,0.9996927464218274,0.005994889419525862,False,False,hold_in_same_split_group_only; no automatic exclusion
Cats/Ringworm in Cat/ringworm29_jpg.rf.VTsDWW9hdPxAaCI0TAnp.jpg,Cats/Ringworm in Cat/ringworm29_jpg.rf.c0CsVkQ6qqf4tFh6BWfq.jpg,0,0.9999877016641286,0.0012172928545624018,False,False,hold_in_same_split_group_only; no automatic exclusion
Cats/Ringworm in Cat/ringworm35_jpg.rf.ANIYKkHqe4kiGLjm5iRS.jpg,Cats/Ringworm in Cat/ringworm35_jpg.rf.ImNg8ZTN50hxL74OTr0M.jpg,0,0.9999916553151842,0.0011097287060692906,False,False,hold_in_same_split_group_only; no automatic exclusion
Cats/Ringworm in Cat/ringworm35_jpg.rf.ANIYKkHqe4kiGLjm5iRS.jpg,Cats/Ringworm in Cat/ringworm35_jpg.rf.yQ9dLpstEfLZa1ZY3PDM.jpg,2,0.9997749538547838,0.0058976514264941216,False,False,hold_in_same_split_group_only; no automatic exclusion
Cats/Ringworm in Cat/ringworm35_jpg.rf.ImNg8ZTN50hxL74OTr0M.jpg,Cats/Ringworm in Cat/ringworm35_jpg.rf.yQ9dLpstEfLZa1ZY3PDM.jpg,2,0.9997771164861607,0.005872983951121569,False,False,hold_in_same_split_group_only; no automatic exclusion
Cats/Ringworm in Cat/ringworm3_jpg.rf.BBKJ0woXRc84oLDfGEnY.jpg,Cats/Ringworm in Cat/ringworm3_jpg.rf.uWLiIC80o5werjk5Rtng.jpg,0,0.9999771116776025,0.0014465630520135164,False,False,hold_in_same_split_group_only; no automatic exclusion
Cats/Ringworm in Cat/ringworm40_jpg.rf.7tki5reli7w8d9TIxXDf.jpg,Cats/Ringworm in Cat/ringworm40_jpg.rf.mvuSj7AK0VjZwBzm34n1.jpg,0,0.9997239254911147,0.006621806416660547,False,False,hold_in_same_split_group_only; no automatic exclusion
Cats/Ringworm in Cat/ringworm43_png_jpg.rf.ovpCrOKuA8CQzqeOIwry.jpg,Cats/Ringworm in Cat/ringworm43_png_jpg.rf.sTZN6ScGa2TSQsmNPFsj.jpg,0,0.9994987142322327,0.008570550009608269,False,False,hold_in_same_split_group_only; no automatic exclusion
Cats/Ringworm in Cat/ringworm46_png_jpg.rf.7nrkcMtkaRrPQsEU2pm6.jpg,Cats/Ringworm in Cat/ringworm46_png_jpg.rf.MdTChN2Pf3iCm8y5oJwi.jpg,0,0.9998484415756156,0.005001041106879711,False,False,hold_in_same_split_group_only; no automatic exclusion
Cats/Ringworm in Cat/ringworm47_png.rf.E8EykCPmFQGOe6iHzx93.png,Cats/Ringworm in Cat/ringworm47_png_jpg.rf.PcaPQ5eNj0npREGyncoT.jpg,2,0.9995728480562309,0.0069371117278933525,False,False,hold_in_same_split_group_only; no automatic exclusion
Cats/Ringworm in Cat/ringworm47_png.rf.E8EykCPmFQGOe6iHzx93.png,Cats/Ringworm in Cat/ringworm47_png_jpg.rf.i9q50y05hX8OUMvbyvoU.jpg,0,0.9999575955488149,0.002214941428974271,False,False,hold_in_same_split_group_only; no automatic exclusion
Cats/Ringworm in Cat/ringworm47_png_jpg.rf.PcaPQ5eNj0npREGyncoT.jpg,Cats/Ringworm in Cat/ringworm47_png_jpg.rf.i9q50y05hX8OUMvbyvoU.jpg,2,0.9995867703430903,0.00679346127435565,False,False,hold_in_same_split_group_only; no automatic exclusion
Cats/Ringworm in Cat/ringworm49_png_jpg.rf.CxBhv0Ms1xTNEaLuVy65.jpg,Cats/Ringworm in Cat/ringworm49_png_jpg.rf.JvBHFtPlVKD9hse9dJdN.jpg,0,0.9994674414092971,0.008034207858145237,False,False,hold_in_same_split_group_only; no automatic exclusion
Cats/Ringworm in Cat/ringworm6_jpg.rf.WM9FfsxstG5jjMN9JGWU.jpg,Cats/Ringworm in Cat/ringworm6_jpg.rf.gPB9QNJ8mq68ObWgPbkm.jpg,0,0.9990421784962539,0.006720113102346659,False,False,hold_in_same_split_group_only; no automatic exclusion
Cats/Ringworm in Cat/ringworm8_jpg.rf.iSmLRxybE4u6fR7nWnoL.jpg,Cats/Ringworm in Cat/ringworm8_jpg.rf.jmKCReBJE0q8DMQh9gVv.jpg,0,0.9999730998110613,0.0014168418711051345,False,False,hold_in_same_split_group_only; no automatic exclusion
Cats/Ringworm in Cat/ringworm9_jpg.rf.UtQdgzZTba8XV4f2swu9.jpg,Cats/Ringworm in Cat/ringworm9_jpg.rf.WMvDmMTkmCINSh9psyQJ.jpg,0,0.9996490342213483,0.0055441297590732574,False,False,hold_in_same_split_group_only; no automatic exclusion
Cats/Scabies in Cat/Image_1.jpg,Cats/Scabies in Cat/scabies_0209_jpg.rf.TSFJTNN5jEHqBm5EppMj.jpg,0,0.999619239099174,0.006005318835377693,False,False,hold_in_same_split_group_only; no automatic exclusion
Cats/Scabies in Cat/Image_1.jpg,Cats/Scabies in Cat/scabies_0210_jpg.rf.GtVtiUyTAu2z8U5k7XNW.jpg,0,0.9995415244622013,0.006586178671568632,False,False,hold_in_same_split_group_only; no automatic exclusion
Cats/Scabies in Cat/Image_10.jpg,Cats/Scabies in Cat/scabies_0098_jpg.rf.oYVqOVTrfsS45LTXwscl.jpg,2,0.9996844996568615,0.005036451853811741,False,False,hold_in_same_split_group_only; no automatic exclusion
Cats/Scabies in Cat/Image_11.jpg,Cats/Scabies in Cat/Image_2.jpg,0,0.9998308761044729,0.004235778469592333,False,False,hold_in_same_split_group_only; no automatic exclusion
Cats/Scabies in Cat/Image_11.jpg,Cats/Scabies in Cat/Image_85.jpeg,0,0.9998242944347577,0.004280453082174063,False,False,hold_in_same_split_group_only; no automatic exclusion
Cats/Scabies in Cat/Image_12.gif,Cats/Scabies in Cat/scabies_0201_jpg.rf.UpLRLvDwjhzygqMY66U1.jpg,0,0.9997272724400521,0.0074731456115841866,False,False,hold_in_same_split_group_only; no automatic exclusion
Cats/Scabies in Cat/Image_14.jpg,Cats/Scabies in Cat/Image_45.jpg,0,0.9999747375851878,0.0025530229322612286,False,False,hold_in_same_split_group_only; no automatic exclusion
Cats/Scabies in Cat/Image_17.jpg,Cats/Scabies in Cat/Image_8.jpg,0,1.0,0.0,False,True,hold_in_same_split_group_only; no automatic exclusion
Cats/Scabies in Cat/Image_19.jpg,Cats/Scabies in Cat/Image_7.jpg,0,0.9999221733834677,0.0023615211248397827,False,False,hold_in_same_split_group_only; no automatic exclusion
Cats/Scabies in Cat/Image_19.jpg,Cats/Scabies in Cat/Image_73.jpg,0,0.9999417424099329,0.0020494163036346436,False,False,hold_in_same_split_group_only; no automatic exclusion
Cats/Scabies in Cat/Image_2.jpg,Cats/Scabies in Cat/Image_85.jpeg,0,0.9999665811552853,0.0016951382858678699,False,False,hold_in_same_split_group_only; no automatic exclusion
Cats/Scabies in Cat/Image_22.jpg,Cats/Scabies in Cat/Image_57.jpg,0,0.9999532097160375,0.0016578123904764652,False,False,hold_in_same_split_group_only; no automatic exclusion
Cats/Scabies in Cat/Image_23.jpg,Cats/Scabies in Cat/Image_96.jpg,2,0.9996172509830283,0.0063984207808971405,False,False,hold_in_same_split_group_only; no automatic exclusion
Cats/Scabies in Cat/Image_23.jpg,Cats/Scabies in Cat/Image_98.jpg,0,0.999962123247303,0.0019402520265430212,False,False,hold_in_same_split_group_only; no automatic exclusion
Cats/Scabies in Cat/Image_24.jpg,Cats/Scabies in Cat/Image_3.jpg,0,0.9992082787071961,0.01152199786156416,False,False,hold_in_same_split_group_only; no automatic exclusion
Cats/Scabies in Cat/Image_44.jpg,Cats/Scabies in Cat/Image_47.jpg,0,1.0,0.0,False,True,hold_in_same_split_group_only; no automatic exclusion
Cats/Scabies in Cat/Image_46.jpg,Cats/Scabies in Cat/Image_50.jpg,0,0.9999999999999998,0.0,False,True,hold_in_same_split_group_only; no automatic exclusion
Cats/Scabies in Cat/Image_48.jpg,Cats/Scabies in Cat/Image_67.jpg,0,0.999936240215575,0.0014291548868641257,False,False,hold_in_same_split_group_only; no automatic exclusion
Cats/Scabies in Cat/Image_48.jpg,Cats/Scabies in Cat/Image_94.jpg,0,0.9998799708371763,0.0025540029164403677,False,False,hold_in_same_split_group_only; no automatic exclusion
Cats/Scabies in Cat/Image_67.jpg,Cats/Scabies in Cat/Image_94.jpg,0,0.9998841720738287,0.002394153270870447,False,False,hold_in_same_split_group_only; no automatic exclusion
Cats/Scabies in Cat/Image_7.jpg,Cats/Scabies in Cat/Image_73.jpg,0,0.9998906948084831,0.002800810383632779,False,False,hold_in_same_split_group_only; no automatic exclusion
Cats/Scabies in Cat/Image_96.jpg,Cats/Scabies in Cat/Image_98.jpg,2,0.9996148268192989,0.006664383225142956,False,False,hold_in_same_split_group_only; no automatic exclusion
Cats/Scabies in Cat/scabies_0001_jpg.rf.nMDb2SmJJwz9UfkuKfPI.jpg,Cats/Scabies in Cat/scabies_0002_jpg.rf.4Q5UkLgdYRRaTxtsmRIK.jpg,0,0.9998909078171742,0.002534326398745179,False,False,hold_in_same_split_group_only; no automatic exclusion
Cats/Scabies in Cat/scabies_0006_jpg.rf.vxJrhLuP5HvHfH7d8Xwd.jpg,Cats/Scabies in Cat/scabies_0007_jpg.rf.T5tUAjO8ugvxYgF3waAP.jpg,0,0.9998884864503046,0.0033456855453550816,False,False,hold_in_same_split_group_only; no automatic exclusion
Cats/Scabies in Cat/scabies_0008_jpg.rf.DhSxoJZWgmqTTlSpaFLH.jpg,Cats/Scabies in Cat/scabies_0009_jpg.rf.u7MHGhExEZgoUstFD96b.jpg,0,0.9999708281204691,0.0013312232913449407,False,False,hold_in_same_split_group_only; no automatic exclusion
Cats/Scabies in Cat/scabies_0011_jpg.rf.TX2NRTPmhfnwcTDANjPW.jpg,Cats/Scabies in Cat/scabies_0012_jpg.rf.sKePcvB8Bp74vWkqmkAr.jpg,0,0.9999150552307722,0.0029215372633188963,False,False,hold_in_same_split_group_only; no automatic exclusion
Cats/Scabies in Cat/scabies_0015_jpg.rf.fi9Z2x48ot2cVTuMq9zR.jpg,Cats/Scabies in Cat/scabies_0016_jpg.rf.IuckkrvuvYSjPUBtexUc.jpg,0,0.9998811097547615,0.003189415205270052,False,False,hold_in_same_split_group_only; no automatic exclusion
Cats/Scabies in Cat/scabies_0017_jpg.rf.MVmNl2uQ6csAxozs86DB.jpg,Cats/Scabies in Cat/scabies_0018_jpg.rf.j7Sjf22o4yMFdMhw6Dhg.jpg,0,0.9999021561461492,0.0026350414846092463,False,False,hold_in_same_split_group_only; no automatic exclusion
Cats/Scabies in Cat/scabies_0020_jpg.rf.lsa8kFsGXLTvTB6zuDEg.jpg,Cats/Scabies in Cat/scabies_0021_jpg.rf.QqtKGXj6rebitrev65bb.jpg,0,0.9998155909722245,0.003399861278012395,False,False,hold_in_same_split_group_only; no automatic exclusion
Cats/Scabies in Cat/scabies_0022_jpg.rf.Z8fhioypeZ4PHMpFTHTr.jpg,Cats/Scabies in Cat/scabies_0023_jpg.rf.bpwR1lFpC4Nk5evnw6Qn.jpg,0,0.9999502256431853,0.0017069104360416532,False,False,hold_in_same_split_group_only; no automatic exclusion
Cats/Scabies in Cat/scabies_0029_jpg.rf.9Av8oqVBfvt8WxazQL6K.jpg,Cats/Scabies in Cat/scabies_0030_jpg.rf.JQYBDy0b8zKH0XJPlUFX.jpg,0,0.9999890200436852,0.0013084654929116368,False,False,hold_in_same_split_group_only; no automatic exclusion
Cats/Scabies in Cat/scabies_0033_jpg.rf.O5xfUk7DfnQIambDjtCu.jpg,Cats/Scabies in Cat/scabies_0034_jpg.rf.ZBl0ab84DtVSCyrUMSH7.jpg,0,0.9999963611313197,0.0008490445325151086,False,False,hold_in_same_split_group_only; no automatic exclusion
Cats/Scabies in Cat/scabies_0040_jpg.rf.uE9pYJKCu7lcGpMHb5rL.jpg,Cats/Scabies in Cat/scabies_0041_jpg.rf.jmuQy5znYIiPs2dn5s8t.jpg,0,0.9999501374084583,0.0010730331996455789,False,False,hold_in_same_split_group_only; no automatic exclusion
Cats/Scabies in Cat/scabies_0043_jpg.rf.ohzg1KX8NmnqDmhaebuD.jpg,Cats/Scabies in Cat/scabies_0044_jpg.rf.CCcEfWSPl6my0dA6exzD.jpg,0,0.9999543781891472,0.0010031069396063685,False,False,hold_in_same_split_group_only; no automatic exclusion
Cats/Scabies in Cat/scabies_0046_jpg.rf.g45WHvFjLqofurBDhF55.jpg,Cats/Scabies in Cat/scabies_0047_jpg.rf.Ggr2kYKgqOETjzKz1ATQ.jpg,0,0.9999532765875614,0.000946620071772486,False,False,hold_in_same_split_group_only; no automatic exclusion
Cats/Scabies in Cat/scabies_0049_jpg.rf.s5FmZWUE5WfnadyHjbzu.jpg,Cats/Scabies in Cat/scabies_0050_jpg.rf.VwGNdKIiRaqPEMrFSQD5.jpg,0,0.99998979976799,0.0009306197171099484,False,False,hold_in_same_split_group_only; no automatic exclusion
Cats/Scabies in Cat/scabies_0059_jpg.rf.p81tjPOtSuK9T1QPtcla.jpg,Cats/Scabies in Cat/scabies_0060_jpg.rf.qmDt3cSBkuplwxgdlGTq.jpg,0,0.9999965975746437,0.0005388442077673972,False,False,hold_in_same_split_group_only; no automatic exclusion
Cats/Scabies in Cat/scabies_0062_jpg.rf.1kFiBtKE9XPVsDg5qJ9B.jpg,Cats/Scabies in Cat/scabies_0063_jpg.rf.0s5WXiBNMbbvePc7kEMD.jpg,0,0.9999966919987605,0.0005704346694983542,False,False,hold_in_same_split_group_only; no automatic exclusion
Cats/Scabies in Cat/scabies_0064_jpg.rf.AIWbE2UUQmPcxgr0eA2r.jpg,Cats/Scabies in Cat/scabies_0066_jpg.rf.izcEXz8ya0JPZwdfoLXa.jpg,0,0.9999941746204153,0.0006637286278419197,False,False,hold_in_same_split_group_only; no automatic exclusion
Cats/Scabies in Cat/scabies_0065_jpg.rf.STlPhXJlJ2HN3tWuwsIu.jpg,Cats/Scabies in Cat/scabies_0069_jpg.rf.gzVyZRA5gpTqn0w01Uem.jpg,0,0.999996755476935,0.0006127451197244227,False,False,hold_in_same_split_group_only; no automatic exclusion
Cats/Scabies in Cat/scabies_0072_jpg.rf.BRp4MAR0IPSMa5L46Rht.jpg,Cats/Scabies in Cat/scabies_0073_jpg.rf.sq3pqKgscC99Q4lfhaVl.jpg,0,0.9999971826477824,0.0005247235530987382,False,False,hold_in_same_split_group_only; no automatic exclusion
Cats/Scabies in Cat/scabies_0075_jpg.rf.Pwgxl1mKfY7kTvGQlzow.jpg,Cats/Scabies in Cat/scabies_0076_jpg.rf.ZvTd6dB5eJT4HovW5pd7.jpg,0,0.999996345450754,0.0004952759481966496,False,False,hold_in_same_split_group_only; no automatic exclusion
Cats/Scabies in Cat/scabies_0078_jpg.rf.d3QewgawuElsV7FjzS8G.jpg,Cats/Scabies in Cat/scabies_0079_jpg.rf.QUou0hY53ieKioGBGM4s.jpg,0,0.999998575385091,0.0004245222662575543,False,False,hold_in_same_split_group_only; no automatic exclusion
Cats/Scabies in Cat/scabies_0081_jpg.rf.VwZvv0tBeiyhSF43dVeE.jpg,Cats/Scabies in Cat/scabies_0082_jpg.rf.N3Mt3PHesCfnAb3uiwb5.jpg,0,0.999997481950802,0.0005748060066252947,False,False,hold_in_same_split_group_only; no automatic exclusion
Cats/Scabies in Cat/scabies_0083_jpg.rf.aNWMFIrZWeXLx5RYMYRe.jpg,Cats/Scabies in Cat/scabies_0084_jpg.rf.mhPUaBSfiw0QlkUoVjgm.jpg,0,0.9999973005712247,0.0005660297465510666,False,False,hold_in_same_split_group_only; no automatic exclusion
Cats/Scabies in Cat/scabies_0085_jpg.rf.G6GhStD1wMYJtGa2TNkf.jpg,Cats/Scabies in Cat/scabies_0086_jpg.rf.YCSGSa38NfMJNvC94p40.jpg,0,0.9999976492639885,0.0005748058902099729,False,False,hold_in_same_split_group_only; no automatic exclusion
Cats/Scabies in Cat/scabies_0094_jpg.rf.pNCRI4TO0VnTcx86dBG1.jpg,Cats/Scabies in Cat/scabies_0095_jpg.rf.uTZYu4jeZ20QJzSWRvoQ.jpg,0,0.9999949357744605,0.0005247236113063991,False,False,hold_in_same_split_group_only; no automatic exclusion
Cats/Scabies in Cat/scabies_0096_jpg.rf.ApOB3dEVrrjvU34XjyqX.jpg,Cats/Scabies in Cat/scabies_0097_jpg.rf.kwnTqx3E4O6jopkPVdo7.jpg,0,0.9999964634680754,0.0004850630648434162,False,False,hold_in_same_split_group_only; no automatic exclusion
Cats/Scabies in Cat/scabies_0103_jpg.rf.58v9Zryu2s5sfKbNJKNa.jpg,Cats/Scabies in Cat/scabies_0104_jpg.rf.tdZIFTmfXHUFMyDNzsNp.jpg,0,0.9999979720910117,0.0004798750451300293,False,False,hold_in_same_split_group_only; no automatic exclusion
Cats/Scabies in Cat/scabies_0105_jpg.rf.qTuTTxAmUKpZoAvV1LIq.jpg,Cats/Scabies in Cat/scabies_0106_jpg.rf.jpFG2Cvkb9Ell2u03Po3.jpg,0,0.9999978742145273,0.0004850630648434162,False,False,hold_in_same_split_group_only; no automatic exclusion
Cats/Scabies in Cat/scabies_0109_jpg.rf.kQVxIN8ftzbInzfCbGBD.jpg,Cats/Scabies in Cat/scabies_0111_jpg.rf.itFXJBJCF7E2kfdcysDJ.jpg,0,0.9999971557779911,0.0005526040913537145,False,False,hold_in_same_split_group_only; no automatic exclusion
Cats/Scabies in Cat/scabies_0125_jpg.rf.xmIzlRvkKzSXCJS2jEY3.jpg,Cats/Scabies in Cat/scabies_0126_jpg.rf.Gy5FD1iRJOyNE120Ro1m.jpg,0,0.9999989400066548,0.0004245222662575543,False,False,hold_in_same_split_group_only; no automatic exclusion
Cats/Scabies in Cat/scabies_0127_jpg.rf.96lhiy5jEAml1spczbq7.jpg,Cats/Scabies in Cat/scabies_0128_jpg.rf.LgZHeq98B7L5PDoolMuY.jpg,0,0.9999984576624702,0.0004746303893625736,False,False,hold_in_same_split_group_only; no automatic exclusion
Cats/Scabies in Cat/scabies_0131_jpg.rf.sNInGMNe9xXqPjPW4Hr4.jpg,Cats/Scabies in Cat/scabies_0133_jpg.rf.CeAGz7BF33LnRb8926gH.jpg,0,0.9999952204304443,0.0005052826018072665,False,False,hold_in_same_split_group_only; no automatic exclusion
Cats/Scabies in Cat/scabies_0132_jpg.rf.Lz2TwrxF4ocFuoH9036L.jpg,Cats/Scabies in Cat/scabies_0134_jpg.rf.NOJXaOwiWRqOeoDSQNBb.jpg,0,0.9999956444389808,0.0004901960492134094,False,False,hold_in_same_split_group_only; no automatic exclusion
Cats/Scabies in Cat/scabies_0135_jpg.rf.xIWzl1rSraGDL4pblqUF.jpg,Cats/Scabies in Cat/scabies_0137_jpg.rf.RwteHbNULLZ5sc5GXkyX.jpg,0,0.9999964857012325,0.0004585365823004395,False,False,hold_in_same_split_group_only; no automatic exclusion
Cats/Scabies in Cat/scabies_0136_jpg.rf.yQE5iT7zXVt4gn2mQk65.jpg,Cats/Scabies in Cat/scabies_0138_jpg.rf.F089jUJt3ykAmSNeSEZD.jpg,0,0.9999961932644817,0.0004746303311549127,False,False,hold_in_same_split_group_only; no automatic exclusion
Cats/Scabies in Cat/scabies_0139_jpg.rf.t11Mk1m8yhd9bZZ6BVCh.jpg,Cats/Scabies in Cat/scabies_0140_jpg.rf.6QVH7KrY1dawWKkBLJ93.jpg,0,0.9999957508845754,0.0005247234948910773,False,False,hold_in_same_split_group_only; no automatic exclusion
Cats/Scabies in Cat/scabies_0141_jpg.rf.ddfZocWZhwQ6I6B2LslY.jpg,Cats/Scabies in Cat/scabies_0142_jpg.rf.Nb3NJkTnAeBQT8SzSFZc.jpg,0,0.9999974373338286,0.00042452235356904566,False,False,hold_in_same_split_group_only; no automatic exclusion
Cats/Scabies in Cat/scabies_0143_jpg.rf.ooeHtn1vRzYndNpIoKVc.jpg,Cats/Scabies in Cat/scabies_0144_jpg.rf.6HDO5MbRjvrw3k4yMfUf.jpg,0,0.9999996521463144,0.000274027930572629,False,False,hold_in_same_split_group_only; no automatic exclusion
Cats/Scabies in Cat/scabies_0145_jpg.rf.nhAMTErvwT6SwxWMxJaP.jpg,Cats/Scabies in Cat/scabies_0146_jpg.rf.i958rX1sjxt1aKXQ9YVH.jpg,0,0.9999961041539133,0.0005480559193529189,False,False,hold_in_same_split_group_only; no automatic exclusion
Cats/Scabies in Cat/scabies_0148_jpg.rf.npoOfvLOgWfCs9F5njlO.jpg,Cats/Scabies in Cat/scabies_0149_jpg.rf.6zXN5sWwks1t0QDwhAkt.jpg,0,0.9999937791802461,0.0005660296301357448,False,False,hold_in_same_split_group_only; no automatic exclusion
Cats/Scabies in Cat/scabies_0154_jpg.rf.BU9V3laxqfqsO47WMW75.jpg,Cats/Scabies in Cat/scabies_0156_jpg.rf.txbc9OYIjyqJV8wt2Zpq.jpg,0,0.9999945907553625,0.0005919680115766823,False,False,hold_in_same_split_group_only; no automatic exclusion
Cats/Scabies in Cat/scabies_0157_jpg.rf.SdEyu3OOMda0kUzW1jdK.jpg,Cats/Scabies in Cat/scabies_0158_jpg.rf.bp5JXovou9WjObrANV3V.jpg,0,0.9999990437553283,0.00038753406261093915,False,False,hold_in_same_split_group_only; no automatic exclusion
Cats/Scabies in Cat/scabies_0159_jpg.rf.AdsKg6cpirWP6jRrSpTz.jpg,Cats/Scabies in Cat/scabies_0160_jpg.rf.xsVznHMqhcz0t8VGzllk.jpg,0,0.9999983501854132,0.0004361551546026021,False,False,hold_in_same_split_group_only; no automatic exclusion
Cats/Scabies in Cat/scabies_0161_jpg.rf.Q3TN0tbyud2jCLRSZFnR.jpg,Cats/Scabies in Cat/scabies_0162_jpg.rf.zdrn4AWhJRQmwURGIA4V.jpg,0,0.9999965326468114,0.0004798749869223684,False,False,hold_in_same_split_group_only; no automatic exclusion
Cats/Scabies in Cat/scabies_0163_jpg.rf.UTfVPNemH2tpi57jl5Og.jpg,Cats/Scabies in Cat/scabies_0164_jpg.rf.xHg3mH2MDU8der3I1GFF.jpg,0,0.9999984186234692,0.0004585364367812872,False,False,hold_in_same_split_group_only; no automatic exclusion
Cats/Scabies in Cat/scabies_0165_jpg.rf.Ug2B5uTr3FRx2zBe1Wm6.jpg,Cats/Scabies in Cat/scabies_0166_jpg.rf.gnIveLt2Nm3iJ8PiBYdL.jpg,0,0.9999963574567229,0.0005199314327910542,False,False,hold_in_same_split_group_only; no automatic exclusion
Cats/Scabies in Cat/scabies_0167_jpg.rf.YMFp9lFkROM93W3bK2lu.jpg,Cats/Scabies in Cat/scabies_0169_jpg.rf.61tZN17ClxrTGqnGNeWm.jpg,0,0.9999971821019932,0.0004901960492134094,False,False,hold_in_same_split_group_only; no automatic exclusion
Cats/Scabies in Cat/scabies_0170_jpg.rf.1IBHVp8IiOCttST7L337.jpg,Cats/Scabies in Cat/scabies_0171_jpg.rf.BzsxtA92ieHMXOWQLqna.jpg,0,0.999998892107522,0.0004064491076860577,False,False,hold_in_same_split_group_only; no automatic exclusion
Cats/Scabies in Cat/scabies_0172_jpg.rf.PwvGnC62GMy5VrCi13U8.jpg,Cats/Scabies in Cat/scabies_0173_jpg.rf.AJdOR8bEap8MTBlrLH2L.jpg,0,0.999996143383779,0.0006484684417955577,False,False,hold_in_same_split_group_only; no automatic exclusion
Cats/Scabies in Cat/scabies_0174_jpg.rf.AXso6mY6yyDnsQ8smgPq.jpg,Cats/Scabies in Cat/scabies_0175_jpg.rf.6mZVD96cKRk9rd3EesZZ.jpg,0,0.9999974563996723,0.0005150947836227715,False,False,hold_in_same_split_group_only; no automatic exclusion
Cats/Scabies in Cat/scabies_0180_jpg.rf.ajy1pCulxH1G5jiDshNk.jpg,Cats/Scabies in Cat/scabies_0181_jpg.rf.2YmRb4WhBVnJaovrX6CG.jpg,0,0.9999394183688549,0.0027900657150894403,False,False,hold_in_same_split_group_only; no automatic exclusion
Cats/Scabies in Cat/scabies_0183_jpg.rf.5R2Rv3EUEh0viZbTxuqB.jpg,Cats/Scabies in Cat/scabies_0184_jpg.rf.tUdmyE2krH4a6k4ODOFu.jpg,0,0.9999097059904627,0.0023572775535285473,False,False,hold_in_same_split_group_only; no automatic exclusion
Cats/Scabies in Cat/scabies_0185_jpg.rf.OMqr9MAMe7u40UmS2NJS.jpg,Cats/Scabies in Cat/scabies_0186_jpg.rf.NisIeE3fux001W5i5m8y.jpg,0,0.9998070220639366,0.0036812331527471542,False,False,hold_in_same_split_group_only; no automatic exclusion
Cats/Scabies in Cat/scabies_0188_jpg.rf.t4NN2IJrcTVHEi2m80Ey.jpg,Cats/Scabies in Cat/scabies_0189_jpg.rf.LHOzyH9jcnTrtYDS3aXv.jpg,0,0.9999524442506602,0.002241899259388447,False,False,hold_in_same_split_group_only; no automatic exclusion
Cats/Scabies in Cat/scabies_0191_jpg.rf.6RUFMfoXo0n5EuDovMgy.jpg,Cats/Scabies in Cat/scabies_0192_jpg.rf.Q7N89UeImxNNSz0w0x87.jpg,0,0.9998875381835934,0.002912956988438964,False,False,hold_in_same_split_group_only; no automatic exclusion
Cats/Scabies in Cat/scabies_0195_jpg.rf.dQ5LjHLMKGa1vicI08iv.jpg,Cats/Scabies in Cat/scabies_0196_jpg.rf.exkhSnou5rSUZ2pgfkc0.jpg,0,0.9999206288250762,0.002697934629395604,False,False,hold_in_same_split_group_only; no automatic exclusion
Cats/Scabies in Cat/scabies_0197_jpg.rf.dOafJ86egQK2RDzPa8Zs.jpg,Cats/Scabies in Cat/scabies_0198_jpg.rf.mEBjuSkI1iIzVxB6sYBE.jpg,0,0.9999613913387755,0.0022497009485960007,False,False,hold_in_same_split_group_only; no automatic exclusion
Cats/Scabies in Cat/scabies_0202_jpg.rf.M2Od7VjZjfpjkRS4bmr7.jpg,Cats/Scabies in Cat/scabies_0203_jpg.rf.z189EDW8588D8KiRXO8E.jpg,0,0.9998550448024969,0.0042646354995667934,False,False,hold_in_same_split_group_only; no automatic exclusion
Cats/Scabies in Cat/scabies_0204_jpg.rf.3D8rJ7xuei1KpEeuZ9Hx.jpg,Cats/Scabies in Cat/scabies_0205_jpg.rf.prIlRHsHgiKkWKoVnvjL.jpg,0,0.999790382308022,0.004760520998388529,False,False,hold_in_same_split_group_only; no automatic exclusion
Cats/Scabies in Cat/scabies_0209_jpg.rf.TSFJTNN5jEHqBm5EppMj.jpg,Cats/Scabies in Cat/scabies_0210_jpg.rf.GtVtiUyTAu2z8U5k7XNW.jpg,0,0.999790148276347,0.0044281878508627415,False,False,hold_in_same_split_group_only; no automatic exclusion
Dogs/Dental Disease in Dog/Image_11.png,Dogs/Dental Disease in Dog/Image_13.png,0,1.0,0.0,False,True,hold_in_same_split_group_only; no automatic exclusion
Dogs/Dental Disease in Dog/Image_11.png,Dogs/Dental Disease in Dog/Image_63.png,0,0.9999877456743754,0.0014569080667570233,False,False,hold_in_same_split_group_only; no automatic exclusion
Dogs/Dental Disease in Dog/Image_11.png,Dogs/Dental Disease in Dog/Image_77.png,0,0.9999873459705834,0.0014807656407356262,False,False,hold_in_same_split_group_only; no automatic exclusion
Dogs/Dental Disease in Dog/Image_12.png,Dogs/Dental Disease in Dog/Image_17.png,0,0.9999999999999999,0.0,False,True,hold_in_same_split_group_only; no automatic exclusion
Dogs/Dental Disease in Dog/Image_13.jpg,Dogs/Dental Disease in Dog/Image_14.jpg,0,1.0,0.0,False,True,hold_in_same_split_group_only; no automatic exclusion
Dogs/Dental Disease in Dog/Image_13.png,Dogs/Dental Disease in Dog/Image_63.png,0,0.9999877456743754,0.0014569080667570233,False,False,hold_in_same_split_group_only; no automatic exclusion
Dogs/Dental Disease in Dog/Image_13.png,Dogs/Dental Disease in Dog/Image_77.png,0,0.9999873459705834,0.0014807656407356262,False,False,hold_in_same_split_group_only; no automatic exclusion
Dogs/Dental Disease in Dog/Image_15.jpg,Dogs/Dental Disease in Dog/Image_40.jpg,0,0.9999999999999999,0.0,False,True,hold_in_same_split_group_only; no automatic exclusion
Dogs/Dental Disease in Dog/Image_20.webp,Dogs/Dental Disease in Dog/Image_37.webp,0,0.9999999999999998,0.0,False,True,hold_in_same_split_group_only; no automatic exclusion
Dogs/Dental Disease in Dog/Image_21.png,Dogs/Dental Disease in Dog/Image_39.png,0,1.0,0.0,False,True,hold_in_same_split_group_only; no automatic exclusion
Dogs/Dental Disease in Dog/Image_24.jpg,Dogs/Dental Disease in Dog/Image_39.jpg,0,1.0,0.0,False,True,hold_in_same_split_group_only; no automatic exclusion
Dogs/Dental Disease in Dog/Image_35.jpg,Dogs/Dental Disease in Dog/Image_43.jpg,0,0.999968005623301,0.002620754297822714,False,False,hold_in_same_split_group_only; no automatic exclusion
Dogs/Dental Disease in Dog/Image_4.jpg,Dogs/Dental Disease in Dog/Image_46.jpg,0,0.9999760708334549,0.0027393659111112356,False,False,hold_in_same_split_group_only; no automatic exclusion
Dogs/Dental Disease in Dog/Image_42.jpg,Dogs/Dental Disease in Dog/Image_45.jpg,0,1.0,0.0,False,True,hold_in_same_split_group_only; no automatic exclusion
Dogs/Dental Disease in Dog/Image_47.jpg,Dogs/Dental Disease in Dog/Image_8.jpg,0,1.0,0.0,False,True,hold_in_same_split_group_only; no automatic exclusion
Dogs/Dental Disease in Dog/Image_63.png,Dogs/Dental Disease in Dog/Image_77.png,0,0.9999872970495177,0.0014841423835605383,False,False,hold_in_same_split_group_only; no automatic exclusion
Dogs/Eye Infection in Dog/Image_10.jpg,Dogs/Eye Infection in Dog/Image_52.jpg,0,0.9999706175370197,0.0022329494822770357,False,False,hold_in_same_split_group_only; no automatic exclusion
Dogs/Eye Infection in Dog/Image_14.jpg,Dogs/Eye Infection in Dog/Image_55.jpg,0,0.9984135269695534,0.008452625945210457,False,False,hold_in_same_split_group_only; no automatic exclusion
Dogs/Eye Infection in Dog/Image_18.png,Dogs/Eye Infection in Dog/Image_33.png,0,1.0,0.0,False,True,hold_in_same_split_group_only; no automatic exclusion
Dogs/Eye Infection in Dog/Image_4.jpg,Dogs/Eye Infection in Dog/Image_44.jpg,0,0.999917208017984,0.0019415417918935418,False,False,hold_in_same_split_group_only; no automatic exclusion
Dogs/Eye Infection in Dog/Image_68.jpg,Dogs/Eye Infection in Dog/cornealulcer_003_jpg.rf.TPB6Fd0xFJAtLR0ISKN0.jpg,0,1.0,0.0,False,True,hold_in_same_split_group_only; no automatic exclusion
Dogs/Eye Infection in Dog/cataracts_030_jpg.rf.7e6p7mhtaC3LlgUQ2vcI.jpg,Dogs/Eye Infection in Dog/cataracts_040_webp.rf.g6XDn5VinssvhwBSs0fi.webp,0,0.9997704044364648,0.0046471781097352505,False,False,hold_in_same_split_group_only; no automatic exclusion
Dogs/Eye Infection in Dog/conjunctivitis_074_webp.rf.f5WCNe6GkksALeT1g7jI.webp,Dogs/Eye Infection in Dog/uveitis_047_webp.rf.GsHhV4aKB30MnZ10kGOf.webp,2,0.999599652826068,0.005516975186765194,False,False,hold_in_same_split_group_only; no automatic exclusion
Dogs/Eye Infection in Dog/cornealulcer_007_jpg.rf.5JCpC5DXld4knz2iStbt.jpg,Dogs/Eye Infection in Dog/cornealulcer_017_jpg.rf.GiryKVUq0phVjPNuYPvt.jpg,0,0.9999004329335491,0.003119588829576969,False,False,hold_in_same_split_group_only; no automatic exclusion
Dogs/Eye Infection in Dog/cornealulcer_033_webp.rf.cRpww5CsPmGbxmVApUrm.webp,Dogs/Eye Infection in Dog/cornealulcer_041_jpg.rf.wslqBuYXXUtFZk19Adfl.jpg,0,0.9997170965844819,0.004858364816755056,False,False,hold_in_same_split_group_only; no automatic exclusion
Dogs/Eye Infection in Dog/uveitis_011_webp.rf.uRrIp9z0wVamBU0oRTyS.webp,Dogs/Eye Infection in Dog/uveitis_040_jpg.rf.rDpkIuCjMvMaIojBSi3Z.jpg,0,0.9992561015214563,0.008002366870641708,False,False,hold_in_same_split_group_only; no automatic exclusion
Dogs/Eye Infection in Dog/uveitis_022_jpg.rf.ddhIEgfyzeB2hRNbgcIO.jpg,Dogs/Eye Infection in Dog/uveitis_029_jpg.rf.6qM41ePtAgQyISOjFcAA.jpg,0,0.9996547055366375,0.003474143799394369,False,False,hold_in_same_split_group_only; no automatic exclusion
Dogs/Flea Allergy in Dog/Image_14.webp,Dogs/Flea Allergy in Dog/Image_15.webp,0,1.0,0.0,False,True,hold_in_same_split_group_only; no automatic exclusion
Dogs/Flea Allergy in Dog/Image_15.jpeg,Dogs/Flea Allergy in Dog/Image_16.jpeg,0,1.0,0.0,False,True,hold_in_same_split_group_only; no automatic exclusion
Dogs/Flea Allergy in Dog/Image_40.png,Dogs/Flea Allergy in Dog/Image_41.png,0,1.0,0.0,False,True,hold_in_same_split_group_only; no automatic exclusion
Dogs/Flea Allergy in Dog/Image_51.jpg,Dogs/Flea Allergy in Dog/Image_8.jpg,0,1.0,0.0,False,True,hold_in_same_split_group_only; no automatic exclusion
Dogs/Flea Allergy in Dog/Image_53.jpg,Dogs/Flea Allergy in Dog/Image_92.jpg,0,0.9999507216410348,0.001468885107897222,False,False,hold_in_same_split_group_only; no automatic exclusion
Dogs/Flea Allergy in Dog/Image_60.jpg,Dogs/Fungal Infection in Dog/Image_73.jpg,0,0.9998732339743349,0.0029258178547024727,True,False,hold_in_same_split_group_only; no automatic exclusion
Dogs/Fungal Infection in Dog/Image_10.jpg,Dogs/Fungal Infection in Dog/Image_87.png,0,1.0,0.0,False,True,hold_in_same_split_group_only; no automatic exclusion
Dogs/Fungal Infection in Dog/Image_10.png,Dogs/Fungal Infection in Dog/Image_9.png,0,1.0,0.0,False,True,hold_in_same_split_group_only; no automatic exclusion
Dogs/Fungal Infection in Dog/Image_18.jpg,Dogs/Fungal Infection in Dog/Image_3.jpg,0,0.9995613631747942,0.004978467710316181,False,False,hold_in_same_split_group_only; no automatic exclusion
Dogs/Fungal Infection in Dog/Image_27.jpg,Dogs/Fungal Infection in Dog/Image_28.jpg,0,0.9999999999999999,0.0,False,True,hold_in_same_split_group_only; no automatic exclusion
Dogs/Fungal Infection in Dog/Image_28.png,Dogs/Fungal Infection in Dog/Image_29.png,0,1.0,0.0,False,True,hold_in_same_split_group_only; no automatic exclusion
Dogs/Fungal Infection in Dog/Image_4.webp,Dogs/Fungal Infection in Dog/Image_52.jpg,0,0.9999351699256921,0.002177329733967781,False,False,hold_in_same_split_group_only; no automatic exclusion
Dogs/Fungal Infection in Dog/Image_48.jpg,Dogs/Fungal Infection in Dog/Image_49.jpg,0,1.0,0.0,False,True,hold_in_same_split_group_only; no automatic exclusion
Dogs/Fungal Infection in Dog/Image_50.jpg,Dogs/Fungal Infection in Dog/Image_72.jpg,0,1.0,0.0,False,True,hold_in_same_split_group_only; no automatic exclusion
Dogs/Fungal Infection in Dog/Image_53.jpg,Dogs/Fungal Infection in Dog/Image_9.jpg,0,1.0,0.0,False,True,hold_in_same_split_group_only; no automatic exclusion
Dogs/Fungal Infection in Dog/Image_54.jpg,Dogs/Fungal Infection in Dog/Image_81.jpg,2,0.9986145267598675,0.00898265652358532,False,False,hold_in_same_split_group_only; no automatic exclusion
Dogs/Hot Spots in Dog/16_jpg.rf.cYa4Kc7AxwarxJMA1FrG.jpg,Dogs/Hot Spots in Dog/Image_54.jpg,0,0.9999999999999999,0.0,False,True,hold_in_same_split_group_only; no automatic exclusion
Dogs/Hot Spots in Dog/16_jpg.rf.cYa4Kc7AxwarxJMA1FrG.jpg,Dogs/Hot Spots in Dog/Image_9.jpg,0,0.9999723196377026,0.0013990640873089433,False,False,hold_in_same_split_group_only; no automatic exclusion
Dogs/Hot Spots in Dog/16_jpg.rf.cYa4Kc7AxwarxJMA1FrG.jpg,Dogs/Hot Spots in Dog/Image_9_jpg.rf.7CZrmX2K11l7pvH7f3C4.jpg,0,0.9999723196377026,0.0013990640873089433,False,False,hold_in_same_split_group_only; no automatic exclusion
Dogs/Hot Spots in Dog/25_jpg.rf.dYOBoZCUFyDsk1FTanDG.jpg,Dogs/Hot Spots in Dog/Image_97.jpg,0,1.0,0.0,False,True,hold_in_same_split_group_only; no automatic exclusion
Dogs/Hot Spots in Dog/32_jpeg.rf.RRHaOcTl4HggNiRfS5oz.jpeg,Dogs/Hot Spots in Dog/4c_jpg.rf.4DIQFvhaYDyvYScQasPi.jpg,0,0.9998449269039879,0.005187265574932098,False,False,hold_in_same_split_group_only; no automatic exclusion
Dogs/Hot Spots in Dog/Image_1.jpg,Dogs/Hot Spots in Dog/Image_1_jpg.rf.OytkwpABWY9oaidRsDQL.jpg,0,0.9999999999999998,0.0,False,True,hold_in_same_split_group_only; no automatic exclusion
Dogs/Hot Spots in Dog/Image_10.jpg,Dogs/Hot Spots in Dog/Image_10_jpg.rf.Y0aZqvJVACh1rkQyXvfr.jpg,0,1.0,0.0,False,True,hold_in_same_split_group_only; no automatic exclusion
Dogs/Hot Spots in Dog/Image_11.jpg,Dogs/Hot Spots in Dog/Image_11_jpg.rf.GWdt4JahHfqR5RcMyU8d.jpg,0,1.0,0.0,False,True,hold_in_same_split_group_only; no automatic exclusion
Dogs/Hot Spots in Dog/Image_12.jpg,Dogs/Hot Spots in Dog/Image_12_jpg.rf.8TbzSpXfanQL0fooHsIX.jpg,0,1.0,0.0,False,True,hold_in_same_split_group_only; no automatic exclusion
Dogs/Hot Spots in Dog/Image_12.jpg,Dogs/Hot Spots in Dog/Image_41.jpg,0,1.0,0.0,False,True,hold_in_same_split_group_only; no automatic exclusion
Dogs/Hot Spots in Dog/Image_12_jpg.rf.8TbzSpXfanQL0fooHsIX.jpg,Dogs/Hot Spots in Dog/Image_41.jpg,0,1.0,0.0,False,True,hold_in_same_split_group_only; no automatic exclusion
Dogs/Hot Spots in Dog/Image_14.jpg,Dogs/Hot Spots in Dog/Image_14_jpg.rf.s0jJ1lq2qhZOlpb0Lc2C.jpg,0,1.0,0.0,False,True,hold_in_same_split_group_only; no automatic exclusion
Dogs/Hot Spots in Dog/Image_16.jpg,Dogs/Hot Spots in Dog/Image_16_jpg.rf.4YiGCQ2G76mV5B1YtEZ4.jpg,0,0.9999999999999998,0.0,False,True,hold_in_same_split_group_only; no automatic exclusion
Dogs/Hot Spots in Dog/Image_19.jpg,Dogs/Hot Spots in Dog/Image_19_jpg.rf.tKYLU5YbnOgCJAYeGzQY.jpg,0,1.0,0.0,False,True,hold_in_same_split_group_only; no automatic exclusion
Dogs/Hot Spots in Dog/Image_2.jpeg,Dogs/Hot Spots in Dog/Image_2_jpeg.rf.ldV3Oa7mDIV4cYZZJ1qE.jpeg,0,1.0,0.0,False,True,hold_in_same_split_group_only; no automatic exclusion
Dogs/Hot Spots in Dog/Image_2.jpeg,Dogs/Hot Spots in Dog/Image_3.jpeg,0,1.0,0.0,False,True,hold_in_same_split_group_only; no automatic exclusion
Dogs/Hot Spots in Dog/Image_2.jpg,Dogs/Hot Spots in Dog/Image_2_jpg.rf.Y0g4SaE33ReVknZFoMb6.jpg,0,1.0,0.0,False,True,hold_in_same_split_group_only; no automatic exclusion
Dogs/Hot Spots in Dog/Image_2.jpg,Dogs/Hot Spots in Dog/Image_3.jpg,0,1.0,0.0,False,True,hold_in_same_split_group_only; no automatic exclusion
Dogs/Hot Spots in Dog/Image_22.jpg,Dogs/Hot Spots in Dog/Image_22_jpg.rf.GNkLccEk4IvIoHG4kC1w.jpg,0,0.9999999999999999,0.0,False,True,hold_in_same_split_group_only; no automatic exclusion
Dogs/Hot Spots in Dog/Image_23.jpg,Dogs/Hot Spots in Dog/Image_23_jpg.rf.jYT243An9LsrRK93tnHN.jpg,0,0.9999999999999999,0.0,False,True,hold_in_same_split_group_only; no automatic exclusion
Dogs/Hot Spots in Dog/Image_23.jpg,Dogs/Hot Spots in Dog/Image_24.jpg,0,0.9999999999999999,0.0,False,True,hold_in_same_split_group_only; no automatic exclusion
Dogs/Hot Spots in Dog/Image_23_jpg.rf.jYT243An9LsrRK93tnHN.jpg,Dogs/Hot Spots in Dog/Image_24.jpg,0,0.9999999999999999,0.0,False,True,hold_in_same_split_group_only; no automatic exclusion
Dogs/Hot Spots in Dog/Image_25.jpg,Dogs/Hot Spots in Dog/Image_25_jpg.rf.2aOJAw2TOAMpKH0ecCDy.jpg,0,1.0,0.0,False,True,hold_in_same_split_group_only; no automatic exclusion
Dogs/Hot Spots in Dog/Image_26.jpg,Dogs/Hot Spots in Dog/Image_26_jpg.rf.Y1kyqLWc0AgERYvYryJJ.jpg,0,1.0,0.0,False,True,hold_in_same_split_group_only; no automatic exclusion
Dogs/Hot Spots in Dog/Image_27.jpg,Dogs/Hot Spots in Dog/Image_27_jpg.rf.kHPAQMBCZRFe517pRqwY.jpg,0,1.0,0.0,False,True,hold_in_same_split_group_only; no automatic exclusion
Dogs/Hot Spots in Dog/Image_2_jpeg.rf.ldV3Oa7mDIV4cYZZJ1qE.jpeg,Dogs/Hot Spots in Dog/Image_3.jpeg,0,1.0,0.0,False,True,hold_in_same_split_group_only; no automatic exclusion
Dogs/Hot Spots in Dog/Image_2_jpg.rf.Y0g4SaE33ReVknZFoMb6.jpg,Dogs/Hot Spots in Dog/Image_3.jpg,0,1.0,0.0,False,True,hold_in_same_split_group_only; no automatic exclusion
Dogs/Hot Spots in Dog/Image_31.jpg,Dogs/Hot Spots in Dog/Image_31_jpg.rf.fJTht98urKlU9z1AJJou.jpg,0,1.0,0.0,False,True,hold_in_same_split_group_only; no automatic exclusion
Dogs/Hot Spots in Dog/Image_31.jpg,Dogs/Hot Spots in Dog/Image_37.jpg,0,0.9999852828576425,0.0011797001352533698,False,False,hold_in_same_split_group_only; no automatic exclusion
Dogs/Hot Spots in Dog/Image_31.jpg,Dogs/Hot Spots in Dog/Image_37_jpg.rf.azVOUrHGXbwXL7R4wxPG.jpg,0,0.9999852828576425,0.0011797001352533698,False,False,hold_in_same_split_group_only; no automatic exclusion
Dogs/Hot Spots in Dog/Image_31_jpg.rf.fJTht98urKlU9z1AJJou.jpg,Dogs/Hot Spots in Dog/Image_37.jpg,0,0.9999852828576425,0.0011797001352533698,False,False,hold_in_same_split_group_only; no automatic exclusion
Dogs/Hot Spots in Dog/Image_31_jpg.rf.fJTht98urKlU9z1AJJou.jpg,Dogs/Hot Spots in Dog/Image_37_jpg.rf.azVOUrHGXbwXL7R4wxPG.jpg,0,0.9999852828576425,0.0011797001352533698,False,False,hold_in_same_split_group_only; no automatic exclusion
Dogs/Hot Spots in Dog/Image_33.jpg,Dogs/Hot Spots in Dog/Image_33_jpg.rf.fLwvc5KMqxfC1OUqYwNu.jpg,0,0.9999999999999999,0.0,False,True,hold_in_same_split_group_only; no automatic exclusion
Dogs/Hot Spots in Dog/Image_36.jpg,Dogs/Hot Spots in Dog/Image_36_jpg.rf.jNQFoJa4qrwTgnKAAjFy.jpg,0,1.0,0.0,False,True,hold_in_same_split_group_only; no automatic exclusion
Dogs/Hot Spots in Dog/Image_37.jpg,Dogs/Hot Spots in Dog/Image_37_jpg.rf.azVOUrHGXbwXL7R4wxPG.jpg,0,1.0,0.0,False,True,hold_in_same_split_group_only; no automatic exclusion
Dogs/Hot Spots in Dog/Image_38.jpg,Dogs/Hot Spots in Dog/Image_38_jpg.rf.GzVWrfigh7AWQhzBUCxc.jpg,0,1.0,0.0,False,True,hold_in_same_split_group_only; no automatic exclusion
Dogs/Hot Spots in Dog/Image_39.jpg,Dogs/Hot Spots in Dog/Image_39_jpg.rf.84kZ4JsGeKGwdKe8FbRZ.jpg,0,1.0,0.0,False,True,hold_in_same_split_group_only; no automatic exclusion
Dogs/Hot Spots in Dog/Image_4.jpg,Dogs/Hot Spots in Dog/Image_4_jpg.rf.OaiQUz8IxY48imfT2fNA.jpg,0,1.0,0.0,False,True,hold_in_same_split_group_only; no automatic exclusion
Dogs/Hot Spots in Dog/Image_4.jpg,Dogs/Hot Spots in Dog/Image_5.jpg,0,1.0,0.0,False,True,hold_in_same_split_group_only; no automatic exclusion
Dogs/Hot Spots in Dog/Image_45.jpg,Dogs/Hot Spots in Dog/Image_45_jpg.rf.mDztZlvYJ4AqW0vr6z96.jpg,0,1.0,0.0,False,True,hold_in_same_split_group_only; no automatic exclusion
Dogs/Hot Spots in Dog/Image_45.jpg,Dogs/Hot Spots in Dog/Image_47.jpg,0,1.0,0.0,False,True,hold_in_same_split_group_only; no automatic exclusion
Dogs/Hot Spots in Dog/Image_45_jpg.rf.mDztZlvYJ4AqW0vr6z96.jpg,Dogs/Hot Spots in Dog/Image_47.jpg,0,1.0,0.0,False,True,hold_in_same_split_group_only; no automatic exclusion
Dogs/Hot Spots in Dog/Image_46.jpg,Dogs/Hot Spots in Dog/Image_46_jpg.rf.xRWZe4ZlerwR4B8cH4DD.jpg,0,1.0,0.0,False,True,hold_in_same_split_group_only; no automatic exclusion
Dogs/Hot Spots in Dog/Image_47.png,Dogs/Hot Spots in Dog/Image_47_png.rf.TaYjt58gev9vRpDxuEAo.png,0,1.0,0.0,False,True,hold_in_same_split_group_only; no automatic exclusion
Dogs/Hot Spots in Dog/Image_47.png,Dogs/Hot Spots in Dog/Image_49.png,0,1.0,0.0,False,True,hold_in_same_split_group_only; no automatic exclusion
Dogs/Hot Spots in Dog/Image_47_png.rf.TaYjt58gev9vRpDxuEAo.png,Dogs/Hot Spots in Dog/Image_49.png,0,1.0,0.0,False,True,hold_in_same_split_group_only; no automatic exclusion
Dogs/Hot Spots in Dog/Image_4_jpg.rf.OaiQUz8IxY48imfT2fNA.jpg,Dogs/Hot Spots in Dog/Image_5.jpg,0,1.0,0.0,False,True,hold_in_same_split_group_only; no automatic exclusion
Dogs/Hot Spots in Dog/Image_5.png,Dogs/Hot Spots in Dog/Image_5_png.rf.fxGqkC4ajzooqOzG4FRT.png,0,1.0,0.0,False,True,hold_in_same_split_group_only; no automatic exclusion
Dogs/Hot Spots in Dog/Image_5.png,Dogs/Hot Spots in Dog/Image_6.png,0,1.0,0.0,False,True,hold_in_same_split_group_only; no automatic exclusion
Dogs/Hot Spots in Dog/Image_50.jpg,Dogs/Hot Spots in Dog/Image_50_jpg.rf.YiOUrWGyPvqFMHqD9dkR.jpg,0,1.0,0.0,False,True,hold_in_same_split_group_only; no automatic exclusion
Dogs/Hot Spots in Dog/Image_51.jpg,Dogs/Hot Spots in Dog/Image_51_jpg.rf.NByd0FUlf2AJSJJgjZqs.jpg,0,1.0,0.0,False,True,hold_in_same_split_group_only; no automatic exclusion
Dogs/Hot Spots in Dog/Image_54.jpg,Dogs/Hot Spots in Dog/Image_9.jpg,0,0.9999723196377026,0.0013990640873089433,False,False,hold_in_same_split_group_only; no automatic exclusion
Dogs/Hot Spots in Dog/Image_54.jpg,Dogs/Hot Spots in Dog/Image_9_jpg.rf.7CZrmX2K11l7pvH7f3C4.jpg,0,0.9999723196377026,0.0013990640873089433,False,False,hold_in_same_split_group_only; no automatic exclusion
Dogs/Hot Spots in Dog/Image_55.jpg,Dogs/Hot Spots in Dog/Image_55_jpg.rf.758cW1gC1FnBBqQc55iB.jpg,0,0.9999999999999999,0.0,False,True,hold_in_same_split_group_only; no automatic exclusion
Dogs/Hot Spots in Dog/Image_58.jpg,Dogs/Hot Spots in Dog/Image_58_jpg.rf.E4yFwgGLhWHJOo8RiUlj.jpg,0,1.0,0.0,False,True,hold_in_same_split_group_only; no automatic exclusion
Dogs/Hot Spots in Dog/Image_59.jpg,Dogs/Hot Spots in Dog/Image_59_jpg.rf.sljRKMIBFxPgwsL27K59.jpg,0,0.9999999999999999,0.0,False,True,hold_in_same_split_group_only; no automatic exclusion
Dogs/Hot Spots in Dog/Image_5_png.rf.fxGqkC4ajzooqOzG4FRT.png,Dogs/Hot Spots in Dog/Image_6.png,0,1.0,0.0,False,True,hold_in_same_split_group_only; no automatic exclusion
Dogs/Hot Spots in Dog/Image_6.jpg,Dogs/Hot Spots in Dog/Image_6_jpg.rf.CrGZMJTLuUH3LQoO4a2Z.jpg,0,0.9999999999999999,0.0,False,True,hold_in_same_split_group_only; no automatic exclusion
Dogs/Hot Spots in Dog/Image_7.jpg,Dogs/Hot Spots in Dog/Image_7_jpg.rf.25fpT9tKGAzQn9btrbaq.jpg,0,1.0,0.0,False,True,hold_in_same_split_group_only; no automatic exclusion
Dogs/Hot Spots in Dog/Image_77.png,Dogs/Hot Spots in Dog/Image_77_png.rf.rpPTf6pmsHM7jiFbYQwL.png,0,1.0,0.0,False,True,hold_in_same_split_group_only; no automatic exclusion
Dogs/Hot Spots in Dog/Image_83.JPG,Dogs/Hot Spots in Dog/Image_83_JPG.rf.83kSt54Vv7sbE6KH6Mxp.JPG,0,1.0,0.0,False,True,hold_in_same_split_group_only; no automatic exclusion
Dogs/Hot Spots in Dog/Image_9.jpg,Dogs/Hot Spots in Dog/Image_9_jpg.rf.7CZrmX2K11l7pvH7f3C4.jpg,0,1.0,0.0,False,True,hold_in_same_split_group_only; no automatic exclusion
Dogs/Mange in Dog/2024-05-13-162359_jpg.rf.HPRAuijooHaPlcYWp2AZ.jpg,Dogs/Mange in Dog/2024-05-13-162429_jpg.rf.oOerAi7z1IwNo7ynVW0G.jpg,2,0.9989588062666869,0.009788591414690018,False,False,hold_in_same_split_group_only; no automatic exclusion
Dogs/Mange in Dog/IMG_5176_jpeg_jpg.rf.rom5U0cPoUQorEDBx9MA.jpg,Dogs/Mange in Dog/IMG_5179_jpeg_jpg.rf.Dfw4l6q0sKfqQcBsYdHw.jpg,2,0.9976245129542411,0.014731052331626415,False,False,hold_in_same_split_group_only; no automatic exclusion
Dogs/Mange in Dog/Image_13.jpg,Dogs/Mange in Dog/Image_88.jpg,0,0.999912089780275,0.00272378814406693,False,False,hold_in_same_split_group_only; no automatic exclusion
Dogs/Mange in Dog/Image_2.jpg,Dogs/Mange in Dog/Image_35.jpg,0,0.9999320665241584,0.0033806650899350643,False,False,hold_in_same_split_group_only; no automatic exclusion
Dogs/Mange in Dog/Image_22.jpg,Dogs/Mange in Dog/Image_22_jpg.rf.QJD41W3JuCfGchxJCcuF.jpg,0,0.9999544135454524,0.002146066166460514,False,False,hold_in_same_split_group_only; no automatic exclusion
Dogs/Mange in Dog/Image_22.jpg,Dogs/Mange in Dog/Image_33.jpg,0,1.0,0.0,False,True,hold_in_same_split_group_only; no automatic exclusion
Dogs/Mange in Dog/Image_22_jpg.rf.QJD41W3JuCfGchxJCcuF.jpg,Dogs/Mange in Dog/Image_33.jpg,0,0.9999544135454523,0.002146066166460514,False,False,hold_in_same_split_group_only; no automatic exclusion
Dogs/Mange in Dog/Image_23.jpg,Dogs/Mange in Dog/Image_23_jpg.rf.8FhOVQCsU8P09GS6PJV8.jpg,0,0.9999550327151608,0.0021704211831092834,False,False,hold_in_same_split_group_only; no automatic exclusion
Dogs/Mange in Dog/Image_24.jpg,Dogs/Mange in Dog/Image_65.jpg,0,0.9999314091578787,0.002631239127367735,False,False,hold_in_same_split_group_only; no automatic exclusion
Dogs/Mange in Dog/Image_38.jpg,Dogs/Mange in Dog/Image_4.jpg,0,0.9998496057365845,0.0025214541237801313,False,False,hold_in_same_split_group_only; no automatic exclusion
Dogs/Mange in Dog/Image_39.jpg,Dogs/Mange in Dog/Image_41.jpg,0,1.0,0.0,False,True,hold_in_same_split_group_only; no automatic exclusion
Dogs/Mange in Dog/Image_39.png,Dogs/Mange in Dog/Image_41.png,0,0.9999999999999999,0.0,False,True,hold_in_same_split_group_only; no automatic exclusion
Dogs/Mange in Dog/Image_46_jpg.rf.rAxGTqAogqYO8dzbILIo.jpg,Dogs/Mange in Dog/istockphoto-1130760732-612x612_jpg.rf.4I0niXheDL2C57eEHRnV.jpg,0,0.9998944416423434,0.004155839327722788,False,False,hold_in_same_split_group_only; no automatic exclusion
Dogs/Mange in Dog/mange-28-_jpg.rf.4SPm8w3uWQIXeW51DTdk.jpg,Dogs/Mange in Dog/mange-28-_jpg.rf.L36UgM5u8384IzH5dyOP.jpg,0,0.9999887031993369,0.0013990640873089433,False,False,hold_in_same_split_group_only; no automatic exclusion
Dogs/Mange in Dog/mange-58-_jpg.rf.0pNOIUmBCnyaE5CxkiKn.jpg,Dogs/Mange in Dog/mange-58-_jpg.rf.nFUMlaA2kEKVqCGBtI9q.jpg,2,0.9902829565545936,0.03748023882508278,False,False,hold_in_same_split_group_only; no automatic exclusion
Dogs/Mange in Dog/mange-60-_jpg.rf.TQ1ROFJC2y6Whengporr.jpg,Dogs/Mange in Dog/scabies-in-dogs_jpg.rf.dJkNu0RSlAwnt6E6soyG.jpg,2,0.999953447727273,0.0031499310862272978,False,False,hold_in_same_split_group_only; no automatic exclusion
