relative_path,label,class_name,group_id,byte_sha256,rgb_sha256,source_family,split
Cats/Dental Disease in Cat/10A_jpg.rf.DRkSCELcavXeWZQAFpbI.jpg,0,Cat - Dental Disease,split_group_8c4b58cdeac5d0779ec253c0,eaeca2fe0e6977e2f09443015de00f2cc938318b447ab856c1ff892db798d84a,c782e1042007c2ec76e429ba5032134c0becf49d1715c665725a0671eab09ff5,Cats/Dental Disease in Cat::10a,test
Cats/Dental Disease in Cat/10D_jpg.rf.TgPOSBEkaYIOtnYrdnXP.jpg,0,Cat - Dental Disease,split_group_8c4b58cdeac5d0779ec253c0,758be3b8eec2471053728280259ae9e7fbfb100680528085f03956efe0836163,ce36dfef67e1c6f25ca2c2d6dc5fb96d18d34213430f5aac4afd83faeb1b925c,Cats/Dental Disease in Cat::10d,test
Cats/Dental Disease in Cat/10I_jpg.rf.qEUrWSWhJn7VXbtxi0su.jpg,0,Cat - Dental Disease,split_group_8c4b58cdeac5d0779ec253c0,00beaa400ecfd15f176bb6de353fef86a23aa82725b818a3ab4c4a4e8a20ef49,c61206b132ece44308e7f1806afa83bf859800364dbb5d0288b1f8275063c502,Cats/Dental Disease in Cat::10i,test
Cats/Dental Disease in Cat/10_jpg.rf.Pq7Tqb8Fmd0ff5GOWoGR.jpg,0,Cat - Dental Disease,split_group_8c4b58cdeac5d0779ec253c0,6e4e57af5d47456255df3b5b422793e97089c66e577b1be61cc131adfe811580,99731691c51d3e67210652e746ff7586c3914435df468969eaf3ebb1251d14b9,Cats/Dental Disease in Cat::10,test
Cats/Dental Disease in Cat/11D_jpg.rf.6EZTL1QGMSSD8e6aVeow.jpg,0,Cat - Dental Disease,split_group_d8ff330c194c0b98159eede1,560df71abbeac8940dbc257d6f2017a38b3884dfb0019bc09037a0a8a5951d50,fc28dee70589092da46c730bc19c9cc347faa62a1828565804e1dbafa6df4270,Cats/Dental Disease in Cat::11d,train
Cats/Dental Disease in Cat/11I_jpg.rf.77EiMl6kt7LJ0gWLUQJm.jpg,0,Cat - Dental Disease,split_group_d8ff330c194c0b98159eede1,e176f577e704777ac480d740a3118e389293bbd563dea118db386a89cc080eab,33dbce5791ca1688eb447c45c5227e8bc5c43954aadfb00a24a97b4571682356,Cats/Dental Disease in Cat::11i,train
Cats/Dental Disease in Cat/11_jpg.rf.PXP1uJ3h9Xu75gna9ewo.jpg,0,Cat - Dental Disease,split_group_d8ff330c194c0b98159eede1,cc037f11a6520575f20095c08e3d5bdfb3eeab42b58704a43b7c7378bce0e557,a8bf839e5fdfc24f51b1c20b458c5c87c3505721bd0860813a974eb875cfd552,Cats/Dental Disease in Cat::11,train
Cats/Dental Disease in Cat/12A_jpg.rf.9fpW66UURH1o9fJYOtht.jpg,0,Cat - Dental Disease,split_group_317c9dc7ff2dad0dc9b8fb06,3f70e7ed69acb14360e468fe002d6023123cb8507dc9e204de65949e133b6d3b,c4b46bfab975c802a01eedb78b480fe54e88ef575c63fb33e6a5e82eabc6f892,Cats/Dental Disease in Cat::12a,train
Cats/Dental Disease in Cat/12D_jpg.rf.BDMW3v7GZj9W3kLpp2cG.jpg,0,Cat - Dental Disease,split_group_629f1d1fa490e44d0f11a1c8,a46740d2f6d0bee519969a3d9e98ddf8136aba49ce951529c33471abb54b5b39,4a13ca3a49d8e1fd1f722d9e13285e309960683414b8d500a489138fd705d881,Cats/Dental Disease in Cat::12d,train
Cats/Dental Disease in Cat/12_jpg.rf.nyBKwvogZyeAKkR6RNAe.jpg,0,Cat - Dental Disease,split_group_629f1d1fa490e44d0f11a1c8,9ca1feb4b10a0fcc18a934c1a485e17b383a66648956699c4776c4981f7ffaf8,4c01f88b13279d6e5a17ab188767d5d624decae920427d995dcdd5d0b6b9f1b6,Cats/Dental Disease in Cat::12,train
Cats/Dental Disease in Cat/13A_jpg.rf.93csRnMkhdXHAzC6M8rf.jpg,0,Cat - Dental Disease,split_group_9c22e79f8038aeea266a9569,6fbc5786c6d65412696eed4820943ee4ecea5de880905e25480abe1c262e4d01,a1d499b17a63b797bbdac0595049911466618584d865e15836092bf0bac1951b,Cats/Dental Disease in Cat::13a,validation
Cats/Dental Disease in Cat/13D_jpg.rf.vpyO8qomyWZl7VhXnE3j.jpg,0,Cat - Dental Disease,split_group_9c22e79f8038aeea266a9569,a29c03052f5d626a8ce32941da9bffd8eddd940fd80806182e902ab34af17e4d,76a60aa87116d92b69df0e708570ab6e1461bb184730fd5a469e4aa0bf4f7a95,Cats/Dental Disease in Cat::13d,validation
Cats/Dental Disease in Cat/13I_jpg.rf.BQQcvXSkoESTc4Jtc8Qq.jpg,0,Cat - Dental Disease,split_group_9c22e79f8038aeea266a9569,790169b5dbb663d12f0bd02216fb853382332e4c38d948ba7fee0e6c107164a1,dfb67f93b6de922e069453ddbad6afb500ca50aaab539400497c724226a9d2c6,Cats/Dental Disease in Cat::13i,validation
Cats/Dental Disease in Cat/13_jpg.rf.e9KduuRowSFS5Uf8G9WG.jpg,0,Cat - Dental Disease,split_group_9c22e79f8038aeea266a9569,6a35fffa54f00a1879f8a573b532d1da4d763717498630879348e43d6c6bab78,7b2229a224bf2992702ea3214619b938c6c92ff4ee5e30e72e4132c2e1113bb1,Cats/Dental Disease in Cat::13,validation
Cats/Dental Disease in Cat/1488277_jpg.rf.LCzpnhw8izXJNeFHVVLZ.jpg,0,Cat - Dental Disease,split_group_473b522db3a051cce826d3e4,6b8459be1c8fba942208d71b5dc4bd77d337521452e475596e06c88c543b98da,33f7e3ba3d00a4fe05c942bc2cb5665cf816d8759c12b069fc0b7c5ccb8a2eea,Cats/Dental Disease in Cat::1488277,validation
Cats/Dental Disease in Cat/14A_jpg.rf.DhmywUN66JLlXuWdnt6d.jpg,0,Cat - Dental Disease,split_group_339cf326eef1f5dcc4e05cd1,11e15351b3cf19b338fda24e50bbbb94a9bc1b100329a181af4af22409b37737,533bfb3bf9f992775c1be1580a01d76deabffd49ddc9d276fcfa5fd5a911df63,Cats/Dental Disease in Cat::14a,train
Cats/Dental Disease in Cat/14I_jpg.rf.IcIvBXZhK6CXtfrF044a.jpg,0,Cat - Dental Disease,split_group_339cf326eef1f5dcc4e05cd1,8028a2134f1a55f9be821ac6176cd7bc39b05196aad20554126f537e2fd441b7,88ac79b0a8f2254d9ab3d6549c4cfeb8ff6dd5561fbb5706de8b6ec644167ab1,Cats/Dental Disease in Cat::14i,train
Cats/Dental Disease in Cat/14_jpg.rf.1VQaqK2ESjiTDrweiBdJ.jpg,0,Cat - Dental Disease,split_group_339cf326eef1f5dcc4e05cd1,53b4e8f85a477d5db26030867b200dfff4cf95f3f5cca49ee1988f5546365cfd,75dd27d8e27fc4654fd6da449f7db7e4a7c0dfdd37ebb9a88b88f306fada3dc2,Cats/Dental Disease in Cat::14,train
Cats/Dental Disease in Cat/15A_jpg.rf.Ym3PZEAx1ZXM3IosIfA1.jpg,0,Cat - Dental Disease,split_group_873e000476b8a976022f823e,dca4a945856ee80c348fe49a67e451d271ba0e7c8d02702cfb0405d2bd6147fb,10ae5dba963a30bf8190b4eaeff03726232789c94fba39211509a7910e6cfba2,Cats/Dental Disease in Cat::15a,train
Cats/Dental Disease in Cat/15D_jpg.rf.K4PA2VXhNrvlcMghuuoD.jpg,0,Cat - Dental Disease,split_group_a63d3a5d4cb2d7a8a61a45c7,bd9699923c2ab4ff2821dce3ca0c69bae21a00815693bb8d6fd2532a064f0258,f97e9adf9ed8ecc2c2847e67e9265ad60db9e6667150456edf64805e153fddda,Cats/Dental Disease in Cat::15d,train
Cats/Dental Disease in Cat/15I_jpg.rf.RMr7HVHiY3UexCBMTAsV.jpg,0,Cat - Dental Disease,split_group_873e000476b8a976022f823e,1dc5a01ba5040fd62fb2f42980167314c0ccb925f36f4da1f9b4e8ed2c9ce826,e877ed3e026569fb6416b22e161769b44eca4ee84aaf8129d68aa24a3aafb603,Cats/Dental Disease in Cat::15i,train
Cats/Dental Disease in Cat/15_jpg.rf.fWFZA4y9ntrVIVS3iOh4.jpg,0,Cat - Dental Disease,split_group_a63d3a5d4cb2d7a8a61a45c7,1c486c80d6342e88f52505da2661423152cc61b9e6ba12c72e27c8874e159199,988dc8eaa36fccbf6e8e29ee855ed13648e9ed1353c1cd558a428de42bbed794,Cats/Dental Disease in Cat::15,train
Cats/Dental Disease in Cat/16A_jpg.rf.vBTRvpgpQR4DM3guTvg8.jpg,0,Cat - Dental Disease,split_group_b7111436717387198f9fe9ae,16d15159b52b0327c11ec8f3a15e1cd66d5fe8f32bc93459156e4e10b0159c24,13dc746c7f270c7c8f32138d1f25cf578479406f6db6444e7d782ce3d296118a,Cats/Dental Disease in Cat::16a,train
Cats/Dental Disease in Cat/16D_jpg.rf.6l9Zu1M51g6gWfYGIIYc.jpg,0,Cat - Dental Disease,split_group_b7111436717387198f9fe9ae,dc5efc56268aca87b9256dbcbe654a0f1f1cdc514368eada28625a1ba3539a33,3680ed6f6feb9cf5ddd6a99943dba28b40136ce8cab37184dd24b85ef7f29025,Cats/Dental Disease in Cat::16d,train
Cats/Dental Disease in Cat/16I_jpg.rf.4FnRgP2zcq3WnD7Mly36.jpg,0,Cat - Dental Disease,split_group_b7111436717387198f9fe9ae,3a566d2dbd55127b6b30a2f9d933c60ea87f1b649a8953257b37f10552fec3ba,e1f6949d55c453e18bd570a25df9a43722b27b1f097ed358a3a35aa37795b9c6,Cats/Dental Disease in Cat::16i,train
Cats/Dental Disease in Cat/16_jpg.rf.qPgbtGpsQhDYs9ZB85XJ.jpg,0,Cat - Dental Disease,split_group_b7111436717387198f9fe9ae,cc3fc4d94e9380cabfa4726e68894007652f277eebda99eb41dd5983c8e961f7,97c4b8e8dc2e4d373d49c17ad8065e66978443e25cd82aeaf4cde6d5b6cc5a68,Cats/Dental Disease in Cat::16,train
Cats/Dental Disease in Cat/17A_jpg.rf.Aq4MmHn0xRbnS1q7cxKn.jpg,0,Cat - Dental Disease,split_group_5040946a480ba361d5904da1,15ab7954e0efc7bd8ecb13c043b92d9930bb024ae18f843ad4d03d2ed94bb229,1569d2cc0ed4521e6ef0dbfc4486dc6e838590010443ad76ca63f3554291714f,Cats/Dental Disease in Cat::17a,train
Cats/Dental Disease in Cat/17D_jpg.rf.Yc38Bh0XR80ebTbMb8bW.jpg,0,Cat - Dental Disease,split_group_51ee275bfd0ddcf7bfeb1c11,d5a4d2130c9dcf0d46def3438b690ff2dbf49f973205aca0e4d8bfbeb036aea1,d5701958504548307b5bdcddea63040223527ecda43e144d8a58722e6e5e4279,Cats/Dental Disease in Cat::17d,test
Cats/Dental Disease in Cat/17I_jpg.rf.KsDJP2DP4xiZ3NWG8tQT.jpg,0,Cat - Dental Disease,split_group_5040946a480ba361d5904da1,e9365795354933f41b49a69436a9b5daa7cf36b98cf4dfc76fd689228ad75dd5,91f4114c6d67fbf54121027998f72db6ff8353fe95b6cd50422efaf9c0dd1a26,Cats/Dental Disease in Cat::17i,train
Cats/Dental Disease in Cat/17_jpg.rf.gr8xeruI6syWxucarDei.jpg,0,Cat - Dental Disease,split_group_51ee275bfd0ddcf7bfeb1c11,d2427b9e6745e7fd43836c9d2ea0be5e61866ef726c31979948e36cb33472cc7,11400513aadaa6eeb299c0242005b64f2ca5ae2483991473a12941af4d899d64,Cats/Dental Disease in Cat::17,test
Cats/Dental Disease in Cat/18D_jpg.rf.95u8WSfZkaVPtHs7viAm.jpg,0,Cat - Dental Disease,split_group_19aeed6dc83df5f47b614bc1,e0dede66b90470d9a6386de4eac378c0612bd999c876c1dad4bcc439b1cf68d8,5e1405b73d196861638d2007728d5edcd09feb7f739b9d38910389dc9cc6d43e,Cats/Dental Disease in Cat::18d,train
Cats/Dental Disease in Cat/18I_jpg.rf.bZXMQVFLdCEmF58CAIQE.jpg,0,Cat - Dental Disease,split_group_19aeed6dc83df5f47b614bc1,ca22768dcf7d8ef16e0407fb066e6e5763efe5a6ada3517f62bbf90e85856437,272ef31fc6e7feb21d583c9031db58ba70917559304d9429d98987ace79c958a,Cats/Dental Disease in Cat::18i,train
Cats/Dental Disease in Cat/19A_jpg.rf.NNmmdka9IGL42oFJCPbx.jpg,0,Cat - Dental Disease,split_group_7e89c0605f6dec3a86611129,4cb5d8f1dcc707ea9297a36d33f267e23222f95737a6f0a52354a84a444c2760,ed01c8fe69e058f4b6a03e9be434a480feca76cd0d598a9d670031588f5f7b37,Cats/Dental Disease in Cat::19a,test
Cats/Dental Disease in Cat/19D_jpg.rf.gPODbBflvULotTfpa4H6.jpg,0,Cat - Dental Disease,split_group_7e89c0605f6dec3a86611129,b2f024ad4baf6c814d2f4fc713c41a919cc8dc25f948815dd3d756341f5d9c78,2d14cc41ea1d2f55fa05924d1b4aef17dbb84077887104dce0335088016f0ae2,Cats/Dental Disease in Cat::19d,test
Cats/Dental Disease in Cat/1A_jpg.rf.BDMcNF7javZqm25RSh6g.jpg,0,Cat - Dental Disease,split_group_a6fcd3b076ce1583848f8431,c46e287c340b0b0e2b60230c22984e6d60e7d7b0ea0115c1b388c7f2ffa3ee15,a46ce32d9775ed66268c34093b438b5151f221a40efd3cb22e28d7991e78c04d,Cats/Dental Disease in Cat::1a,test
Cats/Dental Disease in Cat/1I_jpg.rf.qCbxe1Mb2LBn1p0xgSvG.jpg,0,Cat - Dental Disease,split_group_a6fcd3b076ce1583848f8431,8d998dde74255c0886012763071b6db517889a23817977f27bf58a180eff49b6,f5158285797ec8d0e9c754be96e409f45c8d96954899fecc8baa5e481722ee55,Cats/Dental Disease in Cat::1i,test
Cats/Dental Disease in Cat/1_jpg.rf.g6Ge1LPfs941lFbj0Uti.jpg,0,Cat - Dental Disease,split_group_39e180d6191ec843b3583779,93901233e3b4079f43bc7ea73770d2e505d87553a4d6a722e3b4ae392a4244a7,506350264df3fe444434507100f9cc17c3d91a33ed8581633334c69aefb6a206,Cats/Dental Disease in Cat::1,train
Cats/Dental Disease in Cat/20D_png_jpg.rf.ENgatT3ErrhtiIN3ADKM.jpg,0,Cat - Dental Disease,split_group_0c3edbee4b6cad7b0da2888f,eb8f7033c894f187bae12fd887bae1c99fb6ea01c3e799e76ea49f6023a8ff84,27ea657c1ae8133bd030cbe3d740b319a6ea643f9a8c3ca697bb742e7d8f54f2,Cats/Dental Disease in Cat::20d_png,train
Cats/Dental Disease in Cat/21A_png_jpg.rf.fusc8GWHe2ZYXKU6p8Yu.jpg,0,Cat - Dental Disease,split_group_c8d325e08387cb47298194a1,1c759127ee35f0ab9c36df795dcab7f031756039233bd6f6aad39852b61a87b7,2e1a56e3f59698cc9c82721b62197693e5858b6e8f00379edd60bfcb0a375d0a,Cats/Dental Disease in Cat::21a_png,train
Cats/Dental Disease in Cat/21I_jpg.rf.sjHLyuJTZFHgzYH5NBGw.jpg,0,Cat - Dental Disease,split_group_f1d39e9cc8e2b2787ec72ec8,ace1cb4e81d545b3015c647c79b2542bfda3be81715540c90b41f5ec42ca33f1,18a25f62f1b951a4fbb315c5a8cc3b3823bd6bad963419b3506047ee51504b58,Cats/Dental Disease in Cat::21i,train
Cats/Dental Disease in Cat/21_jpg.rf.hJ95fhaIHkr0Pp96a8La.jpg,0,Cat - Dental Disease,split_group_f1d39e9cc8e2b2787ec72ec8,d5692f65477fb7cc249bb0327245fa57ce8aa5d501b16c47be77ead64f6d2c2e,486a57cfb23d65d57068a04588cc68d4b40b64709128332a65f4118145997ac2,Cats/Dental Disease in Cat::21,train
Cats/Dental Disease in Cat/22D_png_jpg.rf.4FwRombX0ttHc0G7yjuk.jpg,0,Cat - Dental Disease,split_group_c8d325e08387cb47298194a1,0962ce1e3703e6d65e7c7d62e90700c1a586f9d350aa27482e7da9d9bfdd04a4,8c1d38e2881e8edbad13382f3a346b3cced730a44e5bcf32de18e6142d015389,Cats/Dental Disease in Cat::22d_png,train
Cats/Dental Disease in Cat/22_png_jpg.rf.0RolKEbBpJxJoD7pHqd4.jpg,0,Cat - Dental Disease,split_group_c8d325e08387cb47298194a1,e81e557e66d95f7c37e941bdfa7aa722e5aa9e72132a62ea65dfaa3f9492a027,5457e06d9077fb24981bbf6cd667ff425e3abd7c3cb0513ef3003062d55e4b37,Cats/Dental Disease in Cat::22_png,train
Cats/Dental Disease in Cat/23A_jpg.rf.1Vzvdgpwemwcy8JoL5NV.jpg,0,Cat - Dental Disease,split_group_c606822ca5208f5f293df5ea,5564eb81c525a1e7b10fcb6e0342728c376d6b0ea94f5de9a0a1846c458fe271,060107540956aa1343f9c67370ad97d6744ac86c36cca6ffaf21a6d18bca5e10,Cats/Dental Disease in Cat::23a,train
Cats/Dental Disease in Cat/23D_jpg.rf.0J5JeMpN4zOdUq73IDPt.jpg,0,Cat - Dental Disease,split_group_c606822ca5208f5f293df5ea,9c1c06815077d07c4abd211ba5bd600243453a7347e24f90ef9dce01628b12c6,247b1ea8565163ed29fa5490bfb78f031a1b313f9f8b09ad2815967fc2ea9c80,Cats/Dental Disease in Cat::23d,train
Cats/Dental Disease in Cat/23_jpg.rf.zSCn0K7fQyzXwMLcE9hA.jpg,0,Cat - Dental Disease,split_group_c606822ca5208f5f293df5ea,2bf697b6a58bd2365458a004b95f508939ea6e82354dc8c395ea7a86a2f12ab7,43768592f988a672a365ea08a5938991d4f4f066fa4d91952fdf0347b27f52bd,Cats/Dental Disease in Cat::23,train
Cats/Dental Disease in Cat/25A_jpg.rf.el3ndLpOeQAmG3NpjikV.jpg,0,Cat - Dental Disease,split_group_138079aed8e47129269fc01b,f5e95110264564d181b885bac145c9a2a0d1de2f700d6ed20afd92c3663c16ef,6773c171cde310d9939c82b95a12b10e6afb5c27a5fcc41db3306bd69762bfee,Cats/Dental Disease in Cat::25a,train
Cats/Dental Disease in Cat/25D_jpg.rf.xThSaIPVcThRkiuUfeFR.jpg,0,Cat - Dental Disease,split_group_138079aed8e47129269fc01b,7e264e15e14a47ac94ca94425474c1e031bce6f03bca3fa48d3ef905c5c58a3e,d8063207f3a6a3eed89abad408d7dedf6b2299f9cad24b5208aeb36adb5dbf58,Cats/Dental Disease in Cat::25d,train
Cats/Dental Disease in Cat/25I_jpg.rf.kKP9iRareIVAEt5MSTNY.jpg,0,Cat - Dental Disease,split_group_138079aed8e47129269fc01b,06f12ac789c2edf1b7e6e88ddb17ff3943901fd8dc9dd32768f336c048841743,aca7ba25cc74fa302e99ad1e53104f0480b3a2c2fb740ab7c74a8a42d164df79,Cats/Dental Disease in Cat::25i,train
Cats/Dental Disease in Cat/25_jpg.rf.BZtkb2TmfYzgBfr4H7Rf.jpg,0,Cat - Dental Disease,split_group_138079aed8e47129269fc01b,c1d4cd2e26e4e9d1bd404b0959a2c3d023779caf389f48ad05155d592f14633c,fad12e95b47c068629d3323c0572cb6d4ef23ce9e7204b5c0d4e7761fd058fb6,Cats/Dental Disease in Cat::25,train
Cats/Dental Disease in Cat/26A_jpg.rf.5PPbyyCrkPU4r5YLoxmK.jpg,0,Cat - Dental Disease,split_group_bd8b7b3ffcb58250f63f8b9b,b2736f246745a89fab14d5e2a25f58f8e94c6cab73a389e232a4cffa07d6a1e4,ba32121fd0fa471165059fce66870d4355a37dfc97065906b3fdfd3ad0e8c6f3,Cats/Dental Disease in Cat::26a,train
Cats/Dental Disease in Cat/26D_jpg.rf.GbH5kJpVQo4v7gJhA5eK.jpg,0,Cat - Dental Disease,split_group_201e8f2201c2e02168fd2eef,f1266740166a642da2a91f9311cd8170fc0cc349111425e3e00700136f6784e0,16d681081e112b204e70bd363888ad48de63fc3419f384d6845b985ece22b26b,Cats/Dental Disease in Cat::26d,train
Cats/Dental Disease in Cat/26I_jpg.rf.DSDrWYHkgFW5zFJ8SVi4.jpg,0,Cat - Dental Disease,split_group_bd8b7b3ffcb58250f63f8b9b,bbf6e7004fa0a70f0f3e58f63914dffcf50e4c4675292f52cec787ff0bea625a,1f1c93f27d032533e4ea556129a013c7896efdc0eda32068a4f72ad24e9e6801,Cats/Dental Disease in Cat::26i,train
Cats/Dental Disease in Cat/26_jpg.rf.2e8Tjcl1GUVjjAOVFqvB.jpg,0,Cat - Dental Disease,split_group_0f91314e4484582479fe2428,91a5ed95b22c956a3b7f5674d263388c818ec1b6ce17bc8f8d51e3dc072d234f,8edb98ccded0e173767553cee14b6e2af1dc25c7a50b5c1061d9463a4c7ec994,Cats/Dental Disease in Cat::26,test
Cats/Dental Disease in Cat/28A_jpg.rf.P2ncMNZ9ARRMgf1zHnKK.jpg,0,Cat - Dental Disease,split_group_55ba0740f15bf92428bbb484,714f819852e4874ca8137c709d5a2c7319aec73015b848334e67d2c2b0b9101b,2c9d290f2286048d31cc7aff4c0cfcd107bc00991a76035a6ec98a57a5370e5b,Cats/Dental Disease in Cat::28a,validation
Cats/Dental Disease in Cat/28D_jpg.rf.efgS3jzr4VHbyFgW5KRG.jpg,0,Cat - Dental Disease,split_group_55ba0740f15bf92428bbb484,72df1df602388ec881ba4408bac55e9d6d5b8d5d8faba982b7e0cea045c39bc8,c38f1c6ec92a330928bc94480323527c8640da87d452c9e39a33f72df911215a,Cats/Dental Disease in Cat::28d,validation
Cats/Dental Disease in Cat/28I_jpg.rf.7zgCHLzHb0ANuzNExqVV.jpg,0,Cat - Dental Disease,split_group_55ba0740f15bf92428bbb484,4e939ca5ea78b581fbc8f54f83cf704c7bb9b0a916811ea5191def93ae8916e9,7d72b252c0b74a206b22f9e48dacafa15788643ea81cfbce4857cbd1d3012fd4,Cats/Dental Disease in Cat::28i,validation
Cats/Dental Disease in Cat/28_jpg.rf.DKTDniClxKf17mLST5RH.jpg,0,Cat - Dental Disease,split_group_55ba0740f15bf92428bbb484,6da59c02ec446c52bdc2bc2a45721beb8f6bea915121f04238e602c9ecb33fe9,2743655cb66f126af7096c388522f36d13ccfdb67dd15281ba66a76614825649,Cats/Dental Disease in Cat::28,validation
Cats/Dental Disease in Cat/29A_jpg.rf.CG6zv2GM2t10BwiUnfPV.jpg,0,Cat - Dental Disease,split_group_590edc5179a6bec036d78f16,7e8c085eaf7a8261cc67b6c5fc6d3b554237b4ee17e42c0cf724906df70c04c7,21fc6fc9d64a1056b6b71d5d4be0326101ce93d68fe23a839b6078d01ed63130,Cats/Dental Disease in Cat::29a,train
Cats/Dental Disease in Cat/2A_jpg.rf.Q5KSdQfW5Ko86iau3PXZ.jpg,0,Cat - Dental Disease,split_group_275bf4897e11f5efffe39d8d,4121efdd5ef43720ce47c61741acaf4a77a38be81636b646f158bdf33b088ddb,2c6d3e27ac6bc806169ed057b976b5ac410f0ef47ef8a019b293f29e3d5b8636,Cats/Dental Disease in Cat::2a,train
Cats/Dental Disease in Cat/2D_jpg.rf.4dFbDgHaEIeWT7jZtrhw.jpg,0,Cat - Dental Disease,split_group_b1f325d46f9b1c3df5feb3aa,cc3cbec21b6b77ee913c103088301cc99e25b120b06ba0084355b39f1820a14d,7e5ebbaded914dbf3a1150af1c013c7fcf91dabb397790d4a8a11fa44bbae73e,Cats/Dental Disease in Cat::2d,train
Cats/Dental Disease in Cat/2I_jpg.rf.9x8MYxiMP6pLH2uoOQ9Q.jpg,0,Cat - Dental Disease,split_group_275bf4897e11f5efffe39d8d,6af1f6ef223789657fc3fcd0b46b1a361cd4b3ca842351b13220c98e7a848ff0,e72e80eb50c333c8d96681e0e2acbf6c353577c8d720e7188192574e3dd0d4e7,Cats/Dental Disease in Cat::2i,train
Cats/Dental Disease in Cat/2_jpg.rf.9HiHFb9B02Q3SZlNHQHb.jpg,0,Cat - Dental Disease,split_group_b420b66ee21f43e5794458d2,f300d33ea2f2d8b92a9a97f5ec6da6a12949734e2a0a88717e947fb34b497a4d,08fce0af5c9ad7c1f0243688549d7456391a8aabf95ded4e6a77e9a958265f84,Cats/Dental Disease in Cat::2,train
Cats/Dental Disease in Cat/31D_jpg.rf.RhmUMbLgqV2Cuy0hQlaN.jpg,0,Cat - Dental Disease,split_group_9bb260ba95a03b94aee4e14f,f55ab2cee85898b5dc434e53b671bf5fe1981c1baafa00d4cff5c7464983bc4c,2d8ff4e691c4f9825ece75b2135bd00965e209acb24cb1eba6fb4efd25131490,Cats/Dental Disease in Cat::31d,train
Cats/Dental Disease in Cat/31I_jpg.rf.mJplPbGJ0GwBUZw9nCt0.jpg,0,Cat - Dental Disease,split_group_9bb260ba95a03b94aee4e14f,bbb0f407c68ecefce9da89db667ce2584dc7fe5ba1a37e750ca9bde5a9072f84,d9dfac5f3c4f29d0ac644109f38034b3b76c98d78b4ae503f9a3a8f21b59d0b3,Cats/Dental Disease in Cat::31i,train
Cats/Dental Disease in Cat/31_jpg.rf.2VPlpAQRavdybRo617HG.jpg,0,Cat - Dental Disease,split_group_9bb260ba95a03b94aee4e14f,0e0989a3eaaec9db6a26b1f615399c2b17db678c5aeaefdf34863c17691f71d9,871f0c1a091f7ff88efbfe1a0f11e2507796965f625dcf9455fc67419e815b51,Cats/Dental Disease in Cat::31,train
Cats/Dental Disease in Cat/32A_png_jpg.rf.uOtBwCTsmthc6hpVVEXn.jpg,0,Cat - Dental Disease,split_group_7cf03b11a0fe1d679e0b0688,86c5ff150ea0232d69931f66d6dc9cb0a5ea00022801182c86b8de329a7f8bdb,cf2a3c9bbfd79f13d6dacae6226c4bc479b5eb4fb4bbd523f94c5b626110f632,Cats/Dental Disease in Cat::32a_png,train
Cats/Dental Disease in Cat/32I_png_jpg.rf.JMduB2xIvbHssXzpl60M.jpg,0,Cat - Dental Disease,split_group_7cf03b11a0fe1d679e0b0688,1aeafb1b999c83a5a5e6a1fb45664bb9c33d7556efcd45d703c3015aa63827d4,0d1243244d90e6bcce7c2b60f38adc6d2539a3d9a56a57a53a4ac4bc77a62040,Cats/Dental Disease in Cat::32i_png,train
Cats/Dental Disease in Cat/34A_jpg.rf.y3dLUplUSznMHdAemARD.jpg,0,Cat - Dental Disease,split_group_b950bee2724f11da0b7bb571,5ce38abb70b0b3c9093a91b573235f4cd193fe8d48187c20412e108b2ba8ac00,ec913ea5f880934679ca046bfac13ecbada644ad0377bc82206db5f62e22ba5a,Cats/Dental Disease in Cat::34a,train
Cats/Dental Disease in Cat/34I_jpg.rf.cUKlrdvoAnJ1tCGim63P.jpg,0,Cat - Dental Disease,split_group_b950bee2724f11da0b7bb571,9fdd209b4de0072702f97ff329fd040177eecbccc3afb908eeea84c53748e889,8c9cd5c43c876cb64bd330e4dd3db1e9928df3684298624656a87111b6f9dd5a,Cats/Dental Disease in Cat::34i,train
Cats/Dental Disease in Cat/34_jpg.rf.2LyCsNZhbyNCr6Gpu247.jpg,0,Cat - Dental Disease,split_group_b950bee2724f11da0b7bb571,5644d9b014463bada9aa375bcd9380a36cc35d134d29fb7f1365c00f258ad411,e61aa5dda9b72f8bb94bdfe5522872737239965cf0e335ff20b32ef306a20153,Cats/Dental Disease in Cat::34,train
Cats/Dental Disease in Cat/35A_jpg.rf.ML4ZZW9udnz7yMqFPZCv.jpg,0,Cat - Dental Disease,split_group_fa422bf697e4ce325018582d,5f18df59e2286171749d2acc035879032151aeffde1a6243deac65e36c228b27,cc2c829f91a1f41f460bd353cbf72d851c1f01b1ca14bbc2f7827b3369566dca,Cats/Dental Disease in Cat::35a,train
Cats/Dental Disease in Cat/35D_jpg.rf.EhaPLz1FrVKM4390nTp1.jpg,0,Cat - Dental Disease,split_group_fa422bf697e4ce325018582d,4b817b283110e7aee75686ab9923fb4fa877d61907d781c15db56a5535973ffd,81d4d1528d8614979e366238afe7230df8135461b5ce3403867e5c13367b6c04,Cats/Dental Disease in Cat::35d,train
Cats/Dental Disease in Cat/35I_jpg.rf.aMXU9iAdVSdoTHxgvmGW.jpg,0,Cat - Dental Disease,split_group_fa422bf697e4ce325018582d,d3690893e01420e609ce82414a16799e276c022cbe7c05d0443c68def3cd3def,34412c204ffb381ca50aa5c9ca0c460f78b59a66771289addef90872788c8a78,Cats/Dental Disease in Cat::35i,train
Cats/Dental Disease in Cat/36A_jpg.rf.3K66dHoZwsOEA3MK9UEB.jpg,0,Cat - Dental Disease,split_group_ac5dffc27b9bf0812a2dac7c,b9a53d29336ed60cd1bcad3dbf2698b809ccb7dea4bde56560e697239c04feb1,481b47307f8e80cf7d512df235225fc84b1aa9e712565af67ade47d74db2d944,Cats/Dental Disease in Cat::36a,train
Cats/Dental Disease in Cat/36I_jpg.rf.bwmDWOudDmJ7xeUTOMf8.jpg,0,Cat - Dental Disease,split_group_ac5dffc27b9bf0812a2dac7c,aabe549862c8325bb80b00e6edca2afa688f2119bbc9d6cdc5ec3709cca0fe4a,e95346d31ca4307c365dab63c928f9c11b060f1ef9a2c60360905958f26259db,Cats/Dental Disease in Cat::36i,train
Cats/Dental Disease in Cat/36_jpg.rf.LktHSI81324xaZW2nBSO.jpg,0,Cat - Dental Disease,split_group_ac5dffc27b9bf0812a2dac7c,5209c3bca63d367abdf8b6229932623f094a76177d300c4652166d79f05f725f,0c21dc48181cd7270cd584848d1a2d97358d8f580b00fa1e8b2afe545d6b6693,Cats/Dental Disease in Cat::36,train
Cats/Dental Disease in Cat/37A_jpg.rf.uXhcs1C1sElgzz1m1lNp.jpg,0,Cat - Dental Disease,split_group_96390fa4c154fcdd58c32d9e,9c2c75ccdec4375d8b0a5dfcc4598780b87dafa10b459d4157c46ff23ef2e9dc,f39fe6b0a98faa033892af582e5703bdbc376101ed1e9a7114e78cac8c1d90a7,Cats/Dental Disease in Cat::37a,train
Cats/Dental Disease in Cat/37D_jpg.rf.62iVGOpwI5nSLwW4AeDG.jpg,0,Cat - Dental Disease,split_group_96390fa4c154fcdd58c32d9e,eeb24b75e409be9d951316e96badbd97f88b666ab9253509242c441e110ffb41,1ab26fd8662ba91fbe7286975ad6a3acc683d68548d71b3b8c95a5a8ccb4e6d3,Cats/Dental Disease in Cat::37d,train
Cats/Dental Disease in Cat/37I_jpg.rf.3InFCBCl2CNGd8A2WxPg.jpg,0,Cat - Dental Disease,split_group_96390fa4c154fcdd58c32d9e,ca238c3da259875632f75f83ff3fd3a80869c19162c247d0ccb9c982b221757c,8a8bd495e8bcd7112dbf24b1fd512ccbffc2c561e74d980fddec39c5609f4d7a,Cats/Dental Disease in Cat::37i,train
Cats/Dental Disease in Cat/37_jpg.rf.t8d1qN9cCMt1Yrnc64yW.jpg,0,Cat - Dental Disease,split_group_96390fa4c154fcdd58c32d9e,47fd4cb016fdff507b5adb70db85d03b720dbea253ed8a7d08fd61f45df46945,9f1f238ec1512ef86436612af443e5e1c200b2ed0b15b7ffb078b81e800555bd,Cats/Dental Disease in Cat::37,train
Cats/Dental Disease in Cat/38A_jpg.rf.IyxtnXxkK955aLejNkYf.jpg,0,Cat - Dental Disease,split_group_b5993f8ed1c869b5c22a9b85,cc470c28d52f80068cc4a6413f034a5699be38311380745400c7d59969b772dc,7346a78c64295e302c8fdff841559419157da58ccfd8729d6ef14f0d0f148c16,Cats/Dental Disease in Cat::38a,train
Cats/Dental Disease in Cat/38D_jpg.rf.YXUJ3wspp31rpdndrXIP.jpg,0,Cat - Dental Disease,split_group_b5993f8ed1c869b5c22a9b85,b45fa07de6236a038990ef3b9c91fbb1764ef32fd2e2a53523c0051e9ef70a03,8367ee9331eee820faa32667b7242e2bdf602ea9af1f560b48ab2a928121cb08,Cats/Dental Disease in Cat::38d,train
Cats/Dental Disease in Cat/38I_jpg.rf.nazEhpMC77UczKIlXlER.jpg,0,Cat - Dental Disease,split_group_b5993f8ed1c869b5c22a9b85,d1abe9ec9cc3ad2d74142374b64d37e487b7e19eee92bef12d2b2e7163e46684,96abbd6861f7b5e829a7c00bca0b63bae3beb71e9ded2a19078fd5af74167e2e,Cats/Dental Disease in Cat::38i,train
Cats/Dental Disease in Cat/38_jpg.rf.Lc1lv8d0VI9xVt71SSLH.jpg,0,Cat - Dental Disease,split_group_b5993f8ed1c869b5c22a9b85,e30a1a4e8f850cb23b3b8335e5fb946f35ae8b211d2b05bfe1ef57bcff26c0cd,89f26a65057f5c271a036e7458c74f63852af10253df4e890980c38b92822f9a,Cats/Dental Disease in Cat::38,train
Cats/Dental Disease in Cat/39A_jpg.rf.4PYuFcJCeVeKjTpND3Y0.jpg,0,Cat - Dental Disease,split_group_83dc75dae925de74dc9ee489,f3cbe0c83506b64c4b8dfd897c20c6649685e0b1cd8936c21e2377e1b1225772,6b0e54c980ecdef3b3482cf05acd85ced2902449deba42b672c6d6ff40cfa54c,Cats/Dental Disease in Cat::39a,train
Cats/Dental Disease in Cat/39D_jpg.rf.f8GvQTjAsXMgno25PAIE.jpg,0,Cat - Dental Disease,split_group_83dc75dae925de74dc9ee489,f143e9ccf89e86aaa56529f309f5db256a953c2be0dd44370502145530ebcd9e,4ede1f1cfc3f033cff63086782952f779db52441c395c8b532ebfc0155419d04,Cats/Dental Disease in Cat::39d,train
Cats/Dental Disease in Cat/39I_jpg.rf.QDUptiCDfrzLapptXbxf.jpg,0,Cat - Dental Disease,split_group_83dc75dae925de74dc9ee489,b4646afa8cb6fd1502c33a55a2a86825ddbe6e3b43fef64df58218cdb9190664,52f4815b0f9bd6c4db67843e42d19f4c9c961887bc70d1bd0d8973abde0e4528,Cats/Dental Disease in Cat::39i,train
Cats/Dental Disease in Cat/39_jpg.rf.rtfjzbaGM7XMEmLOqyqB.jpg,0,Cat - Dental Disease,split_group_83dc75dae925de74dc9ee489,298a8b581bc05d81ec92895dda774013f6d99480dc39c1e9cc1cbec9f9112bb3,4967f8934940dbe186d52d5803c2eb72d7c45efe212275e732f7a265c7b31e00,Cats/Dental Disease in Cat::39,train
Cats/Dental Disease in Cat/3A_jpeg_jpg.rf.Yrg8J2mDOUjhBQSjQs6V.jpg,0,Cat - Dental Disease,split_group_e5a3017f9191954db340c95c,9c4eba778b2d9348e345dbd01552632dc51bea065b7fd46ffe803f8fd8e64f67,37f824b1f6ae3aaaf0659ae02c0b4763223af733f203570ad09ac13f10803c6a,Cats/Dental Disease in Cat::3a_jpeg,train
Cats/Dental Disease in Cat/3A_jpg.rf.ZvkiUaFsJpNJBazmSXjC.jpg,0,Cat - Dental Disease,split_group_e5a3017f9191954db340c95c,9e69fac438f21fbbfc909a26489512a699f23f3644c7811f0aedc2de2be8c9a9,d3b00d62fe0dd1b77e3f2ad7ee0517146109c9ef65827983770830a3b248a6d8,Cats/Dental Disease in Cat::3a,train
Cats/Dental Disease in Cat/40A_jpg.rf.5suESHr9mEQzktEIe0Of.jpg,0,Cat - Dental Disease,split_group_9321d46d33b22ca1d995ff97,d1a8122c93b30a8cdbec941b92058571de8733a10f6dce60e6e2f8daca94691f,17fd8fa4e4b87a795c959c781103cdf0bbc4c3fde55498bd23b7679ec8817b20,Cats/Dental Disease in Cat::40a,train
Cats/Dental Disease in Cat/40D_jpg.rf.JlWWXiPTO16euZTzymkh.jpg,0,Cat - Dental Disease,split_group_9321d46d33b22ca1d995ff97,234f315a16d92149b527b12e631ec973f9157cba53139bc35b666e3897f022ae,4d2500395032ba134d5b52894e71ac4bd209c3a82d133eeee490a89e69dc6b05,Cats/Dental Disease in Cat::40d,train
Cats/Dental Disease in Cat/40I_jpg.rf.jeHK5nZOOx9UAvAoa4F6.jpg,0,Cat - Dental Disease,split_group_9321d46d33b22ca1d995ff97,b45acccd02cbee3e2ebcb7f8d1f2fb41a8a73da247656e464e941a15ef532a09,3eee9989e3577a153a5ec6fe400f1129bbd523fcb32cd41636857c61a6abb901,Cats/Dental Disease in Cat::40i,train
Cats/Dental Disease in Cat/40_jpg.rf.y6XgtNANuhimRkjZOKLF.jpg,0,Cat - Dental Disease,split_group_9321d46d33b22ca1d995ff97,63db9d250874d47d435690cef548971c3d14e02f3d00fc3675edfde98366db42,6249b3e5cff3549f000a65d6111ace9b22f07721fd0aeb0494b16491a00ccbbb,Cats/Dental Disease in Cat::40,train
Cats/Dental Disease in Cat/42A_png_jpg.rf.4T8WyuM2mBR4e9CJazfS.jpg,0,Cat - Dental Disease,split_group_6dc98420bdbee37f483ed683,22e6896a935c0df5a88172fc9118cb0a39ba56155655e9e5e41727cda2a0a31a,2b079573d450398e32b54f8ecb9f0e4a33c471937855216069ab33bad7233cc3,Cats/Dental Disease in Cat::42a_png,train
Cats/Dental Disease in Cat/42_png_jpg.rf.H0ajalb0swb6fUXH3yep.jpg,0,Cat - Dental Disease,split_group_6dc98420bdbee37f483ed683,6f114dfff9652e5a3158e234184a97a1e9acf504e7117711f90674ad0003edf9,b477b3a27cf53b68d4452ec4161b663ca000b2b1dcd2654dadc38901f3b0e26b,Cats/Dental Disease in Cat::42_png,train
Cats/Dental Disease in Cat/44A_jpg.rf.ManAxn2BMJWz8FnhNNca.jpg,0,Cat - Dental Disease,split_group_7f50f2ed7640eab1077a3a80,372dec42f088bf51c5ff3144dd6c78a3641705a60ada06ad8e50b6059300114f,c3eea4c1bebbc57486264650a3c1679de50751a143e958829a660aad153340a6,Cats/Dental Disease in Cat::44a,test
Cats/Dental Disease in Cat/44D_jpg.rf.FGM2j3IaQpPOaT3KSAjq.jpg,0,Cat - Dental Disease,split_group_7f50f2ed7640eab1077a3a80,6d8afe0c6343a9079639ed4c0edbb67cda751a71ad12ec5eafb5f38e350ec054,781cf823bce9c6e8feff0f219aad8b59fd1c3ec6f5ec9ec43f7d44d9f298ae7c,Cats/Dental Disease in Cat::44d,test
Cats/Dental Disease in Cat/44_jpg.rf.FLuHmEw1zLM0MzvPv6Ca.jpg,0,Cat - Dental Disease,split_group_7f50f2ed7640eab1077a3a80,5cf6272e212eafae09c34d4a8f676f651fa575ecfb9cc4491e720501b3dd6507,83d2366078b5da16bc07474c6ff405a2e15b49ce81c88938ef9b18aa38047cf8,Cats/Dental Disease in Cat::44,test
Cats/Dental Disease in Cat/45A_jpg.rf.HVW60EM05uZgJYkyUHIN.jpg,0,Cat - Dental Disease,split_group_d207a416e06a3842089200d4,f786407a4d47913707e4664b138a2025615db4fcc0fda24f681abcc14098d2ce,9df73fc3f62c202b25e179b543000419224b2d5b95573c770dc67193990198d5,Cats/Dental Disease in Cat::45a,test
Cats/Dental Disease in Cat/45D_jpg.rf.gbBPKzkE0IemQ4Q9G4T9.jpg,0,Cat - Dental Disease,split_group_d207a416e06a3842089200d4,038ad7a1a8991002af88aee966b7356bc951b932e289301b8ea2a173be6bae2d,f348a8ff199cf6e44ef4d354da13cae10bc6d912ed8581afa9def6946d221cfd,Cats/Dental Disease in Cat::45d,test
Cats/Dental Disease in Cat/45_jpg.rf.EEsX556lVeE80w9LqDn8.jpg,0,Cat - Dental Disease,split_group_d207a416e06a3842089200d4,f47e3e81f8a9913427a0c4ba2e0025e5f5eadaad894001971de508d955f9c495,eb364947492d7080b3c8bfceeea971440c7d6be14affb50cd54b0888082ff534,Cats/Dental Disease in Cat::45,test
Cats/Dental Disease in Cat/46A_jpg.rf.DuGOPB77KGoLMeNNL0YT.jpg,0,Cat - Dental Disease,split_group_638f8fc9553402ed7f86493e,f9e564cdd6f73478926c6924d4f738a499c1729981dc935591d9b38240f9d3bd,5be031d44ea1a5b40e00100f3264b92a8e612c6b077a3da2fca8b70a6f55e851,Cats/Dental Disease in Cat::46a,validation
Cats/Dental Disease in Cat/46D_jpg.rf.8XHrwjo7nDGcS7tS70jc.jpg,0,Cat - Dental Disease,split_group_638f8fc9553402ed7f86493e,35c465d23d1a49b7fb6593d3179d954f6f76fb8420ff6918bc2e2f2510dc323d,1a44e5c8c9aed4d6ab14ee575ca4c23c32d9ba4da41b0361e89b3564015a144a,Cats/Dental Disease in Cat::46d,validation
Cats/Dental Disease in Cat/48A_jpg.rf.3zYDEpjjnATfq5dImsCk.jpg,0,Cat - Dental Disease,split_group_2b78d602ed85802376f8a76e,6600b2dc35cfea5bfc0a64a7b57cb21449f7f9f08348beabaa5acb18cc288154,a08c02abf1225af44a2a797bbff753218b3a2c81e59539036818b8cab0b5774b,Cats/Dental Disease in Cat::48a,test
Cats/Dental Disease in Cat/48D_jpg.rf.AMBytZwbe1gQrv8mcdpl.jpg,0,Cat - Dental Disease,split_group_2b78d602ed85802376f8a76e,11d3fa91d4470e8e48ec184ef9c8396e3d30955a23aa04035e22ac39083a98f3,b506268fad8caaae07386760e4536fe2ae7a9e3ff6820226a1ef7168a2eac57b,Cats/Dental Disease in Cat::48d,test
Cats/Dental Disease in Cat/48_jpg.rf.LK0N2Aalb2iN53pSqpBh.jpg,0,Cat - Dental Disease,split_group_2b78d602ed85802376f8a76e,c2849a08e0d660b4e349e127d2f03a3e021b9fd2931cb29bbd8634879b05b82e,5e6e90204a7c3547edc64f93eee6a49226962ea55a93a9eae1fed3adb3314e4c,Cats/Dental Disease in Cat::48,test
Cats/Dental Disease in Cat/49A_jpg.rf.mv2SybZb07iEZzVGaCwi.jpg,0,Cat - Dental Disease,split_group_4b020d31be25c972780c3e50,1413eecc9e8b39f96f4f04f38c572e0aa8bdbc9c33cb813f68b3867bf80d8eeb,1a92b0ee3f3a21b9689ab82deb8140477b76594d963f7947fa414d024eb4920e,Cats/Dental Disease in Cat::49a,validation
Cats/Dental Disease in Cat/49_jpeg_jpg.rf.BGuQduU2GPAoVsqXVNtX.jpg,0,Cat - Dental Disease,split_group_4b020d31be25c972780c3e50,be7cad20c47f7fe3678e123dbe0a664815b8b049179b169d6d6a8a0464cd1783,2b0fbbb78fcd2cbcb993a5f9c4c0e69ab2e4234a8d77a97dde77a87079830e73,Cats/Dental Disease in Cat::49_jpeg,validation
Cats/Dental Disease in Cat/49_jpg.rf.uvvrXsJ4VS9PEq5ukX3V.jpg,0,Cat - Dental Disease,split_group_4b020d31be25c972780c3e50,36f0977a959a91fd9e4d6178ab16a1d4ae56b0363dc673e4e1b668d4bb5d130e,d6e6fccd110e9be9ed0fe3ac74767e155a648f32984634db9c49bb17d66bbff6,Cats/Dental Disease in Cat::49,validation
Cats/Dental Disease in Cat/4A_jpg.rf.leCwSPdUqT7UoDtlIycM.jpg,0,Cat - Dental Disease,split_group_f57e0500adcd2fb4c2ac709e,b210a4563dad91ee79182a4d6caf4ab6d0e1f0fcdcbf5d00d455353e7c29847b,bf2e92e6443a36c1c146102a89b02fb56e9959a23056a42739288a657d2eeea5,Cats/Dental Disease in Cat::4a,train
Cats/Dental Disease in Cat/4D_jpg.rf.ywnVwQ3kdLyAPR6sFC2i.jpg,0,Cat - Dental Disease,split_group_f57e0500adcd2fb4c2ac709e,fc5e24b887b8ccd98906d403b2fc7346f9e6c0d04633f62d6a105870f2a5d002,4f6dd273fe73c8cd40862141f3eaa7e85850b6355325ebde64826b4f38502037,Cats/Dental Disease in Cat::4d,train
Cats/Dental Disease in Cat/4_jpg.rf.PyW43JDO8LSBq6F3qKpK.jpg,0,Cat - Dental Disease,split_group_f57e0500adcd2fb4c2ac709e,2a0204189504e82278210c4a9f5b510cf0d7fda43a12173f82bcba66c717bf46,10f9dcbc39d4b4fad494e38ee96aa40e78395d866dad97ccbaef7bead88c9fec,Cats/Dental Disease in Cat::4,train
Cats/Dental Disease in Cat/50A_jpg.rf.BwjtA7gJTJMuWkbC3ae0.jpg,0,Cat - Dental Disease,split_group_58877aba1f404e4b43638bfb,365faf01de5ce33b3040b5f9a38d0b493347b63f0fcfa58a973e95660ce20e88,436d2f8011ff45aa6b6c4aac9ae49eef49e5f0f9c404378f7c81e6f4be31f920,Cats/Dental Disease in Cat::50a,train
Cats/Dental Disease in Cat/50D_jpg.rf.PARlK1ZCOujIRbIRZFmx.jpg,0,Cat - Dental Disease,split_group_58877aba1f404e4b43638bfb,4c629b058fc69af5ca2ce51dc385e0b565ecf47e72fc0439938e0303450102d4,a7a590422605e75a70a746c2f79cf8a55873a1f5c04b7134fe5dd07b86845f8b,Cats/Dental Disease in Cat::50d,train
Cats/Dental Disease in Cat/50I_jpg.rf.Iek9EHURIWnCfmDjgPJ5.jpg,0,Cat - Dental Disease,split_group_58877aba1f404e4b43638bfb,6e0a62e9c96a381dd84f34a8e67c3ae78444278b9039762a7bd6a0e7f50047f3,a1da9404e9a63dea9acec54a1a33bf80d434c7462ee777dd3abd2a418e7e100c,Cats/Dental Disease in Cat::50i,train
Cats/Dental Disease in Cat/50_jpg.rf.PiTeFMSrOuzFDcR3H1It.jpg,0,Cat - Dental Disease,split_group_58877aba1f404e4b43638bfb,658d8a51baa19cda8f9c473f1d1910168626cdab831f1e885783204ba4276de7,88190d454f04507ad5eb810f57b6538a051050e7c46dc7c2d20754b0cbf2be79,Cats/Dental Disease in Cat::50,train
Cats/Dental Disease in Cat/51A_jpg.rf.UphztdaIcCK2NxZBnvjV.jpg,0,Cat - Dental Disease,split_group_3e0482adcb5e68ebe82d3a2d,83f03fe43719edf93f219f5496ebbe2db871d53a1148e9dd81761ff8456fe187,1cb1b0251e4bdf257f115c1039195b9b8ede2f3f791238f7263607ab9ea1b940,Cats/Dental Disease in Cat::51a,validation
Cats/Dental Disease in Cat/51I_jpg.rf.YKYsjWoPmEqspO8v8yHx.jpg,0,Cat - Dental Disease,split_group_3e0482adcb5e68ebe82d3a2d,588f0526a0ee0101963749aca38d1498ae72c6dbdc5ca7120137718063954059,158b31c22a50e25296e31d7423328370e6ff65e02b78f1f3129ba242312eca23,Cats/Dental Disease in Cat::51i,validation
Cats/Dental Disease in Cat/52A_jpg.rf.3xyvFYIN1fHrIFdL9uda.jpg,0,Cat - Dental Disease,split_group_53d71c678229fc47b20f0942,b66dc32587b5e6f0ec79588290b9cb947fd82142a07f1430e7d2ce1afe40ca00,dcede9884c8cdc395ffbfa78ccb3274c9874e550d50cb828e9070f3d3dfd2a61,Cats/Dental Disease in Cat::52a,test
Cats/Dental Disease in Cat/52I_jpg.rf.Da9rRg7OSvRjLOEjTc07.jpg,0,Cat - Dental Disease,split_group_53d71c678229fc47b20f0942,590a2cdd7d806ae4b5e43dae8f0c9f746166a396eceb28f4d060ddc174086ba7,a55fbae46048c9315d75094ca911337babb8a81bc8857daa823ebc865661024b,Cats/Dental Disease in Cat::52i,test
Cats/Dental Disease in Cat/52_jpg.rf.Jc0E37lVH1nCNKjLHfmZ.jpg,0,Cat - Dental Disease,split_group_53d71c678229fc47b20f0942,e709227edf3b8516b0172102c4d468e8e7bc4359bd64082aae58b58f66bbc47c,4ee534c74713f96a800ba718a6fdc64a7c856e987850233b6d80314c02c1f7fc,Cats/Dental Disease in Cat::52,test
Cats/Dental Disease in Cat/53A_jpg.rf.H75HCXBOFFY54Cetzr1a.jpg,0,Cat - Dental Disease,split_group_9affb81fd4ce6c2246eb89a0,73429e021f954bd09c2dbef8b981bc8f27228c0e1e1242bef4c8269698708513,e54451f49284798dce447a79469a5f8044d283b2ec9e2317697972f6e031b3c8,Cats/Dental Disease in Cat::53a,train
Cats/Dental Disease in Cat/53D_jpg.rf.A4HZPMW8CQyoYSGePBhu.jpg,0,Cat - Dental Disease,split_group_9affb81fd4ce6c2246eb89a0,9be42c087c2885314167d360376b6369c9932b01610f431172a3de37f261ac2e,05ad8af158f1a0ecd1c21bc0d73fab0df24afb4c634ef3db5004e739bce87699,Cats/Dental Disease in Cat::53d,train
Cats/Dental Disease in Cat/53_jpg.rf.B2cDrWgrlbu681TamaYx.jpg,0,Cat - Dental Disease,split_group_9affb81fd4ce6c2246eb89a0,50dcb2a61ea406d323e58338a7ea404e2b9d71a0d259e99d1ce2922ffd8d26fc,c68bd3c4572bf96b971657f5cfe62c977934b91582118844f91551916dd3ddf6,Cats/Dental Disease in Cat::53,train
Cats/Dental Disease in Cat/54A_jpg.rf.fG1ggMqjZpgdOmZTdT5i.jpg,0,Cat - Dental Disease,split_group_6f93883e97accfe716d8547e,89ec1ded05be24f8477fbd7bc56be2d30c0f3a1ee6adb1a26a37498717eca9c9,a17b3f1652ca2a7809fba6dc5c951cab0bd45520ca314b767a43ec35052fb424,Cats/Dental Disease in Cat::54a,test
Cats/Dental Disease in Cat/54I_jpg.rf.ILNe3SPythonGnqxNGl2.jpg,0,Cat - Dental Disease,split_group_6f93883e97accfe716d8547e,04960babe8055695ae249d42a81eb0c8da8a8f3b928f8bf1d6a027ab1c1d49a3,db81173f92b74fefb1f3ddbf1a42e1b9c7fbc773b1bc66667a337ec66e7e9dec,Cats/Dental Disease in Cat::54i,test
Cats/Dental Disease in Cat/55A_jpg.rf.GwSmZMfAjWGPg7iQrS61.jpg,0,Cat - Dental Disease,split_group_432b7f7328b90d7e37024f03,a21421fd2ffab8cea56ee151dc8619f6036e3239deb020507e9e185c23eaf36c,12f67b2f21b6113e362dec6ed742a0fe8f0901ef42f626138969fa864ce50f1d,Cats/Dental Disease in Cat::55a,train
Cats/Dental Disease in Cat/55D_jpg.rf.sho9XFgMwo7KVgwOsOuK.jpg,0,Cat - Dental Disease,split_group_432b7f7328b90d7e37024f03,f5ef0337273de242e00f8d0904101d261cfcfffc4be087cbcc29fbba7724c578,fe083061f705c8811946cfcc61cea7f2dee8d4a24c657b472d83a44c160aa813,Cats/Dental Disease in Cat::55d,train
Cats/Dental Disease in Cat/55_jpg.rf.OsXk1RD7fUmdKEx2YgXN.jpg,0,Cat - Dental Disease,split_group_432b7f7328b90d7e37024f03,cc310c28febbf827ee3d4ce6b8ff3d2c6ab892fea801c88a781bd5cfb7c3b471,00c0e8a5e4c31168254043734819a72cf9065e8513a13fa06a7ac0f99ed2ebd9,Cats/Dental Disease in Cat::55,train
Cats/Dental Disease in Cat/56A_jpg.rf.UI2UwAG55UwzpdNhyT3f.jpg,0,Cat - Dental Disease,split_group_513c44fc5e0458e8b7fabfe6,96066a76b6d0534949b5ad1c1f6ea78841fe3ad97f35f4151521abfb691c1c01,cd375f2425d0e2e6873b5cf5eabbe9f5781507ec2301a96accea39803a7ee9e3,Cats/Dental Disease in Cat::56a,test
Cats/Dental Disease in Cat/56D_jpg.rf.h9VFDYANsVbdLiTgPBwG.jpg,0,Cat - Dental Disease,split_group_513c44fc5e0458e8b7fabfe6,e700f66cc1659d139d1a37aa21f94f5ba5f35f0e612339a84db8274d57d7aeed,2e275a38674a40f916c5af2a0b63212e230fcc7b4bf6824cad90b12d330f3528,Cats/Dental Disease in Cat::56d,test
Cats/Dental Disease in Cat/56_jpeg_jpg.rf.yaEA7DRVRiDfFziiYn4p.jpg,0,Cat - Dental Disease,split_group_513c44fc5e0458e8b7fabfe6,07833e77ca4e1b77961b4a216401d9d84103e881151e631175076dbad9b003ff,b911af16969f8f21b8f9f9c33901e84c79788b5e53109463ffe9571d7e4fe6d6,Cats/Dental Disease in Cat::56_jpeg,test
Cats/Dental Disease in Cat/56_jpg.rf.8XyPCGhNiNtXnwdUakk5.jpg,0,Cat - Dental Disease,split_group_513c44fc5e0458e8b7fabfe6,7f370b79754c8e3a01aa98312aff3a9d1f588c5a1cc4fb484b64631fd6568b81,02343d88f0d3d03b47b01870d472a2c1c6e25c19f811a8c815b65e47a9618bc9,Cats/Dental Disease in Cat::56,test
Cats/Dental Disease in Cat/58A_jpg.rf.7bqXlDSCmJGC2hB61gXo.jpg,0,Cat - Dental Disease,split_group_0834749e1115601038f82ad8,1a6e485f15393a78c6b25225716bcaaf01a29fdff496d9c4a8c6a6a3816d8166,50b543fcb1a964433b9160744a73b76764b1b3efdbce16991c671bcba8972d4a,Cats/Dental Disease in Cat::58a,train
Cats/Dental Disease in Cat/58D_jpg.rf.9pwSgP42pm05fvMXL9VX.jpg,0,Cat - Dental Disease,split_group_0834749e1115601038f82ad8,15ebd71c95e2f02c6da853ed00c99352e5a18df6898afbca28e4e8b6495cb6d7,aae970ff87153bbf81eaa3914005f281f5efabf328ce62f30a2d28c4b90221a7,Cats/Dental Disease in Cat::58d,train
Cats/Dental Disease in Cat/58_jpeg_jpg.rf.Hrq3gAk0d2JG06iFxQCX.jpg,0,Cat - Dental Disease,split_group_0834749e1115601038f82ad8,53d493da3dc5c38f8906588f5f734e5b5ba01024d7d90af3cdc199314ff5181e,0c11870e4e9b4335c624baeee738964c624e846bcfa1a1ad1f412305fddf9b39,Cats/Dental Disease in Cat::58_jpeg,train
Cats/Dental Disease in Cat/59_jpg.rf.arpw5vTwGDOPi1zmqlxJ.jpg,0,Cat - Dental Disease,split_group_befbe3002732c533d92281e6,170deecaced869226fbad38c1980e5b39d9c3d8e95bcc1d8245caef3b5e2c574,2c25f19fcc4e176207c2249af942504c7eefdb2949b9dd97be6bf968642fc281,Cats/Dental Disease in Cat::59,train
Cats/Dental Disease in Cat/61A_jpg.rf.uglKQtjy0hUxoIlRxcV8.jpg,0,Cat - Dental Disease,split_group_81c8aea031fb2493362de330,f0e44910ab75d0c45e5d2cb80aa5c19b6db3d1c8eb79d50481c0e90fc1b0e086,625c70c8bb9292ee81cf47e5caaec667b5f5c4ae589b100d421285ac855dfcbf,Cats/Dental Disease in Cat::61a,train
Cats/Dental Disease in Cat/61_jpeg_jpg.rf.3H4jaGJN1dxu4Tt7uCd6.jpg,0,Cat - Dental Disease,split_group_81c8aea031fb2493362de330,971e4548896f2e2bf700529c2cd5d87e50d3db9f8f4d81ab9ee82b6654c79c92,4412ab7a88d1884ce0dc19a816ad809f227d3b8ad60eefb8f5108224d5184308,Cats/Dental Disease in Cat::61_jpeg,train
Cats/Dental Disease in Cat/61_jpg.rf.Dt36iQ3XID6n77AVBKC0.jpg,0,Cat - Dental Disease,split_group_81c8aea031fb2493362de330,6fc1268140f3688192ae7f3bcbefbd7edca7423c28a570b00d196020f05a071e,7909cdfa9b610501b6b085baf5d6e8c11da9eea597a0c578effd56aa7cdf60cf,Cats/Dental Disease in Cat::61,train
Cats/Dental Disease in Cat/6264658419600002422123_jpg.rf.X6MHvK179tJBwh39ktr6.jpg,0,Cat - Dental Disease,split_group_779c413b5c8e566fc9a52533,38df962b36bc303a019639214621c6c9c8c51d4df95b691f73ed2dee41d362c6,349734aef6b969a5ec168f803fd156a37319f0902c6be80367b37a8e8df17e55,Cats/Dental Disease in Cat::6264658419600002422123,train
Cats/Dental Disease in Cat/62646584196000024221_jpg.rf.SIatIwzw3f7Hz0eJ4WBe.jpg,0,Cat - Dental Disease,split_group_779c413b5c8e566fc9a52533,5a9fb060f804cdefe4b54d9c547b8d7cd18fbc3b47673245ce767d9b51598d0c,9bb708258bf49687d30ebd4e4a52518a8711cd2ec1179e23d57be2c6b4735194,Cats/Dental Disease in Cat::62646584196000024221,train
Cats/Dental Disease in Cat/6264658419600002422_jpg.rf.v626JVqJrfZ55l6CAVGo.jpg,0,Cat - Dental Disease,split_group_779c413b5c8e566fc9a52533,129f1204d8707a19fc615913ae3dd800f7521672deb6b10e1110c579d1d76ca3,8f2ad62768a608c78112963f9e0546de361f4bd6f1853b635315b996fd7d5136,Cats/Dental Disease in Cat::6264658419600002422,train
Cats/Dental Disease in Cat/6264658419600002423123_jpg.rf.AN78OGiPrjcnWWhf2gIV.jpg,0,Cat - Dental Disease,split_group_4db756f0ed35fb409619ebef,8c491ae233149914589133c37134b462d369e83812f56a3a5baca192a18ba206,70cb7cb6ee47ee144e8958d3523add644e711bd7bbdff7c455825d8cbd2b79e1,Cats/Dental Disease in Cat::6264658419600002423123,train
Cats/Dental Disease in Cat/626465841960000242312_jpg.rf.DvL8WKaEbLPfY8qDzJ9K.jpg,0,Cat - Dental Disease,split_group_4db756f0ed35fb409619ebef,d423d5cd276b03ff35a840b9085a9cf133f29f1df3b0941358aa0bc734aab8d2,760c60620d1c730b9638075321d26ee111b9994459b15fb9e07812eedf648749,Cats/Dental Disease in Cat::626465841960000242312,train
Cats/Dental Disease in Cat/62646584196000024231_jpg.rf.HcUl5ZhNdB4QWBaGy5oQ.jpg,0,Cat - Dental Disease,split_group_4db756f0ed35fb409619ebef,ac0a82285f4c7630f1938ca417738b4dab6746505df638a62890d11023b636d1,eeb247331a9c54c234be2032327b7f42775d14de3026710f2be245b1545f71f0,Cats/Dental Disease in Cat::62646584196000024231,train
Cats/Dental Disease in Cat/6264658419600002423_jpg.rf.PdjoRfNgoCeDW6yfCjL4.jpg,0,Cat - Dental Disease,split_group_4db756f0ed35fb409619ebef,6b5e69dc87eca726a216be96229b65cc317d7bd45dfbe2d0222933e5d6e8544a,0f57fe6fb9563e8a262852a97d769cebd91b21f7de635357f7c1e6730d25177d,Cats/Dental Disease in Cat::6264658419600002423,train
Cats/Dental Disease in Cat/62739718113682428081_jpg.rf.jK8Rhu4jDCbmLZTp7Sdq.jpg,0,Cat - Dental Disease,split_group_bb9187b323939e38f3454e27,2fd5b4b0b969ca8433050a977949bf4314a535f3d0f90281ca9ff0feb2bcc49f,6a2f64bb74bb5eaf537f8886d854aab9fe5c277cdaccdc644ad09fba6fa8087d,Cats/Dental Disease in Cat::62739718113682428081,validation
Cats/Dental Disease in Cat/62739718113682428082_jpg.rf.xVLjRNKcgAlHhUFxyDYV.jpg,0,Cat - Dental Disease,split_group_bb9187b323939e38f3454e27,7d3cae105b4371322872f013dcbbd1b9f8e24126694fc0a03cdeda43c03d5091,5200989d3469141e175939c83e310c625e57ba6b81566978e72b6211e072ea92,Cats/Dental Disease in Cat::62739718113682428082,validation
Cats/Dental Disease in Cat/6273971811368242808_jpg.rf.aVucf23GOS8RgxXYfd86.jpg,0,Cat - Dental Disease,split_group_bb9187b323939e38f3454e27,4c59b7eea7c1aa14290c0ea11d561dc2515cfffa6c5771411e91480c500d5ab7,9d37fb71c8d5ff602e74daef6f702635b13721c3d11eba34c9aac7c004c15be9,Cats/Dental Disease in Cat::6273971811368242808,validation
Cats/Dental Disease in Cat/6280629229720375018_jpg.rf.45qKTW8LeEJOhLALQmVP.jpg,0,Cat - Dental Disease,split_group_55f0e429329e861c15edde47,c9f84ec1afa421c48f096bc5cb6d289db9576d8e08efb08a92a889285eb68732,58158190ec7c4205a88484f3fc7210b4c35fcaa65b14eaa8c6b8168f8b6d389e,Cats/Dental Disease in Cat::6280629229720375018,train
Cats/Dental Disease in Cat/6280629229720375021_jpg.rf.EiocCdY8RJgxlJdVS0Uy.jpg,0,Cat - Dental Disease,split_group_96aa88f5d14f34fe18052ccd,a7a13eb4e0214794d29a05396e665120a372596316093ce6369e2261a673e830,0f380c7d47d000ddd4950fcad53121ae99e3626c79d2a35ca4911bad758976cf,Cats/Dental Disease in Cat::6280629229720375021,train
Cats/Dental Disease in Cat/6280629229720375022_jpg.rf.q7KfLq27ZGNIGhn2b1YY.jpg,0,Cat - Dental Disease,split_group_60808536c6f4698b471e031c,a14e290b8d832fc994b8d669330b5ca3d729db37c4e457c3b22a0f61d6a5123e,6439b862c008410967aa5c1f3e5b938397d1315a8b8cfac843bf45c84c136d6d,Cats/Dental Disease in Cat::6280629229720375022,train
Cats/Dental Disease in Cat/6280629229720375023_jpg.rf.hZ0Bvqo6pxNsxbrlkmwA.jpg,0,Cat - Dental Disease,split_group_e74c9dae87feff0252170909,8a224ed899afc819cd2ff3f5d6542a4d7bd5cff2eac8e36d2a164823225003e6,5fa09ff2ad0ff969b0bec646f381a73a8a8a0531185438078ff8e811551a988a,Cats/Dental Disease in Cat::6280629229720375023,train
Cats/Dental Disease in Cat/6280629229720375024_jpg.rf.NEy8WAYKZKfCYdRxeAFW.jpg,0,Cat - Dental Disease,split_group_a8d370deacf07664c9099e40,82d2402d63ecb3844a65aa564a0884e042d4e31cd4121a9104231890580bdf9d,e36b5099f9763fc6bdefb9cfc7abf91fcd48078aa7c4cb3a4471083a0f97e6f3,Cats/Dental Disease in Cat::6280629229720375024,validation
Cats/Dental Disease in Cat/6280629229720375025_jpg.rf.casVigo7sIm8Yoblo2qi.jpg,0,Cat - Dental Disease,split_group_1c65dd5874fe75819f49e2b1,244aa4a1f10c908d1d59e788f0d13ade74f35b78c5cc47a79e83655b37e81c17,b1defe9606a34e608182c4ccb861c8233ca744c3ca63346bfeac4465e6ec6aef,Cats/Dental Disease in Cat::6280629229720375025,train
Cats/Dental Disease in Cat/63D_jpg.rf.nMUtjIP9wNO1LBuZbaui.jpg,0,Cat - Dental Disease,split_group_dbbeefc2fb9f75b8f525e769,4c39767f35a03e48ebbd29ae56dfbbf92e02e193cb502f44f845f7b1c576b45c,8c4ea9fd42476c1313c5300431c702ac210433a6a6d0fbbb32daab0063328111,Cats/Dental Disease in Cat::63d,train
Cats/Dental Disease in Cat/63I_jpg.rf.x1kQrOKEaxbB4CjxYx1V.jpg,0,Cat - Dental Disease,split_group_dbbeefc2fb9f75b8f525e769,a5993fc99a51181e021231b255fe62eb57f81a00f384999b35a22403d57fb4ce,ba8a0a9851bc419bc1a8fb663b8823c788eedc26eaf2914d558d8df2bcf7ce59,Cats/Dental Disease in Cat::63i,train
Cats/Dental Disease in Cat/63_jpg.rf.1QkCahaywrepP5uf5wBa.jpg,0,Cat - Dental Disease,split_group_dbbeefc2fb9f75b8f525e769,1a99713f2264b6bcae2c634026d34e32baa3b858a9ea11c92cfc7f21d2bb9553,528994b7f8b19e82b22d69732716207dc2512c9cdcf3f653f5b93cb066c996c1,Cats/Dental Disease in Cat::63,train
Cats/Dental Disease in Cat/64A_jpg.rf.Hs8SZYRyNt5faIeN0SRk.jpg,0,Cat - Dental Disease,split_group_0134356ec6c5901d51333c56,c92da42bf5f80d8018fb488956efe190e2cb0aa578a95dd5bc00f0cfd9caed91,ddeb7b82d16a2dc05c6cf15e247e999260f3a18800c9c66ec5387d0baaa7ebe8,Cats/Dental Disease in Cat::64a,validation
Cats/Dental Disease in Cat/64D_jpg.rf.HpoJJRBNdHMsNU5yhqEL.jpg,0,Cat - Dental Disease,split_group_0134356ec6c5901d51333c56,138e594b2553df2e99c29bd4c99dcb5bc8465e48555b87b16ba2ad3eeab05674,783eec8acdda2a56fe6db0b2962b88a3f6fda7d8b48aaca5df673429728c160b,Cats/Dental Disease in Cat::64d,validation
Cats/Dental Disease in Cat/64_jpg.rf.ZWHFccLMESqM8meHArnd.jpg,0,Cat - Dental Disease,split_group_0134356ec6c5901d51333c56,e25875557e19f0f0e5f9cec4e409aa535ae7ea2afcfc36646d8c8815b54e3367,60ae80e840ab800c06f4d18fff70c85c287ab770d0c05ba9878f6e9349e43c49,Cats/Dental Disease in Cat::64,validation
Cats/Dental Disease in Cat/66D_png_jpg.rf.ZPIfkvpUIulamLWgmSum.jpg,0,Cat - Dental Disease,split_group_ceccb929d7b4cd6dcde5c223,317542c80a0a24d252f0c66440b350b74eba94b5bd3e0290206551f065264668,f553d927568d96258815f0b095658cd4765f45a42e621783509881b4d60627b8,Cats/Dental Disease in Cat::66d_png,train
Cats/Dental Disease in Cat/66_png_jpg.rf.fgdL7kRHXjMZdOJee5JY.jpg,0,Cat - Dental Disease,split_group_ceccb929d7b4cd6dcde5c223,bb1b3a7ef2f5d0d2fba3e86709ed7352159374a209e0417970a0f67ae7beb940,0830f45ecbf2333141a516176a3b997eba44fe96102c21c293490b8c9fe33f39,Cats/Dental Disease in Cat::66_png,train
Cats/Dental Disease in Cat/68A_jpg.rf.cHle2zaspzV0e8CjSQ5b.jpg,0,Cat - Dental Disease,split_group_cda02574450c9873631d0086,51f6196d357c5ec7082fba30ced045ef54edd9a56aed3a90b0bc8fbbb4c6a2d3,d78872ecd3f87d6e5c0060648c8c23de125407861739bba9075b468a07061337,Cats/Dental Disease in Cat::68a,train
Cats/Dental Disease in Cat/68I_jpg.rf.Qjh2axTu79P9qI9MvJbF.jpg,0,Cat - Dental Disease,split_group_cda02574450c9873631d0086,17a10635df78894f85fa424acedbde9bb4db6019de04ecd82970c18fb93f5c3f,52b5be3a1fc2be1540272bc1add8635b509f9498ae69a6426b1eebe62a18c2f8,Cats/Dental Disease in Cat::68i,train
Cats/Dental Disease in Cat/69A_JPG_jpg.rf.aggYz7MymfGbMIJg2L0Z.jpg,0,Cat - Dental Disease,split_group_68028281eedaab1316278727,072a9b93e3d65ec14b87c2bc113a5a12b1b341240d6f503f470b5f7f027962b4,3a44a515ac28dafbfcecd7864e081060b6ec0c0e7f37d34d010755eb1c03649d,Cats/Dental Disease in Cat::69a_jpg,train
Cats/Dental Disease in Cat/69D_JPG_jpg.rf.wqCD4aOQwCzeNqKEfVPP.jpg,0,Cat - Dental Disease,split_group_68028281eedaab1316278727,708ed6d44437389f7b3136a8218eb8567d1a9b8af9f0a6736dbc0aa8a757f330,c35ba837cfc06e080e82426f12dda91869e55269d1306f4c4e31d81166127b4d,Cats/Dental Disease in Cat::69d_jpg,train
Cats/Dental Disease in Cat/69I_JPG_jpg.rf.wkQ1Aq6xlxSFqczkmfZr.jpg,0,Cat - Dental Disease,split_group_68028281eedaab1316278727,b3b4d0040f327d7ab898fd9f2db114b052674d375543e4bfe517b75a3fcda06d,60dddc42d6bfbd725fe6b426de45d733d87673e270b1c64050b95265d5d2c33c,Cats/Dental Disease in Cat::69i_jpg,train
Cats/Dental Disease in Cat/69_JPG_jpg.rf.kGuhjO8dS0X5dyKFMvyG.jpg,0,Cat - Dental Disease,split_group_68028281eedaab1316278727,c35e75367ba80f013288c79c629356940710026ad0f9cb8b468e2645d0fce790,2c658f78270bba11eccc8d26dc59320a49e71da1efaa51a37af438de2c90409d,Cats/Dental Disease in Cat::69_jpg,train
Cats/Dental Disease in Cat/6D_jpg.rf.qmSHj5TIZaz7pBibV4TE.jpg,0,Cat - Dental Disease,split_group_166de0fdf30917f164c50eda,4d5008422b250d836074d3a3a3c7e2b7e64b4b2745b844df3a190381b845c469,98d6b644271b8eb8d9adddc6a92365f702f69e9cc64e217fb37d27b21745bf36,Cats/Dental Disease in Cat::6d,train
Cats/Dental Disease in Cat/6I_jpg.rf.ZZZq71ea8cAiUJO3l9Da.jpg,0,Cat - Dental Disease,split_group_166de0fdf30917f164c50eda,82f9527b098125ac277e77671e1c54598b72140a9f28ebf68eabde364bf78a9f,2468d3d7572d69afff1a735ccffede0847c830f30a0968d846ee83ff4b408585,Cats/Dental Disease in Cat::6i,train
Cats/Dental Disease in Cat/6_jpg.rf.2FcpZaIt62hfuSwPS0tR.jpg,0,Cat - Dental Disease,split_group_166de0fdf30917f164c50eda,5a85cef8884f0ed801f68e62d3f33d950b4e98c7707b4cd029f3b6076fe56707,b294e76f6079b0301c9fa775d9cbf318c37a10f90a224b908ad144bd5501a118,Cats/Dental Disease in Cat::6,train
Cats/Dental Disease in Cat/70A_JPG_jpg.rf.qgZT0fEAHCAzLmgHc1Tq.jpg,0,Cat - Dental Disease,split_group_50e0fea00e587a72a657e2fd,080868a37d92ae39612691829d3e4b1b80fc70d459d55458e992d76f347fd08f,1b96ce92340f763ab17f7022571df827ce3ff03b233b4d1f932179a1af0239d5,Cats/Dental Disease in Cat::70a_jpg,train
Cats/Dental Disease in Cat/70D_JPG_jpg.rf.8R3qicT0yu1F2sIC7qu2.jpg,0,Cat - Dental Disease,split_group_50e0fea00e587a72a657e2fd,a453baedfec6db7131a8b0f8ee87ecf876ca906a6391b9a87127b60aeebdf88e,51d6449ebbed29534bb1b9b0ac4bf4a08f2e0730ecab6dd7eb84a9cbeed3682e,Cats/Dental Disease in Cat::70d_jpg,train
Cats/Dental Disease in Cat/70I_JPG_jpg.rf.jIm12NJEgADU838PHXfM.jpg,0,Cat - Dental Disease,split_group_50e0fea00e587a72a657e2fd,1bc5d24a10c6b358616bb43c639ddc0107a4c9969108f96bf15ab617842d3c5a,1cd1249b8f6bde38e81d4eb092f389e0ba1277be24d93a9a1b16bbc319ce0572,Cats/Dental Disease in Cat::70i_jpg,train
Cats/Dental Disease in Cat/70_JPG_jpg.rf.SIwvTN52VC9LtOGnHxK1.jpg,0,Cat - Dental Disease,split_group_50e0fea00e587a72a657e2fd,c311e23d0e39aae594df6a27d77633ef7e02d6b5767e23418b4561db894c6862,85bba8951e6c2366c2c5bf7f91e1f8be8602ef27896a53ec7431ecc72d760e2b,Cats/Dental Disease in Cat::70_jpg,train
Cats/Dental Disease in Cat/72D_jpg.rf.UljYJFtNamJte0bF0wIa.jpg,0,Cat - Dental Disease,split_group_57be320d4868a724f8f35f69,2aa43f985287beb72470dc51a0d021a0f3158f8bff1a3bccfd270220fb583b12,565ed0aea8ca800598959376cfc1e99721e2038b9fe77d77fe1c28d8e9014a6d,Cats/Dental Disease in Cat::72d,train
Cats/Dental Disease in Cat/72I_jpg.rf.GxwNceEZ1VL6jQ3uJQ9d.jpg,0,Cat - Dental Disease,split_group_57be320d4868a724f8f35f69,dea9b79c78aaf5c6984ac42ab7a7fe93323bb2b92ddb2c9e6c0f26feaa05a90f,6888d2d126d324a65b6e9100f84ace250d7e788ec4a181f09666a00911148f27,Cats/Dental Disease in Cat::72i,train
Cats/Dental Disease in Cat/74A_jpg.rf.0MzyJgm1nHCBU31Lv1hb.jpg,0,Cat - Dental Disease,split_group_27de806c5f093b01d1c716db,344351b46c88811cfdce52830a5ade30fc1854b20e3aa82bf8d7a5ff20618afe,4a30171410d780403c3aae8f96368418601ed1b02294374797bdd6ee909232bd,Cats/Dental Disease in Cat::74a,train
Cats/Dental Disease in Cat/74D_jpg.rf.IAgvUHJ1JxR3dsiPYaXd.jpg,0,Cat - Dental Disease,split_group_27de806c5f093b01d1c716db,2cde5007a36839bd459717c612cab55c4e611e4f69e0fa09d9da2be2c38afce0,b0172da9ec30a4357662676959cf219d0d42980d5cd2fc1a75d3669b2e7303e8,Cats/Dental Disease in Cat::74d,train
Cats/Dental Disease in Cat/74I_jpg.rf.FrJmWo6wFOImbyhN4rhI.jpg,0,Cat - Dental Disease,split_group_27de806c5f093b01d1c716db,0b057462f9b2a6be6f398efe07cf4d0e900cac6e75426e19959756ed4e435ee2,fceb5105bb8a3ada18bf9af5a5b213bffece23389d96563b591db6d252e56842,Cats/Dental Disease in Cat::74i,train
Cats/Dental Disease in Cat/74_jpg.rf.6lPNz5OXD3FTHDDYq0Yq.jpg,0,Cat - Dental Disease,split_group_27de806c5f093b01d1c716db,9179214aad820afd5f174652f8b383b2594616d27ab1d3979b520b8a11b45ea0,9e62a053664c68e4c0f752a6e554d59e28ace1c9fa3b55ba53e2163ea4a36d4e,Cats/Dental Disease in Cat::74,train
Cats/Dental Disease in Cat/75_jpg.rf.a7XAoFlMIwSYX1JImVnk.jpg,0,Cat - Dental Disease,split_group_fcf025963217b630a058cf1e,4b2b6a02eea3752fea02589528baa4f8424e8f9fedac6225dcffe2bd1c412b8e,7b6731023da39f67ccd103943cb395826dd485071f06c82595e1a1a3eb87fff1,Cats/Dental Disease in Cat::75,train
Cats/Dental Disease in Cat/75_png_jpg.rf.P3WfjPqAQ9jQOhZaX2H0.jpg,0,Cat - Dental Disease,split_group_fcf025963217b630a058cf1e,e30429263a65434bbd91a2798e1a51bb2451c1c67ddabc7ef6f4acab29e6e7d0,05b953bee7358b053f3fb18c7fcd8bca06ef672fff83ec90e045b5b7494c7e3b,Cats/Dental Disease in Cat::75_png,train
Cats/Dental Disease in Cat/76A_jpg.rf.llAtZFygs2vUSG8foWbg.jpg,0,Cat - Dental Disease,split_group_5cefa6ab74f6707a3122dc2c,a0ba3fa288b4ae72992ac6000eee14dd3d8b1e7006c102f74d0aac946b35b4c8,df5a3fc6da698b45e912e0e9ea3be9d6942f03d49e817da853f78e55beede50a,Cats/Dental Disease in Cat::76a,test
Cats/Dental Disease in Cat/76D_jpg.rf.o5C2fE4O75utd0fJEnHy.jpg,0,Cat - Dental Disease,split_group_5cefa6ab74f6707a3122dc2c,340197c2871d273d6281ba275ad89c5458b5bba5c1e7c592cf1e19703aeba900,b35b5b4b48dec957d07548b27e2dd855c0862e6c7ae09e3c4df0ca3bb0bfae91,Cats/Dental Disease in Cat::76d,test
Cats/Dental Disease in Cat/76I_jpg.rf.j8DYVNa1huLt3h8v0XFL.jpg,0,Cat - Dental Disease,split_group_5cefa6ab74f6707a3122dc2c,21d378a2c02d42052025eed8d4a151a280ac4238099fb18c8b24f581d1dff930,9f9a5697572d6ed7b5f8453d2a2e0404b852572f2c838c75145ee9e45eaa7d7f,Cats/Dental Disease in Cat::76i,test
Cats/Dental Disease in Cat/76_jpg.rf.D6hLuQNs7275YDEeP7tZ.jpg,0,Cat - Dental Disease,split_group_5cefa6ab74f6707a3122dc2c,81a0b2d89cc1ccbd23ddefcca7cc659a734a0abab8a175e291f5d84636229b24,d40fe9304d99043f2abfb260bc29c0f16bd296ebdc5f982b63bc047c221abf9f,Cats/Dental Disease in Cat::76,test
Cats/Dental Disease in Cat/77D_jpg.rf.2R7JdGskXpRlVTfoqLDs.jpg,0,Cat - Dental Disease,split_group_f457955ff464315b99b0aae1,5cf7af7d49496438a004f655cdd15236ca2cd2cdb8ea0b721867495cc7ef0852,77e6fc818d54937d53faac5f8a07a7e9c5af22945288793f252babde0ac917a9,Cats/Dental Disease in Cat::77d,test
Cats/Dental Disease in Cat/78A_jpg.rf.bmdrEoctOYZEPsvw1SLK.jpg,0,Cat - Dental Disease,split_group_b10e43cc93c9cb4ea73bb971,46a5355fe6426d4845c6d501ee25af54dc22cbb023b4ca19653886a587bbdddc,27f63f1dec878b64449b583dfe9314f159f374777a9216ea413d8b96a2033834,Cats/Dental Disease in Cat::78a,train
Cats/Dental Disease in Cat/78_jpg.rf.cNJpsZlxCtPGkRvaOrWb.jpg,0,Cat - Dental Disease,split_group_b10e43cc93c9cb4ea73bb971,5cc72aa1cc91a07d77fbc4ecd52960ddc6d07b451df09d99c4788bde36df07ce,ae562e0efd8839e41e3fce44171606367a57454406e8aab1336ee949cfb1d9ac,Cats/Dental Disease in Cat::78,train
Cats/Dental Disease in Cat/79A_jpg.rf.JFfsKX3ktFS7S103HcVJ.jpg,0,Cat - Dental Disease,split_group_fbe2b0fc7bcbb0e0cea71882,51f742c29d1fc3e55af1f16fea5053056dca8c6f507a0acd35d5d61d2f881f34,dec237ba0e7d75a71067ded25c0d1b678953b8205d9e1fec510472a9df807ebe,Cats/Dental Disease in Cat::79a,train
Cats/Dental Disease in Cat/79D_jpg.rf.CTvWEJTUWyomMgAuhmVn.jpg,0,Cat - Dental Disease,split_group_fbe2b0fc7bcbb0e0cea71882,7b0933b1e41eee6ec3876e29425cf2742622759dc792441fe5a05c78f7caa9ec,205f6bb7c6e8021a086dd19fe10940aa5f193083b6463b2ba6cfb583faf67e9a,Cats/Dental Disease in Cat::79d,train
Cats/Dental Disease in Cat/79I_jpg.rf.SWVfNDx1YvhS1DB8d6OV.jpg,0,Cat - Dental Disease,split_group_fbe2b0fc7bcbb0e0cea71882,ded9171b2439b5842930b52e4a4f1a787364438fe0f94d9a999b0cd66eef4041,671ab371e3f4c40526d3b3cf9fe2a76927c6b274cd49ab682feb026e22a933f2,Cats/Dental Disease in Cat::79i,train
Cats/Dental Disease in Cat/79_jpg.rf.1HQXELTymm3tFMNcHpcL.jpg,0,Cat - Dental Disease,split_group_fbe2b0fc7bcbb0e0cea71882,e7515c4662e03c889d107797da286fb15e4d66cf95ee98770c13e140811815fb,a8d9328911a5778bcbe2147c0662868cd2abc327ef7053b848a77b263c788849,Cats/Dental Disease in Cat::79,train
Cats/Dental Disease in Cat/7_jpg.rf.BDae41EGWuiz83KDqbZa.jpg,0,Cat - Dental Disease,split_group_97b6287a686045470288f43c,303ad7bf4c48c933ac4e062879e6d560497ecbc4fc7d830016ced28ef87f36fe,528bf2eb2bcd464ad5fdd3299846bc4aa09e551c6a7aaaf2e5fba35e1bc4d7a3,Cats/Dental Disease in Cat::7,validation
Cats/Dental Disease in Cat/80A_jpg.rf.BEgJjkM6ZbCwYW7zTIyg.jpg,0,Cat - Dental Disease,split_group_fb69b77ca05639af115c0a3a,0845cb6955bbf624447df01270510ed154c20ddbabd1a32074342d6d48d156f0,c71d7954e1bc4d2072a45c06eb38951562a120441d45928199712bb121d141a2,Cats/Dental Disease in Cat::80a,train
Cats/Dental Disease in Cat/80D_jpg.rf.QZQtAp8Xvy5ulFzCMmtr.jpg,0,Cat - Dental Disease,split_group_fb69b77ca05639af115c0a3a,fa25b774789a1e90365fe5947aecde080cbf28b6a1f2634718f7f7565bf3f652,8e1dab15190ca27a6a4f9adb1b2d6da79937387de32aa42da022b936eb0b0294,Cats/Dental Disease in Cat::80d,train
Cats/Dental Disease in Cat/80_jpeg_jpg.rf.AoAeWNZHO1e3zdxd1Cz2.jpg,0,Cat - Dental Disease,split_group_fb69b77ca05639af115c0a3a,9c2a2a422955f3e08a0852cab95cbe05cacf35fb93538175700d008333c72d42,c11b0dae1d75562e57e4dc3810de7c8bc1a673ee4a3e2fddbbaff53a51bf2b7f,Cats/Dental Disease in Cat::80_jpeg,train
Cats/Dental Disease in Cat/81A_jpg.rf.zkcgg0swp5RKUZoZoxVn.jpg,0,Cat - Dental Disease,split_group_ce07c74a5b5d67d78d506f2f,45a7a7bd4307867da94f54e01447f67874fab176e8155cecf81c4a73f0ca5645,026d2ab33792eacb1b2be909549e8daa3c65aef2aae781bf4f2a4a417ea60f49,Cats/Dental Disease in Cat::81a,validation
Cats/Dental Disease in Cat/81D_jpg.rf.TVrQEAWQxxwd4SGR6qjJ.jpg,0,Cat - Dental Disease,split_group_ce07c74a5b5d67d78d506f2f,87efcac26a14d16f7df0cbef1f02f1f569ff9c1c47ee16485a69cf3ea9fa540a,46e516d9620b15a7f6e2acb897235e8176de8e1aa89818b8d832ea644eafc07d,Cats/Dental Disease in Cat::81d,validation
Cats/Dental Disease in Cat/81I_jpg.rf.eZo81x3Ny1QksA6MZn1Q.jpg,0,Cat - Dental Disease,split_group_ce07c74a5b5d67d78d506f2f,73c41fc2b4b7917e2960ec4f5eea3e14bfc932d621a1565951d0b3d22ac58e90,edee6bdae39105c2bc1b9a8bf69063f2e771f3ce69ae82f99759ed606ed769c9,Cats/Dental Disease in Cat::81i,validation
Cats/Dental Disease in Cat/81_jpg.rf.qKkEk3WUvOyeCchSYkKS.jpg,0,Cat - Dental Disease,split_group_ce07c74a5b5d67d78d506f2f,024ad7c1ce32a1f3c16033c55599c61ac54c15d3297f1c7d3e1ddba4f771c4f5,d76ffc03bc16c35fd98444001f2ade26593e30bb9d93337fb0b4edb9c6115e8b,Cats/Dental Disease in Cat::81,validation
Cats/Dental Disease in Cat/82A_png_jpg.rf.Fd1dktIMMtqKzahlJ29X.jpg,0,Cat - Dental Disease,split_group_0b70c4fed3a46e0773cba983,e73176bf0c819768235caa5bc02e422e8efc486ba268ccc9df3deccc304aa3e3,11ff812e4c24c56d4f005345288a09a88314d2f5a1f43b2537a56ebbe5acfa38,Cats/Dental Disease in Cat::82a_png,train
Cats/Dental Disease in Cat/83A_png_jpg.rf.eUXNoEHHnApN58NjUSPU.jpg,0,Cat - Dental Disease,split_group_be3d0d5b751716cf4102d718,b634875caa64ded573398d34dfa82fb2d2d75a22b1037447d461ac4351ebcf90,83a89a3be91775f67d6fcdd63cba5b35903c40d4b971d4c8e8c17365c818eeb3,Cats/Dental Disease in Cat::83a_png,train
Cats/Dental Disease in Cat/83D_png_jpg.rf.BZsZvfNF2dm0FYskN1Ef.jpg,0,Cat - Dental Disease,split_group_be3d0d5b751716cf4102d718,7ff8da1b04e454f675bd26414eaa46479f7190c2b3fd973d757c022b13ba9b3b,701dbb47ae25205bcf28019337a856d5965245d15e8728c6e864650387c240eb,Cats/Dental Disease in Cat::83d_png,train
Cats/Dental Disease in Cat/83I_png_jpg.rf.Tz2sU5uwUekvpht3ePhx.jpg,0,Cat - Dental Disease,split_group_be3d0d5b751716cf4102d718,2d7680623426244b5f3f7fe8f0ffdc653b5b11de1589f6b94a8d7349472279f1,10f33f632e1df7df6daa6a93510c4eee6309408ab3b9cacb809a4acf11fbcae7,Cats/Dental Disease in Cat::83i_png,train
Cats/Dental Disease in Cat/83_png_jpg.rf.03FVCGgnMDOfGrzHc8cq.jpg,0,Cat - Dental Disease,split_group_be3d0d5b751716cf4102d718,3164d001fd96dca8fa3b32fc5896c11f462918b231b8f6b94fd5d224dc73bf68,3e935edbe8ce6f17475239502a2e5b681c6c1e895af5148be8661a3510d7fbac,Cats/Dental Disease in Cat::83_png,train
Cats/Dental Disease in Cat/84A_png_jpg.rf.c1pCDONm8F8fmtAEm7Wb.jpg,0,Cat - Dental Disease,split_group_84b1d80880d5503bd9c932ef,a42d53245ce2f6a36a6119e0d6aef7c4d4ba8b7cba9c9f798bb25af005aa72c3,18dc7589d2449eef2eb9b686de91ea1f13bf806f25d364b238e4052423202f49,Cats/Dental Disease in Cat::84a_png,train
Cats/Dental Disease in Cat/84D_png_jpg.rf.muaQJuGfzX2jtgsr8t9Q.jpg,0,Cat - Dental Disease,split_group_84b1d80880d5503bd9c932ef,7aceee7bf0e865fcfbec76ff2ee1525912f2e548643858e1fb5317b17996be0c,e4361647e21f363968b9806514b08dbbecf210f104f26e38537b4fe4ea85c51a,Cats/Dental Disease in Cat::84d_png,train
Cats/Dental Disease in Cat/84I_png_jpg.rf.WrwpaU9t9mtOyFVuSekY.jpg,0,Cat - Dental Disease,split_group_84b1d80880d5503bd9c932ef,8273d1762e513a81aebac32af96eef34a464abc575d2975c03a40a11c7e518f3,ea7ddfecfc0c1bdb317647ce29fea19b77526f6b977435c2439401369d9b13c7,Cats/Dental Disease in Cat::84i_png,train
Cats/Dental Disease in Cat/84_png_jpg.rf.rsQAQbp2HAYqQdIDtohL.jpg,0,Cat - Dental Disease,split_group_84b1d80880d5503bd9c932ef,08f7c756f0dfd71457682e013b5074793a6e1e88d244cd6adfbb8e71d60d79c1,9e028f17472a61f5556e063b2d7f5a043d583559a5018a9296029caf296e6447,Cats/Dental Disease in Cat::84_png,train
Cats/Dental Disease in Cat/85A_jpg.rf.phAHr4sdhpnkoqmgMr2q.jpg,0,Cat - Dental Disease,split_group_2f73e38d5cf42e06723f4812,68e9f558c8e7f53ae53a092ca0874decbf37b79a8bd94ba33634791c1a6754fd,62f0c207749c9b45f8d169e5b539fdc56f53143f5b5390b73221e55ab7c72df1,Cats/Dental Disease in Cat::85a,validation
Cats/Dental Disease in Cat/85I_jpg.rf.SWh3rvD88lrp66DTNYgb.jpg,0,Cat - Dental Disease,split_group_2f73e38d5cf42e06723f4812,920a6b2bb9b0c23071bcf8d1b2a08266b361229b7aede4813daf0d2bf9e868e2,24f3af6848467957583cad7cbdcc87c8d6f11da3e21955ccae688cda98b093a6,Cats/Dental Disease in Cat::85i,validation
Cats/Dental Disease in Cat/85_jpg.rf.U9CdYZpTqlBE90ZshTvH.jpg,0,Cat - Dental Disease,split_group_2f73e38d5cf42e06723f4812,0cc9aca5d727fa6a72c258f28e37833a103f34783f1a67f68f4fe7c510e841d1,9755017ed03f2852d61b7ff35fd365943eb43db42067c59f2cb8d148ec6d16c4,Cats/Dental Disease in Cat::85,validation
Cats/Dental Disease in Cat/86A_png_jpg.rf.f28vlvtl4Snh85kVidvN.jpg,0,Cat - Dental Disease,split_group_27aac9b26f47bc181605fd6e,7e4d67d7063ac2a2282479014bc88c0fff31a0c4b38bd71b60167f8b75b4195c,6ab31783a042157ca14b6e9352f9f3a0079593af1a48cbcff38c6454fc915d51,Cats/Dental Disease in Cat::86a_png,train
Cats/Dental Disease in Cat/86D_png_jpg.rf.6bcGYwoHSFPZRuaBEO2r.jpg,0,Cat - Dental Disease,split_group_27aac9b26f47bc181605fd6e,d64892980aa8cbadfd3b692f7dc51ed5f5a7c886e8c272aca76947adc8666d1a,b2a48aa30f6d275de08ca734712056d2e96ce5ebf0a0eab447a4bcd4fb7317be,Cats/Dental Disease in Cat::86d_png,train
Cats/Dental Disease in Cat/86I_png_jpg.rf.eE940eZXPJv1RXrtRHrk.jpg,0,Cat - Dental Disease,split_group_27aac9b26f47bc181605fd6e,c50284f383746c4e8147992e042773ecee2ad85c32b934f326a59519453b7f52,991e9631e280948ee05b4e89796ae9379f72feb84c45a9d9116604a85ce7cb36,Cats/Dental Disease in Cat::86i_png,train
Cats/Dental Disease in Cat/87A_png_jpg.rf.b4pAWSzW4QvZ7JCJ0PQt.jpg,0,Cat - Dental Disease,split_group_4672028f5e9e4c463b6c4842,3129954d3e5f513fb805b9f8be3dee07a84d0ec2fd05c241602410297052fcad,edaef9507cc1abca3cf01da8a4b80776c56439cc2fd9d8c636d27674e1c6eb40,Cats/Dental Disease in Cat::87a_png,train
Cats/Dental Disease in Cat/87I_png_jpg.rf.0BOyXuCZmtwKqdvClFoe.jpg,0,Cat - Dental Disease,split_group_4672028f5e9e4c463b6c4842,8f6254927ee331573d2b0677e74eac947d9784c9833310e27916048abc3063f7,bf9b0bfd65019155bbc51c6974bc57da47214102c9ea5b20265ad0cecda75b15,Cats/Dental Disease in Cat::87i_png,train
Cats/Dental Disease in Cat/88D_png_jpg.rf.2LpwAl6i1jMZEAcyLhOz.jpg,0,Cat - Dental Disease,split_group_97b5186df5b95c105a7d23e4,263efd150e258d81d53884700572716f26b3fb638a98bfc29d3c2df678c5aaea,50b30764733d2b7799ceba08806f4ca63749553ce5baf6dd9ef6a4d816eb6e4a,Cats/Dental Disease in Cat::88d_png,train
Cats/Dental Disease in Cat/88_png_jpg.rf.D2pE4SDA5DytXmIS6LYh.jpg,0,Cat - Dental Disease,split_group_97b5186df5b95c105a7d23e4,6680dd7c593ded8a1959f47d6b1339c55ccae1a1a2f5e7945259eb65780926ac,d4c940dc2d76b4fa7ddb1b1601d1930fd8e221b7e12f5f41dd230ab913b5ab44,Cats/Dental Disease in Cat::88_png,train
Cats/Dental Disease in Cat/89A_jpg.rf.cTbUi1TusDz7tNWooADQ.jpg,0,Cat - Dental Disease,split_group_3d2e8173cd4fe96e99bc0dcf,4743d3f5dcf6bcbc211fac9b50b7275e949bd137d08e6c7451fef018c0ecccda,af0723cda8fad6ea54717bcdaad3b12ced87c9cdb4013817355ef7e782d3b5a6,Cats/Dental Disease in Cat::89a,validation
Cats/Dental Disease in Cat/89_jpg.rf.6h6ekfZUwDiLnhj8c6R3.jpg,0,Cat - Dental Disease,split_group_3d2e8173cd4fe96e99bc0dcf,0acca8fdca9b4a33f205aee4d11cd7c10988372d23616924a089fcca5f614b16,70c4634110e0661f43906875682af9bee20f03efe8ff0d663f7fdbaf634a62ba,Cats/Dental Disease in Cat::89,validation
Cats/Dental Disease in Cat/8A_jpg.rf.0fZRTGjCu7P4PlJ58x1A.jpg,0,Cat - Dental Disease,split_group_28395512bf14c51cf9fa0825,d2e6025b1a5d2f2abea31519ec9c91898125f3d4e26ff30aa10a544315cd64e3,e7a7804ce08864d9a3655f757941f4511f62befa5be598bea4ed9697ffc5f528,Cats/Dental Disease in Cat::8a,train
Cats/Dental Disease in Cat/8D_jpg.rf.HDRWxpsTjaoScJ3xpLix.jpg,0,Cat - Dental Disease,split_group_8401f4222bcdd7a4f08c8d39,9ca2c1ee81a01301322c34662c1677c21b5df3137252ea29f72d99c2dcbb9d70,8897b6e99c7f59630fa56dde65d99c363642fb2b7dc7742ef633dacb72508535,Cats/Dental Disease in Cat::8d,validation
Cats/Dental Disease in Cat/8I_jpg.rf.13wLhGJYo66bZhbvU1wH.jpg,0,Cat - Dental Disease,split_group_28395512bf14c51cf9fa0825,3d426bb9ea7029516b1e773c9f2bb87dca5b56e162e25d7a2da6c87f117768a8,b0e09162889e36f14528c64cb02705189a14afa2e0f70cdb94781922ccda9506,Cats/Dental Disease in Cat::8i,train
Cats/Dental Disease in Cat/90A_jpg.rf.uYTy2Bc6Axu3LwlGlRi2.jpg,0,Cat - Dental Disease,split_group_be4721988051e55e43e7c387,5605968c94b736fc83f061eec8db0a6553f1d93190a76163a63dd2ef9a6fd579,6c88d96cb07c58e53ab18500b6fdbb372d68b5e5b8d848d38d9ca7f4fdda6cc0,Cats/Dental Disease in Cat::90a,train
Cats/Dental Disease in Cat/90D_jpg.rf.wVYqeHbFSSOl4gLPcUyC.jpg,0,Cat - Dental Disease,split_group_be4721988051e55e43e7c387,d0a19326b9462d826f1d2d256718a4259cd743d093de329638d985876741076c,cfbabb59fa924698583c77d037598aeca8ebd0c49b4eaf9986890a4b8a229694,Cats/Dental Disease in Cat::90d,train
Cats/Dental Disease in Cat/90_jpg.rf.2G3zaxL7g5MI5vkXp3Ei.jpg,0,Cat - Dental Disease,split_group_be4721988051e55e43e7c387,dc168693781904bcc508930001b74e2678dad2aca516612f0a641413c07a4375,0f7c5117e51bbfb0044d53e77f85d61a8416d6966bf7d9eed64f015a16856813,Cats/Dental Disease in Cat::90,train
Cats/Dental Disease in Cat/9A_jpg.rf.qtwnJ5XPe2qUbEhIJyGL.jpg,0,Cat - Dental Disease,split_group_c9fe544d5664c6f4801cf7a3,1732d050e59d45f0c3ed4c6120761416e876ffa788c6afa4a2a03aba6c7964b7,37a6ed675c5579a235a8ebe02abf3c6a3ca271e6d05e6c3f43874eb0cadff676,Cats/Dental Disease in Cat::9a,train
Cats/Dental Disease in Cat/9D_jpg.rf.U3gXYK24LzxE3vwvpFMl.jpg,0,Cat - Dental Disease,split_group_c9fe544d5664c6f4801cf7a3,0f567eb4c0ee1ffd0780a2f6d86a3a0e3db43016fc0077e05e6092b59ab90d11,7ac33352fd8e2a5f5bfc8a78ea19079c1fd33b5336e32f47963ac4c945edf817,Cats/Dental Disease in Cat::9d,train
Cats/Dental Disease in Cat/9I_jpg.rf.bPvqM6cF72p3CC3Wixsa.jpg,0,Cat - Dental Disease,split_group_c9fe544d5664c6f4801cf7a3,401ac74d4c035b4601478f7d77be2bcfbbd795500ef1a1b64f3f35d95a0ce53a,a9563214ff8047312d3ab25d88d4248643671140c699740ef509aba7002a23c1,Cats/Dental Disease in Cat::9i,train
Cats/Dental Disease in Cat/9_jpg.rf.NyOVhbtlVx7vgFvFXFgT.jpg,0,Cat - Dental Disease,split_group_c9fe544d5664c6f4801cf7a3,c63627df005429b47e924899f55a9964863eeddfe5d5eec66ac5277e783cbe9f,9df6735277724c98c08f293412d724cacd28fe2972fd311217aa360ebf783fcf,Cats/Dental Disease in Cat::9,train
Cats/Dental Disease in Cat/Image_1.jpg,0,Cat - Dental Disease,split_group_c8b6368ccc3ade4a1c909ce7,f5b6b35baf1669a15589775e637255083e04c304024d7388989c4db185eb67d8,c91d928d644ebad8eeb0d17ada5d6a97bb9455c361f1d4fba5a30d7a1069668f,Cats/Dental Disease in Cat::image_1,train
Cats/Dental Disease in Cat/Image_10.jpg,0,Cat - Dental Disease,split_group_fdedee1047384a199a67434d,ddcc03c1c720011e24346c880dad16becdad72280c1a683aeb2a4a6954966006,8c3c89c301e04b03df05fac5ab62b6905848de231676e25020f8a3730f12f2d5,Cats/Dental Disease in Cat::image_10,train
Cats/Dental Disease in Cat/Image_11.jpeg,0,Cat - Dental Disease,split_group_59486e0fb5a43ff843505f61,dc0cc229f305dddfb31ce0ccb1a39b13931c111cfb74535799810b0fd9b1e205,ababc5a886f14f0a541573ad90e676d59dd4654278530df9978565a94efd17aa,Cats/Dental Disease in Cat::image_11,train
Cats/Dental Disease in Cat/Image_12.jpg,0,Cat - Dental Disease,split_group_50c2c9a536f943509973aa13,e7c67fe240bdc45fbe01ca6e0daaf4edcebe38b14c150da6c0e1c5134eecb137,688b0d8e82ce35beead6a58e4e1305050b34ab2aabac333ddef29f5595324ac8,Cats/Dental Disease in Cat::image_12,train
Cats/Dental Disease in Cat/Image_14.jpg,0,Cat - Dental Disease,split_group_a6aead43603da564f1f16188,75013dffe7a0621e5e80b3c0e41e39746f59d53f71fc4ebfccb909756f446518,71cc582cbff640160551c95fd4389288a9dcab4e7fa3de42c08b960890051d17,Cats/Dental Disease in Cat::image_14,train
Cats/Dental Disease in Cat/Image_15.jpg,0,Cat - Dental Disease,split_group_43c6916411b35bfb3a3bcb6e,bdc8ccdd495a63ac1dda11cc59687b9085eddcd9440d34f117d820c41c1233db,52d3c3fa5c546ae420c3c46d71cfb3b7b2d389d63f7213e990c270c7dffeca88,Cats/Dental Disease in Cat::image_15,train
Cats/Dental Disease in Cat/Image_16.jpg,0,Cat - Dental Disease,split_group_18112af8ddb7a5ab49fc283d,ae9a3c80867ba2775e1aed23f1c95286c3b73b918b4b79eb69bb3cc963b6f8fe,ddc51d240062e02dad6ac3556be6a1faba311885c91fa6c44e24307992d1d227,Cats/Dental Disease in Cat::image_16,train
Cats/Dental Disease in Cat/Image_17.jpg,0,Cat - Dental Disease,split_group_0834749e1115601038f82ad8,33ee6c28fa485b2506c96306d55f507b3fd24e5e24e3431f4de7603dfdff7ea0,3de073857ccb1ae5afa57b51e923c0a8402618477d36e6edc8efec19ed7d5a86,Cats/Dental Disease in Cat::image_17,train
Cats/Dental Disease in Cat/Image_18.jpg,0,Cat - Dental Disease,split_group_f9466bbfbd1dfe661e78d424,2b04f621419bdf8f06cc34b3075a4f26be373e14340ebd87f1d407fd8d0ee497,d8d20b69e959681552c0e4150eae3bffccfcf7038a2a1c8616aa3d49f95576eb,Cats/Dental Disease in Cat::image_18,validation
Cats/Dental Disease in Cat/Image_19.jpg,0,Cat - Dental Disease,split_group_9f31a833474af494f1d69409,9cbe55b9bdd2e2687232559084b03ab77a2a7ee4b5298920a45e0ff41e18c323,d18554b0ed00d19f22fc86a02d7019b490c401a30527273fd34d965f654131c8,Cats/Dental Disease in Cat::image_19,train
Cats/Dental Disease in Cat/Image_2.jpg,0,Cat - Dental Disease,split_group_674b59c4b570ab075d8be77d,65edea6670709d110e06a9df45a5cc6b3d7199c8468711c16007428b1b6c121e,80829e1fee0c10275b5b1271a0e9895e2b795de68357608f1188e21e56502ef2,Cats/Dental Disease in Cat::image_2,train
Cats/Dental Disease in Cat/Image_20.jpg,0,Cat - Dental Disease,split_group_e1bb5c0428f6e14d4e54f8fe,5d95ad1e50530b605ae0b1c7a1c5c1d8eb6439f26dc84be88b770e36c484d56a,da4dd7e1897d9fddb210e997ffa5972dd0188886b023421640a00ed5b2c61bf4,Cats/Dental Disease in Cat::image_20,validation
Cats/Dental Disease in Cat/Image_21.jpg,0,Cat - Dental Disease,split_group_10355d7ad33a24f1fc53bcc1,c5e81ed3bd2af36270fe5ee03636fc3d70de22ebd659a169c03e6f4573af6d1f,9108bd5d6f520283a14bc4440f009891b54ede6d1096e0577c558446b39b50b8,Cats/Dental Disease in Cat::image_21,train
Cats/Dental Disease in Cat/Image_22.jpg,0,Cat - Dental Disease,split_group_59ee1dc23afe38631a6d647e,023702666a2dab0451d02a263c228b2ba7127ac8092cdef105ca5286f01cf09f,ac2cbec41ab66d107a9dd50f154e79099ecb887f34f79282f421e53d7f1249ff,Cats/Dental Disease in Cat::image_22,train
Cats/Dental Disease in Cat/Image_23.jpg,0,Cat - Dental Disease,split_group_a3da5a9eca9a723ad2cfc24b,378b4eec993fecbde4187f9536525aceda4fb68fdc9f132447460e03a927fa59,f6c75543734d2d171832a9cc6387cf044095de5b26aed54e4b65795fdfbd8ef0,Cats/Dental Disease in Cat::image_23,train
Cats/Dental Disease in Cat/Image_24.jpg,0,Cat - Dental Disease,split_group_f3033757e4f71c37d6474ffa,92e9c5bf1902e62efa2d36ffce0292556e0313e359bc8077b7f0d0f1d329d9da,4a9a1d5430fa8dcaa693c16b78b22bae2fa9c1ba54fc072538ae13ba3bc975af,Cats/Dental Disease in Cat::image_24,train
Cats/Dental Disease in Cat/Image_24.png,0,Cat - Dental Disease,split_group_951af523cdef70aa5f4e526d,d6a8acb2f3d9ebfc1896d96853725b83cfe711cfbf657a7975a1edc0b60ee9f1,128b2c68d861b223c67f99ca079d0e7c56758caa045a724f129581b28e6675ca,Cats/Dental Disease in Cat::image_24,test
Cats/Dental Disease in Cat/Image_25.jpg,0,Cat - Dental Disease,split_group_b11a8701340162df483bbce1,04d51bec2844c5d4096c84b0cf35134c8bfa53673fb126f991d2df0d608a4e4d,9e1ec3d3bc6ff55a8daeec4ffb9dbe4805fa86ea61fc70c86689a12bee6fec0d,Cats/Dental Disease in Cat::image_25,train
Cats/Dental Disease in Cat/Image_26.jpg,0,Cat - Dental Disease,split_group_427d55fb055a9234a39b125a,596625d372d4dbd3c49abedbd2f513bb1e35ba82cb533b1afdcfb9990c6c8a44,1c9d52b2fcd6cd169fd748542b4f4e5409e0a6e7dee1816602550c007281e8d4,Cats/Dental Disease in Cat::image_26,train
Cats/Dental Disease in Cat/Image_27.jpg,0,Cat - Dental Disease,split_group_70f2973e327954720d4e72ed,bcc3b57e7366ef38a65aa2b8fa35d86569db8d0f33830ce9d94d66c5e3fafc7b,93553c18f812062a63abf8d54e1c43289a4cccdf28be9a110ab64fd8537474f4,Cats/Dental Disease in Cat::image_27,train
Cats/Dental Disease in Cat/Image_28.jpg,0,Cat - Dental Disease,split_group_50943826a0c1b44d01fe1fa4,022a109dcb607ba769c8ee3493720c83ace33b5793b6e4bf06e5f82e503f4aaa,9ba6b4e54c3891b6260eeff17893b4349d6b1ab607362ef6316eddc2192d7612,Cats/Dental Disease in Cat::image_28,train
Cats/Dental Disease in Cat/Image_29.jpg,0,Cat - Dental Disease,split_group_8f4c9b64910f22ad2a93b2de,b153e78b41b96549edc94859ede0f4cab29def0db6a3ea84fbc55034d6abad9c,09b3382e3aa18aeda4dc3a4ddc8149794685bde6646859e8c2ddff8f5566f4a5,Cats/Dental Disease in Cat::image_29,validation
Cats/Dental Disease in Cat/Image_3.jpg,0,Cat - Dental Disease,split_group_e4efa0b1d23946a9d002245d,2111438833be1aacdfb75ca6077db5c8f791e19dabd18661267ba83dc2c5ec89,bd928e1b3d7bb378b7d968a850b25375b86ddf72c8a01c8e3476879562956b8a,Cats/Dental Disease in Cat::image_3,test
Cats/Dental Disease in Cat/Image_30.jpg,0,Cat - Dental Disease,split_group_92d182d562625eeb36add176,47d780a4f8a34f2da43723515d5c221b489381db5db897e4fa4be3cb512522dd,e39f2aaeab7d0661ffc1a1ef3b7abdd2226a888bb1381a4c566933d03a057ea9,Cats/Dental Disease in Cat::image_30,validation
Cats/Dental Disease in Cat/Image_31.jpg,0,Cat - Dental Disease,split_group_b7927d4788085f7dfef5f73d,2d1f86ef390c8eeb8836a18165078aee3315a2c5f9569347f4ccbd8f84a3c5a6,638cef0b04a9296aeb59247da9fcf49cc1a1fdf21fe6061e62de555ae70a1207,Cats/Dental Disease in Cat::image_31,train
Cats/Dental Disease in Cat/Image_32.jpg,0,Cat - Dental Disease,split_group_8db9a916508985fc3be2fe91,d5631929fb22fdc856193694a4f88755277b84f7515b4bc035c2a334f715e9d7,88e8c71ea4607e1a54bf74c655eb5b480e5b76ac92a391c6106a5587a2343960,Cats/Dental Disease in Cat::image_32,train
Cats/Dental Disease in Cat/Image_33.jpg,0,Cat - Dental Disease,split_group_b033bc4fcab56a19fdcb3c30,74f838874c5e250bc219b4fd596a6f4d09c45cd8300308b9496873e8f59d2e5b,a30c3f2371314084fd35b77b25c1610d330dd5290168f0236a73ea25681884f8,Cats/Dental Disease in Cat::image_33,validation
Cats/Dental Disease in Cat/Image_34.jpg,0,Cat - Dental Disease,split_group_0ff83a99c97b0f1b91fde995,6b9874a6d8bfee76981d56566d923a5af944f40e410fef40fa5424743462c627,7118cd1f07a7014589e93706150cda113a90981fa28454377a79c02885dba521,Cats/Dental Disease in Cat::image_34,train
Cats/Dental Disease in Cat/Image_35.jpg,0,Cat - Dental Disease,split_group_800f1d68d49dc459375e3dca,157876d60b50be3a37ccbd36100d17acb5f6b5aac2c39d059e581d7fb84ce8aa,ef71e66ca763995cdd0b24faaf488ce6368573c0e087de45eda42749f66666f7,Cats/Dental Disease in Cat::image_35,train
Cats/Dental Disease in Cat/Image_36.jpg,0,Cat - Dental Disease,split_group_6b7f1eae72278f44b12a71ac,c1db824d88521774da205c0d7e97bb7807b8b0de17540088771ecbde4a66f005,9ad730a356939e4ae11b07357ae0ba4ae459d95eb6c39068ff669e399ebe06ed,Cats/Dental Disease in Cat::image_36,test
Cats/Dental Disease in Cat/Image_38.jpg,0,Cat - Dental Disease,split_group_17017d6486e778d5d0d67735,08c04264db9b912750a03b006c6ec5988aeed006f7380d51b8bda8ba8af5c24b,6789558a7bea139d5c8579c25d0247274058f3fe071074f84c0bbcba156c72c1,Cats/Dental Disease in Cat::image_38,test
Cats/Dental Disease in Cat/Image_38.webp,0,Cat - Dental Disease,split_group_cf41e95bbeb747d40bf4f8bd,7085fb5cf19ae6b2a55ccd480a71a48af9a0acf1dea77f59a9be39dcc27b493b,392e7f87bb1de87a7506f7d1e373b2c99c7c2dd9420eef1ca598cc2ed0d276f2,Cats/Dental Disease in Cat::image_38,validation
Cats/Dental Disease in Cat/Image_39.png,0,Cat - Dental Disease,split_group_c1c990af76e8f5d4d86ffb92,4b1e99aca4127bd11f27db752648d54df78c25ca25b52f912bb1d040f5793a6a,5c38f1616df055d21b3bac8cd01eebdbb3c458550c1ebbf52a1349562439df6c,Cats/Dental Disease in Cat::image_39,test
Cats/Dental Disease in Cat/Image_4.jpg,0,Cat - Dental Disease,split_group_0ff83a99c97b0f1b91fde995,d681e2918a0655e77b3283ac525162c4ce7bae40088837fe23e8c28f19fff8ef,b68a9d024ea6518ce43a487818b2a2c31bf724d45114bfb427c737a72140e502,Cats/Dental Disease in Cat::image_4,train
Cats/Dental Disease in Cat/Image_41.jpg,0,Cat - Dental Disease,split_group_e4efa0b1d23946a9d002245d,fe6d423db66a90b75d9cc88a5d2d0677b27f3661ad04c33bd655b105ffd7c304,6bd53da2ad85841c7411478580b5c7a6598ded95e9a76ce0233671e67e24948d,Cats/Dental Disease in Cat::image_41,test
Cats/Dental Disease in Cat/Image_42.webp,0,Cat - Dental Disease,split_group_60ed4f2176b6ad27c45eb8e1,71cbcfbc242205d207af200d2483903133c247763510f347a9f2e61ee06a50d8,343a784e04efeed34a3a105155bfebbe7ae3dc68430b0dfa3ffb85a29a1d9987,Cats/Dental Disease in Cat::image_42,test
Cats/Dental Disease in Cat/Image_43.jpg,0,Cat - Dental Disease,split_group_8f4c9b64910f22ad2a93b2de,6d7df6b493bd63b534655d3aacac8f5af9cadfc3a8b97956b0fa1dd6841b2a7a,430cb26b5523ad8f7a3bca0aca7c95181ff3ea131f4007bfa9709b7612688279,Cats/Dental Disease in Cat::image_43,validation
Cats/Dental Disease in Cat/Image_44.webp,0,Cat - Dental Disease,split_group_9f31a833474af494f1d69409,f2c96d6996ebb74c5768b7f8b880834cb153f7f524fd7817fa8b221310335620,78a088dbcf7b46c4b356cf6e7e033bb96ca08b344532bcf888dc7aa26683e59f,Cats/Dental Disease in Cat::image_44,train
Cats/Dental Disease in Cat/Image_46.jpg,0,Cat - Dental Disease,split_group_b330f827e9ddaadce4fe6833,9bc921847cec321057c965ce462ceb8e9f789eff604d1efe611ab38eb7cb656a,c7b7985a84111e529236a12f22c2ca3aa6b191381f83258700235bb862eb6576,Cats/Dental Disease in Cat::image_46,validation
Cats/Dental Disease in Cat/Image_47.jpg,0,Cat - Dental Disease,split_group_3d4b37d3ebe13ead6cf2bd15,06804db5740903d906b7adecc56f69933c33b9262cce36973d4968c513ce1b7e,8ddacb68ccb8649c31fc2c3eaf50006c54b790af056d49e490b5150baec9261e,Cats/Dental Disease in Cat::image_47,train
Cats/Dental Disease in Cat/Image_48.jpg,0,Cat - Dental Disease,split_group_b8469cea0cc4c38c0a12453b,159ad37fda5bb357b2b3a2c26e44c77a3163dc85d1a89d5355e7906fab4b3c47,5e7b562bfce22fd4d66a3cf3ff8e8d4dd3cc3f2c9c83e09bac023b2e4a243db2,Cats/Dental Disease in Cat::image_48,train
Cats/Dental Disease in Cat/Image_49.jpg,0,Cat - Dental Disease,split_group_a6aead43603da564f1f16188,22637a6a874484e882ba431558b208bfe19eae5159a9fcc3428c98643de4b6a0,cb146ba19a6f59d2accfb86aaa71f3a257d30a44de3fdcf5462e88d6380e4b68,Cats/Dental Disease in Cat::image_49,train
Cats/Dental Disease in Cat/Image_5.png,0,Cat - Dental Disease,split_group_74eddf883aa7af9ce9bc7f96,403848819b81ff8eb3da3b93e3f3bac4252e6d3aca0d4dd8f3b6ed9e0bf46fbf,a778b696a26c07f774d7cc5e92961065291fa56d5add60acdd7de1331c66b8ac,Cats/Dental Disease in Cat::image_5,train
Cats/Dental Disease in Cat/Image_50.jpg,0,Cat - Dental Disease,split_group_fdedee1047384a199a67434d,e041da32cc9fec25744e731e98d4632490bb5cb7fa7d0a3b61099e3c5a082e01,d887951b124f271efa3b68b7164eda14a8206d71ccadc41bcdbb1c7a47091d16,Cats/Dental Disease in Cat::image_50,train
Cats/Dental Disease in Cat/Image_51.jpg,0,Cat - Dental Disease,split_group_f8cf2d52828e2596fbd58d9f,5858e930af8f6c20a3a72fa6372af8dd8e83dd2f8237fb6afc3ac333ff2ad09a,7887121c680bfe6bf1855ee7db03c29e77624b6c1e090b4025132cbf31c1b8f7,Cats/Dental Disease in Cat::image_51,validation
Cats/Dental Disease in Cat/Image_51.png,0,Cat - Dental Disease,split_group_76e13a3091029cdaf5fca54c,0728dd2715f4cdd42cdc9392a35a6a7ebf023dd88d5dae61298c963a4634b84c,beb43717cca7156ccc7ad6de60e6926c4cf57c1aaa42caec59c694523aa34a5b,Cats/Dental Disease in Cat::image_51,train
Cats/Dental Disease in Cat/Image_52.jpg,0,Cat - Dental Disease,split_group_324109c5d1f263b418ad7644,3fafdb154b12fef125f4a996506961c423a700d6b39ee677d21a853cf7359464,e5cd1abb854af5e9780abed8fba2d72eeb23eec3f1223032790e65667e0ae86e,Cats/Dental Disease in Cat::image_52,test
Cats/Dental Disease in Cat/Image_53.jpg,0,Cat - Dental Disease,split_group_6116f3008a5fa2701f10a14e,49e0923f7b059ebbdfb11c4bb948db7be6a1d6239cc89a593f1d02a058530d7c,2a6e0e784e9208692e807904faee6cbbbeac3b2d4e080a4485a68554841d661d,Cats/Dental Disease in Cat::image_53,train
Cats/Dental Disease in Cat/Image_54.jpg,0,Cat - Dental Disease,split_group_0834749e1115601038f82ad8,d6fc08c01e0086d341d0a2d84c2c5bb63ddc0936a0569ee951dae17f32d38861,88199c04136a9549878c3c9fd2274905510b1d88296c71f51e4182b90df72e45,Cats/Dental Disease in Cat::image_54,train
Cats/Dental Disease in Cat/Image_55.png,0,Cat - Dental Disease,split_group_d57f805c85ae2c1d4afa438b,eaa2edd600db0b428b188a315981a8a8901ed93ced38d8e7bf19ff9ebe73b381,715dc42729e9db2c75bf044da3bad29640b6a3febf8ef0ef1af2638d48a8e59c,Cats/Dental Disease in Cat::image_55,test
Cats/Dental Disease in Cat/Image_56.jpg,0,Cat - Dental Disease,split_group_876f8f1d216e72822d30de0f,a82c664ab33c442f77eb4203155e34738dde213fa7c3fa915ff8d68d2b6e0620,65c4b64dd6c9ab5329395c0c494e16d2eec5ec0881e561f53ec6768801bfd634,Cats/Dental Disease in Cat::image_56,train
Cats/Dental Disease in Cat/Image_57.jpg,0,Cat - Dental Disease,split_group_b330f827e9ddaadce4fe6833,4819b5443c23ac2aaecce567782501ec78d6cd9f301b49899312a05c7924be7a,70927120b1d131306d0b52d128e1bff7d37b0c93bf842dd4c256176e5d3fb22b,Cats/Dental Disease in Cat::image_57,validation
Cats/Dental Disease in Cat/Image_58.png,0,Cat - Dental Disease,split_group_86b99e72dad00784e4e43960,4efcd81d3c716a3b4159017d4f95311bdf43c342053795be114ebe0ba605484c,07a6c810ca0541217c5b0e26ca32410b08b8a95ec9b9916ba6d61e23cc110db9,Cats/Dental Disease in Cat::image_58,train
Cats/Dental Disease in Cat/Image_59.jpg,0,Cat - Dental Disease,split_group_76ae6fadad22a860ad4ef311,8a7f425e508590ceb852a8f25e6301d658215707252e2ac897036096d250a2b8,0736ca5c713ae47beb4adc7546acd76b7fffc9ebfeefe453040c155df3806284,Cats/Dental Disease in Cat::image_59,train
Cats/Dental Disease in Cat/Image_6.jpg,0,Cat - Dental Disease,split_group_c3ca7b2474381258f3fd34bb,fe4ffa5fcac55119a67ad801a25e9f7c1be6299d4fe2775ff5ff97c6874f8631,e622cf6643b3ecd5a8d3dcd3d230e40a6f4474a4dbc2dc19b6e38ffb3b2bf299,Cats/Dental Disease in Cat::image_6,validation
Cats/Dental Disease in Cat/Image_60.jpg,0,Cat - Dental Disease,split_group_d52cd86bc77c52b8efc20fd0,2550c9526176bb4cccc0de762ffd2e94b2034198a051ea4175fc0246dc866bcb,f782a07d282d67af37ff2c3706836b997a130140fe48415c5a30b898c39e47e1,Cats/Dental Disease in Cat::image_60,train
Cats/Dental Disease in Cat/Image_61.jpg,0,Cat - Dental Disease,split_group_5baf54c535519208ad8fbc03,73662f3a6c2bb7df3935ff18fee68e14c3bbae42365a04e5de2bea9cee82d014,f7045bf8363aab4f62693d458b87b8e80690ba08865c3d52dbd516cd259f6adb,Cats/Dental Disease in Cat::image_61,validation
Cats/Dental Disease in Cat/Image_62.jpg,0,Cat - Dental Disease,split_group_c69802b78fe08ca93a495d87,59561b68e7613eef8abaf72e9207d189c1d15210884b5dcd6dbccdabdbfbe0b3,ab93dbb5c3c0cddb920f4d3d298c839bc75ce9e8a5d1a9e5f7c022e59b5a4553,Cats/Dental Disease in Cat::image_62,train
Cats/Dental Disease in Cat/Image_63.jpg,0,Cat - Dental Disease,split_group_6148baf533bd3e2439f2152e,691e21f6ec87262d2a6086c128bcae020ec30a11c7f9aa4b3763015e0ffd89f9,5c6d03cffd99edcc642f22c10f37411e8f96c7d9e51d048b4ad21325058f02ac,Cats/Dental Disease in Cat::image_63,test
Cats/Dental Disease in Cat/Image_64.jpg,0,Cat - Dental Disease,split_group_8236163b44177821198e307f,72dd8a535aabfe815d5abf2e26e5c6d72f13f289ef2faa44e1ecf45fedd7cb92,8858310202501a8b8e919f2d8ba37c2a51d351ae8a37fbce5008bb0abcbe4a47,Cats/Dental Disease in Cat::image_64,train
Cats/Dental Disease in Cat/Image_65.jpg,0,Cat - Dental Disease,split_group_c3d905118519c2de3bc878e2,e05640ca28d8888e9b7256e04520d02c9acff2c89c8ebc1d5989f99d61d15ead,cce3cc708325a8e052547b220ca68aaef8c00088b016a1390688c6cddd99cd14,Cats/Dental Disease in Cat::image_65,train
Cats/Dental Disease in Cat/Image_7.jpg,0,Cat - Dental Disease,split_group_4704ec7d4bfe04de0ad74403,f6b49ac15fcb785873a0c6eeacdd9760465a80323c66de8a116ea806b068a6d9,00ec8012c7c4fcb46be95954a93874fb0c467c5394902e71afb08ebae6faf14a,Cats/Dental Disease in Cat::image_7,train
Cats/Dental Disease in Cat/Image_8.jpeg,0,Cat - Dental Disease,split_group_f1413dbf7987d03eef12e8c0,6f73836426453bf888e5b848e854a112d0000ef9c9621005fc149636f6a06a46,d0d082e293ee754809ba1ebe46e12a2d070de7f1c4e728b8d150360bd55b6d46,Cats/Dental Disease in Cat::image_8,train
Cats/Dental Disease in Cat/Image_9.png,0,Cat - Dental Disease,split_group_d57f805c85ae2c1d4afa438b,316b3e3362a9496cd5c750f7b75076e954b948752810a49e321da929f9ef5f10,6ac554968478ba96c043c4ee49225008ad71419df45507d0f072311bbabd6558,Cats/Dental Disease in Cat::image_9,test
Cats/Dental Disease in Cat/are-his-gums-a-healthy-colour-v0-jfcg4jo9rxof1_jpg.rf.Uq3emQ0EDFGJO4zc3YJY.jpg,0,Cat - Dental Disease,split_group_cc320d279742a80c13f4e4d7,7ec6515e275ff99d9d6674fde214dd29782c344e00793036922d4fafd5db99cb,1dc3369781a77f180152bd0222e41ec6506e8030b812a363efdacd8b6b9ff45f,Cats/Dental Disease in Cat::are-his-gums-a-healthy-colour-v0-jfcg4jo9rxof1,train
Cats/Dental Disease in Cat/are-my-cats-gum-an-okay-color-or-should-i-worry-she-lets-me-v0-cboa4vyyhoh91_jpg.rf.dRXTOEOZ6DK3FbXyDItY.jpg,0,Cat - Dental Disease,split_group_2bf4ef72851c27049aa92126,cb309944125dfda75265465d2093ceaa44fb6e459e81b40261525df3c8a1de3f,19215d0b701e606f580c4be718e2035f45d1eb862c256d4c508fa804ba6cabe8,Cats/Dental Disease in Cat::are-my-cats-gum-an-okay-color-or-should-i-worry-she-lets-me-v0-cboa4vyyhoh91,train
Cats/Dental Disease in Cat/are-my-cats-gums-purple-v0-qrjm2817zx4g1_jpg.rf.wwunXsIjWuqcS0MsgroA.jpg,0,Cat - Dental Disease,split_group_773301e34d6bb819983dc4f8,c2f87f497c90f98bdaad4e7101b16412424f6bf71f26cb5e45699f87c21d190a,ba4774356f81c2285c046259ad1c72b8587c74e39f67896772e63d66967576f4,Cats/Dental Disease in Cat::are-my-cats-gums-purple-v0-qrjm2817zx4g1,train
Cats/Dental Disease in Cat/cat-gums-pink_jpg.rf.xOYogyApkOMrv5krXnyS.jpg,0,Cat - Dental Disease,split_group_8f958a7034cf60c19d89e9e3,62f2d4270d70cc2f2baa5d775bc7e0cbc6428deeaa9d365e7c9a3bfbcdbc1296,6bdd89c424e05bf4ce9bc4efbea83c400b616ce96e292c0fe16d393290fd232b,Cats/Dental Disease in Cat::cat-gums-pink,train
Cats/Dental Disease in Cat/cats-teeth_jpg.rf.71uULYjBTlh4bRmyTCvs.jpg,0,Cat - Dental Disease,split_group_4995c828d3f9e85f19947a2b,965c4934db155fb65caab85def4414dcb3ec7032f3b2032a685caac8b2dae07f,d5b1dd0e6a31fac019ee3f38c6d711d363e2a59f6f503a10b9f2ebe529d29053,Cats/Dental Disease in Cat::cats-teeth,train
Cats/Dental Disease in Cat/close-cats-teeth-when-open-600nw-2302469331_jpg.rf.25mK0rFFSnsPdGQ2vUXP.jpg,0,Cat - Dental Disease,split_group_20a4b999cbe7659a64431d17,00331bece94449835fdf4ab9531c22e2e77695a1d783811935685101c26703e2,6641861137292e9e24c5255691e29a6a291cdf6f48266d7962cc9efab6bebb54,Cats/Dental Disease in Cat::close-cats-teeth-when-open-600nw-2302469331,test
Cats/Dental Disease in Cat/do-you-think-my-cats-gums-are-pink-enough-v0-zn8mxj13krjg1_webp.rf.byFEPegirzmqqqXRiKSw.webp,0,Cat - Dental Disease,split_group_18f83c72b2824ebef8098ca1,9c0af290a65071efb369c40c0f100389f764567352142dac67e21139b99b5f58,e618317210d5b8ca064aacecf77683724a78dcabc7e2fde2fd45bb13a56422d4,Cats/Dental Disease in Cat::do-you-think-my-cats-gums-are-pink-enough-v0-zn8mxj13krjg1,train
Cats/Dental Disease in Cat/download (1)_jpg.rf.EaLIjcam5pyUDm1GsVJU.jpg,0,Cat - Dental Disease,split_group_31ede8ea1743fa9fb0fc3b1f,3e563b5e759d68483103d50f58b3fe8f378fcd609eca4e1b69c45f64ac8f5608,e21cbc224363fca6c2490a11822b10bc64261fc7b25dee6796ff40b88eff2d4b,Cats/Dental Disease in Cat::download (1),test
Cats/Dental Disease in Cat/pale-gums-v0-jp7tpsba5nxd1_webp.rf.C3MQOS2JpqHLJ0ePGxHl.webp,0,Cat - Dental Disease,split_group_52d08413ff63f3c64f89f8a9,cc7d68f6ecd28dc725d1afe7847778eebe8380d955a058f3629ccf827e53b33b,a0a9288d94d673f7121551b95e9069b2075ce9c833ccf72e4dd419f22a3fd983,Cats/Dental Disease in Cat::pale-gums-v0-jp7tpsba5nxd1,validation
"Cats/Dental Disease in Cat/usa astronaut cat shirt,kids space astronaut cat tee T-Shirt_jpg.rf.Iv6jAfuU8fJ1NS2c7Vlo.jpg",0,Cat - Dental Disease,split_group_ab1b1b5dfdbc56b02c077339,db54eddc49a7dfa2330822abf2316790add7f9a2281d950dab58abd0e642f232,50d1183cca7e7bb392a6b7b6d7990f4b3a75d09110727b86f8cf7872b8422cdd,"Cats/Dental Disease in Cat::usa astronaut cat shirt,kids space astronaut cat tee t-shirt",train
Cats/Ear Mites in Cat/100_jpg.rf.2AjjsAfJMH8ArCZiFxi7.jpg,1,Cat - Ear Mites,split_group_ad4eec93b6d03e7ec1f6d165,ae2a7990db92bed97ab4c5141c6121acf73c78de7a459ed26739b152575dc3dc,cfba86756407b8067f66ec663f4fcaf75f9de0dfb9135dd0d220d777c85e8b11,Cats/Ear Mites in Cat::100,train
Cats/Ear Mites in Cat/101_jpg.rf.M88efphI2idRRdCAWJmO.jpg,1,Cat - Ear Mites,split_group_6b9b90d817342d49634f86f9,3244841ada30204b154c399dca835d39b09dcebe4dad555adcc4640f94431c38,e5a37535267861ed87fb5a2a21535b65e38dd5132f6475f0cb857b78f95c709f,Cats/Ear Mites in Cat::101,test
Cats/Ear Mites in Cat/102_png.rf.dasecmxx62ihKkqUBPgM.png,1,Cat - Ear Mites,split_group_828ebdfa7af21e6fa81045d8,df0cf361be713ca9d0b936c4fc7f0a676a59325021fd479a7512d5416b23abe6,b44528471f5c414a05fae94c49e1987a0db1b5e785cb09ada0de6999cbb0966f,Cats/Ear Mites in Cat::102,train
Cats/Ear Mites in Cat/103_jpeg.rf.TRhKGaDgd4IFvPDa1H79.jpeg,1,Cat - Ear Mites,split_group_d75c3bc55966f7e8ae6fef36,77c1d4aaf006b7a37c04f85750ca22562ee03555d7a4fa20aa89d07241a596e0,d531c54ce5e3fd771badf869e00d1934cad72fdecafde0c26c834914037bd1a1,Cats/Ear Mites in Cat::103,train
Cats/Ear Mites in Cat/104_jpg.rf.0HPqDdxwyOpPI2R2WCuF.jpg,1,Cat - Ear Mites,split_group_ed6a2ead1ede0f2f47d6833c,cb70971922ca108151494157ef18f5426fd242e3b36d78da9aeb14fdae808b50,7580606e408ad7c2bb72a96a7209a469672a8b296a92ff929cc1d31b58732dfb,Cats/Ear Mites in Cat::104,test
Cats/Ear Mites in Cat/105_jpeg.rf.Tboxxa3TK9CUW5SXyEMg.jpeg,1,Cat - Ear Mites,split_group_47a61c945ab046573f7930e4,190600e1a750400d04491c3e1ad48d52578b4c19d6bb66285dd352252a2013bd,48749caed79caa9cbda13dcb8cf3aa77fc3b7796e8aea35858035a719876d013,Cats/Ear Mites in Cat::105,test
Cats/Ear Mites in Cat/106_jpg.rf.pIeiFmsjzTwehIGDx1lp.jpg,1,Cat - Ear Mites,split_group_0602d65e4d4c7f6048f9b16f,e0b8c2ec970cf117eac868d3ded34b599d6a99747e29ebdb70ec110216bc260e,afb3266db177bd99058ed41b35b64d64c00939928fd7f7bbc7133e33815fc029,Cats/Ear Mites in Cat::106,test
Cats/Ear Mites in Cat/107_jpg.rf.SBRhmH9Z3lSPtiJbniEq.jpg,1,Cat - Ear Mites,split_group_71b47e12f2e6c669085dceea,44c46406ba2e5c2debb6619852013d0c1a7de3ebc9a282c64f62d7a9a40fe699,ecc21585c4145e87d3da4d74083d8c9ca5d0c6a4ea0966bb90aa2b0d2cf42730,Cats/Ear Mites in Cat::107,train
Cats/Ear Mites in Cat/10_jpg.rf.EkTE2teBQeUniWjIjE68.jpg,1,Cat - Ear Mites,split_group_60ded7631290e61462a63a74,84dc0b8af4fedf50fa63b7f0c8d817895835f3e705e3a338e18a7e9bc396331f,3281fab58936d7c3c575aa8a6b1f132694f68414a1b0f414da6448807b2a134f,Cats/Ear Mites in Cat::10,train
Cats/Ear Mites in Cat/11_jpg.rf.GNSw2rVHHKQcKjT7XEsN.jpg,1,Cat - Ear Mites,split_group_ee1d9a22bcd77eb061dea54b,b601e1e31ebde5a4d08c422bb52cc517b6603b9192369107a454a102498cf5b7,ed7fc0b1d00962262fe1b9bc037a7262812274d70e100a4678e9d10607c8672f,Cats/Ear Mites in Cat::11,train
Cats/Ear Mites in Cat/12_jpg.rf.HZ5YxzaWWfE6vuySzQcL.jpg,1,Cat - Ear Mites,split_group_c6692fae4ed89ecabce0bef5,e6f78965111fd444b07f6246ee5fa73ab6127798ff9c4a4b72fb3c9251a3fd66,6c237e0d2279a3a8c1a400f7b43ca5bcd1f66455b7028a580286ccccf2a76291,Cats/Ear Mites in Cat::12,train
Cats/Ear Mites in Cat/13_jpg.rf.jNI7CD2Ac4uHYne0WR29.jpg,1,Cat - Ear Mites,split_group_fff1b2f77c8bb97327f4157d,3d0cdb0e00c39f3b97d4b77b15f86628fe9d7752a9478d57689df2500c9b7c4f,4716187c494265121146e97694e905655ed2cde42d82384534ec7b6ebe9c8b1a,Cats/Ear Mites in Cat::13,train
Cats/Ear Mites in Cat/14_jpg.rf.mJ8RzJt3g0Ryo6bOr2cq.jpg,1,Cat - Ear Mites,split_group_f763e82ce41925156a16b38e,8b70a65ad4d083cd4cb09a2362c201664235c62d26d9fd114f593174c4469a8c,75c6e43b628a389e605052d28f3471367867e6724ce8860e41ab18b82028dfed,Cats/Ear Mites in Cat::14,train
Cats/Ear Mites in Cat/15_jpg.rf.YiXiwaVNOJpqWS0lm4EY.jpg,1,Cat - Ear Mites,split_group_b12197de44b371da262927b6,75a07d0b6f6cc84805f377c29bcb4e0ef6f324af0c4582e34dca897e47c09c76,e28cfc7e44af071cfd606692d7abaca2cfc9233d70788e96666f7333fe22c026,Cats/Ear Mites in Cat::15,train
Cats/Ear Mites in Cat/16_jpg.rf.SESiAtsOn00CJjGQa5O8.jpg,1,Cat - Ear Mites,split_group_f3833d2ae25f1e3d08f937a4,f5b071c34746b477ec186253a6a100b6d976b8974ba41612ebe9e6b87d112f73,92d989b358dc0a8237dee6dd70ed16fc81f20d3820b2955d393919857af62dff,Cats/Ear Mites in Cat::16,train
Cats/Ear Mites in Cat/17_jpg.rf.bzRc00sahMw1s2ha1lYN.jpg,1,Cat - Ear Mites,split_group_9324b758aa5a2186debd5deb,c628f8949bf812630e803281df469854765fbe5af1081bb410d2dc881105d362,32d1966362ad61947a8ae0882c7e37708ba87bc177edaef8cf5e43b7945dc326,Cats/Ear Mites in Cat::17,train
Cats/Ear Mites in Cat/18_jpg.rf.xDBFj1cW7QF1NySSn9bn.jpg,1,Cat - Ear Mites,split_group_8cfcbf52577ca099f6cff634,f6d60ea0e13d58d2df266b5ea657418d600959e4da02b29c91f69137b1dfff06,15eadd1f70240427542252dc93d75a070a5a9c3a3c0683fd7904887e4e53a9d3,Cats/Ear Mites in Cat::18,train
Cats/Ear Mites in Cat/19_jpg.rf.FZav0Z7usnWADl1CREnT.jpg,1,Cat - Ear Mites,split_group_3b1957d0cfcdfc96307c9422,ef004e3ba5a83b24a7cdf95a2d52f1ec05c8249789bd3ee116c4f4a591c98fb6,4af55b6c70deccbbc7777341fc79b2fe3a94a141e681b439d9763e5ac6ae2968,Cats/Ear Mites in Cat::19,train
Cats/Ear Mites in Cat/1_jpg.rf.43vuP1q3B7889WKqV4Jb.jpg,1,Cat - Ear Mites,split_group_d10885215c1a47c76dccfe1f,e5dc53d87e4a22b4250b4151c45b92032e2579bdf3d00ab38a07a7b466ddaeb9,7bf5168c0d5dc8c5c49328f7b3e1c28a307819bada950e24d3fa12cbfcde2554,Cats/Ear Mites in Cat::1,train
Cats/Ear Mites in Cat/20_jpg.rf.EQqiV4KN2sn6W07pQrmw.jpg,1,Cat - Ear Mites,split_group_ebf9b4115a7d4f3a1332e3d5,9240d4207457a6c3cff753435690ace66414ad0c45fa9e272af5a10151dd4553,a9720546a087be615f82ab643729b6c96435aae6134204c74e56fcae31378515,Cats/Ear Mites in Cat::20,train
Cats/Ear Mites in Cat/22_jpg.rf.fP8BRlfSCMXpf4cshIaz.jpg,1,Cat - Ear Mites,split_group_565674155b060336d7d6bd9c,dba9e1334641b8826f9a9464c5fdbb00ce5fcf1088721c0ab38f1bf5e8058a90,a865d54a20f3d9e725cbd62240aa6c23ebc732c16c27e4598a4596032fdfdcfd,Cats/Ear Mites in Cat::22,train
Cats/Ear Mites in Cat/23_jpg.rf.sXfFEqE2cJpdAo3XFnnh.jpg,1,Cat - Ear Mites,split_group_35eb433b54f109071b52716b,88ba1ea7e4c9dbb866d5f0177f9d9b0f6f1f8da88d6db6921cf45f4189ffd895,2bd782ce965c52fa3d45cdb671c0ccd9675259c33a4649faacf8f864b6752d51,Cats/Ear Mites in Cat::23,test
Cats/Ear Mites in Cat/24_png.rf.xvlFcZLfwNlf5KsqODPW.png,1,Cat - Ear Mites,split_group_ca033e6a7ef617f30f7f09ad,6587c557c27339f09ae78a11cc9b25e49accfa3996ce1cd8249ed70dcebb2958,ba5afa33f0a96039893a7c175661b2d0a53dc5e9c55e898d9e9114d573538167,Cats/Ear Mites in Cat::24,train
Cats/Ear Mites in Cat/25_jpg.rf.izPIvozWocKXOv3uoNC3.jpg,1,Cat - Ear Mites,split_group_5bb90e0c6b2d10575f4bbbed,9be9320713a4d5550e53bca33b0729bea7bf8ddee016c0c513355d1292415d2d,523739a9ff26884ce5c09eee1f3f9927e5744b412d090cc6cde4363b69d7d8a7,Cats/Ear Mites in Cat::25,validation
Cats/Ear Mites in Cat/26_jpg.rf.r6PLom2y1hxaGmmH9AZU.jpg,1,Cat - Ear Mites,split_group_9c5c3a5fd574bcfc910df4a8,e29b3341abccbc527340b42069d5d8d65d568bf5053ae9960ace8bb7288c4939,75fcdec1c91c55789caac825eb928b3fa5a7202f2487663dfdff3cf7d6a4499a,Cats/Ear Mites in Cat::26,train
Cats/Ear Mites in Cat/27_jpg.rf.S9zcuUFfzPV71llaCrB8.jpg,1,Cat - Ear Mites,split_group_2ed29b35e49f08b75269596a,2e085ab99dc34ce54adaa17d3f703a681299d2413ae61264c08460acd74d90dc,99c2e3bc76f50b46fa4a889d673da861ff6f82c945ae5adc4c46011710dc36e6,Cats/Ear Mites in Cat::27,train
Cats/Ear Mites in Cat/28_jpg.rf.NhPAbDk0UFhursWC8d53.jpg,1,Cat - Ear Mites,split_group_974b679c830cd1ff794b4427,715ee0372bb27e27a043f22e3bb8bf7624e11f10fbbfc8e35315680deb8b57f6,2246174b4d1d73c5fe5b8fe107e662d13c8d52b9b0ee0c820aa2743155abfa3e,Cats/Ear Mites in Cat::28,validation
Cats/Ear Mites in Cat/29_jpg.rf.yfh09raGfGnDa7c0dKNi.jpg,1,Cat - Ear Mites,split_group_12a9092753f62bc7579e8293,8e47a634629f3c6d7bfd3a123d84564a0432d419480f6ca33586eb7eda13ad55,001a6e4d2b308eb2bf5532389938d7c8c9e52785c914fefc32544ba3ba682ab9,Cats/Ear Mites in Cat::29,validation
Cats/Ear Mites in Cat/2_jpg.rf.EkhvSr4LSkk6mGAqCOA0.jpg,1,Cat - Ear Mites,split_group_4a19da443f50278a1ed0a68d,f9e364f64f95669c55c50122e317f15421936d0fff16209ce42b8ba3e81c51ab,40d5ce39028666240324e3e770f0bd2d7adb651bc2144e7a06a5d73cb4a085fd,Cats/Ear Mites in Cat::2,train
Cats/Ear Mites in Cat/31_jpg.rf.wT7IZf64raUFZbk3oDaM.jpg,1,Cat - Ear Mites,split_group_4182c4766f814cb9736f63f3,1f5227764ebf9f2d8feeaf7dac5b73a7c7093b1353abdc854ee34f351fd4caca,623939a374b577876ae21911a1bbb5f02177c199169ea1e47ac073a3e36e878a,Cats/Ear Mites in Cat::31,train
Cats/Ear Mites in Cat/33_jpg.rf.C5CIspJENbZAHCGFfdGc.jpg,1,Cat - Ear Mites,split_group_861407e23aa3695e02061c8c,ee6cd0d3bbd43ff6dca5cc802e877bdaab1c1a989fdb83c3b04f127325980d90,5cd61d828e21b52d75bf80674a2392e590cae290520841b7d7f0400d0dae67a3,Cats/Ear Mites in Cat::33,validation
Cats/Ear Mites in Cat/34_jpg.rf.qhIFXn8vs9rWRGlqZm3k.jpg,1,Cat - Ear Mites,split_group_48d92b49beb712295c94ca2c,8590fe883241f65735e7c1c20a27b94e57a4d012538e26214efeec2cfe99c76e,4e8f1d12c35f13fd83835e501bbcf2e20419bd7622d50c432e196c49d38638df,Cats/Ear Mites in Cat::34,train
Cats/Ear Mites in Cat/35_jpg.rf.m6m2rqoYl7I7eg1LDCWK.jpg,1,Cat - Ear Mites,split_group_c82ba98b82a7614d0a2c65dc,815caf8bd844b1c82e6f08220b38bb0cef423dfb002a3657fb23ae5f980da826,b426a8f340733962c4a6a1925c54edc008af345d81eba6bf86aaefa7bb3a0aa8,Cats/Ear Mites in Cat::35,train
Cats/Ear Mites in Cat/36_jpg.rf.6yzidFW56brVD4S5zIKi.jpg,1,Cat - Ear Mites,split_group_dcf4b1dac3b9d54fb71fc803,c1e3c3b9a770a74d141e605ccd109d171186ec4fefe5766e9bf4f551b465f856,394e76f6651a229a824fae288458de9427a247d5fcf1500d2e9f408f5804539b,Cats/Ear Mites in Cat::36,train
Cats/Ear Mites in Cat/37_jpg.rf.jNcKkbREbZSpYrlOqgXu.jpg,1,Cat - Ear Mites,split_group_2d324b8fb63f4cca4297ef01,76fd1bfa905750d3ec43f7abce8e0da1e1d87ab5f3e771318c7ea264133d7fa0,960a5d147eca802a0386c14e63a852a5b95ef4cea4dfaf93c9d9d378e2da9832,Cats/Ear Mites in Cat::37,train
Cats/Ear Mites in Cat/38_png.rf.vN5ElQjTHnVLBMCxxXOn.png,1,Cat - Ear Mites,split_group_af1c6133c36ff48a1fdd5c96,0df4a8d53878b1aff78275e3d5efd023e4d19ae4ad32ee30b2ddc14894f32a1c,fe11adf5aa310fb75e102e62886deea1dd22edc1d389f37be7d2ba025995c2f0,Cats/Ear Mites in Cat::38,train
Cats/Ear Mites in Cat/39_jpg.rf.X9Crfy1ZJsdosa4guh6U.jpg,1,Cat - Ear Mites,split_group_6373cb40305dec727bc896dc,0881aff85b242687039b417dc69f252baa2835d52589885b204db31d2969fe7d,aed25538b47b7ba89732599846cef8fb65ac9add17a8e85a5b5806d43f1dfbfa,Cats/Ear Mites in Cat::39,train
Cats/Ear Mites in Cat/3_jpg.rf.FEXxIYVVUNOYkuNzHvoa.jpg,1,Cat - Ear Mites,split_group_d034cad6a2134359218a2826,8a9687eb849678961fda3900653651ca27cf6e1e24e2cc659940b981b7c5b0ce,a0d8995d9fc09e011baf3ec35eba96006965e4212ff976a01b4f55dda4bc8cfc,Cats/Ear Mites in Cat::3,test
Cats/Ear Mites in Cat/41_jpg.rf.8CUweViY02qKKv81fTE9.jpg,1,Cat - Ear Mites,split_group_2ea9fbee96ce85edc987552d,8c982705a8c603b7e9828e7e055639bc0218d412fe60ee223c095b50dd2586ab,b5ee8173a97f212ff460fb3ead410a8eaebf43b1587d66730ebc81a992e8d6f5,Cats/Ear Mites in Cat::41,validation
Cats/Ear Mites in Cat/42_png.rf.oyC4cawSnPGOaASGy8lt.png,1,Cat - Ear Mites,split_group_70352853d7ea5a48c4611ac1,f00f80a54ce66da533a5e45ab7ed16e64f6d2b0d447d8144e1c3d0f187969993,be41f95a4b23a0ff886dd7f1b88a7c9e1b723942ccac4f489644070da66e97ee,Cats/Ear Mites in Cat::42,train
Cats/Ear Mites in Cat/43_jpg.rf.WOd07g4IyTcjrI34oUIi.jpg,1,Cat - Ear Mites,split_group_a7b0f2dee52638a83138d76f,b1f83e7262ac6b964c7e9500861e77b107a3e5817d8b43c1222bb47453787010,1d0569af6ba7854b14aed611b72d79a944cd3364ffa96aaaf01fd7e667ed94b3,Cats/Ear Mites in Cat::43,train
Cats/Ear Mites in Cat/44_jpg.rf.lo2PqzURVaBNpWjvV6jz.jpg,1,Cat - Ear Mites,split_group_0cdde7ee0e986a70024bba0b,e80a7d720b20feeb8c6bbcb426a071da92fa7fdf2f162417d1a6817ebda5dfe0,73673c79e9da607f772a06aa9c1a7db041842ac25f9a4d262237e90bff89dd1c,Cats/Ear Mites in Cat::44,train
Cats/Ear Mites in Cat/45_jpg.rf.fpe3Nc0AmPGcZ5jTyngN.jpg,1,Cat - Ear Mites,split_group_71b47e12f2e6c669085dceea,f733853435342000cb83f141e1abb27edbb7bdf2607894a48547c86f481bf221,8230fedf9cdc4d349619174dfe00cd8b5ffaa5af12773471caeaf6209c3c66f2,Cats/Ear Mites in Cat::45,train
Cats/Ear Mites in Cat/46_jpg.rf.0Ii0Qgjx9YHLOX9kDlop.jpg,1,Cat - Ear Mites,split_group_bb8cfdaa07cfa94eedc2fb57,439f95eb441b03b85aa31b936b18c836f3d021dfd8dd0fe11d0b478526a3e330,fb8c4b475c6cdddf1e6ea1c08a4bcdc4a019b534eba48b3cf6354311b6656b9d,Cats/Ear Mites in Cat::46,train
Cats/Ear Mites in Cat/47_jpg.rf.f9ABUjsu61Qq3YqhawCD.jpg,1,Cat - Ear Mites,split_group_8bcdab4f2d9d31c0c3a5d36d,9ac56916f4c1d5aaf6748613fa9e281f01c61bce856ef8ee31fa8f383fe61aac,b38fa6b56baa37d1a49b822f9392fa7b367699bbd0f729cd63df524c7415a725,Cats/Ear Mites in Cat::47,train
Cats/Ear Mites in Cat/48_jpg.rf.dPvvqCrZHyeSBSo8pAZT.jpg,1,Cat - Ear Mites,split_group_26047d6300fb96f39f1eebb2,4f1a33fa37bbafb767d934e531d5cb8c00de23f1fcb7cba58a78ff5accdb5ee3,e5cbeee9bb327d32e9df492a9813d51e8fea295c23813b8e7bbf491a473258b2,Cats/Ear Mites in Cat::48,train
Cats/Ear Mites in Cat/49_jpg.rf.BgAqcHCMLh2tFd6G9Zkg.jpg,1,Cat - Ear Mites,split_group_2ea9fbee96ce85edc987552d,6b276751229ed30a1fab74534cc19539e5462c22832e774a089a277b1e67a413,db2d8b00f7f60c24aa4ee7fa2ccd0d8ce5adaa7c6d9e8246b913efd642671d66,Cats/Ear Mites in Cat::49,validation
Cats/Ear Mites in Cat/4_jpg.rf.35iOzFPAfSL440jrrBWr.jpg,1,Cat - Ear Mites,split_group_1cb25f3092b7b68dbd80d625,959ef230c4b467da2e0e410fbb7d59a8d7477c6455b7485b291db4816bb3d73e,ce1213cdd845bf027946ae416a733534bf41ec477b4895dc501828fd1cc06b27,Cats/Ear Mites in Cat::4,train
Cats/Ear Mites in Cat/50_jpg.rf.0A9rXi4anF0UxpvJE3s6.jpg,1,Cat - Ear Mites,split_group_6a1ba6b129f2e24660733bf1,3a808ebaec4f4d1be44c5581c27da006a6f3816d8ef57a72f5b8fda9b7550868,208ed60197e1f2239a7d4b39ef2e3afaaed9bef00af71ab4fa8dfa22b6e2012c,Cats/Ear Mites in Cat::50,test
Cats/Ear Mites in Cat/51_jpg.rf.IxozCuQwQCxKpfNoXlIR.jpg,1,Cat - Ear Mites,split_group_30e8cc3af3a192c24b1684fa,458851bab6e2be2ac11e31b708fa29a3ca01511ca365bd828642493b0d2ca7b3,d496b04e4bfc3f0870a365cef77db187fd245c69960caafc1aec1eb0c6962622,Cats/Ear Mites in Cat::51,validation
Cats/Ear Mites in Cat/53_jpg.rf.gwKyTYKespAT27BwChTf.jpg,1,Cat - Ear Mites,split_group_8cfcbf52577ca099f6cff634,30112e5411b70fa43dc4d0a4fbcd86bf607370ceff8aec6dd9fd7b117b1338c0,705a4b98f0cd2b954910f16f1d0c3ab37129ffef0237ae9addf031393c3ea553,Cats/Ear Mites in Cat::53,train
Cats/Ear Mites in Cat/54_jpeg.rf.h8HSNzgQQ9sbU1kuksD0.jpeg,1,Cat - Ear Mites,split_group_a742a53ba71bda73b3718acb,ba81a578baa48bcd9a81713e94978a25e204e532ee94b69dc98c55dd8ae2a7ed,f27f63b7a7f4e0fbaad3acfa275898b0f592932b494161f296ed15d158c489b7,Cats/Ear Mites in Cat::54,test
Cats/Ear Mites in Cat/57_jpg.rf.Nk1CPll74JAXsveuSquy.jpg,1,Cat - Ear Mites,split_group_cf9fccd5dccffe359fb6242c,8ecaf5f0e0a777a0a23cf87ddd5f30d52b8fd43b347b78fdb08378a537106ada,a819fb6b36114a0bc64cc90c1548f8e6d05f9d4fe5da3bcbe3cceaa918969b9f,Cats/Ear Mites in Cat::57,train
Cats/Ear Mites in Cat/5_jpg.rf.blsErcxZmV17fvuEvgpo.jpg,1,Cat - Ear Mites,split_group_d3ec4d4629bf0bbb66d5c1ec,8c1acd99ed8d39098ca0cd148ef8e08e8e9e5fa314e87a42db1788757f645aa4,6e89eb9d9222c40a017f34929034626dfe2a032379d716ec7e92ad832d88a78e,Cats/Ear Mites in Cat::5,test
Cats/Ear Mites in Cat/60_jpg.rf.1zy6AMlobDql81ee2MVk.jpg,1,Cat - Ear Mites,split_group_0cdde7ee0e986a70024bba0b,392c9a28392e33d01f026f7a528232357e4e5183ef7ad4141aac069736622678,87feb04bb17165b242840fd1ad0e42c49ddc956064309bb2081d8df71a433831,Cats/Ear Mites in Cat::60,train
Cats/Ear Mites in Cat/61_jpg.rf.PkWPZ89iHTubOlFiNQCY.jpg,1,Cat - Ear Mites,split_group_f8878b4fed1e77af215dd0b0,0fce83444a5aa6b48f444d340e96d51702c0d2e7ce6001605021b60238b54282,11a93b07c512821a931ddea1b3cdd9b35c3708c7013570a0c11b98eb1a2e3b3e,Cats/Ear Mites in Cat::61,train
Cats/Ear Mites in Cat/63_jpg.rf.Br0GgU13xSP4L8BdWdIP.jpg,1,Cat - Ear Mites,split_group_48d92b49beb712295c94ca2c,74a9914d65e19984ee70031976ee04b4f601cd1d7d1affa929b66d3babaecc91,295de96fb32a5bc5338fa3865618069a74c7be4fd9f0cfa22f70816c9f13dfb3,Cats/Ear Mites in Cat::63,train
Cats/Ear Mites in Cat/64_jpg.rf.pjlAECq25UTwwg6uYBpw.jpg,1,Cat - Ear Mites,split_group_26047d6300fb96f39f1eebb2,67883d03aa6eb3f1b5d664c9e97e132d84ec7cb289848684a8b320003959928f,2fc5741ba824872096ca784e96fba96c73c6dd32e790e916b8124512df29dcc4,Cats/Ear Mites in Cat::64,train
Cats/Ear Mites in Cat/65_jpg.rf.J6cqAuYRlh9DIq7Zl9zZ.jpg,1,Cat - Ear Mites,split_group_aa67159616044ad013cb7869,70a581cf4fb8a0b952f7f4135aa191c95594722618d9e742f63a8d20317d1a6f,e77213a0d2ada246b4ecebca0680fae10946dd28d0e0fa2f61805473f5e109e0,Cats/Ear Mites in Cat::65,validation
Cats/Ear Mites in Cat/66_jpg.rf.qAw3fnDXbPXJafIkFp9x.jpg,1,Cat - Ear Mites,split_group_a41127b05306e7095029dfca,1c502ccf4dae2a45670b53a06db4a9c426a9ed7cab4f0306ee26ad102717ce13,150a838e86a9ec71347995a63d2e249037a86738e302ed94c4ddf8ffef1f7572,Cats/Ear Mites in Cat::66,validation
Cats/Ear Mites in Cat/67_jpg.rf.9CXKJwpJW1iibtwvH1Nn.jpg,1,Cat - Ear Mites,split_group_8cfcbf52577ca099f6cff634,505ac458bc166241ea0651abf1d231e3966b4bd86dca110d6bd1734f1c944879,66be8ad96f32aac9d031b82583b68de5abb5f7a9fa96068a596f69f7fc1c8faa,Cats/Ear Mites in Cat::67,train
Cats/Ear Mites in Cat/69_jpg.rf.P2sHWPmxIxnLKBactzWX.jpg,1,Cat - Ear Mites,split_group_378e60ec01caef99ad90ac8c,270e2db8d116c3df221a63f3afd9161c833dc417312e31abf56040e70eb63569,d65cee7fdcd4cdc2f026b6a30fb06786820fc0df9d357c1adf2e655511f50f03,Cats/Ear Mites in Cat::69,test
Cats/Ear Mites in Cat/6_jpg.rf.LQlHyy48SanhFGHlMnkb.jpg,1,Cat - Ear Mites,split_group_9ab3a54fe224700dae2f8598,50c15aaecd34cc456a45dbe4a85db4531029367a7aab32cebd71a309ef78300e,8a63238aa8d485a0aae40a13250bf67c423b45a7dcb6b955fd83b603b061e600,Cats/Ear Mites in Cat::6,validation
Cats/Ear Mites in Cat/70_jpg.rf.6laQGfd2ujzaSfHCZWXQ.jpg,1,Cat - Ear Mites,split_group_3d5ebfceaaf868c645553b5e,1baf0c99409bb45e0450bfc6a561097382029c87c8f74c89ec6b8b9d093b8419,55a827942c75c2351d4c180b820da01e45caf6606360e34feee4bf6f9436fc1a,Cats/Ear Mites in Cat::70,train
Cats/Ear Mites in Cat/71_jpg.rf.MGoP72aYtuqvWmWhavLW.jpg,1,Cat - Ear Mites,split_group_f2bb88537bf82411da6439de,d51bca0e5affcaadeeaa9954d199b4c27e4b415c69c58088f3992d95afceec3a,7c11b2ccbd1ba10ecad47cb6faeef8570275592e3409b28231149dcaa649f277,Cats/Ear Mites in Cat::71,test
Cats/Ear Mites in Cat/72-jpeg-crdownload_jpg.rf.hgqZcnfSvAkC8AAE8xN2.jpg,1,Cat - Ear Mites,split_group_d45a4526b553ffde18a3c27e,cfb7cb63bfb9d33c8db594d33bc24525f4b5c555091f1b904fdde736b3226624,3a648634b7446862e75b00f264ff78bc06950bb04d2c833e8b40394063f7fa2e,Cats/Ear Mites in Cat::72-jpeg-crdownload,train
Cats/Ear Mites in Cat/74_jpg.rf.4Sb2jBBm4XY0JlHh5Flo.jpg,1,Cat - Ear Mites,split_group_8131b2a6dbb0ba842a50c59c,8cf9778b7902dd6a6931280a50305f55a4aa5e7de5c687165e56be61f259f24d,e66313d12ccd32b03dbfe745bfd8a209f275c266f4b9cd8664525eaa145a0cc4,Cats/Ear Mites in Cat::74,train
Cats/Ear Mites in Cat/75_jpg.rf.Cz2sNmSNZBVlFyDld9jv.jpg,1,Cat - Ear Mites,split_group_d034cad6a2134359218a2826,3a72abc2a2e830ce0f145551c3a21b843c0d65316ef06c5c4f99f6051ad5e1f2,831f7fdcf5d53e15eed5b0ef9984b88a957ee7de80cbb99844bb8ce03e10eb6e,Cats/Ear Mites in Cat::75,test
Cats/Ear Mites in Cat/77_jpg.rf.WjMwWl4Z0hBYBX02cRLF.jpg,1,Cat - Ear Mites,split_group_cf5b38cf94aafda9070644af,0be61b8a0bbdc9a1dc343a044c2b027103ee4c619a0002bbd443103f658221a0,0848719e2d54da9ba25f5e87e252841bec3e40aba86e55552f803b05fb1755ce,Cats/Ear Mites in Cat::77,validation
Cats/Ear Mites in Cat/78_jpg.rf.VvzUiMubwPYDYZjbJWYC.jpg,1,Cat - Ear Mites,split_group_7616b3a67415763afd7d6a72,e93859a1fc0058645ad1700e314d8f69486818cb59f2fe9022f3b065f49e93aa,d7703e62de719c9107a86c38f087e432aeeabaf9b062924da38d0a5e69dcc39b,Cats/Ear Mites in Cat::78,train
Cats/Ear Mites in Cat/79_jpg.rf.oPyo9O2j9o7lrxjCmnPh.jpg,1,Cat - Ear Mites,split_group_66258b3602ed0780a6456e43,e5b93ff0f05aedf9e3db46e6cc733e9cb1b9956a1d99cfebe48f519f1fcb8357,ad393adfc86ca37fe78f79ae8d0d820eb92c19c436c304d3577af66050602858,Cats/Ear Mites in Cat::79,train
Cats/Ear Mites in Cat/7_jpg.rf.M5PVVP7ORPBkaPPp1uvX.jpg,1,Cat - Ear Mites,split_group_09acad0b93aa331b33161b92,08696d9cd8ac0f619b86916705cc03d0c89a2574236719d4671f32a5b3161f7d,2f06ed52321c3a9a9643bdab183b437dab79cdb4338eb80d7ed4bedae8e7c55b,Cats/Ear Mites in Cat::7,train
Cats/Ear Mites in Cat/80_jpg.rf.EWS0PuHfY8E7hOkM2Xnm.jpg,1,Cat - Ear Mites,split_group_c5f5a5c782d9ba17e649787a,585b56e803dfea5c6d00bfac137944906b84b49f4056656958debfe16dff00c9,facba22a7bc77ef8c4ab9f2e87a781b05c30dddcddb0094d5c6f95fe3743a0aa,Cats/Ear Mites in Cat::80,test
Cats/Ear Mites in Cat/85_jpg.rf.XG6rqlcKV9xEeYjkpitU.jpg,1,Cat - Ear Mites,split_group_a33f60d496c7eb71afb4935f,e5d034e449c6384a6d2b4bf1fa466a1e8b31944067cd6c48e7df38a85dafe321,2c598df1447645f22018721cc095253d442938b27a7197569788f445f54021fd,Cats/Ear Mites in Cat::85,validation
Cats/Ear Mites in Cat/86_jpg.rf.K8Lz4CFD2Up2c028Yba6.jpg,1,Cat - Ear Mites,split_group_cedbb1a1af11ae6ae3418061,0dbd1c999ec3baf1d38fc48273c629f24eb47f91cfa7ea56ced7129426574975,87877033ead330c7df25617d0d9913b52376a796f217f0b379b0938eb7e9e872,Cats/Ear Mites in Cat::86,train
Cats/Ear Mites in Cat/87_jpg.rf.dB7BEeMIraQmQ2TIhefI.jpg,1,Cat - Ear Mites,split_group_989032acaede78ad5dcb269f,e8b00317e4079686240408e3445364f8f868797f9ff33afbb757288989aa5e6b,efce534f9461106d54a64b0a4f8a3c4a9df11ea2ef4cba4feca5b2b7e147b762,Cats/Ear Mites in Cat::87,validation
Cats/Ear Mites in Cat/88_jpg.rf.LgXlmRgN5JmDxUfZ8fuE.jpg,1,Cat - Ear Mites,split_group_6a1ba6b129f2e24660733bf1,22b2616e4121c6d43cce7707123f18b44c162e037a73df885663f4eff3f169ce,9fe0bc5ec87f3192fca34434d186a7c32ac635232b29b7828b19bf9fd63a5b9f,Cats/Ear Mites in Cat::88,test
Cats/Ear Mites in Cat/90_jpeg.rf.uQHIxxC35cf4M7Z9wZOG.jpeg,1,Cat - Ear Mites,split_group_94f0545453b9bccd48d159be,1b54471010ea82c15baaa6015a5ce22e4a2a0030538d9020ec91ac2531f2f9d2,9017307f9c957c007f94379acbfa63c889bf03251cff6595552980052134a06d,Cats/Ear Mites in Cat::90,test
Cats/Ear Mites in Cat/92_jpg.rf.9bIG0cHyfRCqPvPVSX9P.jpg,1,Cat - Ear Mites,split_group_aecb230a3fe2026b509bb98f,3d1f354555182ca4284a1aab8778e9145572f4a87c912521e387c1a6a2299afb,8afb471b85bd63d8abc42ea2a8c49d3102882038d30f94a55aee7343590ee02c,Cats/Ear Mites in Cat::92,train
Cats/Ear Mites in Cat/93_jpg.rf.eAgrhgf5Cpw3LDu3ja2X.jpg,1,Cat - Ear Mites,split_group_fb86a6733e5dc60a35010c95,344535590f24abdb36f88ebc955bfef2bde021ebb3ffd50b29358b87526ca083,94e9caacde8f7520dbba06ebf6d52be7d50c0f28185a52ea12343473c00e811f,Cats/Ear Mites in Cat::93,train
Cats/Ear Mites in Cat/95_jpg.rf.HNz7LnnEoXdIcFpcOmfi.jpg,1,Cat - Ear Mites,split_group_697783795817a998fefa4340,c8b5fcd5f5c8e1b5dedd915765d7c897d66e82126fa7c7324d2eba6d2cc35f1f,5c723d41e733cf19fcbd015fe16c642908f455e3e5b646b7ff22d80a7f673142,Cats/Ear Mites in Cat::95,train
Cats/Ear Mites in Cat/97_jpg.rf.gsFCyGezIIbUJqmTnZuD.jpg,1,Cat - Ear Mites,split_group_3aca07ca3a5bbd815775a27a,0798dd9fc2d6bfec6b8a0c177f18eb6cc07dedfd72882a71871875b89165a8d5,43d89eee781cb4ad39e039075f71d4e92376c2e0544f5889fca589734c39436a,Cats/Ear Mites in Cat::97,validation
Cats/Ear Mites in Cat/99_jpg.rf.BbFfp9nZMwOMYCQFITcN.jpg,1,Cat - Ear Mites,split_group_282c2ffcad80c335d5b09383,0156e46b546684c3283f6af7ab4a7760df9e43739ca03cff5d23c4df00255813,04426a4f4c25518a6f555995223d05bee0244a4cbc2b04d3e09611c2adb85deb,Cats/Ear Mites in Cat::99,train
Cats/Ear Mites in Cat/Image_1.jpg,1,Cat - Ear Mites,split_group_c6d7562ac1edf05b1199facd,1bd0dc948acb338fdd8db43b9de920b20373bbb2bf7300542692ddfddfc2bd49,6859de8ae7db2b6dfd795931cac54bfca6793b949943b0aa12d2c8d3bbbc193e,Cats/Ear Mites in Cat::image_1,test
Cats/Ear Mites in Cat/Image_10.jpg,1,Cat - Ear Mites,split_group_664f1c4d9583d3b18085f260,9eaf429ddd1fd013d86be2204af410c4d5350365bd378270985f34a5b5b8a5ad,9634b462dbd71a39e03e582f24f9bb325a64e91ce7d7c11d90536180220c8695,Cats/Ear Mites in Cat::image_10,train
Cats/Ear Mites in Cat/Image_11.jpg,1,Cat - Ear Mites,split_group_ea7ca9b5720370d79f9c67d4,e0efa49021d2db4e07b2cdcf65a9653969e6433141c5fc18f07c9dc42b6223fa,d6aa63bebdde62df09c952a4e566f8acc8790b4aa8dce346ab830fe6fa66ccd6,Cats/Ear Mites in Cat::image_11,validation
Cats/Ear Mites in Cat/Image_12.jpg,1,Cat - Ear Mites,split_group_d943463ccc3c7cf1d2ceb71d,d7177bffa7c2c1c1db675f6dc0864c4e02a52790ba7f809be7a48fcfd0c3d989,8e6cedbbd203dcebc4477b2baaab61c1eb6f20f669f8ab755ed6f044a187520d,Cats/Ear Mites in Cat::image_12,train
Cats/Ear Mites in Cat/Image_15.jpg,1,Cat - Ear Mites,split_group_7ee1e75b881cdaf2f8067c73,14e82c0545ddbcbcdaf9c86d56b9d5cb3f42cbca22fa286af965ed36789afd6f,fab445505781f156861c3d611b49a25fdafb78d79cd37c430b7cf832370975bc,Cats/Ear Mites in Cat::image_15,train
Cats/Ear Mites in Cat/Image_18.jpg,1,Cat - Ear Mites,split_group_cbd4938007951af2891db1a3,249d88505bc4d3600dda55cd1cebb7a921852dbc080bad09932904fa37cb6c73,f1616ecc7c6e11efe4fc4c1affa971eba9b21d93f15219f8168d151d08079d38,Cats/Ear Mites in Cat::image_18,validation
Cats/Ear Mites in Cat/Image_2.jpg,1,Cat - Ear Mites,split_group_e50cd032145f324117e6cd2a,ab322f10e7cf709b025fc7fece7eaf0869f1e7968a147750bd63abe1c87125e6,be2b040c02c4eea1ef7732d3ac963d79a6bbad637c3e3c4140dfae551c95e4bb,Cats/Ear Mites in Cat::image_2,train
Cats/Ear Mites in Cat/Image_20.webp,1,Cat - Ear Mites,split_group_3f2bcb3a68748c97d607fb7b,f94e0576f682ce17b5d3fa70f8edefc9a4c1fcc10d1bca125d48dc5a76cf6e4f,cb22f53b84971aeccb51812bd0108c46448867aafed45a941a8f18c53b9218fb,Cats/Ear Mites in Cat::image_20,train
Cats/Ear Mites in Cat/Image_26.jpg,1,Cat - Ear Mites,split_group_72b068f9bbcd41eaaf44feca,e05ea1eddea5707e5fdb48f23f20b190f4e88c86a67427bc7cc32f8fb20cf7ea,0812b7b7d8cf7c7a84cc8f80c0dae1f2a2628644c700e1df98a94fc136e9b4f9,Cats/Ear Mites in Cat::image_26,train
Cats/Ear Mites in Cat/Image_27.jpg,1,Cat - Ear Mites,split_group_2a811c24533082e97d340dd2,079e4be098c11473fd590d6c15be3ad6ba9773cda50a9e167d8d69c42854a4c7,b622c3c7ecea82efc59a81fa87d05b99f16deb3393f6c2b175537f5faa32c4c5,Cats/Ear Mites in Cat::image_27,train
Cats/Ear Mites in Cat/Image_29.jpg,1,Cat - Ear Mites,split_group_345ebd4ea59bee10e9fd9ae9,5164af9c262aa84ac6ca05b5f6f3ce1eafce8a5a8125aee5207439fb695673f9,25f3d6bda1e333153f75e95c8407652a2289c80b10ea475aa4c70d9efc1c27f5,Cats/Ear Mites in Cat::image_29,train
Cats/Ear Mites in Cat/Image_29.png,1,Cat - Ear Mites,split_group_17ad368e2e02163fed259577,5b7f9d2e0ec3bcc91438f85c67397eebfa943cbed2bc4afac5f89985fca43d55,957f1eeb225a1a8e5b726079d27b42fc4d6b3517abc8fca3bec20701b8522a66,Cats/Ear Mites in Cat::image_29,train
Cats/Ear Mites in Cat/Image_3.jpg,1,Cat - Ear Mites,split_group_ffe781edabc448d69eaa0124,fc5d9ed3a6447ab43c4beacac50a2abab5a93621df27d464425e4f8fbb6b5654,d9ae3237f4f7f94f84fbcbc5e7b663b27fd06a2517cb568de89949f7eaebad89,Cats/Ear Mites in Cat::image_3,train
Cats/Ear Mites in Cat/Image_30.jpg,1,Cat - Ear Mites,split_group_fabcec15c62c536d6129ac93,f0147572208ded31005045fb659929f78c99818de6ff2cd2c86c89dcb05f49c0,8b73b0a261c5ee33d5c26f9e22daeca7ff1b7db9c0ae735955e9de1e9c862a3f,Cats/Ear Mites in Cat::image_30,train
Cats/Ear Mites in Cat/Image_4.jpg,1,Cat - Ear Mites,split_group_c547a5f1e890045f661f646f,00cb660a42e0c676a4cce2d0da39aabd2e6ccb3a6946d7cac7bb8e5abaf3ae6d,877e8a702eecf7543d2b7d82acdfc534052ed7fb8b0fa349429cbe16c41ad412,Cats/Ear Mites in Cat::image_4,train
Cats/Ear Mites in Cat/Image_42.jpg,1,Cat - Ear Mites,split_group_dcf4b1dac3b9d54fb71fc803,b743b0cb214ef34c1a1444def235390767c66ef89193d5e7c1c8f86f040d4fa2,b39424c4547a4a0dcf2a0dc22c659644a9f28c1d93230b20fd65afc455b79849,Cats/Ear Mites in Cat::image_42,train
Cats/Ear Mites in Cat/Image_44.jpg,1,Cat - Ear Mites,split_group_1b53833182ae1dff65895b5b,0fa9b898278208f09f849ad79bf07c7298ab48859d4cc372ec3048cccdc028d8,24324ebad2812a273680339c46517bbe8858798d23a8679a2d804f5fd663bf52,Cats/Ear Mites in Cat::image_44,test
Cats/Ear Mites in Cat/Image_46.jpg,1,Cat - Ear Mites,split_group_622fff18310fbe95ff11fa4f,e54ebd64d0436da7b6dc6312a89c2211d77e8a2c3ee3b0d79dc1f8bb2cdaf6ee,9746608c8e86d7e18321d84532331b0581cec9fcc83b6a78736e0b794e423190,Cats/Ear Mites in Cat::image_46,train
Cats/Ear Mites in Cat/Image_5.jpg,1,Cat - Ear Mites,split_group_c8b6f2c83d7a9282cd402fb5,d6018fa8fc81d177b40614ffa1ff98ffea8a35df1bf245e867976529d79f0f1d,07556ebf435ffe02886d6c63ca17959af7e0bfa5b2dc58bad19a71ed6946d5a3,Cats/Ear Mites in Cat::image_5,train
Cats/Ear Mites in Cat/Image_6.jpg,1,Cat - Ear Mites,split_group_3c44111eeed139abc5626e0b,c82536cfabfb97ac6703d2dbe3df9048b9fb8d7a74789a640b0d8c5cbb283654,f252f97f0dba547aa46bda9a5b92eb0919976036c92881e0a469c406ad8d84b9,Cats/Ear Mites in Cat::image_6,train
Cats/Ear Mites in Cat/Image_64.jpg,1,Cat - Ear Mites,split_group_8222597c9ea26aa452155c7b,c43e97b624c1990a5d4b38b61a9f177e2d3941dbea382f9c2cc9f712556ff552,156f7c50a1afab54bf73500ca63a43f04766f1850ecf54fdc2706783f7d7d12e,Cats/Ear Mites in Cat::image_64,train
Cats/Ear Mites in Cat/Image_71.png,1,Cat - Ear Mites,split_group_a82f84c85271a743c0de6072,df361e923d5bd70a995b72b491a8b8a87addb9d2609a30da4fb042d7ab646c0d,03dfd639216cff66f87bcde0a674dd6f1761b88aec764dd1a02258b91995ba66,Cats/Ear Mites in Cat::image_71,train
Cats/Ear Mites in Cat/Image_76.jpg,1,Cat - Ear Mites,split_group_dcf4b1dac3b9d54fb71fc803,9b67615c5b7cc52f06ee4b53e2c536581e0c294ccc856043c6d0774d56852933,56e96a840a2600454e08a418feacb4902ef4d6510dc419bbc71dc2182f4427e7,Cats/Ear Mites in Cat::image_76,train
Cats/Ear Mites in Cat/Image_8.jpg,1,Cat - Ear Mites,split_group_d4b5253184aecdb8e3007454,8af6e5b8c80e9e51dfa29e8177fe44943be2892c38f6073dd188e0c3f7e33be0,5fcea5eb29bb8cc1af1ff292b59f67e81d201bd5b87aedfc1eb93d1a4d5cacf8,Cats/Ear Mites in Cat::image_8,train
Cats/Ear Mites in Cat/Image_84.jpg,1,Cat - Ear Mites,split_group_3d5b284592a1bac8aa9d1020,16ff8776c3fb7c498224fae3ff6976ba6cb930d732f48dee509d5201534844c1,7171d047166299be9755f86107b1553b151777a1fe20f76149109b5787d5d4b3,Cats/Ear Mites in Cat::image_84,train
Cats/Ear Mites in Cat/Image_9.jpg,1,Cat - Ear Mites,split_group_c9909a102ea2d29f976e52bc,29ed4ff823f054cdf7e84a9bb54560375cc6cc48b360b59bbc508b5747e9e485,63212d11dbd19a212da8990b815265246b29125f098546661bae2a52d73343de,Cats/Ear Mites in Cat::image_9,train
Cats/Ear Mites in Cat/Image_92.png,1,Cat - Ear Mites,split_group_f8fb39c3bd1ccad9663c09fe,76109a5e5bb29c846233fc3fde23cb7d7217525a8fc8513286981ee53c1e447b,d220628f572eb8f8b0f534616eb65261599dd579b973dbdcb9176cb5c97bcae7,Cats/Ear Mites in Cat::image_92,train
Cats/Eye Infection in Cat/Image_.jpg,2,Cat - Eye Infection,split_group_96c16d103c4c92ea0434a500,9799a395fd8c284348e7a67df3f04a3959b0962fda132b4087b802bbac5ea066,1b43f0f3f2044fde40dd0496ecff1e9d54b0326d2c1107272e0566117f2a9af3,Cats/Eye Infection in Cat::image_,train
Cats/Eye Infection in Cat/Image_1.jpg,2,Cat - Eye Infection,split_group_59b6ec606c1c700d0ba4d621,d866603e48aea4c9187cc3aec4abce77cc9a09697446fac75788acbc500bf90d,179c107448dc3e466457c159335cac05f5fabcb5ca701e94a19dcfe2c3f1810a,Cats/Eye Infection in Cat::image_1,train
Cats/Eye Infection in Cat/Image_10.jpg,2,Cat - Eye Infection,split_group_d698ea26a8e76b7bb7a59850,5f26ca9ceac47e3f700074793ef85798421953869cf8c20555c80fd95cc0a0cc,7fadcc90ae82940c6753a60d4e13037de50bd324ee2896e660f40c277d87ba3b,Cats/Eye Infection in Cat::image_10,train
Cats/Eye Infection in Cat/Image_11.jpg,2,Cat - Eye Infection,split_group_dc0f124bbe562b50d69d6131,1ebeeb4e22a4eceb7ab13f914920cd59b5822de5e849f1f833d00e659c7244e1,34862b6a58ea4d50cdf4b6ebaf7742f67bfaa04653ba6dd621bc98790cd98aa3,Cats/Eye Infection in Cat::image_11,train
Cats/Eye Infection in Cat/Image_12.jpg,2,Cat - Eye Infection,split_group_820161e66db05703b048a501,9feb6d0d58cdf675c5801ea9d80eaaf5e074c3095806c68ba3257dcd67392a8e,bd124ffe3c5404d7ca7d3028f9e84d6c94c38e26beb09da26eeeba0e931336bf,Cats/Eye Infection in Cat::image_12,train
Cats/Eye Infection in Cat/Image_13.jpg,2,Cat - Eye Infection,split_group_991bc6b476df5a5492575437,c9de8994e8dbc5d38659133851ec0096cbb185c52f6bcf9684ac0c91c094b0bf,e431f006202044d814d9aae38778edea75e9f3440e27921fdc70824b5dd6fb3e,Cats/Eye Infection in Cat::image_13,train
Cats/Eye Infection in Cat/Image_15.jpg,2,Cat - Eye Infection,split_group_a8ba5ca5696a849ffd39e570,ec60f682730e21890d40c210cb5393fde06e34e79c68c76e120513049d968eff,c094c5e8b5197f21912ae55c78f287153ebdb36b9c0087096aec9751702007a3,Cats/Eye Infection in Cat::image_15,train
Cats/Eye Infection in Cat/Image_16.png,2,Cat - Eye Infection,split_group_2228daac36b75555455e2b29,0b64b9d947625cb6f9a19e0cbd826da63ed0556c35865373aef3f73aabb47cbf,77566fb48cd2d1448171789380fa00a333c6b419695c077ec80ab5c108dc839f,Cats/Eye Infection in Cat::image_16,train
Cats/Eye Infection in Cat/Image_17.jpg,2,Cat - Eye Infection,split_group_afe12b50ff6bb6980814962e,e5ee60d154fb2b7d5ea169e93d0d5df71715db23fb0950cc648c9bc45edd36cd,0ada8fca0d945e14e6e4133ee7bb11f164500bf452b671d165faf8fa9a5cf792,Cats/Eye Infection in Cat::image_17,validation
Cats/Eye Infection in Cat/Image_18.jpg,2,Cat - Eye Infection,split_group_4b55b5083cb561eb6606c93b,ca3afa18ceefd0cf0873884043c0f59f199fcb6e5816ae15e780851c63738c29,a632c6e3c8b7f0afefa743bdf8c72ac50c925a00d4360deb9eecf8af9c5f8656,Cats/Eye Infection in Cat::image_18,train
Cats/Eye Infection in Cat/Image_2.jpeg,2,Cat - Eye Infection,split_group_959ffc399156fe952e23c4ab,62e252c81816b73dabaa8300c3c017612cda103aaaabf68f6cc95ebc94729278,da40fd429ae52a6fe426142453cf6593911f9552c532c6f67373e41895c9bbd9,Cats/Eye Infection in Cat::image_2,train
Cats/Eye Infection in Cat/Image_20.jpg,2,Cat - Eye Infection,split_group_08bc0fba0b6ba0088bf2eb1b,76e41728eb6c7a24fe9a413ad761cfdfe61daf9c86ecf3e6372a4908cfe0f48d,a38c91da5794d1bf1071148eaff78d20220b7d1d16870ccbea7beb9da180dfae,Cats/Eye Infection in Cat::image_20,train
Cats/Eye Infection in Cat/Image_23.jpg,2,Cat - Eye Infection,split_group_ceb237a09f8ebe09ad8c6a39,f7214885bf00c2284f66cdf2567449e7aded379d6155bce35265070c6f63465d,a6779cd60f3b8421ff61c215ddf7f9cfb8f5badf3b3170ac0bbc1abfcd25eff9,Cats/Eye Infection in Cat::image_23,train
Cats/Eye Infection in Cat/Image_29.jpg,2,Cat - Eye Infection,split_group_2bb1e020c9fca8520be1ae51,582edcae93ceefcaf0c7d47f0a5a950ad1428c7da1400194adc7fee55c66e2de,b669cc0b08f44f55391e8e510bb3792e0183c943ea03d19ebb596deea59286ef,Cats/Eye Infection in Cat::image_29,validation
Cats/Eye Infection in Cat/Image_3.jpeg,2,Cat - Eye Infection,split_group_1de42b99ba4803ffab0758d1,1e76ffe9c39154a49633bbefe1b32a7ceed1151864041881872bddee04b8a47c,c0f18c364b943e09a013f65dc6b1a05b6851ad25d8488eb9d923cad723701e0a,Cats/Eye Infection in Cat::image_3,validation
Cats/Eye Infection in Cat/Image_32.jpg,2,Cat - Eye Infection,split_group_c565d4bfd95bb8173610fb62,35bb0f58f9245256f2bb7ce13c7482dc6a705c4fa023ee76879f7ff44f8628a8,be8b5737a5576e774c33099223742f6950b325e31f41c69471900e1d8a36567c,Cats/Eye Infection in Cat::image_32,test
Cats/Eye Infection in Cat/Image_34.jpg,2,Cat - Eye Infection,split_group_2b0c6e4bca680a0c56c73da1,9d1848ea57eb6462db48e482fc2a7eba1037a0fecfb4a78276851d43a262eb28,fb1ba2e33b71ec2cd5abd64ac71bc43e365f0997b049a48a19d0cb097fef4065,Cats/Eye Infection in Cat::image_34,validation
Cats/Eye Infection in Cat/Image_35.jpg,2,Cat - Eye Infection,split_group_4d76acd49d2564f20ebc8a87,8b0a0fa575d9b60bf8f55df90adf31c87f163b30f4149569f3acfc89ae08c095,b27df93f87f62f2d87a0fc7aae23320cb67862073a703ca10da3b1ab7de5fdd5,Cats/Eye Infection in Cat::image_35,validation
Cats/Eye Infection in Cat/Image_38.jpg,2,Cat - Eye Infection,split_group_2bec92201ebf51fd7358dced,bf26cd36327d3cd111c99c4435f2e47ab67ff9bc7801ba92ab7c3e4a286b319d,d2b154c7252882c9c39fa9081ec0aac3ee1a80d994f20c5cb6ed95a29e7dca42,Cats/Eye Infection in Cat::image_38,train
Cats/Eye Infection in Cat/Image_4.jpg,2,Cat - Eye Infection,split_group_a8ba5ca5696a849ffd39e570,982385163b11dded8edad223878d9932a7161a7ce475954447be879f5ebe51b8,edaf20e8d6f5f99026db3676b06b823a9d21b48e22515b107217eeb6cd034d8d,Cats/Eye Infection in Cat::image_4,train
Cats/Eye Infection in Cat/Image_42.jpg,2,Cat - Eye Infection,split_group_7d1d5bd3015e4fe013f1bfa4,dc383d76ad661ee94bdac8e4cf2d301f096d2e0306fb2c7deff1c30d0f2e4ddb,65ced079be4a20cf8f80d7636fa0c12c68144ca91f91f359a562901f0288eeb2,Cats/Eye Infection in Cat::image_42,test
Cats/Eye Infection in Cat/Image_43.jpg,2,Cat - Eye Infection,split_group_afd425222fedf39b021dd574,760453a032e1e6f79e9b93cbf9041ce7357ed67894aa2e041127f4a0b8742393,feca1fab524a1ca09f54a18a2a9e4526cb0dcf25b07f302473c3ec762fd8aea3,Cats/Eye Infection in Cat::image_43,train
Cats/Eye Infection in Cat/Image_44.jpg,2,Cat - Eye Infection,split_group_df6d538e4c5ea5188b311c36,67baa99642f55fe8082f588fe2fb63dba3c8abc9b1974eb96fac2a4839f0a0dd,7ef9992b6fff4a48d1e0c71072d1a32921f1d5991640c214fd9b65a1af80a0ec,Cats/Eye Infection in Cat::image_44,train
Cats/Eye Infection in Cat/Image_46.jpg,2,Cat - Eye Infection,split_group_a43689d25be8e5a302e0c57f,4f7c2538017a2e8c5228922098828512ee90babc6ca70d32a09c18d731aa9ca1,21577ad7bd7ddfad1c6ac85397c04ec73f20d5772ceea2b8132d7c865abf79d8,Cats/Eye Infection in Cat::image_46,train
Cats/Eye Infection in Cat/Image_49.jpg,2,Cat - Eye Infection,split_group_be21860077005a99d221c4c0,3368eb168a1a56e3ebd3f46f95a7a9d0014966d5e42a488f4b7fe436880bd016,dd99e9d131d48396613551ab2f4defb9c38b1ee63479caece6df384fb656c8e2,Cats/Eye Infection in Cat::image_49,train
Cats/Eye Infection in Cat/Image_50.jpg,2,Cat - Eye Infection,split_group_40bf11300380110b35af3e98,62eed61c8cceca54336a6f7f9d7bb38f8249f4216a756a0fdd8b4087ab7bfa21,78579ad4ca2c8b0d35bbb6d9f25f94aa6539a6d85c24e33b006e2d6d62931501,Cats/Eye Infection in Cat::image_50,test
Cats/Eye Infection in Cat/Image_51.jpg,2,Cat - Eye Infection,split_group_b67cee4fdd9b1f5498a02362,1cad5ece7f71fc9ac1d983055f681d45f806fd8e3c6cb1d0c66e21ef42eeb74a,76eddbd0034da1191cb85dd10eaf8e6f73b11b4accd367c994dd80f3545a96c3,Cats/Eye Infection in Cat::image_51,train
Cats/Eye Infection in Cat/Image_53.jpg,2,Cat - Eye Infection,split_group_2bec92201ebf51fd7358dced,a2f8fe13985a4b0af6eef52cc25935da031405066aa55f909f51ddb8765b28c0,fe6aeca6eb4a1d1a29297708c45e53373c02329a54b1c3abb9461fa787c788d7,Cats/Eye Infection in Cat::image_53,train
Cats/Eye Infection in Cat/Image_54.png,2,Cat - Eye Infection,split_group_41d9f0a62ce274bc32573ac3,938f74b7a7af7da9d0bc4751d8619cf88b452f63521fea17553065b699be5075,bfa9d08cb593d3e9e65847666a22cfab261359b7ee8d6430aff1ae04f4cafea1,Cats/Eye Infection in Cat::image_54,train
Cats/Eye Infection in Cat/Image_55.jpg,2,Cat - Eye Infection,split_group_3a86a125bf58c7ffe39dc4d3,6136d3024e896398c0feb5dc63949a856cba0fbcb1c40f1c27a13d16feee2836,790e0c3460c6f7c3c3a237467cef5ce68e912c24c35ed610e3df4414319a7b31,Cats/Eye Infection in Cat::image_55,train
Cats/Eye Infection in Cat/Image_58.jpg,2,Cat - Eye Infection,split_group_ceb237a09f8ebe09ad8c6a39,0889719e231b3a7eb51c0a970972e242597d1028f58079b38c79fe2dbecd61ea,148f66d18cb7b59c9bc4202c08cbc3b2b2cc5cf29464391271c0870fdb88d5d0,Cats/Eye Infection in Cat::image_58,train
Cats/Eye Infection in Cat/Image_59.jpg,2,Cat - Eye Infection,split_group_35baaa7438c96ffd283f136e,f0aaefe6c10724d467d6599e0d56179c8607fecf559767372409f50ca4eeb81d,d4b5209b4c866a06465318621cc96f1b138ac918760ee9b7965e374765f5d883,Cats/Eye Infection in Cat::image_59,train
Cats/Eye Infection in Cat/Image_6.jpg,2,Cat - Eye Infection,split_group_d84c0a643cd3656ff9947720,a36f175c0f62bbb5aa5b635f604bb2639e865fcc9d25193e3d1c17c3c34da896,76c446345eeb62a06c22abe78335d3ea864c4ca32e3bb5a673e39844c80ce04b,Cats/Eye Infection in Cat::image_6,test
Cats/Eye Infection in Cat/Image_60.jpg,2,Cat - Eye Infection,split_group_11b379e7a52ade3f8f5df2bc,29b512dccb5db1804f19a2067e726c412c9e2a7e1882517d94b5c2b9f1275b93,afc1efdf832bbe3a887c4346cc5c6906f801ff73c12d3f553aafc79c2af8dbb8,Cats/Eye Infection in Cat::image_60,train
Cats/Eye Infection in Cat/Image_61.jpg,2,Cat - Eye Infection,split_group_991bc6b476df5a5492575437,bb9206e3d6f5244fc409c2f26efe43bba61c3e82c6edda0e686d106ce37f351c,edac626d1ba890ba420b14f0e96c3026775764a5a44340ad9f250598df89045e,Cats/Eye Infection in Cat::image_61,train
Cats/Eye Infection in Cat/Image_66.jpg,2,Cat - Eye Infection,split_group_aca5be580db710bf09742278,3f5053c91104e64d0d0cea43c8cdb31701052ef18dfb36f67d4c7588b4c0b5af,6ffeace1f2b00a87ca9c3540b41d1e0dc0560d51a3678fae088fceed4cfc26d1,Cats/Eye Infection in Cat::image_66,train
Cats/Eye Infection in Cat/Image_68.webp,2,Cat - Eye Infection,split_group_0be98a3a5784d3d8291c58c1,6f87c8270ec203051573147c9e4eae45c3fbd7a98d777eb0ba054b71b224d19f,74d7fbfff1e920d3ab55c7ce3e49b69cf6a74b53c62cfb7ed409dee24fe2111f,Cats/Eye Infection in Cat::image_68,train
Cats/Eye Infection in Cat/Image_69.jpg,2,Cat - Eye Infection,split_group_d84c0a643cd3656ff9947720,dff9e3669f810eca9851a33a23edd7577b746783b1e2d23b5bcc186d23c31969,2a30ad1415b16e9bb5534a1fbea9337acacf622a203301ed8a19b7ddca7c087a,Cats/Eye Infection in Cat::image_69,test
Cats/Eye Infection in Cat/Image_7.jpg,2,Cat - Eye Infection,split_group_8ce04adc7beef12acfb26fc5,a46fa03b63aecb76e5f4a3270d8cc49f86cff5ea275496d5a4e1941028c98d2f,a806f87f6eec4e7e59a0edf7680e292f888fb218f14a2f4180774261d2fe973a,Cats/Eye Infection in Cat::image_7,test
Cats/Eye Infection in Cat/Image_70.webp,2,Cat - Eye Infection,split_group_d55363f3c30b29c3ed039b6f,a9052bc65f7893b5541101b184115dd2e9383cc95bdea58e7e86d93d76c58fd2,81a184f30c8927c6f8e1147acb631854cbd381b11bacc0d9fb81318d68ae33ef,Cats/Eye Infection in Cat::image_70,train
Cats/Eye Infection in Cat/Image_71.jpg,2,Cat - Eye Infection,split_group_1e8d5ffd040b1ed04601a9a8,8c2539befba0f9a21d1450069af2a496f3394e493b132058c4e545a460ff1d3e,6f3700bb04baf5c6b6a47733c4691aa87324e4e16fb378f0763d8d6e10610489,Cats/Eye Infection in Cat::image_71,train
Cats/Eye Infection in Cat/Image_72.jpg,2,Cat - Eye Infection,split_group_2ea29177af80b4693ade4f87,e03dc396c105c7864b00a93dc32786e5f31274c07f51f53492c2176759540a3f,d34638c66ddf6239e2d23c37c2f20a1cebef6af8f88f1d435ebf6e510d27b73c,Cats/Eye Infection in Cat::image_72,train
Cats/Eye Infection in Cat/Image_73.jpg,2,Cat - Eye Infection,split_group_cc9193e69f899de2846711be,e3e047ab8867029bf81561b98bbc9d8a694ce89201c284b16b485fee30d074db,2a4fe63af3232b0638e11a7556523bd39303c3295f86b3e3cbb404b6efc7cb77,Cats/Eye Infection in Cat::image_73,train
Cats/Eye Infection in Cat/Image_74.jpg,2,Cat - Eye Infection,split_group_0519c729eb5b7d57bcf3da4a,66459ad1f188c60fc95cc3689adbb143a5af3ccc4e2399ed393065ea62885580,a0c1214b4b54891f5026efa799099e85e8336a72560b812fb03e003f058625f1,Cats/Eye Infection in Cat::image_74,validation
Cats/Eye Infection in Cat/Image_75.jpg,2,Cat - Eye Infection,split_group_cd8926253241f28a0f60b32c,441c31fc0ff6b97036be17985bd3014f7a09e45a236018a1a865bfe77f709f5e,2f7db2cd30e31d8a4dc1ade10f9709dbcf852b73247c01140eb828104a723369,Cats/Eye Infection in Cat::image_75,test
Cats/Eye Infection in Cat/Image_79.jpg,2,Cat - Eye Infection,split_group_d437e9ea697b3ce777975b96,f9904ff8559a105b65a8870289588e17e505c03be2e224201e66348adde3dd2b,e929bb86a68ac2227f5b07ce31ae6619c314edb87b955f29fd3b6496930fc294,Cats/Eye Infection in Cat::image_79,train
Cats/Eye Infection in Cat/Image_8.jpg,2,Cat - Eye Infection,split_group_8703742bbe507f49b92e8ead,382b5d3f0de77f3047661eb3364b639e08f1ba52ce82d91e7d950e86f7ef4b64,73ac836d237903bf44a99a113997eeb1d1cc4acb65ab15abfd3006e7b4cf9034,Cats/Eye Infection in Cat::image_8,train
Cats/Eye Infection in Cat/Image_83.jpg,2,Cat - Eye Infection,split_group_e6f9f2a6db961333e51e989f,547773e8eb4c6116ba25fb145aa70b50de38e412d35581877f0a5ae8f018e810,d3a4b51dd90c31d42bf5e4878f59cf9d61e8dd59535da8f920606ebddaef796a,Cats/Eye Infection in Cat::image_83,train
Cats/Eye Infection in Cat/Image_86.jpg,2,Cat - Eye Infection,split_group_997e5cc0fe89fe61d896b25b,904a64690e68a790e9f6c71a5c4889c88742fae1f14dc16ef37931773772897e,f4a6ab94cd6b1ba3b15488112dcd1e7647beea8496f832b1cacdd3517f53cf19,Cats/Eye Infection in Cat::image_86,train
Cats/Eye Infection in Cat/Image_9.png,2,Cat - Eye Infection,split_group_5ef14ec8e27a906e249ed8f2,9a792254be10c829bd2462396b5d620059ebce70ccd8c5e215047e1137f62c7d,e3528171067da8d73112351afb7edff7fef48f1ba4c8226ca437db2805d708ab,Cats/Eye Infection in Cat::image_9,train
Cats/Eye Infection in Cat/Image_90.jpg,2,Cat - Eye Infection,split_group_c432d9e51e209a31c824e1fd,33a948e5e222777641a917c38115d75ff3639534f809af11bd5b21cf854fdcf5,8b8b7a0a082c022336de36b0d475143947a64de029b4caf602caf8ecf77f28fb,Cats/Eye Infection in Cat::image_90,train
Cats/Eye Infection in Cat/Image_92.jpeg,2,Cat - Eye Infection,split_group_730c428dd5449b6d8ac6d973,3e014a5336315b7109f966d3e4e0c9bea0e15c9d5950ed0f2602e5199f3ff0f8,b02050b3f262edb798b1cb4d966c55c2b700c03907909713dc0ed43ed10427da,Cats/Eye Infection in Cat::image_92,train
Cats/Eye Infection in Cat/Image_94.jpeg,2,Cat - Eye Infection,split_group_ccb7afdbe9868cca532d0e7d,dc6152bf73353ad09eacf556d8975532af2b14075b9c41e05e1f665f5f73c679,c8d3dbd3c006c0b1fd144c5c2789a31bc3342c39990aa1b8cc01020c94ecfe55,Cats/Eye Infection in Cat::image_94,train
Cats/Eye Infection in Cat/Image_95.jpg,2,Cat - Eye Infection,split_group_9435367a9e395e74e5ddd047,f26252d5107e6d87c62e854ab1193010c51563455a83a4521d34f5020deef79a,72abe59bf57de383d1e504324511776fbae8f271097536e49a567777353d2401,Cats/Eye Infection in Cat::image_95,train
Cats/Eye Infection in Cat/Image_96.png,2,Cat - Eye Infection,split_group_6678ac9a1addea2d54359934,7162bc45c2df703d5b5d3163bb363c2b52c42e1efd56c64e3e4e349dee79e713,57e9ff2634d33d435a74b8932a578a66c4f1f5570f72ee41000a38893a299d15,Cats/Eye Infection in Cat::image_96,train
Cats/Eye Infection in Cat/cataracts_007_jpg.rf.nfobQRuIPxFoUAGZfcUz.jpg,2,Cat - Eye Infection,split_group_5b031d726894fe94fcb2a75d,6b89636ebfaa82de2c3ca092aef38ed1920608e6823a0ab32780694e4ecebdf6,84539518d2cd40e172c2e9d400564f09b04c2c88339882f70cc1d2ad96b181e3,Cats/Eye Infection in Cat::cataracts_007,validation
Cats/Eye Infection in Cat/cataracts_017_webp.rf.FPFfke63sEfKJTCawp0n.webp,2,Cat - Eye Infection,split_group_2c6201292552d68c0b623aed,be8071967fd3344804da21f5339b469fac0c324d5b1fbeb9eafe03f1af42ccd1,553496857eedc095d2ca57ed3953d3b889b30ce2b3192222c1ea5dcd05c3bf5e,Cats/Eye Infection in Cat::cataracts_017,test
Cats/Eye Infection in Cat/cataracts_019_jpg.rf.aABfjRSNjcHmXGnImLZG.jpg,2,Cat - Eye Infection,split_group_fd1f62c245d942ee340af325,3bb6b3a53fc108eb40a973f171b54e46a7e1cb79ae29620cc58415aa70916abd,b33c2f3d13833a1842ccff4579d367da971f668cb2d92ff59582b620ea6ebd94,Cats/Eye Infection in Cat::cataracts_019,validation
Cats/Eye Infection in Cat/cataracts_043_jpg.rf.eETMVlqSmmb6FrsLnMNj.jpg,2,Cat - Eye Infection,split_group_310cea8c6ace74ec35f6c9c5,31789cf3b99783f5bf438d8768a84c7a30a7d3601faaec50910c869397990602,801aa9be9deb0079452a7014b78a697dd59cdbdae3b8115b4b149001649547ea,Cats/Eye Infection in Cat::cataracts_043,train
Cats/Eye Infection in Cat/conjunctivitis_001_jpg.rf.GTEKEwttvFTbzC53adDx.jpg,2,Cat - Eye Infection,split_group_17e37eb782da08b5e6db6e8a,55cef874260f217025bc30d80f243094b4f97a10d7a8638460bfd9ff3e588e0b,3469ff8d983f97ed754a304a38d8999079843d1e2f1e8484dfbff73883141e6e,Cats/Eye Infection in Cat::conjunctivitis_001,train
Cats/Eye Infection in Cat/conjunctivitis_002_jpg.rf.7I5dp7SXb0nNNAI1WFZ7.jpg,2,Cat - Eye Infection,split_group_eb772c7486369c1981d53849,4484d20a0fcd267a03d87a99805fcaecbe90ff717d09b2099b0525342d103d29,37367bdfe157325de7e39054d355daf3e67f80a442c792ca0c6a6eea4b223aa5,Cats/Eye Infection in Cat::conjunctivitis_002,validation
Cats/Eye Infection in Cat/conjunctivitis_012_jpg.rf.VhYWRcAStHJS6ls3YHny.jpg,2,Cat - Eye Infection,split_group_db86f6a4466efe93e7338215,a82a5f06bb5d2020eb8de88be3f76becd30ab8c37cd0e5c6477e3d074414e64e,73e3ed9e0175b5f4b0640422a2b6d5d77efb5428f078e38e503142debdbdb065,Cats/Eye Infection in Cat::conjunctivitis_012,train
Cats/Eye Infection in Cat/conjunctivitis_016_jpg.rf.8LYt9s5xmrgSnGDEj9IG.jpg,2,Cat - Eye Infection,split_group_611786fef281a269b222f954,c422a2eb8079031ff64bb3d0124463a5b88aef25c8e090b670fd3f1b204f1a9b,2f3dcbf06b4eb7f757eac7a034d28c0881e364d26c9097cc37bd83a7d367cce8,Cats/Eye Infection in Cat::conjunctivitis_016,train
Cats/Eye Infection in Cat/conjunctivitis_019_jpg.rf.Ne2YESm0HEmw49EsvVal.jpg,2,Cat - Eye Infection,split_group_97423298f98c436c55c9dc87,189128654bc74a77237c0b96c2d1d27d98c7fe892ef96defa860c7ecb171343f,d9de97de29a13176c33071affd0ff21ad783a6b596698686c31b00733fe9179c,Cats/Eye Infection in Cat::conjunctivitis_019,train
Cats/Eye Infection in Cat/conjunctivitis_022_jpg.rf.dKGso1ubzExecKfxjtkv.jpg,2,Cat - Eye Infection,split_group_591081781020fa882c3081e2,9875dee978591619a558612c0c099a14b9847be458f5973dafe397aa7fe1dc34,0e02b5f2d3d32d8b9ca2c50a6a7515f46de0455c21a7048138732af659d0bb25,Cats/Eye Infection in Cat::conjunctivitis_022,train
Cats/Eye Infection in Cat/conjunctivitis_028_jpg.rf.06QmnQrBBOAD1li9t0Ah.jpg,2,Cat - Eye Infection,split_group_cb758a908ca81aa7ec429ed0,07c8fcbc7e86919b79d2602d86ffc4571751b4c7dd15d5056ed9b1c59d02f413,6e1fe1f7f373ea549aac7a2659e735efb0255ac19b34037966e655d3bd1fd818,Cats/Eye Infection in Cat::conjunctivitis_028,test
Cats/Eye Infection in Cat/conjunctivitis_034_jpg.rf.GRlqckO3putheil9LHUO.jpg,2,Cat - Eye Infection,split_group_e6f9f2a6db961333e51e989f,fe83b9ac2da5f30717f38e4a8ea1fab8f68cb9d38f06d8a8b24da2731ad879b7,55d56fa2934cfd753f0a73d702e63f48fb70bbd57dffe70295ef5058ead9977e,Cats/Eye Infection in Cat::conjunctivitis_034,train
Cats/Eye Infection in Cat/conjunctivitis_036_jpg.rf.hG8URh2Swyrz6sQhKf8Y.jpg,2,Cat - Eye Infection,split_group_4d9c8de4fceb418f7b53ed02,fe324a3c76f39bfed683d8ef6d8d1455dc47494199fcd475f1330d4f1058a6f8,a410b83b9fb76b2c4003876531a2e848625fff87d1cffe825e6f2128b6f9ae1a,Cats/Eye Infection in Cat::conjunctivitis_036,train
Cats/Eye Infection in Cat/conjunctivitis_047_jpg.rf.yziyoR4Hw5pBA4cUPJW7.jpg,2,Cat - Eye Infection,split_group_c85e4944dcf3758f2ab3a673,4fd4493aa79acbfcc0f72535568a0a0e5fa6c8354d2c7e738fa37d09c4c884e9,3505b9a135ce1b298f3d8eb3d736c73cb5b0d6cdee9b98de86812edf3b5863a3,Cats/Eye Infection in Cat::conjunctivitis_047,train
Cats/Eye Infection in Cat/conjunctivitis_049_jpeg.rf.TAp8zkMLnTuRZPpV6p8N.jpeg,2,Cat - Eye Infection,split_group_60ff15729e41119811ee9103,0cc258e7b23450056b860fa5640ad1009b8ea8e174c2dc727b2a468333bf51bc,d8f8b0d47dea68492ac46144e413ee0dc7d0a9739aca55ff5c69055c2deb22a6,Cats/Eye Infection in Cat::conjunctivitis_049,test
Cats/Eye Infection in Cat/conjunctivitis_056_jpeg.rf.rkHCjHvAKHIggHueVnNH.jpeg,2,Cat - Eye Infection,split_group_1de42b99ba4803ffab0758d1,a16dfc2f9fda54e43507e2e25ccedce7498b53502a39ee9a6f2a1cb117cef345,50bb3a5198881c56102686bc62ed380964276cd4b06b97969f15d8cedfd73e1c,Cats/Eye Infection in Cat::conjunctivitis_056,validation
Cats/Eye Infection in Cat/conjunctivitis_058_webp.rf.Sz1BU2hBhfml7JQFe8Ca.webp,2,Cat - Eye Infection,split_group_2bec92201ebf51fd7358dced,0c2be59327d8093a1ccf0032f2acf2991c80e3f312890b9b6e4a4e1b43c94dc5,1fbb093d3914609341deceb20af17af8dc638b2cae1cf5e9fe059f0522807907,Cats/Eye Infection in Cat::conjunctivitis_058,train
Cats/Eye Infection in Cat/conjunctivitis_063_webp.rf.H7Q4mNRKQrCY7BjhjH27.webp,2,Cat - Eye Infection,split_group_1d2b00a84950427a6c27d335,0c4b3f27625cb8ab49d06ebcf36919479ff38b6eb4a93e160488ef6ec3345fbb,735486b7c40c34c4f55568088ce392864a425639a5d5ecb7ac53ec05094d426b,Cats/Eye Infection in Cat::conjunctivitis_063,train
Cats/Eye Infection in Cat/healthy_001_jpg.rf.3hQ2SADZ35SBe7pCkvHw.jpg,2,Cat - Eye Infection,split_group_a05c993c9a33bf2c5e833427,8e71a0a0f61fee26d9f58afa8c9790868038f99ee54989fb414eae99a276b0b9,d3fe3f2a8b1df692e0a7f57f5c9bc61cc0fee82fb3fdb8910ff5333ca60ff613,Cats/Eye Infection in Cat::healthy_001,train
Cats/Eye Infection in Cat/healthy_007_jpg.rf.6psyY6JjcaR1WbfpVHbp.jpg,2,Cat - Eye Infection,split_group_5a9fe3169dc72c48eea1d117,549dd02b086b27b451d3fe3b8f98b64612c01765552c78b9c91079b2629a8b4a,77d8c291b01378830e89bd9429cf7be43dff1728ed79c36a890777489e51ec1f,Cats/Eye Infection in Cat::healthy_007,train
Cats/Eye Infection in Cat/healthy_015_webp.rf.kYRvGLvV5aMjFShGIpiW.webp,2,Cat - Eye Infection,split_group_aa506fddca7ecf49f23e0081,d84ee47c9bb5770e372c73e42798d5b493150208c26a4fad77ebd88549278750,0a0b0fcc8877ec66e150d6b85d236707233a17bfcb7bd3aaa7bb044b408b9e53,Cats/Eye Infection in Cat::healthy_015,train
Cats/Eye Infection in Cat/healthy_032_jpg.rf.6eivWD91bxWY0sOQgS4O.jpg,2,Cat - Eye Infection,split_group_2109b0514e17f7d92a9611c6,24b628153b6764c2cde670e16de7945027ccfd8f6deae376e46219e7d6bed2c1,65fbe4cc1f75cc0a26c2787906b1d65ed8b93976d61422a3718c064700645139,Cats/Eye Infection in Cat::healthy_032,train
Cats/Eye Infection in Cat/healthy_035_png.rf.zaJX8eSZHDzXkJPsImCh.png,2,Cat - Eye Infection,split_group_3e50f3f99a01590b4895a8fa,095443643e744e591e6d92b328b9907918a10da3611f943431fcec7999510829,2743a9f71c440081d9b1fd29716a60a155ffa820e1518001e2c31ccf809f1bcb,Cats/Eye Infection in Cat::healthy_035,validation
Cats/Eye Infection in Cat/healthy_036_webp.rf.NAj0u94YeOjTVpP4BpuL.webp,2,Cat - Eye Infection,split_group_f68d89f564797fe6247e0bc4,2c4bd916fee70b222042002e6934fbdd2e5b40cc0b56e692af5fe4163dde9c3b,51f20067525235bf3a3b92a27f137c5e07067dd2868ab26c30b4ef02725aa94e,Cats/Eye Infection in Cat::healthy_036,train
Cats/Eye Infection in Cat/healthy_037_webp.rf.itpXElvRSloazvf22G38.webp,2,Cat - Eye Infection,split_group_bde61c7b80b840818549de89,373a5f76083af092688c19beb4d39a5a5496fca81abec6ccdc8b99e4dc728956,eba687f6f09fe379fc41c97983b1fd6a092f3805334037384f870ad11a059b3e,Cats/Eye Infection in Cat::healthy_037,validation
Cats/Eye Infection in Cat/healthy_042_jpg.rf.d8pOJ5KeYi7klUT8aL8G.jpg,2,Cat - Eye Infection,split_group_e02218668eccfa8a4eb36d7f,b9a2fd31c5479505c26929d2f5443d4c9d1fa34bce381a0a95899393b4b386a2,775b7e406ff539cb7d9300c07ae5ebd1487a8f9e98401dcb7b991238309fd2f9,Cats/Eye Infection in Cat::healthy_042,train
Cats/Eye Infection in Cat/healthy_048_jpg.rf.lSCNMWhSx2IAVpg8vOT8.jpg,2,Cat - Eye Infection,split_group_f910ef43853a4be4f490925a,c7bae30dabfb008156e704bde4654012312b014fcc4919ee8578ef267e943edc,6e6ba10c9e46ce6499a727df67a96ed80ab7c554cfcacb9f5c3008a03eb65289,Cats/Eye Infection in Cat::healthy_048,train
Cats/Eye Infection in Cat/healthy_063_jpg.rf.2qNCHSaa8e3sE3W2GGTN.jpg,2,Cat - Eye Infection,split_group_5d33b1124f8bf0f33a425ed2,e1e14e5c469b18fcb318fd81cd21687acf2701c4b3d61c0f97023f0a5fddb3a3,e0b22baae7130a80e7b460c103db8bc7ae117aea7e2761b4179437383afa451c,Cats/Eye Infection in Cat::healthy_063,train
Cats/Eye Infection in Cat/healthy_068_webp.rf.yswACigxxvZSNfMuPn4C.webp,2,Cat - Eye Infection,split_group_dfec6d0308156b2e2ca4afed,0f17d12b7d35acf6c39f60c9e2a5f59fa945e2a7d504d41128d4145be0c2337d,045aa0307ba5b90329683bc94b943c8ea4e916dc9e94401c9c15e2f36ed145a3,Cats/Eye Infection in Cat::healthy_068,train
Cats/Eye Infection in Cat/healthy_073_jpg.rf.NnbjcW3eBb4oQsM8txPB.jpg,2,Cat - Eye Infection,split_group_cd3d0a5637eeffdea65cc262,a30491190c35ece4a7b085f794590a6d139ed82e65cc4c2899e2e55c34b5b904,ef547982b0c7da0bb6475e7072a06c01fc518c66e0c45265dcc3ba3b56350b37,Cats/Eye Infection in Cat::healthy_073,train
Cats/Eye Infection in Cat/healthy_081_jpg.rf.HdSXtyRIWxkT4cmOWqi5.jpg,2,Cat - Eye Infection,split_group_765c8f2160a837748d0b790d,3c65a44e26e99392151dc32d3e4c0efc2f999834748f66edaf63281f88480fda,1efa28e13428fca610e871814a76109cf4a6cb2ef01fb49e8320714200a45b65,Cats/Eye Infection in Cat::healthy_081,train
Cats/Eye Infection in Cat/healthy_086_jpg.rf.TWIpWub1umDxiOs2dMPl.jpg,2,Cat - Eye Infection,split_group_67a46f6515e837770bf021a5,9a4614e01f8829a6ec1da674ed655e682ae99fa97c6e081441de70487480bbb0,d449930e75fd87b81566a497393956c7174fd3f0536a70d096cb99d58bfda519,Cats/Eye Infection in Cat::healthy_086,train
Cats/Eye Infection in Cat/healthy_088_jpg.rf.QInrANHYagExwAGlAuoF.jpg,2,Cat - Eye Infection,split_group_c21236049586b2c5c75fe6e5,5cef47b4cccaff79a837bd69fe8748437018e69c6381cc716f64380d45060301,7641226ca6d2f1e275599959b5079b6db2466b4b958b64a17c036c33bea44f51,Cats/Eye Infection in Cat::healthy_088,train
Cats/Eye Infection in Cat/healthy_106_jpg.rf.6VySKUo4YHHZAylKEfuP.jpg,2,Cat - Eye Infection,split_group_3ca70453c7054b4e4e5e59c3,4b0410cd95df56149501e9ee2eb6e1139010b2e999bb764fe1876d272c10ede6,6d032b5ded4e5836de028843c6ff3b89cccfa4b9ab7123726cba93ab79546715,Cats/Eye Infection in Cat::healthy_106,train
Cats/Eye Infection in Cat/healthy_108_jpg.rf.j6pETesAlaMhkzi91OtV.jpg,2,Cat - Eye Infection,split_group_67714ddc839150fdfb3d306f,aa2cc2d31a4a396bdf73f5471dbf4d08331bfbf6a54b4cf46d4ee71a9e0d8ade,7bfdbb6fb2f860b23be7735273a672485791f5e7e878100055833feb1d4a84c1,Cats/Eye Infection in Cat::healthy_108,validation
Cats/Eye Infection in Cat/healthy_110_jpg.rf.oLPRk8gNkcwQ1ylhyQYD.jpg,2,Cat - Eye Infection,split_group_1f967d3d9de5b3a638160e6c,7086fcee82baaa1a2877840dbc61c1318098c9748aa3d81d6d11b71756f74146,1993978e030e7a499bad0f61631cf2236ed66a397889d51156f28400d9e76669,Cats/Eye Infection in Cat::healthy_110,test
Cats/Eye Infection in Cat/healthy_116_jpg.rf.qiP2zNbo11mvsYgEOcR1.jpg,2,Cat - Eye Infection,split_group_f534af40cbfe8364db489e7b,ba888da444b3ba5a50fb5cbcb0c5301dc176019ae3c95669823523db44779697,23fccc8552dd33d83759bb57edcb3d24bc5b0790e7946b4985774ac8e8a22028,Cats/Eye Infection in Cat::healthy_116,train
Cats/Eye Infection in Cat/healthy_120_jpg.rf.8plVF23P1aopNMMXvqnP.jpg,2,Cat - Eye Infection,split_group_fc720996d9425fdd0c282193,ad55d15fbbf9106a815b822259eb744a6691ab10c547b5469f4403f5ef30ad65,8a68f887708f6c198224325b6371fe762aec4e4708042b284c13c01870aba00d,Cats/Eye Infection in Cat::healthy_120,train
Cats/Eye Infection in Cat/healthy_123_webp.rf.kLvZzXv6lOSKHe9BF6yU.webp,2,Cat - Eye Infection,split_group_5a9d8ab283f60137bb89ad84,48eed8706cca559bb1abf3dcc1cfe896f7cfc3a288af63f4c59c59d21ec4c64b,bfc1ce75c00a8b5097a7e5f4e9720ca218688be5f490ca3e5e9f4ccd9144c302,Cats/Eye Infection in Cat::healthy_123,test
Cats/Eye Infection in Cat/healthy_131_webp.rf.IKQu5CC1JfkMfzHcKMxA.webp,2,Cat - Eye Infection,split_group_c2d6bdc495d027b6f79ae231,5b0feeca2651cfbe9f079da044ebb8840492958dae764cba83b99ae148bff9ef,4be931c5e335af8837c21e1b5201c731dbb8a312e308e415839ba876370025cc,Cats/Eye Infection in Cat::healthy_131,validation
Cats/Eye Infection in Cat/healthy_133_jpg.rf.b5ftMDp3KAkVweIQriBD.jpg,2,Cat - Eye Infection,split_group_1c921dfbd10509eab7b9bf18,c3bcafe2146d4feacdf799f966c9c7f36ce115d94b647258b5a0f1f18b065c15,51402ddf6bbf493f09ac26d42c802bfdd706d0f91f4125f52a3166b55db4ed79,Cats/Eye Infection in Cat::healthy_133,train
Cats/Eye Infection in Cat/healthy_138_jpg.rf.DYbnb8dHuoyoJwGWkUAk.jpg,2,Cat - Eye Infection,split_group_bc9571c8ccc0196a921011f3,69743661929cd23bc84621160ac44a04b4cefc26204963ed2c0ca034cb61e8ba,33358ff5ec4717b778ec66a0ef85cdb5d0bace5459b1fffd8ced6cca98a159a3,Cats/Eye Infection in Cat::healthy_138,validation
Cats/Eye Infection in Cat/healthy_139_jpg.rf.8ErtUw2wpLpir9yr68Ii.jpg,2,Cat - Eye Infection,split_group_19fde51de162c4610c731e97,fe14fe2e4c27701d823baa7114c32e25f2bf47829923028b41dba0f71da4a3e4,85685e3ba3045067ee6f1c3342348ff21c37532a11f419a5b0c71617afd9ead2,Cats/Eye Infection in Cat::healthy_139,train
Cats/Eye Infection in Cat/healthy_141_jpg.rf.wCbejl7jfNzWPjMNC1RH.jpg,2,Cat - Eye Infection,split_group_185d088361ea0c057d47277a,1bb8c4c906862535e4b5d727bd71357ea4326b6fe5b8c96df432135ce4be0172,7da3947a3357b116680175dab042d8381e0a597eab0c915ecc29b335e5f6f224,Cats/Eye Infection in Cat::healthy_141,train
Cats/Eye Infection in Cat/healthy_151_jpg.rf.iEgsb4AIeiJJL7y9UgkQ.jpg,2,Cat - Eye Infection,split_group_15f328a53804091c8996293e,a16aefcbbb8fb5d93e6a19a725d8c600ca6b8433bbcc55d0f0949c673030a1fa,be48112bcafc26e893c41c1ab090adc508d973ab7a431fe60bfca2316eaede17,Cats/Eye Infection in Cat::healthy_151,test
Cats/Eye Infection in Cat/healthy_174_webp.rf.o6fpiy64mhqbNo6eN1r2.webp,2,Cat - Eye Infection,split_group_b4066caf1ddfde3f454119ba,3e91e1142d33436340fb65af4dd8ff801dbafd13783117ae5c78c54ba45ac369,d292b4f372a8511cdd924eef63f5f088607d48256d2120b98c860fdfd0dcc425,Cats/Eye Infection in Cat::healthy_174,test
Cats/Eye Infection in Cat/healthy_185_jpg.rf.StozZUFZVWrZqSojbw6Z.jpg,2,Cat - Eye Infection,split_group_794dcfc1b59c6d8c25ce9dc2,53c11235eb75b4c68fad3e0ae686a4a1b8946f15963150f3fb633132fabe8109,0b0f9da42145ba6cc4027c3ddefc0d083e156ec475b0bbfcc38bb30d03d5a98d,Cats/Eye Infection in Cat::healthy_185,validation
Cats/Eye Infection in Cat/healthy_193_jpg.rf.nJOjkSFgOAxL8vgNyMqA.jpg,2,Cat - Eye Infection,split_group_eae92f20aeb22342f8b9c5db,f9b7cec2d40ff9ae4520deb30eb46bbd97c1d4a4602615c7d94396da8854af0e,d58d6e4ce6e722744eac31f0b4308a8ff079f2e0c47e81b0415533ac0cd25f24,Cats/Eye Infection in Cat::healthy_193,test
Cats/Flea Allergy in Cat/1000010593_x4_jpg.rf.dmS22o0yyhk6DXwINv9K.jpg,5,Cat - Flea Allergy,split_group_571a30757ee7081ca99fa41f,9144475dbdb520d92fbcf47f8db8aa5da5d67c3fc50e0ccff5f2b860e407731d,51b929c334931b4ac8eecc6813e1cf9d74b8e665406bed672472aa145e848e27,Cats/Flea Allergy in Cat::1000010593_x4,test
Cats/Flea Allergy in Cat/1000010601_x4_jpg.rf.mtc0lWSwMajciM4NopRs.jpg,5,Cat - Flea Allergy,split_group_fff95b8e84da7929f9e58dac,79ac77eb4dad54b610e4d7943251ed5516fdd4227b9398f5b14b2db15c00d633,33268e0e1959cefd8972e64520d5725fdf56e2ceacf8d86f52327098842ba9b5,Cats/Flea Allergy in Cat::1000010601_x4,train
Cats/Flea Allergy in Cat/1000010627_x4_jpg.rf.sNgWZWTpxExKfFFgdf5C.jpg,5,Cat - Flea Allergy,split_group_ecacde2d225702a51fc72d45,74a1aee7fc280a2bb2b6ea98d63b74219534bc42de19afdffb0e7222a73866c3,2716cfd5993947546b1df098ed98a77404a59c36f1adc313101e003a85da47f0,Cats/Flea Allergy in Cat::1000010627_x4,train
Cats/Flea Allergy in Cat/1000010771_x16_jpg.rf.rxxrfJ7imET4iO263Xox.jpg,5,Cat - Flea Allergy,split_group_08438cdadabf9c7c8938fcf8,4bd893fb44dcc7546f6023355fa5e1cc346c97b4490a4cf68ce148ca6358cb8f,7d8f0012a6106e05c98f079ce2b43896afcfbcfca37c3e23fa35963547467fe5,Cats/Flea Allergy in Cat::1000010771_x16,test
Cats/Flea Allergy in Cat/340947808_546167834308890_7592465449990658927_n_jpg.rf.Zm5nYHwF7fapM7HIgFuo.jpg,5,Cat - Flea Allergy,split_group_7ff5b9f0eb86eb2e3792c8ad,17c003b06eb96617a1ecc939c6e01711f8c796f3019a4a799ba941139bc52aa4,f0f69457f186478e59df852fed6a1909fc03219c8266bc64941ef8ff84af04dd,Cats/Flea Allergy in Cat::340947808_546167834308890_7592465449990658927_n,train
Cats/Flea Allergy in Cat/5d5641b96b930df01eb7df119e680c9fdb41f4e4_jpeg_jpg.rf.lYp1tmsHRS3KsrSCkohe.jpg,5,Cat - Flea Allergy,split_group_9509e2db7f9c4de00275fbe9,f122d50a7f4bfd517a76da32e6f9207a3fe6e0f2f9a4257ac88fe8dd46afa06e,fcdd70199db5b7a6d13be4a36aa103fe26a7c08912ba9ab5ea35620aa9d7a761,Cats/Flea Allergy in Cat::5d5641b96b930df01eb7df119e680c9fdb41f4e4_jpeg,validation
Cats/Flea Allergy in Cat/Atopic-dermatitis_Red-skin-dog-abdomen_DermVets_jpg.rf.ov8aQCiqvH1A6XWDPSES.jpg,5,Cat - Flea Allergy,split_group_7a8bacd9daef1277ecd39f47,2c85ac02086735298ac55b9e89b514dea0c10c0399d33a2ecdbe9c58240028c6,5ca658e6c7a52e13368ea742c30399fcd6553c7d71af7dfc44c70c192b9bd0e1,Cats/Flea Allergy in Cat::atopic-dermatitis_red-skin-dog-abdomen_dermvets,train
Cats/Flea Allergy in Cat/Image_10.jpg,5,Cat - Flea Allergy,split_group_5114f20be38b180a80417b67,085afe2e27cf3fb77bc9662c1ad5d675a06242fb697d360bda75f251f1fb92aa,9ce4fad01a95330516e376836dc5f43996a5531e80d4f229297e60c3241ba7f0,Cats/Flea Allergy in Cat::image_10,train
Cats/Flea Allergy in Cat/Image_11.jpg,5,Cat - Flea Allergy,split_group_5b44b11d844d45f7770c23a9,b60862d92aca723404659c8dd8aaca6428cc5b96c40f6a5a2722561ebd7cdc00,4d97c7280202d6a37571f43d50cc1783521e2d097df01f4b2d50caa5d0b95a53,Cats/Flea Allergy in Cat::image_11,train
Cats/Flea Allergy in Cat/Image_12-2-_jpg.rf.iiVaBJlC9NO2cjFPCGn2.jpg,5,Cat - Flea Allergy,split_group_1e9c64a4029482309312b80d,db4c47868aba90e44359305d5e0af7398b9c7a355b504b727096391eec5224c9,498ddf2e3b403ddf8e50ffc290ca19e900271f01cfc5fc7ac80978f2cfe9fef3,Cats/Flea Allergy in Cat::image_12-2-,test
Cats/Flea Allergy in Cat/Image_13.jpg,5,Cat - Flea Allergy,split_group_191fe136ca875b140a85c0c8,4f1f940ea516efc664a1aa8c219aa1e1382c7eaf2938f7edaf209264a5fdde3d,7e4878f82c57942acec692b3d5483304034c900e4a196c13faab670ea85235b2,Cats/Flea Allergy in Cat::image_13,validation
Cats/Flea Allergy in Cat/Image_14 (2)_jpg.rf.IWWIkUs7ffrRjj3BRwYz.jpg,5,Cat - Flea Allergy,split_group_4e9e8db1aa3aff8765ebddc3,f58795666ba0587488739e47c9e7903e88aaf414ddc5afec80ade3da481d5631,8f29b09ef4bb7ab9a6a7b15ebc90998068f98576b2cc58529c55276097fefb30,Cats/Flea Allergy in Cat::image_14 (2),train
Cats/Flea Allergy in Cat/Image_14-2-_jpg.rf.9RheXjaOmZ8U0TPtq0LZ.jpg,5,Cat - Flea Allergy,split_group_ad51575fb799fcb386ed834c,eb7586c3c8e3a617a6bf0f83ddf096a8e2e76c2b7a4837f016ff6c7f55e5229c,22147222be631f128a15612146d927fb88a21d654d13037682c052c30ed8df95,Cats/Flea Allergy in Cat::image_14-2-,train
Cats/Flea Allergy in Cat/Image_14.jpg,5,Cat - Flea Allergy,split_group_88cfc7088259536028296f64,db7be2158b4fefe98ad53247156233df2af313aa3f569a280741668c2654ccb3,a9f9ae242fd193cc702d2ac7836eac011b04256a1798c36eb6967209db6ca3d9,Cats/Flea Allergy in Cat::image_14,train
Cats/Flea Allergy in Cat/Image_15-2-_jpg.rf.A2LOABFGXkLBb6JVRblb.jpg,5,Cat - Flea Allergy,split_group_a98041aa49698de3c578dbbb,c0157973a661dbca4ce21a54e7d89634c9162e70d13516abfd56538e7eb31620,f7fa51857a01f709b1050748ea4b70663914945c3aa1a6e049a475f963479ff9,Cats/Flea Allergy in Cat::image_15-2-,train
Cats/Flea Allergy in Cat/Image_16.jpg,5,Cat - Flea Allergy,split_group_5bd10fefdd1c8ade4a4cae0a,2ae6662fb5290f249da93991b67f4773bfdcff28ec60b70e73490852ea001cbc,0cac73bd261a920c00d3c12728760fb396292da122ed7bff381f8a7e47b05c2b,Cats/Flea Allergy in Cat::image_16,test
Cats/Flea Allergy in Cat/Image_19 (2) (1)_jpg.rf.HbpA13QuIBsl9WGoeTMe.jpg,5,Cat - Flea Allergy,split_group_1ea60fe7f9c512b5faddd859,7bbb260d2452ad1386f20856cf2cc3f0ddc8b67ca5277606941bdc449eb0ff8e,2ba03acc7af0c263b30cb21bc59115e8e984fcd26687e396f278214fc000f029,Cats/Flea Allergy in Cat::image_19 (2) (1),test
Cats/Flea Allergy in Cat/Image_2.jpg,5,Cat - Flea Allergy,split_group_1ea60fe7f9c512b5faddd859,afc7fea89e79e8ff2ccb7d665649d4f253f8606e56fe3250dc4ace5f7825a782,bc6f1b0ebacf7b77d89e964bf2a49f9cd6629bbaf63086c937c7a60fe086944b,Cats/Flea Allergy in Cat::image_2,test
Cats/Flea Allergy in Cat/Image_20-2-_JPG_jpg.rf.l2iGVk6IkSs5n6pYGd7w.jpg,5,Cat - Flea Allergy,split_group_4c30990c76a25d97d4b09f7c,3c0f3674e3bb13d359293bf356c380758b1ddce246cb94581d0f40efdaf976b0,2007437dd257049b00cfdc839f91522e3cdead6d639000ccf607682083789913,Cats/Flea Allergy in Cat::image_20-2-_jpg,train
Cats/Flea Allergy in Cat/Image_20.jpg,5,Cat - Flea Allergy,split_group_534693e74f79feddd9686928,d2d5b6117462291f10c716dcf036fcbd41ef85be2a01ca528200fa48c27a2d5b,5ece1c0ed8dd3df74a9852dbfa8e503d4e3896750ca6f405539c18ed63c993ed,Cats/Flea Allergy in Cat::image_20,train
Cats/Flea Allergy in Cat/Image_22 (2)_jpg.rf.iLmdI8kRlSaT3mcTNfcH.jpg,5,Cat - Flea Allergy,split_group_1c1ee29484a24aee0dd400cc,419a443e60d3547bef2f7117bbcb605bf1cd3664a94915270d344fd233c96955,99f90d34a2b482071a718ab75f2f350e6f4292d1d356d02b4af1ab0d800a8bd5,Cats/Flea Allergy in Cat::image_22 (2),validation
Cats/Flea Allergy in Cat/Image_22.jpg,5,Cat - Flea Allergy,split_group_f41c9260be5c4ea14c2d86d7,7b5e732af818070d0c44bcc6360933ea5874c7472cde62735892507471f65741,097fd9d3d05a34be0e4b0df0cd35d740e52a56a59a8885317bacdf7d5a3a5ab3,Cats/Flea Allergy in Cat::image_22,validation
Cats/Flea Allergy in Cat/Image_23 (2)_jpg.rf.IFPaYQlHpdD7DbRC2sIQ.jpg,5,Cat - Flea Allergy,split_group_4efb6fd9c27a00dfc870ab76,6c651ef92b2635303771845f74d45c7a73bde35ac93606576ad9d4e551dfd341,1d831024640d0a4b9f4e967c0cfc225b1725a423c0ca0e74cc6cb3163cdf91ce,Cats/Flea Allergy in Cat::image_23 (2),train
Cats/Flea Allergy in Cat/Image_23.png,5,Cat - Flea Allergy,split_group_15b2b365a01acccdf57c4385,78da44d97a900864c08d1233b208bc84a50033e15a14591c2520a8b9a797ecdc,74328b6d40ae595d2d151c2ad6a9fbb9c628e26ee8fa6b361b7db41075c49d92,Cats/Flea Allergy in Cat::image_23,train
Cats/Flea Allergy in Cat/Image_24 (3)_png.rf.J17EAh05wDILu9rlUFbt.png,5,Cat - Flea Allergy,split_group_439ac59d78dc4dbfc5dabd9d,0e263716fa7eb874d441049d9307ffba3e3aa17b1b1d3ebb7af2131b7c97d44f,3ed8ef4fd776645c4536c76ee5b7754903c4104d83da12185785f1c6b45a0f05,Cats/Flea Allergy in Cat::image_24 (3),validation
Cats/Flea Allergy in Cat/Image_25.jpg,5,Cat - Flea Allergy,split_group_4b9e0c07bb4e9dc6478b0101,1dd3d7dbaf6f448e4bea0d9d5fb19a51224e848ae2fc6360224a470fdb8796c6,8ed42da659634767c8c3dbd368955277a6448850e4d49f6da92ec303ce49311a,Cats/Flea Allergy in Cat::image_25,train
Cats/Flea Allergy in Cat/Image_26-4-_jpg.rf.rxeUH6Sww7x5btWz576Q.jpg,5,Cat - Flea Allergy,split_group_a62159bb16c82604a74f8c76,e184829a5063e1e6fa9d2d72372b411f77f92883b405a3221cb62e73541d4600,a3573b8f5e14ab7e9e7511ce2254393fde824f8935467ca5e9fc07648dbfaa9a,Cats/Flea Allergy in Cat::image_26-4-,train
Cats/Flea Allergy in Cat/Image_29.jpg,5,Cat - Flea Allergy,split_group_e0a3ade835b83fcae2a3221d,2aa8f1b6da899567e63bb095fc6d903140911fcd6ada00064b2e8921e393cd75,21714f586368d6a0da8a5365fb88d7de5794c770ec7584b913bcc23cc4db230b,Cats/Flea Allergy in Cat::image_29,train
Cats/Flea Allergy in Cat/Image_3 (2)_jpg.rf.M3IqONJubxwmMHXRYS8m.jpg,5,Cat - Flea Allergy,split_group_97d2a87690958a168c9c38fb,ed61ab0e6f525e816b002599d1d2db79ad1b9e7aa230a5800f14a6f21cb5fe43,e570d9570facffb048e58b8876db23520786b39e7131ac1b58cb6a869fd44d26,Cats/Flea Allergy in Cat::image_3 (2),validation
Cats/Flea Allergy in Cat/Image_3-2-_jpg.rf.91hCylPMHaHITsDFvIuc.jpg,5,Cat - Flea Allergy,split_group_e667d6f9c7601fcec4339cd0,ea0ab257bab8f09eeb03483c509fac1c89d8e10b2490efd4f6ac599ab690678c,6d0b7db05d16ac62395bd8cdaf3b241177f53b1a077006ed65da256c2ae620a6,Cats/Flea Allergy in Cat::image_3-2-,train
Cats/Flea Allergy in Cat/Image_3.jpg,5,Cat - Flea Allergy,split_group_a38e7617424931c1433e91e9,73e3d34fae84e6b3a1389deeaeb62cb9a0267fc9d9ab6068dc07dd41059b397f,5fcd9b4c7130df1f373dc48448ab9cb12a68eefd52a8418db98809025582b9f7,Cats/Flea Allergy in Cat::image_3,test
Cats/Flea Allergy in Cat/Image_31 (2)_jpg.rf.CYhNIRF9SjnKZ4clGaZa.jpg,5,Cat - Flea Allergy,split_group_dacc5f180de0635fdf48e9c5,94c708425d667b94ea48a07bc63c37e4521cef2d2f75fd6d3a7e091861376f24,26fa572533848e0c751433b4610e047ce3497f11f9f3365e507ac1199c0e6422,Cats/Flea Allergy in Cat::image_31 (2),validation
Cats/Flea Allergy in Cat/Image_31 (3)_jpg.rf.4GCh5KA8jMsRx2ePirAQ.jpg,5,Cat - Flea Allergy,split_group_ff4c6815c516a49120923d47,e32dc84e660f1be4a9314ac6f175caae9976d41a74787a4d464f069b33aed090,9f40e949b4cba7457ea537393c8721a9afef8388f171c01d363e964a6ef04f27,Cats/Flea Allergy in Cat::image_31 (3),train
Cats/Flea Allergy in Cat/Image_31-2-_jpg.rf.79q76F6tdULvERGBWxRl.jpg,5,Cat - Flea Allergy,split_group_e301d5ee517f5598af598a3f,5e5cd222ca3a7d2f048d93a9261cca87871995e2eab65e234f730a2421d2ff2a,28769cbc817c1a848484565db06082d0bddb84f92c507326da51c428c4fdf23c,Cats/Flea Allergy in Cat::image_31-2-,train
Cats/Flea Allergy in Cat/Image_31.jpg,5,Cat - Flea Allergy,split_group_2b76ef74a8912e40fda0b74f,437d05919da09248ee2eccddbd22efbed3d448b594cc7748b2f99c2972d5e35c,21edd19741b83225495ee3a6d24264c63dca0413fb686abaf778fffe89bb909b,Cats/Flea Allergy in Cat::image_31,train
Cats/Flea Allergy in Cat/Image_32.png,5,Cat - Flea Allergy,split_group_598e1972f5909df0bbd43f9c,a2e2c402cd933062c47c28b85b0e1c13f41112ffa117e6aef27d01d43ca75a19,414a2cfea7faac3082b67cec2a44cd0e3820823ee324902d3776abc270f382a4,Cats/Flea Allergy in Cat::image_32,validation
Cats/Flea Allergy in Cat/Image_33-3-_jpg.rf.dpPkXcAp3G8LsgE3vxfr.jpg,5,Cat - Flea Allergy,split_group_9187658a4e76758f1ee1a487,1d37ae8e4fb4f28410103ab055ecbb4a8f7447b1f620bd24ded182d62398c1d2,f7699d7f586e8df9474dbbf237a3d9f721bb009947fffddff9d6e7dc572927a5,Cats/Flea Allergy in Cat::image_33-3-,train
Cats/Flea Allergy in Cat/Image_33.jpg,5,Cat - Flea Allergy,split_group_b5c2adacfb170d53fc952f76,59509a04dcce7a1d5e5bd3928eb3145916ac4d79cd74f6e1daad6a3599a26655,62873fc3634293594af773bc9d7ea0d5e17cd0cbfa329d2106960991ad81446e,Cats/Flea Allergy in Cat::image_33,train
Cats/Flea Allergy in Cat/Image_33.png,5,Cat - Flea Allergy,split_group_e78bed7e72d94805a7696588,0f2cd623a71456ab1692c467af5d2012aa7953b29974f3f6b342cfc242a82717,b60adecd75132d5a0c5a5480cfd60130d6d8f83a31d333e172ef05ae4f744374,Cats/Flea Allergy in Cat::image_33,validation
Cats/Flea Allergy in Cat/Image_34_jpg.rf.ehmLxwVBWXqRl8wvEPeB.jpg,5,Cat - Flea Allergy,split_group_c34b8c25eeb4702405399f1e,3aa24b76326212694673f0ad881bda58fcbeb2899503f71681575e77a913c237,27b2d54a406c808754b2006db8dc5b3aa1599e6b88b457822eadcec2107f2f44,Cats/Flea Allergy in Cat::image_34,train
Cats/Flea Allergy in Cat/Image_36.jpg,5,Cat - Flea Allergy,split_group_94fc49d573046d6fe8ad9556,46105a338b2f69cd2407ec82573bf0dd012f27241c3f47bc565ac8bbc33972b2,69ebfecb782566eafce1bece8a5676445d684f05d332470882b9d443a5c4e9b8,Cats/Flea Allergy in Cat::image_36,validation
Cats/Flea Allergy in Cat/Image_37 (1)_jpg.rf.SiAbHSAMdLYhKc9zeCov.jpg,5,Cat - Flea Allergy,split_group_af0139f9aa78aab3a3cf98ad,f3c059e10cad41c08acac0652f784119177c8dff2ff40f31f26841006b159d21,7c061906f8ce578953c7fcb1d77691d8b039fe7da55c388cd9a7d884eb64e798,Cats/Flea Allergy in Cat::image_37 (1),train
Cats/Flea Allergy in Cat/Image_37.jpg,5,Cat - Flea Allergy,split_group_a38e7617424931c1433e91e9,2fea5024989863b3bc83b2a91f54df4b2f916bac3aa8dc94fa5df53675d145b9,90ee96568ef9b5f0b2344f37ce9e684776ab6bfd4b6b9de6d4a156ef9e4dc68c,Cats/Flea Allergy in Cat::image_37,test
Cats/Flea Allergy in Cat/Image_38_jpg.rf.HllTuptGZZJZ3ESxtVVH.jpg,5,Cat - Flea Allergy,split_group_70be825b3c7e35711ca51096,e7c92debfb19b1d4efeb32ae628c09d973e6f41ee9113a3b32da7ef7bd4d3f7d,b97dbad4b91b1ac2142e37fa4558d4f3c6bcb26e4484dcc78f39703ed9a6648e,Cats/Flea Allergy in Cat::image_38,train
Cats/Flea Allergy in Cat/Image_39.jpg,5,Cat - Flea Allergy,split_group_cbabdc7d18543a44a344c5fa,391986159c7b31a694127ee8a5f7c0138137f8472849b69907ec179b106b0c66,a805cc44a9e63634eb83a0ef9b8de8db75f7c5780b0ad5c105da33bfe85549d0,Cats/Flea Allergy in Cat::image_39,test
Cats/Flea Allergy in Cat/Image_4.JPG,5,Cat - Flea Allergy,split_group_3c62ebc0867a74b81a7ecf82,2c00cb2c4c357d8ee9125df07192b1a97b2a520fe1f7001becf4976900909ec0,92c28d36c5501e65fe1b7577e9f22545e2f190170311f1da08efeca9ed592b61,Cats/Flea Allergy in Cat::image_4,train
Cats/Flea Allergy in Cat/Image_40.jpg,5,Cat - Flea Allergy,split_group_e97e3e3af4ade808b9d70a61,07fe6cc1837d7b5c9f1b56b8c439d12ab96c9375525514c42ce3feca5744d7af,12a92562144abc45141c6b15baddc819a9b13c26a246676a955568d6dcef1e42,Cats/Flea Allergy in Cat::image_40,test
Cats/Flea Allergy in Cat/Image_41_jpeg.rf.g5aR0xRlDdzjTVFh7FVo.jpeg,5,Cat - Flea Allergy,split_group_85641fd26e62abf7bea8cc76,21f158ba257c25602c2b8d62da75a9966cf8e1367694c9c41a0026a3d88c7bfb,3c288c7bf46935b3b882bbe8eb6da9beefe69136d7d95cb551e9600219fb81d9,Cats/Flea Allergy in Cat::image_41,train
Cats/Flea Allergy in Cat/Image_42_jpg.rf.dACFnKEe6P2WWXyUt3sl.jpg,5,Cat - Flea Allergy,split_group_6dd426b767d15ba80f200d9b,e0f65365edeabbe3417d9708388e99835bbc483e1ce436e8a771842d26d897ef,198175ae48aa1ea25459f88dec14d878d48e9f2366b560c1fcc6fe2eda704edc,Cats/Flea Allergy in Cat::image_42,test
Cats/Flea Allergy in Cat/Image_44.png,5,Cat - Flea Allergy,split_group_50b2ca3dd21390e60761ff38,ef6c6a09608b4b39c2f6e3d83aae398e7fbc1e20e30e978682b39ceff1235b61,1dacad40d67b366b51edb5355c6d712df55a27cd9a273a0ad3148cfef43f7c58,Cats/Flea Allergy in Cat::image_44,test
Cats/Flea Allergy in Cat/Image_46.jpg,5,Cat - Flea Allergy,split_group_dcbcdb545ad1134951057a0a,a0e812fdbf8750ebe372dffd775ca4c8683d02e5a61a7ce382ac099522d064fe,48fa6f00df46951f890086a36ff0c4d087d46ce87d661080164157b64b1fffd8,Cats/Flea Allergy in Cat::image_46,train
Cats/Flea Allergy in Cat/Image_48.jpg,5,Cat - Flea Allergy,split_group_aed4714bec0ba02bd7c243fe,fcd17b85dd19392d15873b210398b4589fd68f9f7632713843a52c6f97f3034a,bc8ef2024367f461ee6bd7bb14bbdea9d958cc3e77ed1acd6669185b3132d63e,Cats/Flea Allergy in Cat::image_48,train
Cats/Flea Allergy in Cat/Image_49.jpg,5,Cat - Flea Allergy,split_group_5b44b11d844d45f7770c23a9,bc241fdedb3850962061ddbfa2d9dc162afe3d562b09f6be95b65e63fb30ce46,9452cc21b19d7c0a8e99a4dbc52818917e312d899e19b6dfec01aba349f1cf6a,Cats/Flea Allergy in Cat::image_49,train
Cats/Flea Allergy in Cat/Image_5.png,5,Cat - Flea Allergy,split_group_b082303d862bef7bd452b3d1,2d447b2c8a2ec8adceaabeea03e009081e0011654b08de78ad1b8ca877799ca4,d40f3621708ced62a2596c8d9caef7fe18e4e5a491afc96a17412edcadeb5796,Cats/Flea Allergy in Cat::image_5,train
Cats/Flea Allergy in Cat/Image_50.jpg,5,Cat - Flea Allergy,split_group_2499f7469cbeb55c440d0b42,91673c83d9d625fa92782cdac934aa9ff3bc9a4c1276608d1ecae13990fb2cbf,e47976db09e1591f7e1d82c77e5f81265e1724a5d770efdfe6f5a5f9a0ce61de,Cats/Flea Allergy in Cat::image_50,train
Cats/Flea Allergy in Cat/Image_51.jpg,5,Cat - Flea Allergy,split_group_11c2ef83e6eecb399d1cbb9a,d0c4d5b91133314acf5e68fd42346d652e8429a30e31ed67a68c82b29a3e4b7f,8b6a088dcf0e910f52f01e084059317a1872474d0c4f4b563d37c9ed853bb2da,Cats/Flea Allergy in Cat::image_51,validation
Cats/Flea Allergy in Cat/Image_52.jpg,5,Cat - Flea Allergy,split_group_49817493f33fc6ed6675d589,ac0373d4bd9f5aa3ac46a2bb10a1c2ed07f98462ae41b88caf4e4eef84a1c211,399a673d9ce69379497fdc09ad1bcf4b5b5f3cc22fd8970852a43e8546023ce8,Cats/Flea Allergy in Cat::image_52,train
Cats/Flea Allergy in Cat/Image_56_jpg.rf.QgnMS4DaXPQWeZAKVzad.jpg,5,Cat - Flea Allergy,split_group_4a467419bd31498278185ade,aff1490e5e3dc69090774db40c2daeb24055d2a912081265b5a5e667d74cfe6b,a09f8942ba5fe359c31a68fcba3ff154a521d4ccf9adcfab1b274f8088652193,Cats/Flea Allergy in Cat::image_56,train
Cats/Flea Allergy in Cat/Image_58.jpg,5,Cat - Flea Allergy,split_group_4898a37423a8a91b994330d9,49f5c4266da6a1247b20faf33784f46a891f174694b176a2e35c622f778897b8,5f3880d2b2f3d8e3fd4f0edd19293af6ea9e21216b5f9ef81a97df36cc20ef82,Cats/Flea Allergy in Cat::image_58,train
Cats/Flea Allergy in Cat/Image_6.jpg,5,Cat - Flea Allergy,split_group_2499f7469cbeb55c440d0b42,b919b15b22d7626ff32d9c3f90df57df52856bd1848732fe42531e080b8dec30,7e35d830deb8e380ce536f776c712f2fefc392f4ae51a4741d9abc07bb248d3d,Cats/Flea Allergy in Cat::image_6,train
Cats/Flea Allergy in Cat/Image_60 (2)_jpg.rf.VyS5e7ALrSslW3GG7939.jpg,5,Cat - Flea Allergy,split_group_28826550251bb0612cca7084,d7a884c130530d231bff3274c0292ef95fdf02f07c9ac5670a375594ac3e4141,45613fca742ed1a04d24ad691fd436c4e1ddee4ed831687fb656e20c3fe1a1e1,Cats/Flea Allergy in Cat::image_60 (2),validation
Cats/Flea Allergy in Cat/Image_61_jpg.rf.1iVAKPH7uo1WzXmVIxHi.jpg,5,Cat - Flea Allergy,split_group_5d02a33bd55abe813236d66c,f7eada6b3b9ea51f6874e0d01d75f181918b33ba0e45e6e29bcba64265bcf607,da068ea61e300b2e9ce15cb7a7cd033e7e308538546ccab5bd2d3b1c2a71e631,Cats/Flea Allergy in Cat::image_61,test
Cats/Flea Allergy in Cat/Image_63.jpg,5,Cat - Flea Allergy,split_group_f41c9260be5c4ea14c2d86d7,64d85c1ea05cea2f3d21ac5ba252925558642bcb85b4d5e71ffb986ab74828a9,cc9615abbaacf8cb5bd22eb8f6570eece02d6cf18da4ff527f435914bb9354bd,Cats/Flea Allergy in Cat::image_63,validation
Cats/Flea Allergy in Cat/Image_65.JPG,5,Cat - Flea Allergy,split_group_17822b93c0f575795f55c7c2,e800c0872674c709747e2379006579a1e251fa0f2d878d63299c354e786fa897,386d08d4265a8316ce2983cb4071b0f4345dc61938c19671ae933d7c4acb54af,Cats/Flea Allergy in Cat::image_65,train
Cats/Flea Allergy in Cat/Image_66_jpg.rf.oI3YO28epvuWag4HgDA0.jpg,5,Cat - Flea Allergy,split_group_12996bb6b992db5f608affc6,52dabbd5c56f5647841a864e25af783b489ff48b0f8fb793aa697377e2276290,6833b8df181da3beb761c3eebc554eea5879539190c5d96b8cd003721243eff0,Cats/Flea Allergy in Cat::image_66,train
Cats/Flea Allergy in Cat/Image_67_png.rf.lf64yZi5h1iT06VM5x3c.png,5,Cat - Flea Allergy,split_group_74b95a996f5f7ef2d3ed0b96,332f9b614cc9f3c77fdfef787a631eb3c9c6e5e841021b11d27b0d3b0d408668,0c9f0434f2dbf7c7b9f690ea7182973e4899ee33154ea3485cf026991ef53efc,Cats/Flea Allergy in Cat::image_67,train
Cats/Flea Allergy in Cat/Image_68-2-_jpg.rf.rRzcvHws4Cet1jCBHJwR.jpg,5,Cat - Flea Allergy,split_group_40555893c7abf82aff707d85,8d91a4ce24ba8ceaf0c702fc78e041caab0a78acae013d78cb3d240aeec17e51,26dc2e7fa0a142d4bb338cf288e46d182704c9fd285e1c94274484712eb23a0f,Cats/Flea Allergy in Cat::image_68-2-,train
Cats/Flea Allergy in Cat/Image_7.jpg,5,Cat - Flea Allergy,split_group_e97e3e3af4ade808b9d70a61,bfa998f8ffdfa083132778a32fbc9f7ec5eaefc00ec8b4109a799421650259b0,01c2c5f29a7b65715cb8c9768e458f2c4d12b88e9d50fe2df74610112aed0094,Cats/Flea Allergy in Cat::image_7,test
Cats/Flea Allergy in Cat/Image_71.jpg,5,Cat - Flea Allergy,split_group_11129413af7748b1081cbb92,c2c718da252c547bba7ece1dde9586606bb89feabc19919b0787d93381c06626,e26881482032e1fd23eb5c3a0e29aa7a5e539d8de331098b35388deb263a159d,Cats/Flea Allergy in Cat::image_71,train
Cats/Flea Allergy in Cat/Image_76.jpg,5,Cat - Flea Allergy,split_group_a4be8ba8b08adca5d6ac2e92,09b869b0ff9d4e08b657ab872fc3cc9f2837d50f437994e7bed986eab5b186a9,4597a6c6c666ec73c8b02d5e5782bdac1fac86b734c11ec2378cf07d6210369f,Cats/Flea Allergy in Cat::image_76,train
Cats/Flea Allergy in Cat/Image_77_jpg.rf.n1o3kXCJtTOqdcAOz3bq.jpg,5,Cat - Flea Allergy,split_group_a8145d19e7ff9698a65073a0,0cd6fc5b7e1c7090679050b02490dac6349fdd4856b902996b1c405305ec34f7,920b417ed424cbb28f547e633196c351f2689530fcbdf4d82f779c3e2c0b9beb,Cats/Flea Allergy in Cat::image_77,train
Cats/Flea Allergy in Cat/Image_79_jpg.rf.WHdRSHwC8xIdGJxvbXez.jpg,5,Cat - Flea Allergy,split_group_eedc421beb1aa366dc9ca532,8e8ec4a48c82bb498b1db4406a2572e5fb4e706169d01b21dd237adf24c05e5d,764068fbf40a4c4788c81759724b85911ae0bf8731f84e71bab25a9d994ca4ce,Cats/Flea Allergy in Cat::image_79,train
Cats/Flea Allergy in Cat/Image_8 (2)_jpg.rf.LytxHVL14wyIraxy1gAs.jpg,5,Cat - Flea Allergy,split_group_db1cca83a7fe1a0bd83fbec6,d3052536dbb7fac066bb9aa5aa380b5ff8ef04998d3b29764c0e0c0584f4e4ce,fc1bbea59ee98e12c66ce05a90056a030eff493a5bc1790c4bf1194c86946a7a,Cats/Flea Allergy in Cat::image_8 (2),validation
Cats/Flea Allergy in Cat/Image_8-2- (1)_jpg.rf.JUuiCrbTcEZse9z4wcRM.jpg,5,Cat - Flea Allergy,split_group_4cbece612d8fc35e3f3720f8,e6ec8028dc410d2cc168540f7a5f368a671555cda7b253c51827c1803c7970dc,5ff5baf555f1ba5771228978851498b4f0a150ab79a922257c962822e467f9bc,Cats/Flea Allergy in Cat::image_8-2- (1),train
Cats/Flea Allergy in Cat/Image_80.jpeg,5,Cat - Flea Allergy,split_group_82acf30d39e6e60330377b11,1b6bf349c05775faf012739845d8c9b42bb2ddd0d2b7113ab3bd7b6946c8f506,bb3b64e046b8bfee0990477f0452a30b92c505f07ca322d115818382c9c10c0e,Cats/Flea Allergy in Cat::image_80,train
Cats/Flea Allergy in Cat/Image_86.jpg,5,Cat - Flea Allergy,split_group_3b748b2bbfbef36bae5ad4ba,c95a46f430150893d35d8dc91a6abb4004f3adc24714ed40f814cb18e6b987af,058902f83d97baeae9372aef0e9b3eda2a52041abc559cae176f3d7759a5e3a3,Cats/Flea Allergy in Cat::image_86,test
Cats/Flea Allergy in Cat/Image_87.jpeg,5,Cat - Flea Allergy,split_group_a3fbbce97e37edc3b7818de2,fede2eec2898de98a7aa1fae965a43c8de2803f3f4a57c804dc90b968b56d0d3,aff94363b69981c03844d4a87df7f2e487b5832f43dd4176934200752ddd5e6b,Cats/Flea Allergy in Cat::image_87,train
Cats/Flea Allergy in Cat/Image_89.jpg,5,Cat - Flea Allergy,split_group_b6b025c4f847ecbea648b9de,863e8573507f2eac48031820c91c5af8d3ddf7f788567769f73dc6c7952e8206,0ee7ea333186ad96a3fc68d0b86634c7b9c0b8288607e79f3008e0c6d92e1bb3,Cats/Flea Allergy in Cat::image_89,test
Cats/Flea Allergy in Cat/Image_9.jpg,5,Cat - Flea Allergy,split_group_b551325ccc56ba20007ddf7c,711d03a4daef64c0acc0d3b99d9a0c5bf15cb74a69563242fb771b4e013282eb,14cca91ed8e478b2603746155a986168a28cb464e0af168ad5a0f71c715e7a54,Cats/Flea Allergy in Cat::image_9,train
Cats/Flea Allergy in Cat/Image_90.jpg,5,Cat - Flea Allergy,split_group_612d86a9863c7a5c8e2cbba7,1a8f9f3636f7e0ebd611dc39f24ad6446da7fc2707215a2b42b454e21f0ade91,3a4948d29e9f9dc633225192ed968df16b00b0445f7bfee358d790b1306cad21,Cats/Flea Allergy in Cat::image_90,train
Cats/Flea Allergy in Cat/Image_91.jpg,5,Cat - Flea Allergy,split_group_2e5420a2a8d7aba4bb28888d,74ce9a9b7c76453373a896894b88f4e4b3e767c9effa387441dea05ab1cdb0cb,b32ced4dca83ffa437435ce3fb5d6dc59f91af80a6b0085f80f1d616eec3f0c2,Cats/Flea Allergy in Cat::image_91,train
Cats/Flea Allergy in Cat/Image_93.jpg,5,Cat - Flea Allergy,split_group_11c2ef83e6eecb399d1cbb9a,07a64decfb145eceff54e05db266570e48dc54f8ad1ce05c4c5cd14f43784ed8,309ce8397a6ce957d90f8568ea177358f67658caf27efcca292f35ffb5f360cc,Cats/Flea Allergy in Cat::image_93,validation
Cats/Flea Allergy in Cat/Image_99.jpg,5,Cat - Flea Allergy,split_group_696e887d21280de6270d811a,9f8bec0362d005ead561bf6dc22ec4c5bcb7e386cdbbeb49b267ee883e9f3ea2,962839eb765d492355b0f4e11ce3c5f3ba3b17b72729eaca9d3acfee0903a4b1,Cats/Flea Allergy in Cat::image_99,validation
Cats/Flea Allergy in Cat/Poodle-hotspot-care-000122_png_jpg.rf.2CzYPNhYpPYfIE4XIkBs.jpg,5,Cat - Flea Allergy,split_group_32e6a6af1184fbca9169790a,645511ab27a38426bd5c88963a0d76b1ece8b781a0773ed405eff1635833de29,8e3eecde480496217d8bdf879e3dff3c55570af4201d8ba3eb7ab9c3b2c57576,Cats/Flea Allergy in Cat::poodle-hotspot-care-000122_png,train
Cats/Flea Allergy in Cat/Poodle-hotspot-care-000125_png_jpg.rf.4OeqBDCiyktJc6tFM0iG.jpg,5,Cat - Flea Allergy,split_group_cf34470da462adfe9ae17b51,17efab33ae6c9b19d9d4a46d6fcbcc05f9535a68f98cdcd1f6491265cc15d425,13b2efc3b48ad752d31c5676d23ffaa65b2d1936dddfdbebf14f3ccd2562cfea,Cats/Flea Allergy in Cat::poodle-hotspot-care-000125_png,train
Cats/Flea Allergy in Cat/annotation-dermatitis-flea_allergy-ringworm-DtyN (1)_png.rf.sFKErOG0ZmaX7oAdaWh5.png,5,Cat - Flea Allergy,split_group_a0aa50f775a947ba9ff48b5d,3108071a3ef48d6161630051e9f7a1f9c5af2826177604089b0e579f39c7296c,67d6b1a00b077a05f9df1114162ed1529e0f1d37dcb3f73f64f7f0b9eed2acb8,Cats/Flea Allergy in Cat::annotation-dermatitis-flea_allergy-ringworm-dtyn (1),train
Cats/Flea Allergy in Cat/annotation-dermatitis-flea_allergy-ringworm-DtyN (2)_png.rf.FKo4I79ch1e5FXeLymSt.png,5,Cat - Flea Allergy,split_group_2fe1ac0446ffc7340b80874c,c5eb4fd945cf10e2db16fa131a3f4a98ed1e5972972883cde8045efe5e35f7b2,1c515a8adc7d850bdf02b0e127dbf0426f516eaf16b98efd47aee8a11974bb93,Cats/Flea Allergy in Cat::annotation-dermatitis-flea_allergy-ringworm-dtyn (2),validation
Cats/Flea Allergy in Cat/annotation-dermatitis-flea_allergy-ringworm-DtyN (4)_png.rf.oDF9iqr3ofBqtMbr9A2K.png,5,Cat - Flea Allergy,split_group_7fa8314da7693a0ce26ce03f,d8e9c2d7fc07d08312224f532305ab421d03569f066c2784b7db4fe7ea199d70,6c630769cd024bfa39fb16c2197c745710071e3a392dcaefd7ef37243269c22a,Cats/Flea Allergy in Cat::annotation-dermatitis-flea_allergy-ringworm-dtyn (4),train
Cats/Flea Allergy in Cat/annotation-dermatitis-flea_allergy-ringworm-DtyN (5)_png.rf.kOwUthRLyy8gZejAeva1.png,5,Cat - Flea Allergy,split_group_7c20d18e12b55ff1247ecd1e,b366e314fb3b25d62daeb12bd127f05488c2e2c22b189076675fa0806a636f0b,107906728a69e47299156b57303dd5490c18b82153cb89ebcfa5a80c026e5294,Cats/Flea Allergy in Cat::annotation-dermatitis-flea_allergy-ringworm-dtyn (5),validation
Cats/Flea Allergy in Cat/annotation-dermatitis-flea_allergy-ringworm-DtyN (6)_png.rf.b47E7zp3PrE8ikvQ3cYi.png,5,Cat - Flea Allergy,split_group_f2f7925160e3aa0b4668af32,f58f76731004e0f39eee34788a3c7442f0d74ddd8e7de1f40e397d0e91a5b9f2,ac5298ca82c399983ca0b194862b492e15e19abebd1dfd4eb15fb329e563a858,Cats/Flea Allergy in Cat::annotation-dermatitis-flea_allergy-ringworm-dtyn (6),test
Cats/Flea Allergy in Cat/annotation-dermatitis-flea_allergy-ringworm-DtyN_png.rf.sVMzTVtCGaFzRrIzixso.png,5,Cat - Flea Allergy,split_group_d65ab839d15c977396e935f4,32001d212e69e689c9888a2745344efd0677b05ebae6a2cdb02b011e8913c91d,b8744ddce2dc2d1087155bd84f9a7e95972873d5ee3289465e64987b8bd15aa0,Cats/Flea Allergy in Cat::annotation-dermatitis-flea_allergy-ringworm-dtyn,train
Cats/Flea Allergy in Cat/aug_0_1103_jpeg.rf.eogtBwteqav3CMxuibR6.jpeg,5,Cat - Flea Allergy,split_group_dd31f3530fb1137fb8c7c5ce,7e9a049dc520dc3b7371a7bc7bb96e2aaaca3faf322e78eba61c136ef56f2f21,bded0bfd87a031a309fd10a65a2aab9778674f257599236c863ee8faead3cdaf,Cats/Flea Allergy in Cat::aug_0_1103,train
Cats/Flea Allergy in Cat/aug_0_1323_jpeg.rf.t6UxvFAXFFilV90iV9D0.jpeg,5,Cat - Flea Allergy,split_group_af70826814bef6935fe3a4b1,fec476ccde0d7ab6f4517a93bf35f7b15dd29f62ac38e9a49dfe847069060895,059dc8ffdb9fddc37519d88ecba1c01fdf02951777d43902432a75d154cedac6,Cats/Flea Allergy in Cat::aug_0_1323,train
Cats/Flea Allergy in Cat/aug_0_1613_jpeg.rf.NNnNHRfTv2YPqkB0Uk7T.jpeg,5,Cat - Flea Allergy,split_group_fce35c105e1ae22df55980b8,a53cd5c0172681521b264babde6527bea0671daba00f5090ba0235beb79e3dd8,b2b3c5892bebd3df38d4a7b29672ac914b0eaeffa6106f66fc0e2628fa1881d9,Cats/Flea Allergy in Cat::aug_0_1613,train
Cats/Flea Allergy in Cat/aug_0_1764_jpeg.rf.DOjQKDKAkLyObaPyJCHR.jpeg,5,Cat - Flea Allergy,split_group_19f39eb5d9007693cf8fb5ef,601f87aaa179324e962505ca1656ab32ffa3386184902213de660b9c8b6398f2,471c9632926fd8ff9015c45c372444cf3706812fbb5ca7201b616fc8001cf8e5,Cats/Flea Allergy in Cat::aug_0_1764,train
Cats/Flea Allergy in Cat/aug_0_2048 (1)_jpeg.rf.StHotFyLgxPrKrtfVdqn.jpeg,5,Cat - Flea Allergy,split_group_038f98d25b3a44312eae5711,a73f0b0dd4bd357bfb5819df276d3d9263ef508cc0265c5df422a5fe5e6b1dfb,da3dea214446b10d5c6955c94ed8fed8000527be1d4455ca8abb612ab76c3186,Cats/Flea Allergy in Cat::aug_0_2048 (1),train
Cats/Flea Allergy in Cat/aug_0_2133_jpeg.rf.kclWSNwNb5FtHck8vvS6.jpeg,5,Cat - Flea Allergy,split_group_7824164a56276c3056205149,efa8299b03304e453f401abd74f4966f8ddaefd0f82a1c53d6b1ffeaecf5dfc9,d44f56bb8bf4d11e4c84ce46a8693bfde64a6ff8166a7afc6dbdc52af7d5b7b8,Cats/Flea Allergy in Cat::aug_0_2133,train
Cats/Flea Allergy in Cat/aug_0_2309_jpeg.rf.EV3iGInt3ubEsFQHnEzH.jpeg,5,Cat - Flea Allergy,split_group_0ed5d2fb3594e4690016acc5,80c78e1d30bb785fc2e36459769506f035bbbae715d06d18ee1246943aa62e03,2371feb936768da4757e6c50dd96b706d6dfe6c35e4ad8cce4836d33f1b573b9,Cats/Flea Allergy in Cat::aug_0_2309,train
Cats/Flea Allergy in Cat/aug_0_2309_jpeg_jpg.rf.4ceJGIhg2UUAhw5hXNyL.jpg,5,Cat - Flea Allergy,split_group_8a5781f924abff9891440729,9ea98f41fd47c7739844d7ca2f8fbe48289c29514a9819c6058e8000c401f0e9,691096f3d0b604adb3da7fbfcbff29653fde3a983086ca8ed0a3eaaf4f3a3754,Cats/Flea Allergy in Cat::aug_0_2309_jpeg,train
Cats/Flea Allergy in Cat/aug_0_234_jpeg.rf.YByV2WJSSb0UYAgz4q88.jpeg,5,Cat - Flea Allergy,split_group_bbf0d53c8534ee7f616e041f,5d9e93b678a3a3ea004ac2084132860965006cb84bd7756c9d05c9f4b092fb97,5f906e1139cfdaeb2862ef67fa9f295e852b7ed1e2a18637605005a5e4d3879a,Cats/Flea Allergy in Cat::aug_0_234,validation
Cats/Flea Allergy in Cat/aug_0_2755_jpeg.rf.cWiUyrOviNjVsJHvY5dS.jpeg,5,Cat - Flea Allergy,split_group_dec9c1388e6dfab3a47c3e7e,f3fe1c6d13df360f3b2fba21b67bcab765f5c14c743cc5e0da82938b2dffda4e,3b937f035f90c015559d6579d6b6a58973d26f918611272ab06f01590bca0a0c,Cats/Flea Allergy in Cat::aug_0_2755,train
Cats/Flea Allergy in Cat/aug_0_2755_jpeg_jpg.rf.DxcbZdhqvH69bZZaaDCL.jpg,5,Cat - Flea Allergy,split_group_472bb384f727871357a6be67,b5121ddf14eb3d327b9b114c806de6ab40ce991d6840f5896404c022acaee388,dbf10d9998614b922da69c1ef08949325eca1685a821877c77d8570a23746966,Cats/Flea Allergy in Cat::aug_0_2755_jpeg,test
Cats/Flea Allergy in Cat/aug_0_2779_jpeg.rf.oBBoi2NgooDFIw5Lu1hy.jpeg,5,Cat - Flea Allergy,split_group_8007aeed79058dcc7f5ebac4,2d2730a64f254a4f5c70405de4cf7a3ccfe7b7fba7ac1cfd60e213cf636f49c8,782912bcfe4e87021b88ff852464633410ce785ecdc0f18e5d4272c35ab3799e,Cats/Flea Allergy in Cat::aug_0_2779,train
Cats/Flea Allergy in Cat/aug_0_2973_jpeg.rf.xN51IwDd1XtamdHMegrW.jpeg,5,Cat - Flea Allergy,split_group_fcfc2789ac1efe1c0cd4fbc0,d0a2b610437dcd84c299f0c1722d1347beb7bf93b1b2389d792914d81a9eac36,4c28a8e168fdc0840b2f4523ef9bbbc1f267781e837c38d98c941fc54b905995,Cats/Flea Allergy in Cat::aug_0_2973,train
Cats/Flea Allergy in Cat/aug_0_3008_jpeg.rf.cBuruSol0aF9n9uBJbHO.jpeg,5,Cat - Flea Allergy,split_group_fdbecceccbc64eaa17568279,cf8713deddf6f563c3d7670f55292969032758b46435708dec0aa22d8a601fda,ae3b90c5f9467583adf2e792cfa782ec9f9262d91c8b6d3c75f127b9e795134a,Cats/Flea Allergy in Cat::aug_0_3008,train
Cats/Flea Allergy in Cat/aug_0_3008_jpeg_jpg.rf.TIfoPGndihDpztNoJFBr.jpg,5,Cat - Flea Allergy,split_group_4bc496014e62d49ecea2f5c5,3d4099ab2fe64de69a9e59dd4a51e2a3d4d9188135352298e280ee6f1ba1a2c2,1c0752db052e91a9bdbd9369f8a6c04c5c82510e00e0756ea8b39db7fed426aa,Cats/Flea Allergy in Cat::aug_0_3008_jpeg,validation
Cats/Flea Allergy in Cat/aug_0_3019_jpeg.rf.2kH9llOm858ak4VpeH4L.jpeg,5,Cat - Flea Allergy,split_group_eaabb1a265f4f273cab90cd0,979e9aa7ee818f45fd7d0e15531374c135a26331e7345b7487809b5f5dcbe3a1,b5d63b9b93b339b739ac821062e88cb11fca8502e368feb5efed0ceac929af05,Cats/Flea Allergy in Cat::aug_0_3019,validation
Cats/Flea Allergy in Cat/aug_0_3019_jpeg_jpg.rf.T36rak45Ytxiz8ZLKRPr.jpg,5,Cat - Flea Allergy,split_group_da9b3c4202f2bb54b5c013a5,a85bd46a11b88aaaa49f612d79364baf686f78ce916b88c5640dea7d49431433,9390b1efcdc0a70b8ba4f7f0e0ed8d0ed9e5a4cfbaf41515bd3603e16489ade2,Cats/Flea Allergy in Cat::aug_0_3019_jpeg,train
Cats/Flea Allergy in Cat/aug_0_3170_jpeg_jpg.rf.jyKAhRHhomKFAUnYcYlc.jpg,5,Cat - Flea Allergy,split_group_c752b4ee501c99ea29b463fe,dc100156fe57e5f1ae00e24e05ad32a5e383c36d17431b02782f1ef07d51de69,958ea5b1ddc7cc05a8a42aef0df0d39f13df7714f3ff8611323ae73a72b9bd41,Cats/Flea Allergy in Cat::aug_0_3170_jpeg,train
Cats/Flea Allergy in Cat/aug_0_3176_jpeg.rf.2vgc0x7phtsUn0X0zBId.jpeg,5,Cat - Flea Allergy,split_group_cd960807d138b7a76c85125d,9048f14edbadc4afe328c6967383967fda387e3db91eddbbe7cd3616329ad1c2,e5d0a691eaa4ed8f81cee05d8cf26920a832be220a0674708d63b153e54dc763,Cats/Flea Allergy in Cat::aug_0_3176,train
Cats/Flea Allergy in Cat/aug_0_3176_jpeg_jpg.rf.ibZQ47KdPVu5E22stNdI.jpg,5,Cat - Flea Allergy,split_group_71c60968a6773192c7347a9d,124d9d7923f05d7fa15389311b151156797bb56ba78309f7edcb0370fcb05b87,ff94113f1b6a809f69abcef7d68ba7cd29876028056793764f7e637809532abb,Cats/Flea Allergy in Cat::aug_0_3176_jpeg,train
Cats/Flea Allergy in Cat/aug_0_3254 (1)_jpeg.rf.mfsrrc7rs3Z5OQz616HI.jpeg,5,Cat - Flea Allergy,split_group_63413fc52a6921bd3897f1e4,4842199c3dab534919db13c4d1ba3117ac9ffe907bed4688a54ec818736a8f9d,ec7447edd7fe40f262a99d2869419a193a3bffe8843980c3bf485d596f94bb3d,Cats/Flea Allergy in Cat::aug_0_3254 (1),train
Cats/Flea Allergy in Cat/aug_0_342_jpeg_jpg.rf.Y12CuABSjPXogIMnk2Sf.jpg,5,Cat - Flea Allergy,split_group_94db758e8c38c5e02b54156e,ed59c579ad14a3474904a864b1459353b59ab28bad254f3bbb287a9d82dbacdd,07cd4ebea059c287d7680bc2718e8ba5a5939b01c97079cff5f99ee364b317e3,Cats/Flea Allergy in Cat::aug_0_342_jpeg,train
Cats/Flea Allergy in Cat/aug_0_3637_jpeg.rf.6KT6rXgtA5C3kX3j7I2J.jpeg,5,Cat - Flea Allergy,split_group_86ad7ab47f5ddbf8db7671db,90c67e340dd6203a69bc8b07e4b788c02611c68293aeb7a7e93bcb3f0de5789a,e8d32739850bd4b36ea19fbee16e433cc6398785724323d4fa4680f2b0318ea0,Cats/Flea Allergy in Cat::aug_0_3637,test
Cats/Flea Allergy in Cat/aug_0_3663_jpeg.rf.qPmEnbuzocnsbglSAouD.jpeg,5,Cat - Flea Allergy,split_group_a3c9ba764444a3abf75fbe07,be652d2a7fd95b6781a48cf612e00d8570e2ff8b9825d2805697099b72323274,485337b3aeb72ae2e1d03b07a69c7fe1976d917d90e7bb41bada2b64e721c898,Cats/Flea Allergy in Cat::aug_0_3663,train
Cats/Flea Allergy in Cat/aug_0_4104_jpeg_jpg.rf.A90Byc2tqONvE76RhLMD.jpg,5,Cat - Flea Allergy,split_group_93e3b1ecc76ae3fdfb702233,c5a8f5fad0df72475503b4f1f695cb3552e5f7edddbfa39434f36a4a1c02c084,b415d95633dabdb2df5be1840133d44cd524edf39d5bdb84508f57abc096715f,Cats/Flea Allergy in Cat::aug_0_4104_jpeg,train
Cats/Flea Allergy in Cat/aug_0_4493_jpeg.rf.EZQgNBzIdBTZhjfCifk3.jpeg,5,Cat - Flea Allergy,split_group_0a473cd8827899c7a5df12cb,c6e8848a1c624b96695bd254b8f2ece1b6d6a09949680967ffe5c4c8e9f14cba,21735f81d8d904b12339c4abe91a79c084a13a60534335b42191f926a5d7dd22,Cats/Flea Allergy in Cat::aug_0_4493,validation
Cats/Flea Allergy in Cat/aug_0_4602_jpeg.rf.qoTMO5CsNmbMsjV5T6uS.jpeg,5,Cat - Flea Allergy,split_group_512149ee02b1bd661b12646e,61658cf34970b8cfc18ec3e07f847c068c895e2a633f808de835b8efcb4cc733,59923645562fb6d24d549f4b16ccb8ebba3d0cba6bf00abb966c756ba48fbe97,Cats/Flea Allergy in Cat::aug_0_4602,test
Cats/Flea Allergy in Cat/aug_0_4851_jpeg.rf.LTeMLVr8979AaLVxkEDS.jpeg,5,Cat - Flea Allergy,split_group_becf7ce3c7138bec967fd83f,e061bfa836fff80579c7ce0644eb60fd8a8d65e396778a05b108a17e29df0db2,0a7a393a55f6b885e91af9d772ad36b6862be33c92a24b8dbac12f45f1990605,Cats/Flea Allergy in Cat::aug_0_4851,train
Cats/Flea Allergy in Cat/aug_0_5050_jpeg.rf.iLkBgHOgofMjW3dyEcpi.jpeg,5,Cat - Flea Allergy,split_group_a565394cef0907e46fbaf53a,e12e3953731ba2aa906755fa5c37cf1cb03bee5bb80754534cc3c1c2c141df23,a940975d2e5f008835d2f2adbce46c70860ac6285e0274db7ae0c56fbc500afd,Cats/Flea Allergy in Cat::aug_0_5050,train
Cats/Flea Allergy in Cat/aug_0_5453_jpeg.rf.nDbZ60aFBvru1XmTVd1L.jpeg,5,Cat - Flea Allergy,split_group_40486a72f4d6e6e5b2119e19,4097ed9224fac6a5ffe5624e0cdf78ee465d99a3981366b730e0ae668ecccd96,e777a3e6c9046c627279bb05600d7dfec998c35194541af92ba605bae50b5824,Cats/Flea Allergy in Cat::aug_0_5453,train
Cats/Flea Allergy in Cat/aug_0_5745 (1)_jpeg.rf.xasIy0eLRAQwRVHYmeOd.jpeg,5,Cat - Flea Allergy,split_group_4173f30fdec7f93a8cff1e65,bb006a3b8262b93cabc7d041b4ace685ee726e48c0523c1f0cc6a29711863f27,b38889ccf652fb1f5a222bfe9b084511298c36aac4b825369679c7b80f528cbb,Cats/Flea Allergy in Cat::aug_0_5745 (1),train
Cats/Flea Allergy in Cat/aug_0_5745_jpeg_jpg.rf.nrFZntJPCMZkN2UZr3t1.jpg,5,Cat - Flea Allergy,split_group_a7ed2a87d58b7fe869b872d9,347a253a1d6a354f1da9fd2f75fc2255f0793f0f27a6a05cea8c1f74d0f03d79,5251ae56bd92066fef7d6d3375d95b742fa94e28378129b5762aa298fa3ccea7,Cats/Flea Allergy in Cat::aug_0_5745_jpeg,train
Cats/Flea Allergy in Cat/aug_0_6356_jpeg.rf.j13M4zTRLcFwUrXdLMMo.jpeg,5,Cat - Flea Allergy,split_group_87679d7fbcf9e700e5df0b44,8c3c1c4ca8c86c18cc93faccafefdcbf5a49b3ef6a3001a03aa0eff3690bb703,6321882d31d1cc4ed55df8b6204e82338929146535885a40ed21eab665b9fa11,Cats/Flea Allergy in Cat::aug_0_6356,train
Cats/Flea Allergy in Cat/aug_0_6545 (1)_jpeg.rf.ncX91WnYdu8UUWsMiwzb.jpeg,5,Cat - Flea Allergy,split_group_2b2ac81e64e55f71c3f2ded2,9e7cff85a3dd91e94c97d20aaa6b02da5f9281092301b4a89fcadfbf4280e40a,e55820c64995160957d918fdcc9631505939195463d3f4a8f0b3e347741a2418,Cats/Flea Allergy in Cat::aug_0_6545 (1),train
Cats/Flea Allergy in Cat/aug_0_6615_jpeg.rf.vhHJjL07sqczmpfD8WJU.jpeg,5,Cat - Flea Allergy,split_group_0a2715e606096c11166c914a,084525d1197518023751ab873439b90be819ec63ee26d831628e47b46bc05c5e,a82f25e58d0d702ddf5cb13a9cd47f8ea105bc269af2918daa65ca7500d0696f,Cats/Flea Allergy in Cat::aug_0_6615,train
Cats/Flea Allergy in Cat/aug_0_6721_jpeg.rf.Xj9BaU9X3sy9vTChAWes.jpeg,5,Cat - Flea Allergy,split_group_12116f0732174b7a88b035d1,53ac3f890e836c7cc7a53a4eb907317818278961dca0c95c9ad3f9ed24989002,d31b753779140e3b58e9088e091ebc06d238c6d38c1712a747da6fbce8203a9f,Cats/Flea Allergy in Cat::aug_0_6721,train
Cats/Flea Allergy in Cat/aug_0_6938_jpeg_jpg.rf.jxmxOlp4KK1LSxNxcT4Q.jpg,5,Cat - Flea Allergy,split_group_8658f6908ea871b62acd929d,c05095ae37ff750a09de4f8b59cfca1afcb49e099f716789d9f4ab19104b9dbe,3745024574409bcaedfebec5e2dec3ebe5d467ade261332aba7cc175e7ab5cb3,Cats/Flea Allergy in Cat::aug_0_6938_jpeg,train
Cats/Flea Allergy in Cat/aug_0_7089_jpeg.rf.C9cTJtJaVVZquLvRZkWQ.jpeg,5,Cat - Flea Allergy,split_group_9b96c345884c09c810b514dd,44b28cde497b2f6ee0eeeb65314276f5130d4f00cd3d4f5f1ddd9bc5f5ee088f,ab0a8411fd05c46da20fd226b8c0bef8300f4e4cb142e7c2454c3d2239089bbe,Cats/Flea Allergy in Cat::aug_0_7089,train
Cats/Flea Allergy in Cat/aug_0_734_jpeg.rf.6Y0Zo8avmni2jHETSNFd.jpeg,5,Cat - Flea Allergy,split_group_c56d30cfd73282733e97542a,bd5364b3a15daf6635fd1322e0a247c81c15a5a7490c4373c2441ac9d3562b61,53e2a783f41ff0232fc62d6143623d5c1f5db752cb3d04e40ef1876e714cb23c,Cats/Flea Allergy in Cat::aug_0_734,train
Cats/Flea Allergy in Cat/aug_0_7418_jpeg_jpg.rf.4num4bWlCDevpp1QPvjv.jpg,5,Cat - Flea Allergy,split_group_ac92be0038fe53a9a8cb8a60,a2b0af19162d9a5593fb81e11adc6087011f56b6747d97834c2306ea2e704ede,2b575599bd0693b4fff8b176a03f9acd0de0a9e875c1f5e7f284af4facf4be4e,Cats/Flea Allergy in Cat::aug_0_7418_jpeg,validation
Cats/Flea Allergy in Cat/aug_0_7473_jpeg.rf.FeuP1JGT07gbQvRPZonH.jpeg,5,Cat - Flea Allergy,split_group_f5556da8a573f95dcddf8045,91a07921c924c3786d06bc0a892e07f9b92d78a46da0c64ffb64bae3a91fb3b9,b8ad1f2f9c1fc4e1d4c2f8693b7421069249941e604e6c1e5fc2faa9b7241686,Cats/Flea Allergy in Cat::aug_0_7473,train
Cats/Flea Allergy in Cat/aug_0_7473_jpeg_jpg.rf.KMqzp4hhny2cq8gAQ7Bp.jpg,5,Cat - Flea Allergy,split_group_a827ff84202ffc9e289c5284,7c0abac14e582181c25191e2f6feb80f06b7fc4ad4af8996345cf5b1f1269091,ab090ff315be2d3b4652d51862e9dfa1659cd07413ecb90dc062ac5a6699d46c,Cats/Flea Allergy in Cat::aug_0_7473_jpeg,train
Cats/Flea Allergy in Cat/aug_0_7532_jpeg.rf.tBG6FL9oniPvPJxEEaRA.jpeg,5,Cat - Flea Allergy,split_group_8bc067cfa991c056ad53e906,4832bff2943949a8d85d8fbafa479ed596726bc67661e8d0786f481c718b8a3d,e5296d41d91fdb54fdfa95f4b4b9bbacc306499fecd5e2f1fbb89ef07ae038dc,Cats/Flea Allergy in Cat::aug_0_7532,train
Cats/Flea Allergy in Cat/aug_0_7695_jpeg.rf.Zd4AqCv3cDTeCEJjdtI7.jpeg,5,Cat - Flea Allergy,split_group_3e732c192d7295e4e93320b1,583385a7a2e20616a0039ea5c328aa22610b49f684dac0a6e869fb1bef68e4d3,10e1a2ba251d51ad492bf33bdf2cfaaf761d6dbd721f89d47c9d940fa2f0a778,Cats/Flea Allergy in Cat::aug_0_7695,test
Cats/Flea Allergy in Cat/aug_0_7695_jpeg_jpg.rf.jY8IuYnxBsvuRwu5Mdqz.jpg,5,Cat - Flea Allergy,split_group_fa4d4bbe1806b2cd4fe137ce,9f48e2f238500c7889370055a08337462d4bfced4fb3e864f6de72005488135f,96034f477c1a5704ffac63fa9b30702b17590fd8e95397fe8af93d32e717e672,Cats/Flea Allergy in Cat::aug_0_7695_jpeg,train
Cats/Flea Allergy in Cat/aug_0_7726_jpeg_jpg.rf.FA4gptdNEmszSdbM3wam.jpg,5,Cat - Flea Allergy,split_group_50237ba8299e1d64509ba993,c7198ca3134b31bd78c4c22c8b98f28cc90340d517b1bd4114cf57424b64fc13,a358af0fc7961511dbdbe6f9acc51faeabd774ac73b2252c6661639a3b376782,Cats/Flea Allergy in Cat::aug_0_7726_jpeg,test
Cats/Flea Allergy in Cat/aug_0_794_jpeg.rf.d19jdNGPd1kLiOnCLguB.jpeg,5,Cat - Flea Allergy,split_group_d788a86de159f0d4f09ebff0,53354dd2736673e22b9b77c60a6be8b21a766dd58789613dcbba43d13e83c071,3296a700094acad070d88f131d229eb6c80918a5f93d4c568cfbe7b7351646f1,Cats/Flea Allergy in Cat::aug_0_794,train
Cats/Flea Allergy in Cat/aug_0_794_jpeg_jpg.rf.naoM9oCE5CsKltmKl2Nc.jpg,5,Cat - Flea Allergy,split_group_2340b371df0ed599f99f1456,053120809d3116cc27518cae6a8fc918e891a5b3095dc18aba09914ae32e5e2c,b445491724cb97aa92f5767d881c4bdf7fdc7f0e4189dfb4c3ae44302eee7e2f,Cats/Flea Allergy in Cat::aug_0_794_jpeg,train
Cats/Flea Allergy in Cat/aug_0_8205_jpeg.rf.4cSVpcdMcNn2FgeoG2G8.jpeg,5,Cat - Flea Allergy,split_group_dce7f88db333958513621406,2f17cd4a529048073ce1cc2d45aec0265aee0f7374797b308840a07ea5cd753a,40f22075dc523619db1bc58f83b7dc7b330a0706f244555918a435e52dc90603,Cats/Flea Allergy in Cat::aug_0_8205,train
Cats/Flea Allergy in Cat/aug_0_862_jpeg_jpg.rf.jq98ocJAaanA2h6nZa9a.jpg,5,Cat - Flea Allergy,split_group_c98f1c39ca0b04765283e0ed,b62b906fb42218d0c9125f9a78e1e2f69f89e3f47f4af37396e85cb59434bcc4,7d81a31b0c6d5db1637a0dfafc69b6445c6dba843f55787ae47760a37cca2537,Cats/Flea Allergy in Cat::aug_0_862_jpeg,train
Cats/Flea Allergy in Cat/aug_0_9230_jpeg_jpg.rf.CdA4LuM8defsf0Clcxsl.jpg,5,Cat - Flea Allergy,split_group_a87a6d79330e2357cbd9d12f,608389427a3eb0e7770647e18e37fea28edad4702a1868ef4b59c97940ccca6a,0ee102e80dd30182e700f680d1277a799e15c007604a91ffb7a6ee8dfa8a4877,Cats/Flea Allergy in Cat::aug_0_9230_jpeg,train
Cats/Flea Allergy in Cat/aug_0_9247_jpeg_jpg.rf.FTHSj3oawA3ZWRWSeSHL.jpg,5,Cat - Flea Allergy,split_group_dbd62cd7a95999e49ac081ff,a04296c60f9c17d9272e987ba1da23c22b2e8aa283c460865883debfab97f5f0,b33c26f76cbe86d103ec785f5b2dab68d6b274752ddd05a0ad1bd2a5208aaf4f,Cats/Flea Allergy in Cat::aug_0_9247_jpeg,train
Cats/Flea Allergy in Cat/aug_0_9416_jpeg.rf.kqfotgPkUAxz27FRJWoz.jpeg,5,Cat - Flea Allergy,split_group_e3a4582b46c7de69c51c6283,b2e4f801bee0b5b495e92d6b2760bc31158c7cc13ab70f2d878e149779f296ed,b6ccf1679932279526e5ce4f88af61334e8986d66e7b803d62059b0ca2f26639,Cats/Flea Allergy in Cat::aug_0_9416,train
Cats/Flea Allergy in Cat/aug_0_9883_jpeg_jpg.rf.WVjqIkTGPhkvobjJ37Q5.jpg,5,Cat - Flea Allergy,split_group_4600f848b187a8170abb47f2,eb04335ade9abe29963ab49ea710d9a7e7fe3bb377b81226441b231142976e34,30feacf48d70e19eba644271e20bd194cd8aa3f070791d537cf803e4321b0918,Cats/Flea Allergy in Cat::aug_0_9883_jpeg,train
Cats/Flea Allergy in Cat/aug_0_9991_jpeg.rf.4kuC03UYYMm3ixEcJVyz.jpeg,5,Cat - Flea Allergy,split_group_c101c32fe3e1f1c2f9245a5b,8fb8be20232847636a46cffb57e183a1a7364e370cedef7a9ea7e16dcd3d332e,b6955f2d3cbcd66113bbf9f18703bca5a1b52a89bfbc12f2cd9942f877d8adbb,Cats/Flea Allergy in Cat::aug_0_9991,train
Cats/Flea Allergy in Cat/aug_0_9991_jpeg_jpg.rf.falZynjfTI0EszRjFrN8.jpg,5,Cat - Flea Allergy,split_group_de4c58ea5629f6a6bfcebc55,1f27e6c9b19b714e5f94c5387bdc2579353a2d9ae6d3dea51fe0d20c7b031e6f,af5d673231fe10d53b1c6828a934a87f993f7925f3e6979471b617332e2e1e9e,Cats/Flea Allergy in Cat::aug_0_9991_jpeg,train
Cats/Flea Allergy in Cat/flea_allergy-14-_jpg.rf.xmaGCkLjwEuwShhHLhLz.jpg,5,Cat - Flea Allergy,split_group_6d6503450f703832c0b756c9,60826e06892e7e61b8a28b70847b6294704ccd719c9245689cd15ec57fae3ba1,07686167dad827c844e13cb2684df77b1ab0630d5133f8c1eef715c5a3f2a349,Cats/Flea Allergy in Cat::flea_allergy-14-,train
Cats/Flea Allergy in Cat/flea_allergy-3-_jpg.rf.rjNkHy4sG6vIcFhDrebo.jpg,5,Cat - Flea Allergy,split_group_101e2259f7e8ae6955ee636f,020435534b9e6b905f72461125b376d251c3d21e157cabfea32f8f02f980e7a1,b0e62612b1ecd12a06822caa38ff8b4cbdb9579012f1e4525ceb83bae5621c46,Cats/Flea Allergy in Cat::flea_allergy-3-,train
Cats/Flea Allergy in Cat/flea_allergy-30-_jpg.rf.CrGMkgMVsAw3Uw3y30Ke.jpg,5,Cat - Flea Allergy,split_group_02b3160c6d5b360fa53bf670,f6d87bf97f855cb5b594bd7036ebd073bea5dbf543793c9ef1aaec7420bbb9e6,29fafd66375b7bc99f9d41d33ae4b317bc3c16d51948e6ff30d2bcc67d6d3a46,Cats/Flea Allergy in Cat::flea_allergy-30-,validation
Cats/Flea Allergy in Cat/flea_allergy-4-_jpg.rf.uTQSf8L35yMwSFsc0dr3.jpg,5,Cat - Flea Allergy,split_group_87aae5a59b4d2b4194bed9fc,c8c5d1107f441d21b2f4968f303d9845e30ec2f1b344193fc7be455b6a4ca6e1,072151957a23b389991f27db4b9892e08e25a5208ca20993683832203331a5d0,Cats/Flea Allergy in Cat::flea_allergy-4-,test
Cats/Flea Allergy in Cat/flea_allergy-49-_jpg.rf.28uBTnUcZsV8Rv3LM3SD.jpg,5,Cat - Flea Allergy,split_group_9a0fa1ab264aa18e8ecf1d14,0152a7de8233c9c483744dc5fbecbf7ffcb8b1ddacaa4b7e3ef7b640cfc38bd2,be45fd88b2253fcdf11836f5ea4604907bde4f03b295f697a57444e1ad4f6908,Cats/Flea Allergy in Cat::flea_allergy-49-,test
Cats/Flea Allergy in Cat/flea_allergy-55-_jpg.rf.gB348zUUfpilDI65rohF.jpg,5,Cat - Flea Allergy,split_group_19dbc5b859cdda492ff4ebea,b99978a6769203c72a31f03813c1f6ab38e22894a76598f4130e4604f5417a23,cc7c8628d9a22420f8e56c030fef84d746651c997822d4c37a485983e36f2186,Cats/Flea Allergy in Cat::flea_allergy-55-,test
Cats/Flea Allergy in Cat/flea_allergy-58-_jpg.rf.vBvewSsqltFvkxsltxko.jpg,5,Cat - Flea Allergy,split_group_fdfc392b3c52deb599389cfd,9b39a39b171a03e6fb32b8d415e7cc9c9855f5ea5f39a4f93e3fe4a88731773b,18d800efefad66227ccbc604d74409d90cfc43bb15ac12c6ac765ec5b0a2e79f,Cats/Flea Allergy in Cat::flea_allergy-58-,train
Cats/Flea Allergy in Cat/flea_allergy-64-_jpg.rf.SAwOzmHMMyWz9KjxCUSn.jpg,5,Cat - Flea Allergy,split_group_90a1929298e3bfe233d06611,89d9adaec210a61c1a328340c5f5f6f3af43804af7b6e633c37f95fbbc316482,017056e43ca24fab4dce9b7f107443a68630846f7a46c5c29013f31e9428a774,Cats/Flea Allergy in Cat::flea_allergy-64-,train
Cats/Flea Allergy in Cat/hotspot-103-_jpg.rf.vnv5zdJkeGC9cGc2wcpO.jpg,5,Cat - Flea Allergy,split_group_f5347b6d28f8346d5a1adab9,24638795be6ccbebebe45e40ff64017e994af9168ae4a7f4a7c206d424176417,2c2281af515d8ad2a28c7a938b55cdedf51a6d39f90992ca646603c98c2fbbaa,Cats/Flea Allergy in Cat::hotspot-103-,train
Cats/Flea Allergy in Cat/hotspot-104-_jpg.rf.PSOMcIEiArhaBjKFhoWm.jpg,5,Cat - Flea Allergy,split_group_8ce8cb4b28d8b66a1795adf6,39374594f1b950b07ce38430869fea74639a540b2e873b997580430619e29ac4,8eda7459206371a24345b024b6d4b266736968254a9daaca099c4809a641d60e,Cats/Flea Allergy in Cat::hotspot-104-,train
Cats/Flea Allergy in Cat/image_12_jpg.rf.m6iDMiZK1TM0EhppBxrm.jpg,5,Cat - Flea Allergy,split_group_4695c964642989fbc45a5fe4,d209a073624f5a6eb422d991d0399c11e417754a10d6b982f19251eca78b99b0,8dc18a9a695d13c59b64e3cd1c7c35385854b8daeb9ebda17afe980d390af13e,Cats/Flea Allergy in Cat::image_12,train
Cats/Flea Allergy in Cat/image_17_jpeg_jpg.rf.F0NxZgQlMsQsKakhokq1.jpg,5,Cat - Flea Allergy,split_group_25352d6e9254a89bcf56eb55,c7ff405def78fdcc1ae53740141161b54daa2473f383c729acff2fd83badd14c,b4cbd5449bff5e118ae8c984a6a15aec891670b383c1a5e080a4f0d1929b9877,Cats/Flea Allergy in Cat::image_17_jpeg,train
Cats/Flea Allergy in Cat/image_21 (1)_jpg.rf.Qx8rsEtXOuaMRIhDX702.jpg,5,Cat - Flea Allergy,split_group_be62005c9d7dedfbc2f59d80,65965535070def7114729dda7e607f4259ea07c64fa3b8d96a2b94148a722684,9a8655222681d233c151dae7cf14ab7ee0b9f2bc8b3b15d937e55aa2e784a4a0,Cats/Flea Allergy in Cat::image_21 (1),train
Cats/Flea Allergy in Cat/image_25 (1)_jpg.rf.245Cw0aBfUzNSMaTqE34.jpg,5,Cat - Flea Allergy,split_group_c61e8b75647a080586903efd,077a7f7647d10b244a3bf5125d69209829ea8ae8a1383890b2991ab161e8fca8,0c0c238eae96822b1a61a48ecce0a3e22ac3584337d61b8b1f74ffa4f82e60f9,Cats/Flea Allergy in Cat::image_25 (1),train
Cats/Flea Allergy in Cat/image_3 (1)_jpg.rf.2fekKWmQWlRLoWp94p7y.jpg,5,Cat - Flea Allergy,split_group_8aca26492e2184bc13d51a2f,48f523476f645b2feb062443400e36462d4e8b719f628b1c0f3eb3024dbbdf24,2f38756eedb1a336b7347495db34aa25a3aae39a737aa8b0cd38d833e6af839f,Cats/Flea Allergy in Cat::image_3 (1),train
Cats/Flea Allergy in Cat/image_8_jpg.rf.pRqH6KplsgQNTQQrpnv5.jpg,5,Cat - Flea Allergy,split_group_f96e0757825eddd48ff4f276,26c27c1c0a339f822466c389488904edff83fd162913053c17efd131c19c5b02,b783689bdb339b84472d936d44795e3fb2ee4292e4a89324b813b51032a12f03,Cats/Flea Allergy in Cat::image_8,validation
Cats/Flea Allergy in Cat/thumb () (1)_jpg.rf.bh8ZzggXqdTDNsJfIkt0.jpg,5,Cat - Flea Allergy,split_group_4b4d867a7ad06faeacc8be50,19e66ec88793be6d8a963154662602f7339d2dd73e9ef4375e94a0efb272b411,6b6fab5f54029e38b5f53114103f11518cf2a2635a12d754ad7d330ecdf58e24,Cats/Flea Allergy in Cat::thumb () (1),train
Cats/Flea Allergy in Cat/thumb () (10)_jpg.rf.XqX3W8ebQgF4CUmOKv6o.jpg,5,Cat - Flea Allergy,split_group_4039c4ccb7dc2c01c4542d68,15e4cb7e98d4d6eaa907f8dcbe38ae681ee86276a3d903c29393c55400f0da5c,b3d985daaa4c69eb848d914e63727209f108d671fbe2756e425d8d9f238d3d00,Cats/Flea Allergy in Cat::thumb () (10),train
Cats/Flea Allergy in Cat/thumb () (11)_jpg.rf.o9e57DPq0T8CTkC9vaC6.jpg,5,Cat - Flea Allergy,split_group_ac57016eee8e4c9c1c328b5f,d63b3b2d1e03ab9707915ac29bee08394bedb36a17777efb6887ab5384685cf5,ee1a83487774453dd7b930c73e61bafbadd975bde29f13c68d268815f3b68df4,Cats/Flea Allergy in Cat::thumb () (11),test
Cats/Flea Allergy in Cat/thumb () (12)_jpg.rf.Qb3DSSMeukxsK1N8ER6l.jpg,5,Cat - Flea Allergy,split_group_42ebc9e75661b8c3a3418af7,4306718046e6dd0bc9e029632cbfd9d72447a0615c3c6af9e32435129e8fd68a,353b1437b5cdd390ef4f101398c2c34e5cbb0cade4910515af0513563dfd242b,Cats/Flea Allergy in Cat::thumb () (12),validation
Cats/Flea Allergy in Cat/thumb () (13)_jpg.rf.ODw2DwXA3O2KUbmkEisB.jpg,5,Cat - Flea Allergy,split_group_2b2ac81e64e55f71c3f2ded2,991d207f22dcb6edc0ebf33f6ac5b8dfe8beb8b4024eb443838158298d0d89be,3ebba350cd35f272262edbfd1cf6ec1c25e41cde5796f5fe9de242cb2c06a88a,Cats/Flea Allergy in Cat::thumb () (13),train
Cats/Flea Allergy in Cat/thumb () (14)_jpg.rf.UjXx7N95zLqqDwoL5lBv.jpg,5,Cat - Flea Allergy,split_group_425a47dba3c28b8e2e9673cf,14f6357e5c5abaa0113905d06fafe778cff9371715a7793920e3b0b6acf8749e,a9be8470485060d82bbc22f157c7237628e301a78dbc30bb35d7a8fc91212639,Cats/Flea Allergy in Cat::thumb () (14),validation
Cats/Flea Allergy in Cat/thumb () (16)_jpg.rf.0GG2WBkhwweEOTZXkiss.jpg,5,Cat - Flea Allergy,split_group_d1267312ec84fc084ce3ec4c,f7c4970a16bb883b414fcfd3489ad216b8e779a48b421d27097937c2f0a9abd5,c2fcecbb2f1d1a9ef545d3117fd04e6ad8bd06ebc7596935fe8e6ca31cc10b46,Cats/Flea Allergy in Cat::thumb () (16),train
Cats/Flea Allergy in Cat/thumb () (17)_jpg.rf.iy27bjk8Lx4tinyEVvRA.jpg,5,Cat - Flea Allergy,split_group_1628a0cefc2e5e499e944fd3,a56f1869ad656191849825d3a354cbb1dc5bab2a84e0471b6ea09016053e47e1,a003a33e629eb7c5ac7b39ee6e253044c75bc30043e089394a8bd6be91504364,Cats/Flea Allergy in Cat::thumb () (17),train
Cats/Flea Allergy in Cat/thumb () (18)_jpg.rf.Ni0X2msWvw83QpQFEN84.jpg,5,Cat - Flea Allergy,split_group_63413fc52a6921bd3897f1e4,52d3f04c557c230e3fe277240f64a70f5672df33bed056d4582e6d0095af4d7a,440b3aa47cc33c4f6088a665bb2c158e808ec57cbf411300125b70c9a82fdd2f,Cats/Flea Allergy in Cat::thumb () (18),train
Cats/Flea Allergy in Cat/thumb () (19)_jpg.rf.yipdBqTbsdWFE1hgW75L.jpg,5,Cat - Flea Allergy,split_group_40126c5eb1ebe2f787504237,a62910e6f80b4a08cf25b66d11dde0bb424006bba53e46960b6712c0a48b373f,adffd71243536e11704dbcf3dc76dd5f73fadca3d1e4511aae24ae84f21ad712,Cats/Flea Allergy in Cat::thumb () (19),train
Cats/Flea Allergy in Cat/thumb () (20)_jpg.rf.7wTJuo4mKPzvbgJfHJ5k.jpg,5,Cat - Flea Allergy,split_group_6a5043be4851f23207fad836,1ede2f7b49c941bb73ed540ff7e9b7744f806a70d9f077da365149d37d94973e,9cddb02d57b6bc00aacc81011e166c44313d06197ee906a1a48a24166fbcff71,Cats/Flea Allergy in Cat::thumb () (20),validation
Cats/Flea Allergy in Cat/thumb () (21)_jpg.rf.jTn6PNwQcub94SmEqMnM.jpg,5,Cat - Flea Allergy,split_group_cd960807d138b7a76c85125d,4bd48564e8c6d0d8cb17c44338ca6b11f341d1212bb474dc0c5f2054745c3f8d,b645f52f30e9e220f656f84e8e1af9ac983a3439504b40756387d955d3507ea8,Cats/Flea Allergy in Cat::thumb () (21),train
Cats/Flea Allergy in Cat/thumb () (22)_jpg.rf.02Q6w9sR6POwBZpYQSd2.jpg,5,Cat - Flea Allergy,split_group_86ad7ab47f5ddbf8db7671db,c5e80d89aafc1ab919853cccb28e57da967cb46f916e415e2ec53eb6f0ec2051,7f73c4580f76b3b796ad9f6b9a835435998b1c8edb0a4a08f64af63fd7056a0d,Cats/Flea Allergy in Cat::thumb () (22),test
Cats/Flea Allergy in Cat/thumb () (23)_jpg.rf.f9649CzzAmPYBtfxjUuL.jpg,5,Cat - Flea Allergy,split_group_bbf0d53c8534ee7f616e041f,87c827dde4da1213dbcd023e5c4628f4446c90c7285748a0d0816fb1ab113146,9bf85cd76a34daa670d6a82f70cb765848ce822fbb9c2537adac03fd62d85025,Cats/Flea Allergy in Cat::thumb () (23),validation
Cats/Flea Allergy in Cat/thumb () (24)_jpg.rf.QkkgXUZVtgT3OWewfy5O.jpg,5,Cat - Flea Allergy,split_group_512149ee02b1bd661b12646e,2073cd72dd443cec23eee246fe9e332f83c9fdd9df69773482f5ab3e4c2c5e6f,775ee9771a17c7b3b4744385d60208f29a57948179cdd798ad1c39a6fc0ff885,Cats/Flea Allergy in Cat::thumb () (24),test
Cats/Flea Allergy in Cat/thumb () (25)_jpg.rf.j2p2uiIO0I1B7oXH7lny.jpg,5,Cat - Flea Allergy,split_group_9268c7832a896f684160b278,0d8557ab2487becb81114ff3f542e7367bfec1bfc1b5f7f148dbecfdb72ce893,9d02f6df47bb79a85095974e62c5e837ed27e3963f1a11064d740ee54d1ef310,Cats/Flea Allergy in Cat::thumb () (25),test
Cats/Flea Allergy in Cat/thumb () (26)_jpg.rf.hBpAKUGxB6WF3QIgAE8e.jpg,5,Cat - Flea Allergy,split_group_a3c9ba764444a3abf75fbe07,3a48a1d692d7788cf19befec704ac602784a55db0ac8ebd598a96f86790f44a4,f6ee0526d1802bac0611ce27b76ddc4a1c9174557b286b9de7e03554ede39aeb,Cats/Flea Allergy in Cat::thumb () (26),train
Cats/Flea Allergy in Cat/thumb () (27)_jpg.rf.aBDUHvjQq1yWivK9jA28.jpg,5,Cat - Flea Allergy,split_group_9e5e3457cba3a5ca0d447bd3,599508fc07c0001680cc8d78b1efaf685b1865ceef27562c3be4921eff3b71f3,a8d48fc20dbbb2145003bdb3e220aac1b810c56897aa20e7c3a61e89390350fe,Cats/Flea Allergy in Cat::thumb () (27),train
Cats/Flea Allergy in Cat/thumb () (28)_jpg.rf.el1idAoQehiy5Bgb6zuS.jpg,5,Cat - Flea Allergy,split_group_7af4c898822a74a1197412eb,d2dfc1313fbf0181f5af6c882fb618c59f8245b52028e2adf9a3f110d4ac472b,71104b5ef00c85684187906a4f18630984a7fb9ec207e83d51124633801cdf12,Cats/Flea Allergy in Cat::thumb () (28),train
Cats/Flea Allergy in Cat/thumb () (29)_jpg.rf.G1IYjmBOlVoVFbUmiiHx.jpg,5,Cat - Flea Allergy,split_group_6e25a39159912f2d2c8fa876,4a658a82d80ea245e570159856838bdd4a7e2b8750beeeee325be0e226ab53fb,774a00561a3b68e7f98270261140d221d6bedc56f19d0c917b530de34ca94ef0,Cats/Flea Allergy in Cat::thumb () (29),train
Cats/Flea Allergy in Cat/thumb () (3)_jpg.rf.RhEIszwJy3xTuujtYWbw.jpg,5,Cat - Flea Allergy,split_group_e3a4582b46c7de69c51c6283,c1690c986834ad263958bcf9203d050cfc7619c4ec6d3e9fd99e426ed03befca,194d7e17d38b08ddc00d699751c1875c5878ae6750e4daad03fdfcf6fea09a83,Cats/Flea Allergy in Cat::thumb () (3),train
Cats/Flea Allergy in Cat/thumb () (30)_jpg.rf.tBr5szGqiH0crmZUKKzp.jpg,5,Cat - Flea Allergy,split_group_f054733548a78b916a22f2f8,abcc2c5bac85e7eb31024d7a2d970551d4d188f93242d136936ebbbd568dc0e8,8f68a7ec925ee44473bbc473f476d3a3c48912fd267bb400564c7b6516bfcb07,Cats/Flea Allergy in Cat::thumb () (30),train
Cats/Flea Allergy in Cat/thumb () (32)_jpg.rf.twumZdCR8azm92vGic0x.jpg,5,Cat - Flea Allergy,split_group_40486a72f4d6e6e5b2119e19,9227e7b658e3708e6099383afdf64865fed5db72663dceb591b303d4e14b1965,ec564ffe030e2c00043fff28213e66658a315accdd0680447abeba374eead5e9,Cats/Flea Allergy in Cat::thumb () (32),train
Cats/Flea Allergy in Cat/thumb () (33)_jpg.rf.Dy0JjhUWuxfmhHODxXbS.jpg,5,Cat - Flea Allergy,split_group_513f9e50e9966b84d185138c,28e7866fa7e9ee94319285b8ca5e1eb2f18a9c2e8d2772c74219cc4891eee05f,4d97861190e2bcf2ab8b82089743b3443629ae3d78768c5587b6e2633e1d9a5d,Cats/Flea Allergy in Cat::thumb () (33),train
Cats/Flea Allergy in Cat/thumb () (34)_jpg.rf.JJGM3GMPMdhtoCj9RnSu.jpg,5,Cat - Flea Allergy,split_group_8bc067cfa991c056ad53e906,44e0f343a04dfcbd795df5d8eeb59fb5a312db3e06e1805b333a22ec64c0ec87,5999893630658f3e08c60c2483c2a2ee48d635923a092df87b96a343147b59d9,Cats/Flea Allergy in Cat::thumb () (34),train
Cats/Flea Allergy in Cat/thumb () (35)_jpg.rf.PKHlgswm0jaDWz35p7mN.jpg,5,Cat - Flea Allergy,split_group_1c1ee29484a24aee0dd400cc,1150bd161dc2707edcf806a4280661f0227ff201b7d2a086e254bdb59cef8733,d7dee6b6f2b9160f2d2981f4e1e24e60c274b94e44d1de3dfab5e580752b067e,Cats/Flea Allergy in Cat::thumb () (35),validation
Cats/Flea Allergy in Cat/thumb () (36)_jpg.rf.oQ2upjeCnP194MMpnEAg.jpg,5,Cat - Flea Allergy,split_group_b154395a5aee5caef0c6db06,106cfc3b616560576618c40466cd2c3442397925c3461b71604185f293d97f5a,f958833ba02f993418f75eebb4ef328c2dff29bb0461515916ec8540ec7f2473,Cats/Flea Allergy in Cat::thumb () (36),train
Cats/Flea Allergy in Cat/thumb () (37)_jpg.rf.MIXzxi8GnusM8eqC0b50.jpg,5,Cat - Flea Allergy,split_group_e10bdf130108f70b1abd2b31,c4f46908894b22f1dfa3563ed4ac87bf7b7d7ff81c98c9f0c1cab5eaa909877d,156c00f4f61d77d0d979d7208d47207f5982ea7a4a056ad4152a570e5117a152,Cats/Flea Allergy in Cat::thumb () (37),train
Cats/Flea Allergy in Cat/thumb () (38)_jpg.rf.Hnex1fVi4BoCR5jmQF6j.jpg,5,Cat - Flea Allergy,split_group_6e70f29e9f5e1db9c212d7b0,252dac4f5bf8716a6f66483f8ba368c01b0ac0cdba6dc96b692a9997c7eb382c,64ff59f1f0bcd0311186639437d9af8620049d3f3571abe457e978bcb8637878,Cats/Flea Allergy in Cat::thumb () (38),train
Cats/Flea Allergy in Cat/thumb () (39)_jpg.rf.1An3UfXqvcqvBGXWwH2Z.jpg,5,Cat - Flea Allergy,split_group_4e9e8db1aa3aff8765ebddc3,2ce4b7c331fff15e804d3068a8596cf455ddcd1284ef24beaa2666e721ba6e5a,9d1b9f52b5cddc176fc08963d3b6dc4f38f660676f7b05e610f2f09a57691010,Cats/Flea Allergy in Cat::thumb () (39),train
Cats/Flea Allergy in Cat/thumb () (4)_jpg.rf.XydLm0lYnjSjgA1ovUVu.jpg,5,Cat - Flea Allergy,split_group_becf7ce3c7138bec967fd83f,405b8bb85520e824c132abc5048df843a69b2c882bf38eae769cccadd6bca5d8,5e90834337aab5e32f534665a55d1f6b40ddf4ef06cb92eb318282bb3aae8e57,Cats/Flea Allergy in Cat::thumb () (4),train
Cats/Flea Allergy in Cat/thumb () (42)_jpg.rf.XUOhgsNCiaz4qk0pM3nG.jpg,5,Cat - Flea Allergy,split_group_2b5be7091629c88846ef7f14,fa1ea57c486ba5611f84b1d8d3fbca1b7f4c3899b085465d1fea6a8920fc62c6,f58810e90a472e4bcf0b0d2d655b609a401775736ac4e8543360ad993a0929e6,Cats/Flea Allergy in Cat::thumb () (42),train
Cats/Flea Allergy in Cat/thumb () (43)_jpg.rf.cELY1Hhp4nxmCNANoX5T.jpg,5,Cat - Flea Allergy,split_group_cd33c414386da7192041f4d2,9a67db8df7af93182ecbd017fb1f1ecf973ad5ef86ac004579f2ae204ad432c9,55903c84ffca3a6c8745efd571bb4e5c5d15ae8ba54c5ffda5342ae7b6711128,Cats/Flea Allergy in Cat::thumb () (43),test
Cats/Flea Allergy in Cat/thumb () (44)_jpg.rf.TSUP8SHo0QXhnJXBcwYy.jpg,5,Cat - Flea Allergy,split_group_bd997c4ec42579178ca90a9d,c47e1401e36c28c362ab061022c2cedaa4e8e3ddabb2fefccc0f7960c71c6923,8cb86f3b00d15f6d96abdfa3ccb61d576e2d5f8e522b797b7d7cd2608e405e67,Cats/Flea Allergy in Cat::thumb () (44),validation
Cats/Flea Allergy in Cat/thumb () (45)_jpg.rf.6bSkdswdHvKEOPEo0NJX.jpg,5,Cat - Flea Allergy,split_group_4173f30fdec7f93a8cff1e65,2d9c20aa48dfe089fd83edd518d188a9d2248af4501a4d34893636c8428bb870,10e8523aac9dc212a12f5db69febdc83f27435d7e590c8aea0d454b5ed333434,Cats/Flea Allergy in Cat::thumb () (45),train
Cats/Flea Allergy in Cat/thumb () (46)_jpg.rf.noogNUpVdjnJ10m9rgjD.jpg,5,Cat - Flea Allergy,split_group_f5556da8a573f95dcddf8045,5bac85e2b134e4b82e5876358ba62a7c7ba1a02b27c88ffd689680287b3bb4ca,3d2f528b1287a783b2784508cd967adcb1fcf374a712a0067c3e2756183eefd1,Cats/Flea Allergy in Cat::thumb () (46),train
Cats/Flea Allergy in Cat/thumb () (47)_jpg.rf.ZIBAnN2E6JkMs9TBy7om.jpg,5,Cat - Flea Allergy,split_group_8328cc21d4347fbea32e66ee,0f87c141a6cae9810591fad125021ae2b963c961b62dabf59ba609202eb15b5b,e0b9596fd3111d0f8c5ed53506492b77b236d4a716e0ad45f0dd197dca50567e,Cats/Flea Allergy in Cat::thumb () (47),validation
Cats/Flea Allergy in Cat/thumb () (49)_jpg.rf.fofPqc2oRF1YvBQqSKn1.jpg,5,Cat - Flea Allergy,split_group_dd9e54fbade22d0e037dcb02,42c2762b2fb0462b4d3b87961e0af80c59a59d1f372fd9a51095a2b7cb783009,9ed749c827fabe0acfa9055cb0d8f1058ae09882d417e18c1d784a5c841dd8eb,Cats/Flea Allergy in Cat::thumb () (49),train
Cats/Flea Allergy in Cat/thumb () (5)_jpg.rf.TQdYQTkWS0AeFTW2ayvo.jpg,5,Cat - Flea Allergy,split_group_81f7b9c1268b12f5a1b48ef4,d0085dae5f51b70db9df277b8e763008d8b604ed5fb5a8457df604b8d5d6c962,3b7aced2e92be966fefa97ad1068be0ba1c3ab32204d523cad09f2a421c250e6,Cats/Flea Allergy in Cat::thumb () (5),train
Cats/Flea Allergy in Cat/thumb () (6)_jpg.rf.FyBDhwiga7lKq3LC1z8K.jpg,5,Cat - Flea Allergy,split_group_870f769127485fdb5c2e8aab,bce27c0fc403c0eb901717b2c2d224c1498edd69d19ddac6d405862d52a9eb28,48713b24473b6a73b706f6513f3fa954c6ed34838ed015179fc5963f8f154fa5,Cats/Flea Allergy in Cat::thumb () (6),train
Cats/Flea Allergy in Cat/thumb () (7)_jpg.rf.lXfWQeFou7pNt1M6sTCn.jpg,5,Cat - Flea Allergy,split_group_0a473cd8827899c7a5df12cb,74e455624c59dd4b1ce44bb2e7904dfb77101261b08f1ce750200a06c4963619,3f8ce7e7c50e476862183429cbf5cb1eaa295f75aec5af304951a84561abe691,Cats/Flea Allergy in Cat::thumb () (7),validation
Cats/Flea Allergy in Cat/thumb () (8)_jpg.rf.PaK4Rn4er0ZMQRUIVx2d.jpg,5,Cat - Flea Allergy,split_group_e9f2268e7ac972291da587e5,6e26683f23932ad49e12c69a114b2ea695acfb7f01da9981dd898a182ef0bee5,31b468afdfd4324ed0a4625af01ff302cf7a5a96453be34dea8c436ceb0fa894,Cats/Flea Allergy in Cat::thumb () (8),train
Cats/Flea Allergy in Cat/thumb () (9)_jpg.rf.D2IDZPXZ4OCvmOL89DbX.jpg,5,Cat - Flea Allergy,split_group_a834caaf58dd4c4cc5b3125b,1fcab049467cff720419960376e0755a760da95fb6a17a69139baea97d237047,9eaa2a8fad0328aaced68d4eb973ddebcc86bc42add96677521389d8535ee1cc,Cats/Flea Allergy in Cat::thumb () (9),train
Cats/Flea Allergy in Cat/thumb ()_jpg.rf.Rmhb6PFo2D6metbr29Ci.jpg,5,Cat - Flea Allergy,split_group_164177236767f906f7c81eae,8e6119e5af3859ddacacab5adbee148e590fc369edbacaed3a167e454fb46c1f,69e587b61ed78c65e7a77fe3b92cd0a26c6b0e9b39ddc6753396a60b4f6c9d48,Cats/Flea Allergy in Cat::thumb (),validation
Cats/Flea Allergy in Cat/thumb (1)_jpg.rf.BvLjJQVx0ZZJZQhmgmww.jpg,5,Cat - Flea Allergy,split_group_0d7747bb355ae2d2bdb341ee,a95390c3bf4c4d81d9f81ce01b78be170f3e698efbaaa2824fdd2c31d2b7b000,523b152008e66a66e907f019e2eee5a398ae29aa6ce121e31e986f663b3022e0,Cats/Flea Allergy in Cat::thumb (1),train
Cats/Flea Allergy in Cat/thumb (10)_jpg.rf.IQVKVmzmAAx5VqfkdhXf.jpg,5,Cat - Flea Allergy,split_group_5ca3f7449e29801e17499e57,84953730479398964a71f20f7ab8f51c0a0bf9ff695e4c637cc018bd21e5f17c,b9632e830ac58dddb6c3b6f28f821851f5d61bd39ba4ba0d45f7d4cc465765d1,Cats/Flea Allergy in Cat::thumb (10),test
Cats/Flea Allergy in Cat/thumb (11)_jpg.rf.oioD2b4J3ZwVJ396BM4x.jpg,5,Cat - Flea Allergy,split_group_7a0bfc8b706b6d52ed7de5e7,7cc59950e91dc6474595abb2965fbad0f92792f8d2081812b305b627f8b2b3ef,67359264cf648f3ed5eda1771652ffe196faa7ec50d1a6b6062e6f08843bd288,Cats/Flea Allergy in Cat::thumb (11),validation
Cats/Flea Allergy in Cat/thumb (12)_jpg.rf.hrdzV8VoAT5aTR8bsu0R.jpg,5,Cat - Flea Allergy,split_group_a48c22f439dc9d9153facf37,ae6d023aae2054bd49fe41317077013097f2f7734942498c59aa63a0622d99d6,f8f0c83778904ab5f32e97e70008433a573f65bcc417e14ba6b3e7534892781f,Cats/Flea Allergy in Cat::thumb (12),train
Cats/Flea Allergy in Cat/thumb (13)_jpg.rf.9GMwGqkTr74EjVJkG2Wo.jpg,5,Cat - Flea Allergy,split_group_eaabb1a265f4f273cab90cd0,7af1cb0fd9011f67d31d6752947746cb269b8d19d5d09c9db5d0e0466a02f956,200de062c56b7f8ceab58d48176ac965a63615fdfaa519824cbb2449a0613779,Cats/Flea Allergy in Cat::thumb (13),validation
Cats/Flea Allergy in Cat/thumb (14)_jpg.rf.xdjGRRjXFpVzUGqb2aNo.jpg,5,Cat - Flea Allergy,split_group_038f98d25b3a44312eae5711,d03f1bb31993549cd98cc371b17b6e50b6c33b4a55b9e89e2094595fa7bafe43,8880839be4e13c4f5f420005b2133a7748eb603498066696fdad6f64ff92a9e2,Cats/Flea Allergy in Cat::thumb (14),train
Cats/Flea Allergy in Cat/thumb (15)_jpg.rf.5EhHZzLtuAU25uR9pUm0.jpg,5,Cat - Flea Allergy,split_group_dad5cbba3d078fbfa78c7b60,f95a4557e30950f278a66cff7263f2f5f5cd390c35821ff883c44f6d2c07eb50,16e9520a22668520a60a7a4f74362e1731ca2b71e27a8ea82e002217581f3cea,Cats/Flea Allergy in Cat::thumb (15),train
Cats/Flea Allergy in Cat/thumb (16)_jpg.rf.jOc5IfxgOKuBRWsM79IM.jpg,5,Cat - Flea Allergy,split_group_69849b45319782719eeff868,169ed9a885dbe11fafc13a7575f8a84c8e8cbef9d3c871ebc52c81ea476cdf5f,d5021a55052e7fd7b6152083522c555ede24e5ad961cd8ede0c36abcb6d1fdbe,Cats/Flea Allergy in Cat::thumb (16),validation
Cats/Flea Allergy in Cat/thumb (17)_jpg.rf.KV0SCWZVRbfmC14Luevn.jpg,5,Cat - Flea Allergy,split_group_ece884a6859d643840135739,1c365def9d0f22144e1c35ba7fe2cee2deffd1580f52f08859def0f0b645456b,c7bcc8b7cfe051d0a17a5412f63ac91a8577cd96f0eab0f14dab6a791a2a5c6a,Cats/Flea Allergy in Cat::thumb (17),test
Cats/Flea Allergy in Cat/thumb (18)_jpg.rf.2PcUi0T7qPeh45CVLugX.jpg,5,Cat - Flea Allergy,split_group_7d296c3142ff6c29af38e1ef,b9fac01fb96031caed0295ceaa6b9988edeb67957a27b2294f1338df81bf6022,1648b3fcf3a086d7b81d4fb185502e29cb77fa082328fcfed31fad43011fb6a3,Cats/Flea Allergy in Cat::thumb (18),train
Cats/Flea Allergy in Cat/thumb (19)_jpg.rf.7HrMqvXHTbXTYTYmJxED.jpg,5,Cat - Flea Allergy,split_group_2499f7469cbeb55c440d0b42,fe6c6f2c32f63e8e186358fa3fa03bdde779e26a5e88569d84b295ff2fac43a6,3166a154b9165ee8a4761e4dff39c098674e21466dcae4dd43a64eb3132b2a39,Cats/Flea Allergy in Cat::thumb (19),train
Cats/Flea Allergy in Cat/thumb (2)_jpg.rf.LcOQbUuwRQ8fHNPBCGbe.jpg,5,Cat - Flea Allergy,split_group_3c62ebc0867a74b81a7ecf82,8a44e12a9f78a754e513415a29f127b99026e3046d3e9ed4a16873087297daed,41b7b2ba7e289682fac301e32889cef439605c1624749e1bf95d4054b30391c0,Cats/Flea Allergy in Cat::thumb (2),train
Cats/Flea Allergy in Cat/thumb (20)_jpg.rf.rRXI9Ax9K5UQa6THqmG2.jpg,5,Cat - Flea Allergy,split_group_1c43f28fa9c2582dd3a8dd7b,e7fb8c993bd0b19c826bfcdb8c4e4fe2436f3f6109d0856aefa31926a7440047,a5e2516b32cee67bab682fc158668dba39663726d0c1e5595f0ad378e5a4cab9,Cats/Flea Allergy in Cat::thumb (20),train
Cats/Flea Allergy in Cat/thumb (21)_jpg.rf.znW2pn3S6ZYTBOM1VC3s.jpg,5,Cat - Flea Allergy,split_group_5dcb39f61b618a845fb46c3c,b57db91bdb3eec2eb8c8e6d6e168cd5ea756bbfaee7745ebc47e309cc7f346ec,673a24c7bc39129bd09f7f95888486e18fef6558395201cdf3334ff78a062f34,Cats/Flea Allergy in Cat::thumb (21),train
Cats/Flea Allergy in Cat/thumb (22)_jpg.rf.4omS4hHl7VhO6ZdgTL1O.jpg,5,Cat - Flea Allergy,split_group_aeef9da13379733192b17cfb,da1ae789a640f08164bed8b3baf129ae5f21c0359fc448713dc2fa1d191da794,7428c39142eda69b37a40b6d2062594c5a80de4c876a1cb52081a129e8452bd4,Cats/Flea Allergy in Cat::thumb (22),test
Cats/Flea Allergy in Cat/thumb (23)_jpg.rf.YJjCOaOJFvy71TdaZBTE.jpg,5,Cat - Flea Allergy,split_group_18bdff3afbba6287581cd967,9476be7158fa30c49e594d412c943dfa13a44dd8f7e26ca66ab11eed9cc69307,2082d492295f4b58fb8558bc5a27052bf6f1ccccc30c0248f3a01056292b4a9d,Cats/Flea Allergy in Cat::thumb (23),train
Cats/Flea Allergy in Cat/thumb (24)_jpg.rf.KRjLZGR4ABi3RzcMnirW.jpg,5,Cat - Flea Allergy,split_group_af70826814bef6935fe3a4b1,eebdb29151aa4a831f24150ae326f4da4d31809fca26a9783f423e6e81812ee3,54573a52609c2997eef47cde157ee2783934b6c36ee0d9c76534681b2ebfd829,Cats/Flea Allergy in Cat::thumb (24),train
Cats/Flea Allergy in Cat/thumb (25)_jpg.rf.KEhjkugFGn2vStshSbH6.jpg,5,Cat - Flea Allergy,split_group_3f1bc2b3410922177d182100,57e220077453e6bd3e7d4c7f912a6dd34dbe773b27a2a6231d1248b05da89a72,fbd51a8f6926bb2afa373fbeea7cdc97beb87337642a398431d0ecd94bf615d2,Cats/Flea Allergy in Cat::thumb (25),train
Cats/Flea Allergy in Cat/thumb (27)_jpg.rf.jd9zN87eJCUAjjPTECsL.jpg,5,Cat - Flea Allergy,split_group_fdbecceccbc64eaa17568279,299d16150e849480d36c04061579d011ab198ad1f65e8df282f7e21c4596dcea,a10ad4815600c818ecd74c27a384176802f38d41ffba6ce93cffa6d66200a19a,Cats/Flea Allergy in Cat::thumb (27),train
Cats/Flea Allergy in Cat/thumb (28)_jpg.rf.ZG0umtRMj5ozF4fc90ic.jpg,5,Cat - Flea Allergy,split_group_dd31f3530fb1137fb8c7c5ce,11efa53006425efad79d735959557a2a1a46f569931277c6e2ae8505b3571362,a4d635b016f9689536b4cd0a9353fdcd93f04d19a97f8941778746f28f609b5b,Cats/Flea Allergy in Cat::thumb (28),train
Cats/Flea Allergy in Cat/thumb (29)_jpg.rf.gGoY0ZNcvvy7HIGxtpOk.jpg,5,Cat - Flea Allergy,split_group_5ef46f41b89e6119e18651ec,4ac1a00ad9acf7e36fc1d73daf0a69e62e27917f8114db3a2d96f2dac6acd3e0,28085048f6d055b99de1bb6de60b47ed7bd3638fa0d9113d23f17800595c5d22,Cats/Flea Allergy in Cat::thumb (29),train
Cats/Flea Allergy in Cat/thumb (3)_jpg.rf.79NAdIsOFnOyQPsXpQ64.jpg,5,Cat - Flea Allergy,split_group_6dd426b767d15ba80f200d9b,2da0b001f5cbacc4b45147de50d8c129c2f40d14ab17b34d7ed36aa4373540ad,60e7558204779ecea4230db28802f34199360e28137c1036bed4efbe9f817f0b,Cats/Flea Allergy in Cat::thumb (3),test
Cats/Flea Allergy in Cat/thumb (30)_jpg.rf.zq5NOnJWZJwdKRAYEvNq.jpg,5,Cat - Flea Allergy,split_group_60a14026965e542cfb9e27dd,a208539507b702a37750334ec3a4a6bc86fd4777d229cb46c9f5d4fec6959e4a,0ed7ff2621d43bcbf368b01414937caeb889069b25c3a82337b2b255de5cfc9c,Cats/Flea Allergy in Cat::thumb (30),train
Cats/Flea Allergy in Cat/thumb (31)_jpg.rf.Qt9BfiSb2qwRaQDaAfQ1.jpg,5,Cat - Flea Allergy,split_group_f327be4b09b37cfbe7267a54,5025058eacf6b05e4cbf726fd3b6785bca6c83d6ef4dffb4d4ff29efeb482cb0,5c63e0cc95e0c6f5af1abe4c12b87a91dec47a504660ad1158199f61fe4dd4c8,Cats/Flea Allergy in Cat::thumb (31),train
Cats/Flea Allergy in Cat/thumb (32)_jpg.rf.7xV89W22sc50YBhWKbZb.jpg,5,Cat - Flea Allergy,split_group_8007aeed79058dcc7f5ebac4,3831b7ed12a82506a98f08f4bc183f9f671d17f8aeb368d8f9d0525dd51e7e61,eaf6aed7b88d5d3b570eaae3ccca2395ef61670d6c1fb9cb620f7741a09bf79f,Cats/Flea Allergy in Cat::thumb (32),train
Cats/Flea Allergy in Cat/thumb (33)_jpg.rf.KONcTBGCjrxc2FR9mHUD.jpg,5,Cat - Flea Allergy,split_group_7824164a56276c3056205149,70b3be914c42c98fc1168154271c1b585fa2cb632518e902376682efa66dc4a0,a5023510eb8c8c922d3dc895f0d8c90d0049cafb1354385cc8b523d868b10887,Cats/Flea Allergy in Cat::thumb (33),train
Cats/Flea Allergy in Cat/thumb (35)_jpg.rf.M4dLcqdidFUvk2pWsNG7.jpg,5,Cat - Flea Allergy,split_group_1c57c349d118dab766923427,92150a0d591aac8144d2a36db6b53fdf959474f9846f990c4f11c19d836dc101,f0ac9736e438f5fe756670d434ef3a6bdcffcc7d9f2c27ffd2e8dbb0b3979375,Cats/Flea Allergy in Cat::thumb (35),test
Cats/Flea Allergy in Cat/thumb (36)_jpg.rf.jRXXa36cu4QzKmX9xme1.jpg,5,Cat - Flea Allergy,split_group_1269d7203fc03835eefcd978,2fea9ff70fe902fc0418c74fd3e1a16d0dbabbee807072f1c7d7acca30d581c3,812b79d8e6d49d499d096c3321dfd3bb913eeb30116ca07f3a7c6ec2659f49e0,Cats/Flea Allergy in Cat::thumb (36),validation
Cats/Flea Allergy in Cat/thumb (37)_jpg.rf.CXKIiMOUMRaf5VjnN2jh.jpg,5,Cat - Flea Allergy,split_group_55833e09411d49db2ac41b81,723d991cdf6c1ceae3a9c1e7447b2c3083ba86743bd787c10d20dee608ef9258,77d935a7c75c2fc192e4d5569337f1f7834178d8136e37b95ee902c85e4315ef,Cats/Flea Allergy in Cat::thumb (37),train
Cats/Flea Allergy in Cat/thumb (38)_jpg.rf.5Lxm7BQES7NhP2n7Jb6S.jpg,5,Cat - Flea Allergy,split_group_fce35c105e1ae22df55980b8,acc610e9a616c8c9cebf2c235475d1899640d7afba50f41da529ddff2690100d,b4ff4e7701c9f76ce2bfef7af436f084c7d18fb3362c87e7d9aaea719d0758c0,Cats/Flea Allergy in Cat::thumb (38),train
Cats/Flea Allergy in Cat/thumb (39)_jpg.rf.3DBYjOGHzjlaeF9WUu0T.jpg,5,Cat - Flea Allergy,split_group_9b96c345884c09c810b514dd,36d1f69b192ca37886cf82d22bc8499e1b5607a8120bb4b5bd985a9ef4090fb8,127fdc03d56a2cc9261ce38472ed72456b51243a7b6b2b392727a625fdec6945,Cats/Flea Allergy in Cat::thumb (39),train
Cats/Flea Allergy in Cat/thumb (4)_jpg.rf.i3QDqiZ2yPXUXnV4cCFV.jpg,5,Cat - Flea Allergy,split_group_68198f569f3f90f8b02e62f8,7c2aa612637e04d8031cb63c5415ac66cc35fc4fdcb9665c7d4dd8313d5d0a23,a1e3ddc60996b02e4f16296e03c2ab9d41b41206b89913a9eabe4680dd4b2e33,Cats/Flea Allergy in Cat::thumb (4),train
Cats/Flea Allergy in Cat/thumb (40)_jpg.rf.RfWb6lxi2uDrv7nEe7pT.jpg,5,Cat - Flea Allergy,split_group_dec9c1388e6dfab3a47c3e7e,8bb94112ba94cf8ce400d946208b1fb1517e624ee10c996802d99ce7a456b195,03c95cebe9a36b9aa129dbf5e7368c7e04b25cf4cef5a8082baa9c85bdeb487e,Cats/Flea Allergy in Cat::thumb (40),train
Cats/Flea Allergy in Cat/thumb (41)_jpg.rf.8vsP6lvA4gFs6CT4TAae.jpg,5,Cat - Flea Allergy,split_group_3e4c447f0bdbf7f5dcf3f50c,06491566a04c31e4774f16d81de0fe411f54229f5586976b84414d6ac2118590,661c33de1acf634d5145c8b4a8267b22c4b59cce13d46f12b4674569386e6e2b,Cats/Flea Allergy in Cat::thumb (41),train
Cats/Flea Allergy in Cat/thumb (42)_jpg.rf.fAeySkKUr7fMRDoLGM5Z.jpg,5,Cat - Flea Allergy,split_group_c40a9eb6409c48314e2fb240,a760b611705b70ee016ae73dcee238f306f917fddc1929e1ce79fb9a86991375,526c31a78358f7d5622b1933e3fdcad857e1fdc4a3a5f6e7db321ef118a79eff,Cats/Flea Allergy in Cat::thumb (42),train
Cats/Flea Allergy in Cat/thumb (43)_jpg.rf.gNKWeyJtla1oYMyi8FuN.jpg,5,Cat - Flea Allergy,split_group_a565394cef0907e46fbaf53a,8e36f48d1956739c47841f24393e526bd25e56bd1f54af51448e48e8c076f081,ff6bb52c4d93b9f40be9bcf3e4776eabe83b730789f369a77c1ca5c9b1b21373,Cats/Flea Allergy in Cat::thumb (43),train
Cats/Flea Allergy in Cat/thumb (44)_jpg.rf.TIuMXdqNTwLZWhLtQhsD.jpg,5,Cat - Flea Allergy,split_group_1aee8a9c60d941f6658227a9,baf5372af00fa45d615fe22b8e2588b608fb43b2a163690186dff5560e4dbee1,a50f5d845ddecbb6d5d408cdb1c5f941d75746fcb4efdc01f2bb0d964846b7b8,Cats/Flea Allergy in Cat::thumb (44),train
Cats/Flea Allergy in Cat/thumb (45)_jpg.rf.DZxkogChqRhazJfwUEff.jpg,5,Cat - Flea Allergy,split_group_1b1d8350d588d3308a2bd7b9,8e93d57b8880a837a707ebd55e0199103de634a8f694c68fb63a58cd8ca2fc86,a766e024c029a9cd493b673702ddddc7f9c123fceed45a5d84d32673d03f3341,Cats/Flea Allergy in Cat::thumb (45),test
Cats/Flea Allergy in Cat/thumb (46)_jpg.rf.NRiOYUB8WV4PtaXqp5A1.jpg,5,Cat - Flea Allergy,split_group_dce7f88db333958513621406,3cfeee3fd6b2b736703ba2d378ff9dc649d4d7d719d2d8cd0ae7daa9b01f803f,a6d5294081722c86a2d374b79ccb0f57950799101da2ca353424bbaa5d5ddb2b,Cats/Flea Allergy in Cat::thumb (46),train
Cats/Flea Allergy in Cat/thumb (47)_jpg.rf.XYN1bfW1P7TFLVjApO2o.jpg,5,Cat - Flea Allergy,split_group_17828c10470ac7e09031ba54,d01217e0359173f4a50f8a4939f17b6c1535f0d0014201fb9666f5115590a055,568c2deb728604c60af77eefd119c21cece0dc809aca5add919ea203955a785d,Cats/Flea Allergy in Cat::thumb (47),test
Cats/Flea Allergy in Cat/thumb (48)_jpg.rf.bE0fNvOln8RRWjQzgZsR.jpg,5,Cat - Flea Allergy,split_group_df65c2f0631dcad2e6b6b8c8,f507ddfdb8650d288fba630b3294cd80528e9a57d0b11f906318705c8ea188e6,bb347e291660282042c035cda95f96aafa02845bd5fbca0e40342f25f96f4471,Cats/Flea Allergy in Cat::thumb (48),train
Cats/Flea Allergy in Cat/thumb (5)_jpg.rf.0uG1GVdEF8sb9PBILRrt.jpg,5,Cat - Flea Allergy,split_group_37dfd8968e1dc9a107d2c887,eeeb914d7ca1921a4d045341c3421bc7cf02759819dbc32eb638eb93c5d7bb5f,8eec9f55ef2989bded02709ce637c894d125e30de1237b9a2d4d5284ab5acbb3,Cats/Flea Allergy in Cat::thumb (5),train
Cats/Flea Allergy in Cat/thumb (6)_jpg.rf.qRhZ4jMJnbpuTFgSn836.jpg,5,Cat - Flea Allergy,split_group_fcfc2789ac1efe1c0cd4fbc0,6c99e9cb714bae492ea77906a3a708e683e469caa8b86c0ee09747931f5c23c8,4a980fa27c5da28fec12b99dd27311210392f4f01ff39f12abea4d87129c2eb3,Cats/Flea Allergy in Cat::thumb (6),train
Cats/Flea Allergy in Cat/thumb (7)_jpg.rf.BS2g5mRaKo2UY3Ayx6Rs.jpg,5,Cat - Flea Allergy,split_group_40077338f2cf5aee7c5386fe,25d3e0023320d0400a70de1fe7beb2051b7164d76bab9b3fcc1db7d0b1260cc0,0b9d63745b21288f277aa5e250ce5c24a3f3df84b521631131d53091957968fc,Cats/Flea Allergy in Cat::thumb (7),train
Cats/Flea Allergy in Cat/thumb (8)_jpg.rf.5AfESvXXzh6aow5bURUw.jpg,5,Cat - Flea Allergy,split_group_f30e7c39ecc5bb7b9b00bb43,8285328f1564cf72fa7811d9b0734a1e270ff89a618366be39d1c61f90918188,cb30e55dac042ad08a6cd2d1240eb933f121137db93a3449bcf5059ee3679825,Cats/Flea Allergy in Cat::thumb (8),train
Cats/Flea Allergy in Cat/thumb (9)_jpg.rf.rWDBfbtyixZyXElpgoyO.jpg,5,Cat - Flea Allergy,split_group_2499f7469cbeb55c440d0b42,20c36ce620594da798f6db219d82fc17e8221eddab3437e351f6acd3148df78f,fb92915e571206d8cd20257305a594443836750620841c6ac14c070aeea506f6,Cats/Flea Allergy in Cat::thumb (9),train
Cats/Flea Allergy in Cat/thumb_jpg.rf.w6BR4DxCXMOBFR0jVMCC.jpg,5,Cat - Flea Allergy,split_group_729004ffa1487f5dbb4bc913,1b4469ad7b3b8f482b07ddf9a5707fe91c02717534349718eb4cc8c5c970c765,bee6f68fa13c47dd3e262fee35159f0efcb6a40f3e9d3c10cd16f7cd7f1237b3,Cats/Flea Allergy in Cat::thumb,test
Cats/Ringworm in Cat/1000010551_x16_jpg.rf.ZyP9Sqi53GWyIuTRNc9z.jpg,3,Cat - Ringworm,split_group_423e5e3d8e9e137d79cba894,bb56148b760affbae0085a86791a81584759fadbe0fcb66effb27d1ff3ff9390,101a0ba1f62b51896b84cc24613cc8b919b30d397c48c82a7ce390b07d3bb184,Cats/Ringworm in Cat::1000010551_x16,train
Cats/Ringworm in Cat/1000010607_x4_jpg.rf.TXRsBuYHS19EEvUDAJra.jpg,3,Cat - Ringworm,split_group_9f88ee6e1b503dd8bf55671a,0f254b67ee3c491893a6b08243508c265f22241e85698df83fcd55ae73d9b091,bebb29f3e5e8ae7dbef14b67eb10ecacdc4fc90932b9dac2db57222c6d2f97d8,Cats/Ringworm in Cat::1000010607_x4,train
Cats/Ringworm in Cat/1000010683_x4_jpg.rf.jzipQkaUbNvoW98i6Uff.jpg,3,Cat - Ringworm,split_group_829070db51e597f2bad992ca,fdb616941f85c49ae08dc1262b7a2f4249e72d44fb848607648eb8c5b75ce4ae,76609926b1df80aaf696b223af7f0592feaa763f05b2e119add10db5d40b4962,Cats/Ringworm in Cat::1000010683_x4,train
Cats/Ringworm in Cat/1000010715_x16_jpg.rf.qLXaiC8FNQHmSz2FXZS2.jpg,3,Cat - Ringworm,split_group_7fa575a5df143a07ffded392,9242affc10f9a2b5a2f0eaae9657da764f12dc7e4527eb10dbc41d363d4cda5d,1bdb26c67b54b15bf75fb6967a9e216d6e0c4a4e4258629fd479979671d08861,Cats/Ringworm in Cat::1000010715_x16,train
Cats/Ringworm in Cat/1000010751_x16_jpg.rf.1aEOTjnMpogjbyARM1Mp.jpg,3,Cat - Ringworm,split_group_a8c001c0702e09255404b178,22fe364a88313ca6b31841ff76fe36852505e8319ba03399f43c5f2f5dd61bfa,c62258ecacd36654b8305bfc48c29f608732a50a9b02fcb1535c3b1334c1eb29,Cats/Ringworm in Cat::1000010751_x16,train
Cats/Ringworm in Cat/1000010765_x4_jpg.rf.x1A8yPAFSI6XY7OLj03b.jpg,3,Cat - Ringworm,split_group_7de56359d00096da4ab53672,31c2133c73495c17b24ffd00374ce6bf44292cb3c3e43ccdbaa65f9c2a97a896,fe8dfbf700e9999be4f4d58ce8ba6db4684918a3b2a364fcdf33b3931132afa3,Cats/Ringworm in Cat::1000010765_x4,train
Cats/Ringworm in Cat/135195862_10222884899858522_306512586281914012_n_jpg.rf.Ug14ujLyZFllRbnfRhg2.jpg,3,Cat - Ringworm,split_group_300b62ac94c52f828c287b40,8fe77d2745f1112ba0759c15ee4d9d731031bce6abebc7301225be5c7174aacd,667a9d9202584aa7655ce98507b2c7459331799b4362f85009c076c17908a9fd,Cats/Ringworm in Cat::135195862_10222884899858522_306512586281914012_n,train
Cats/Ringworm in Cat/136166517_10222884899618516_2057480707672426777_n_jpg.rf.b6QhPjRFicdsl6pCOkoK.jpg,3,Cat - Ringworm,split_group_96e4198a9abe358aa36955c1,4c362fbf8b18f816fc367cbf287ba394e7e52eb875eb53586f7e4e0df37072bd,ce78e7e1c0284a85358860c9811924ef3c1777bad40c7d140bf542e96693b3aa,Cats/Ringworm in Cat::136166517_10222884899618516_2057480707672426777_n,test
Cats/Ringworm in Cat/141309628_3721209851319478_6017019068231788383_n_jpg.rf.WGLRc2hOuQ7cXPcgY4Yv.jpg,3,Cat - Ringworm,split_group_b8398faff85c2e2912f8312a,cd65ad0e69f5b2bbe3debf6f2bf741b3d129a9dceec120d13b07c76ed98b36c2,1cac9299c58154ccc7a51bde7c7d6f89e203583d54c99d629b050cc00d797b06,Cats/Ringworm in Cat::141309628_3721209851319478_6017019068231788383_n,train
Cats/Ringworm in Cat/141725846_3721210257986104_5054501378569814826_n_jpg.rf.WuutApdNd0rHNKqWc8yJ.jpg,3,Cat - Ringworm,split_group_a078c674890b9085adcdaf89,59eb7f15bdff0697a80326ee8e3070c2e2e92bd8d0eecc3266c967ba38b1451b,27ca91c09cf61924ab7588390e97f80ae869fd5e76ecc48b6c7a4fc23e955d3f,Cats/Ringworm in Cat::141725846_3721210257986104_5054501378569814826_n,train
Cats/Ringworm in Cat/143729276_10226592176700733_3761005219267467236_n_jpg.rf.O3SMxAcCrnZCKvMdEB8A.jpg,3,Cat - Ringworm,split_group_37075a8d314dde09440ae1c1,459a47374fb4e97d1a2597828b7b43a8e64b74cf9b6b7d1a6169ee9429564699,a4ae7003b68d01d421409deb7948666deac4c74aa75ace28a4d261ada1920f23,Cats/Ringworm in Cat::143729276_10226592176700733_3761005219267467236_n,train
Cats/Ringworm in Cat/143867586_10226592175940714_8038162198825059119_n_jpg.rf.F680JDFOIU9DtIQZccoV.jpg,3,Cat - Ringworm,split_group_6e5eb5f5abec90f22c2c4401,1e24e4f49972d12ff07336115025711e9ecba888c359cb72715cd4527f2f89a1,e2efe8eeb4bafde896cee86c49e34780822b2326fa64ca78d254f3136d8f1487,Cats/Ringworm in Cat::143867586_10226592175940714_8038162198825059119_n,validation
Cats/Ringworm in Cat/144276912_10226592175300698_232677143469954490_n_jpg.rf.Eg6mKk1v7kcrhW6eVKj5.jpg,3,Cat - Ringworm,split_group_91ce4b7bccb0336bed88c07f,eabfc4140223d6add7c1ff6eb1935e319e57fc240787972c60e835752e9e569b,5f723f6fe9ad336d02f166921f4e13e9fb7ef14b7f5beb21652f20b239a3dc72,Cats/Ringworm in Cat::144276912_10226592175300698_232677143469954490_n,train
Cats/Ringworm in Cat/2009-2652-Yegar-M-Canis-Ca_jpg.rf.RIwWdU3Q11WpDPq9QQ9n.jpg,3,Cat - Ringworm,split_group_ec8f6270ddfc3143252ae96c,a928550fa8e128c895ce4dac1a7d1a0b1e651728f5aed4d39fdcff763d88ed08,be1b999c6f10f793b5da64cffbbfa8fcae6483328a7caae6ac90b7a1be5659f4,Cats/Ringworm in Cat::2009-2652-yegar-m-canis-ca,train
Cats/Ringworm in Cat/296327617_10223333354745759_96123069612573010_n_jpg.rf.RVFrm1cgRzLdMrGCKrqA.jpg,3,Cat - Ringworm,split_group_c59cc4a4753a7b3012ba4267,073d25725ebb82fab6e2bca79d9bf42a77c231f1e26999a90972c5b25bae91f7,376a5000852d05c3d6995ec972fe4eaeaa1371c0f0d95573c275404318a3d71b,Cats/Ringworm in Cat::296327617_10223333354745759_96123069612573010_n,validation
Cats/Ringworm in Cat/356256824_859063205821523_8735668290154415751_n_jpg.rf.NDdWS8zsSZiV5rNalxmA.jpg,3,Cat - Ringworm,split_group_08c63a1432f0304ec5b76499,43e6153e21b164a8484d9a861d169e4bd0e83a9a2c19032026b5cf873f5e8f20,1359f74cff179ccec2d14e479f7478bc1b70202f4fed2f7418d53872248c96f5,Cats/Ringworm in Cat::356256824_859063205821523_8735668290154415751_n,validation
Cats/Ringworm in Cat/358069253_983286479531093_1071686392254425794_n_jpg.rf.ZroM5qbdb8D9ZZ7apEfi.jpg,3,Cat - Ringworm,split_group_59558f14b31f40fba7659690,0f55239b1b7cd42cfee1e32e06849acf9dc2ada6f1a2a26a7c1ac90283d40bd6,e311a83d15c9ca1b9ba6ac8b9c663d3dc4df908f9bbfb17f8ba61892049d0b91,Cats/Ringworm in Cat::358069253_983286479531093_1071686392254425794_n,train
Cats/Ringworm in Cat/358143675_983286532864421_9080525795589717087_n_jpg.rf.gdQdrHHo4RmneJV1Z7dw.jpg,3,Cat - Ringworm,split_group_59b5270348d5b151c42e56d4,01def9be621c079f323b838458b768039bc207afdeb1e37ca5a4dac3209fd69d,997ea43f369ae25c49af470012ad6195ceee2ff95f5c749762e0c895782e9e10,Cats/Ringworm in Cat::358143675_983286532864421_9080525795589717087_n,train
Cats/Ringworm in Cat/406444592_357155400224866_7531710924889107367_n_jpg.rf.mUPj3xpY6yh5fqpC08pF.jpg,3,Cat - Ringworm,split_group_f0ea23c659d54618ec747e8e,50ee0ddd5d3aed8fb7012080b0f16226d6253bace24afbaddc510510b39eb612,6e9d2231c2d582ce8f6d0deb89e3e5c8605f6529aa02dbdbb136de306a869b78,Cats/Ringworm in Cat::406444592_357155400224866_7531710924889107367_n,test
Cats/Ringworm in Cat/438910578_10220571452555225_8508184020251308112_n_jpg.rf.plSbIVPZDDnpJ1Wdp8NF.jpg,3,Cat - Ringworm,split_group_16a453e138c2b317fc1512d2,fe6d88db7b072c9063f63f9f776efce5518ff42540d1cf077b9b58944eb3772c,0e69f37d9f92ec7e3d6e9abadbaec1d4b386c7a9ee7582c6f7865f2cbfa3d40c,Cats/Ringworm in Cat::438910578_10220571452555225_8508184020251308112_n,validation
Cats/Ringworm in Cat/62521167_2293314700920873_300162319286009856_n_jpg.rf.fW1XOYhhuWW8QXebpJF5.jpg,3,Cat - Ringworm,split_group_65789e73abdbbf7564933523,8341d020f1f5fcb43668eb02a03559410e6b327583534e259d8a07faa237affc,00ea79679a13a731d24471ca8f4c786098876533f47212701ab2e11f82a296a0,Cats/Ringworm in Cat::62521167_2293314700920873_300162319286009856_n,train
Cats/Ringworm in Cat/Atopic-dermatitis_Dog-chronic-lick-sore-on-leg_DermVets_jpg.rf.nKAzZodgqbjS7EwfP2U1.jpg,3,Cat - Ringworm,split_group_81f31b9b6a0b673a294d8128,db5c9c447f2de29602677ece11c333b74149db6a9d37bd6beba34bbace17acaa,d39e6674fbbf614127672040dd021dd651a5eacbe217705c2f156d5646400db3,Cats/Ringworm in Cat::atopic-dermatitis_dog-chronic-lick-sore-on-leg_dermvets,train
Cats/Ringworm in Cat/CatWithRingworm_gi_1173607703_png.rf.m0zorezPDn2RDkCaB6W5.png,3,Cat - Ringworm,split_group_89a534b26f8845906de16f3d,6b21777d57e6613898d9b100caa6304f991c345aba5e652d0b7476e5e1b72727,63ad889c0eba55d1282e829e32fc796fc38ce05bb806ec3396e66a39c3724069,Cats/Ringworm in Cat::catwithringworm_gi_1173607703,train
Cats/Ringworm in Cat/HOT-SPOT-IN-DOG-HOW-vet-treated-symptom-prevention_-flea-bite-moist-eczema_dog-itching-000148_png_jpg.rf.79bx4xKaEaMOrqSXxG0u.jpg,3,Cat - Ringworm,split_group_2a489c5ba8e30d879ddd9b6c,317dc1d4acb353728db9009c8f11cf2b8afe3e096684319203faaec8e308a633,121565b47280bc49e13daf2df1ece22655d09aaa0cc34d0b4fa24ca9692f5320,Cats/Ringworm in Cat::hot-spot-in-dog-how-vet-treated-symptom-prevention_-flea-bite-moist-eczema_dog-itching-000148_png,test
Cats/Ringworm in Cat/HOT-SPOT-IN-DOG-HOW-vet-treated-symptom-prevention_-flea-bite-moist-eczema_dog-itching-000355_png_jpg.rf.FpkwSJomgisGIT34fpzo.jpg,3,Cat - Ringworm,split_group_bbcd9ef7ecd9a63785d92c7d,71d40442d5c8b25d0e9be6966952490c7bf2e1808399557b620816075f812e46,3cfeb9a85e3bc6e3671e727d14985ed007c975cd48b3c113bd3d30fc4d74af04,Cats/Ringworm in Cat::hot-spot-in-dog-how-vet-treated-symptom-prevention_-flea-bite-moist-eczema_dog-itching-000355_png,train
Cats/Ringworm in Cat/HOT-SPOT-IN-DOG-HOW-vet-treated-symptom-prevention_-flea-bite-moist-eczema_dog-itching-000358_png_jpg.rf.qEPY3N2yJZYJqYNhgmbh.jpg,3,Cat - Ringworm,split_group_6393b5866025903be9502ce0,832f3b0bfeb87075e76dd063155704221867dfa13bc988fdd4d3ba49497fb892,5729b2afc8b5613ff12d585c85158c2391ad0911c59ee8f5a59b77e27548d233,Cats/Ringworm in Cat::hot-spot-in-dog-how-vet-treated-symptom-prevention_-flea-bite-moist-eczema_dog-itching-000358_png,train
Cats/Ringworm in Cat/HOT-SPOT-IN-DOG-HOW-vet-treated-symptom-prevention_-flea-bite-moist-eczema_dog-itching-000359_png_jpg.rf.CfiVXSHB8REdja7YBoTX.jpg,3,Cat - Ringworm,split_group_72e26d2e14df2662df10596b,f1237062c459148fb3d8014f572925fe36ca4a68f41f878091010e051ba1a9e7,b3b7350f4ec4cbe3102c3b10e0a5be0638cfd7b0a3827c84b12583ab44ce3ca5,Cats/Ringworm in Cat::hot-spot-in-dog-how-vet-treated-symptom-prevention_-flea-bite-moist-eczema_dog-itching-000359_png,train
Cats/Ringworm in Cat/HOT-SPOT-IN-DOG-HOW-vet-treated-symptom-prevention_-flea-bite-moist-eczema_dog-itching-000454_png_jpg.rf.ay6wM0sb33WqULUiX5KU.jpg,3,Cat - Ringworm,split_group_d8f54e85013418b670226c68,92e1a8f2fc8956d8b724e46d65bd9f7b17b68a4a02b35187e3520fcc9b9a0664,d90ba758c83a0391d89a9a95a747bfd3f3f49aa8b14e3db0ee24db960c0632ca,Cats/Ringworm in Cat::hot-spot-in-dog-how-vet-treated-symptom-prevention_-flea-bite-moist-eczema_dog-itching-000454_png,train
Cats/Ringworm in Cat/HOT-SPOT-IN-DOG-HOW-vet-treated-symptom-prevention_-flea-bite-moist-eczema_dog-itching-000455_png_jpg.rf.rd7YdGDTeAqgxTEMG6OU.jpg,3,Cat - Ringworm,split_group_bb6c998a71f0115d914d855c,73292b5543cf6215d4f4b9b5a5f5ec0e5f3d1b23d91d9484d21730258571a491,5f8c9bc15935e957dd617d614df11e5a172215c1de096e91ea50d54529dd140c,Cats/Ringworm in Cat::hot-spot-in-dog-how-vet-treated-symptom-prevention_-flea-bite-moist-eczema_dog-itching-000455_png,test
Cats/Ringworm in Cat/Image_1.jpg,3,Cat - Ringworm,split_group_7dbc764d6bef4ae0d5b968e7,cf6a5390a1afa6925b0f958e96b41eefc90b471586ee13b21b1799f5976dbe88,7b1bc33859907f66ff8b8a4fd55160788961689c5e8ed3f2227773de88925851,Cats/Ringworm in Cat::image_1,train
Cats/Ringworm in Cat/Image_10.jpg,3,Cat - Ringworm,split_group_d5d880e0edd92c8194532f24,48419a46baac446c116f992153f94141e50a4e858943faeade55fcae933815bd,2028d9023cc832b19e456d03f874bd1823675cfe39b6f12454acb4f34e4f2c45,Cats/Ringworm in Cat::image_10,validation
Cats/Ringworm in Cat/Image_11-4-_jpg.rf.fGxO99Bc7RLgZEmvtNsm.jpg,3,Cat - Ringworm,split_group_fb6cbcb982a5d5006f878def,124579b977362995b7ba365911f9168ee1bc6da47307dcf2e1fa3467071d704b,1544d6360b51bf70c32aa13aa9bc104464b9e1d5a51a427d2778c1d9aa85f67c,Cats/Ringworm in Cat::image_11-4-,test
Cats/Ringworm in Cat/Image_11.jpg,3,Cat - Ringworm,split_group_de92ca446b19843b38a5b8a4,0d41fbb7c27dc656269a5fffa2c262a2e6fd10bef40d9961a0f7f91e40a6b027,e8a230b8da3e9dc6d575a5158d30038f7ec22dee18cfc2b5e87ca7cc926da1d1,Cats/Ringworm in Cat::image_11,train
Cats/Ringworm in Cat/Image_12-2-_jpg.rf.Vvir75keYgvGOmdrB1AD.jpg,3,Cat - Ringworm,split_group_98b87bb9007848c1200ca91d,e305f2241c73403b350a2b895a16e10f3e251ea79cfce6d92271cb8841d56193,51ff39989777721e4299eee0ae9252f5c8ae9a041e5c34d87a9541e9d2e3c020,Cats/Ringworm in Cat::image_12-2-,test
Cats/Ringworm in Cat/Image_12.jpg,3,Cat - Ringworm,split_group_bd1f05c319333440a68ca2a4,3109ef3176ef96d5b3aa7bc27666474dc7f83a8608072bd93742d012f3a215d8,5cd60380e765843043e607be8cfef0a4c11c6c16edcb9a51aa237b02f87e0681,Cats/Ringworm in Cat::image_12,test
Cats/Ringworm in Cat/Image_13-3-_JPG_jpg.rf.cdn3xCIE69ifpXt2SgmR.jpg,3,Cat - Ringworm,split_group_2cea9ff6f1e00f21937e53f5,d9d589bcb02fe90375026b681612732af40e609fea49cf4f32dd9ae4f85c30d1,8fce7282369a5c4507bd24771795cd96be72640425b9bc74bb4dfd273afd0fd6,Cats/Ringworm in Cat::image_13-3-_jpg,train
Cats/Ringworm in Cat/Image_13.jpg,3,Cat - Ringworm,split_group_4fb0a782f4f9b07a1291b368,95f6a74f9b52224670aca708e38fb62824f62a2ab7821c9566210e73487c68b8,13f0cf023509d970f8c3724404fa9922ff1eef7569f4b65ef1471a61d58f694e,Cats/Ringworm in Cat::image_13,train
Cats/Ringworm in Cat/Image_14-2-_jpg.rf.poNi2mYl8HxFihPKvHCH.jpg,3,Cat - Ringworm,split_group_0bae46d1ebdaebb2e32d0a77,bdaf03a0073845473e1c632aebc8515d872682d5543f57b2cb005de43400268e,b3db66f32f7c16c0b6f98168c5142b0319b2b39b1c819bdb1db56441395bc8bd,Cats/Ringworm in Cat::image_14-2-,train
Cats/Ringworm in Cat/Image_14.jpg,3,Cat - Ringworm,split_group_7ee1df490907199f2988e583,70799d0f7911f6be2aa38b7e070c2724411bf0e7d1c3b95961c91e06c824da9f,5cf7cd3c32279d08907943eed60f36a6a60dd13f27d36fe9fa3b6b27fdb9a857,Cats/Ringworm in Cat::image_14,validation
Cats/Ringworm in Cat/Image_15.jpg,3,Cat - Ringworm,split_group_1b007b9ef36d17b08963eebc,93dd2e11ceb574da23a6361150c90610f6e7d86654aaeb03541f62b96fed508f,4eb20b34ec58ff3084dd7478e29eb2985f900817af41c76d94a7e188df47b465,Cats/Ringworm in Cat::image_15,train
Cats/Ringworm in Cat/Image_16.jpg,3,Cat - Ringworm,split_group_000ad58eb029894151823302,45a5eb9bf6dad62c7ed3ad1a3a4e364b49b05da1d341e5de8da46355f7cbba29,d41147c8691f1ce3fa97f02d0e4fa0d1e2b2993afc3c41463dc9615429d80f3b,Cats/Ringworm in Cat::image_16,train
Cats/Ringworm in Cat/Image_17.png,3,Cat - Ringworm,split_group_c46082e201f84820e101c8c6,bbd2a508c85c16d32e17a292364ed8ae5a3101ee81b91618d486ac7031939aa2,2f76ca9328d46c82bc8810a69c304dbc2dd9e563d5e7ed16be8feac9a5ba5d17,Cats/Ringworm in Cat::image_17,validation
Cats/Ringworm in Cat/Image_18.jpg,3,Cat - Ringworm,split_group_45b63f01f44018f51c00514c,bb72bb1e71c1c72152a1ce8a69f07508a34ae1cd3d3d5adb626645be57398dfa,35af62f4c03c28f0d8252acd5bce98389d9d41671ec59418357705e8e2001870,Cats/Ringworm in Cat::image_18,train
Cats/Ringworm in Cat/Image_19.jpg,3,Cat - Ringworm,split_group_2ada7d1955d79a9fefe2f6c6,7ceb7379c195791155dc042207f4140eff3cf35062d9f4d9279fa89494eb4e03,a3a7ccef77cea91a78540dc9340355cf95a5dbb3ba76e3923003a6b930877fae,Cats/Ringworm in Cat::image_19,train
Cats/Ringworm in Cat/Image_2-2-_jpg.rf.eVHRgYPVrMBO86Pll7UB.jpg,3,Cat - Ringworm,split_group_53f10983357b4fe76a001fc9,23692486461080384debae9af7bfad8fc2c5cc09d3dc0c30ffe39835042738cd,652abfd20fc7be2bc0c3b41edcf84d4067f55e26225070487d22fd83fdb4662a,Cats/Ringworm in Cat::image_2-2-,train
Cats/Ringworm in Cat/Image_2.jpg,3,Cat - Ringworm,split_group_0ece8604f2ccc8afef96634f,350a9e70ff907c8d31159963f24cea1e42e2b2a8880101fd144dcb7696afc615,c1892fba1878d91775e3987a8b9fcb07ab4b7c48e63bce465d21c6a102edfd67,Cats/Ringworm in Cat::image_2,validation
Cats/Ringworm in Cat/Image_20-2-_jpg.rf.StRixXVMHuORoDLs5NLn.jpg,3,Cat - Ringworm,split_group_8bb48b44db10189171ab632d,6b8c5fcde029250068139344df6f4a0e3c2f276f40945363b74769b6adf9c893,d41fed3a348c807528486fddf0b1af7b302eb48b12e0f31158e2bd1ff23aa57b,Cats/Ringworm in Cat::image_20-2-,train
Cats/Ringworm in Cat/Image_20-3-_jpg.rf.3ViNiMBO8WjrK2pyFaRB.jpg,3,Cat - Ringworm,split_group_6997b31bdc538ab2dc4ad128,663ea280d6fd87c7610d2023e70f2b6f07c1afddf1e99ddc1f60d50e696cbb33,6f070bfab7b6f32b01a89e954059f1975b12876dbbfae21e6ec0ac50f29eeb5c,Cats/Ringworm in Cat::image_20-3-,train
Cats/Ringworm in Cat/Image_20-6-_jpg.rf.wTPeSqOEYvuhPwcXm9Bx.jpg,3,Cat - Ringworm,split_group_22d987008fd22d7af59234f3,09dd7284f4d090c350b2b3546482e7e59b9d91727642c07f5e2330b1766a4a07,1354878cc2d6b5316847cb0ebca29196cd4c31675decb16e5cd02f252f841315,Cats/Ringworm in Cat::image_20-6-,test
Cats/Ringworm in Cat/Image_20.jpg,3,Cat - Ringworm,split_group_c7b7cdedf66167b0743bfd56,ce28a0ecf5a3a52ab36b9a54c986990cda952c7cbbd9ad8f38f33faac49afd6b,b090a80ad2b5f338b50a1fdb952d105b0b74060e75380ec1bbad759c9321faf4,Cats/Ringworm in Cat::image_20,train
Cats/Ringworm in Cat/Image_21.png,3,Cat - Ringworm,split_group_b2a210970a05fd6f5e9a0373,1fa781069be29018bec05fed521f51693b5850d141794ab7dfa9b451b8f2c716,d3950237c9945b652d9965b57aefdbe3e26b86eb754e3adc064cf2a55dade2be,Cats/Ringworm in Cat::image_21,train
Cats/Ringworm in Cat/Image_22.jpg,3,Cat - Ringworm,split_group_798a1a377b71fd131c7ecf8a,958484c33a72e94d5bac2477cea6f762a38e8cc2fdc782f97e6c0feeb0c709f4,58c0c065c63fc78c0a25ad21137f7cd9aea4dbf0b9e69166d4e7cbace0fe8439,Cats/Ringworm in Cat::image_22,train
Cats/Ringworm in Cat/Image_24.jpg,3,Cat - Ringworm,split_group_2cb9aebcb135ba7043748ffe,34bc7fcd707c2a3e12a98fbf7b2544c0f399f1e2fe9c38b6d78c5da2a711f1f6,57e00f174d49d27bf16f08d666d0f9b1ad8f5e4a8eabcc6ea945e99faf1846ef,Cats/Ringworm in Cat::image_24,validation
Cats/Ringworm in Cat/Image_25.jpg,3,Cat - Ringworm,split_group_df74afd868acf2286bbca3c1,92aecb9033c2b1d25d2230dfb84b03811deec5ac87bb5a162061905ff38a56db,4f8aabfaa7af4e5ef7518fd0799aaf7bea0e474ebfaecba26ac57ea54c08a381,Cats/Ringworm in Cat::image_25,test
Cats/Ringworm in Cat/Image_26.jpg,3,Cat - Ringworm,split_group_c43e46b1414c65c5ea5093d8,840043d31b73961ea08ecd036ce997e3ef966f7278e4b6a78f3d1e9393814f51,727f270f3dba72b7532a86c06f62849a23449c50988a8427078a860da9edbd64,Cats/Ringworm in Cat::image_26,train
Cats/Ringworm in Cat/Image_27.jpg,3,Cat - Ringworm,split_group_267981aa19a8d55ef05b5abc,8e4cf53903408bea804b32761edcb05e1a8025d30bb376bdfe8f60ef23a7427e,42a56329f7d818db7884c26562ec25120fe5b59c53dc0968631074025ccd8bed,Cats/Ringworm in Cat::image_27,train
Cats/Ringworm in Cat/Image_28.jpg,3,Cat - Ringworm,split_group_53d365710b9d76819fe52665,087c90734677e0a1042cc03c00f337d127672711f7c2730bd3e874387db85a6b,567851b94e74e7c38694f4a1fe6ce298d53f913a5230336190235ab1e719d682,Cats/Ringworm in Cat::image_28,train
Cats/Ringworm in Cat/Image_29-2-_jpg.rf.pXE8SwecffCIzGS7XLtk.jpg,3,Cat - Ringworm,split_group_e62d3d323427636bcbc55f05,0e25413bfe9eefb9064c6edb473ae9205e02f6ec9881bfdd29578797da30cad9,5d26876c5c9a7f90e192fd240b11d646fbb84c7ad013f172f65a50cdba0329d1,Cats/Ringworm in Cat::image_29-2-,train
Cats/Ringworm in Cat/Image_29.jpg,3,Cat - Ringworm,split_group_fa0ec9da4a924341b973d416,500bdcc9bed77da2d71b7f111b01e71fcb6f558f029e0491c6bfce9094454e39,edfa0c9934ad828e06765aea99a505df933f8022b835bff972999111cb525d26,Cats/Ringworm in Cat::image_29,test
Cats/Ringworm in Cat/Image_3.jpg,3,Cat - Ringworm,split_group_15ff4b3f59053987a3aa0611,d6725f397ac5c95e5f844c419eb7d3e5182465149b91137a07b8c33ddac81635,c6b97c41f13a9eed7afcb9ad1eeb82a36cb2d633a75b221463474b27fcf9daa2,Cats/Ringworm in Cat::image_3,train
Cats/Ringworm in Cat/Image_31.jpg,3,Cat - Ringworm,split_group_4c4738ffa027a1564eb0ebe9,1dcdebd098429164eca16184459802b6fd13ced990de2bfa33f1030fd5a8edd3,bba10d3e00af650e0a6439bf94364ae04f90a7835183dbf78a090d9ddb2bfb0b,Cats/Ringworm in Cat::image_31,train
Cats/Ringworm in Cat/Image_32-2-_jpg.rf.NHuCjQw64hMAMqOrVYkn.jpg,3,Cat - Ringworm,split_group_d4ac60d891831e2618f43673,16a705b91554c606a855f6a637259698d31d0f8d379d6128d8fafcca468320d7,049fe653af07f33bfa5c92985693b43190ca05c2d0a18c8944616734171ac1f2,Cats/Ringworm in Cat::image_32-2-,train
Cats/Ringworm in Cat/Image_32.jpg,3,Cat - Ringworm,split_group_a4493cc7881ef83dd36a63f0,a4df50607914d9affc9abb7b953929dbb45622e20a9fdcfe2faf7c09061d7197,1cbfa889bdb4c5e3cf424f088a0b4e6685e586a9f50f6ce636a4797b54e5f613,Cats/Ringworm in Cat::image_32,validation
Cats/Ringworm in Cat/Image_33.jpg,3,Cat - Ringworm,split_group_b9e9f9f5669056b57e4f52fd,eeef171adcf1eb79341952b1d822ddc700c8861f97b40a85532b551059e9943e,4120f737360d883adaf0dc4652604e8d2dd4e83f4c892c13b3f3f052aeef2a3b,Cats/Ringworm in Cat::image_33,train
Cats/Ringworm in Cat/Image_34_jpg.rf.OOAF41kIx55tSA5Zz2h0.jpg,3,Cat - Ringworm,split_group_ccf183205da0374bfedc52b5,fce5d90858b0347ad4df83eec7ded0238c792d50078342a9bf4bf4adeb98c6d0,aac6abf2fa431552530824d51312c52925aa674adeb570d9ca225728a4b36790,Cats/Ringworm in Cat::image_34,train
Cats/Ringworm in Cat/Image_35-2-_jpg.rf.TZz4tQFBt0vCox4srG6h.jpg,3,Cat - Ringworm,split_group_c8592921922bd19d69245dc3,b18bed46f364f34c46e4eca9ef01d42dfcffeeafbf0c8202cebe76cc4ebf174c,b0cd158b0933ceaaa8c215e9d54ab178636f32ddbca61560002aec6aff5497ca,Cats/Ringworm in Cat::image_35-2-,test
Cats/Ringworm in Cat/Image_35_jpg.rf.qDBg53JOeRGEdEqXUKF1.jpg,3,Cat - Ringworm,split_group_6e6ade8d0b9b90be0390bedc,f0dc1a3b06dccecb2c6adab9d3bf76fa9cff969e4ea299044f9ff95c6cd6d63b,97554c1cf806dd58c725cc613b68b893baf3cb6a794c39fabd1f67b939724224,Cats/Ringworm in Cat::image_35,train
Cats/Ringworm in Cat/Image_36.jpg,3,Cat - Ringworm,split_group_b8a6ab518391170cec44a309,e79b4a445db6f95146bac40ba7a75a013749ecd542f792a7a45af0ac21eac727,718002787b44fa3b7cc23a4ce2163da430599c098180ddc31a376179c8319f40,Cats/Ringworm in Cat::image_36,train
Cats/Ringworm in Cat/Image_37.jpg,3,Cat - Ringworm,split_group_de4e12a96ef4a4eef31d0d05,5dc8c964352c9459a5240a8f2e99d2e78bd6561a4c866cbcfdea55aabc056a45,cd9b5de8d3d5d3a242bf96079868bb29a4f086acf5661f358c03e444a4679459,Cats/Ringworm in Cat::image_37,train
Cats/Ringworm in Cat/Image_4.jpg,3,Cat - Ringworm,split_group_766aa4e3f5ab1a6ee0af875b,082eab1f7a40ad68ce93dc039831240f741a928a552c440fc4ec2016f58b0168,dc3a689bf73fc9d294ed2f24cebd19e7f69b1809932e61e048e4910e71a10b76,Cats/Ringworm in Cat::image_4,train
Cats/Ringworm in Cat/Image_40.jpeg,3,Cat - Ringworm,split_group_2afc425de7e30660a0ee37c5,b4c8aa8018d94950412fbb24ff09f2a44aa5273ab9cdcf4ec557e528c48c0e0f,0ba7d1369dfcc3467147ed981d0ac97d5ee003ceaa4a811b31c9c1e8e849f84a,Cats/Ringworm in Cat::image_40,train
Cats/Ringworm in Cat/Image_42-3-_jpg.rf.v1qbs6RrLpvCMwOGNv53.jpg,3,Cat - Ringworm,split_group_3e1c35220aaafe2c2a410148,2537cbf0fd2639876ee2e5e05f43ed85e9609ce8eddea614d321b61dcc734b0d,e315bb0b8695cb65664a8f0c68327faf0b4a5b073a34a586fbb881b1563cd276,Cats/Ringworm in Cat::image_42-3-,test
Cats/Ringworm in Cat/Image_42.jpg,3,Cat - Ringworm,split_group_766aa4e3f5ab1a6ee0af875b,860d2143f37cdacf282ee9c2c79967c312bd2846b3ce1d6912b28b8195c8f8b9,db0a95e473962d8068aa58cde62bc24e68a916c247ace8437d2b364205e009c4,Cats/Ringworm in Cat::image_42,train
Cats/Ringworm in Cat/Image_44.jpg,3,Cat - Ringworm,split_group_97b788afe5fd640a0a2f792e,b2b284c73542fe3c116b26ff578eba5e7d5662a49b98ed8db06b382b639adbc2,2c6d59ffed5b4f44ef2ff4f379bdc5130eb3844345fe9a39fda905c71a9933d0,Cats/Ringworm in Cat::image_44,validation
Cats/Ringworm in Cat/Image_45.jpg,3,Cat - Ringworm,split_group_e921bcdd5bc9e10fa7895f00,99fec26359c82901e471fc51cb5e78153766b63cf04fd334b6b34e7a43e0819c,a1fb44e52e82bc1547f7df543ac7b924fb576ff7783ada0a340030eeb83752e5,Cats/Ringworm in Cat::image_45,train
Cats/Ringworm in Cat/Image_46.jpg,3,Cat - Ringworm,split_group_12a04d387e7f9ff3dcd50167,33295f8050a1574fe0ddc102ce6585d02e692246ff9a33f0eb443599e2831dc5,b8e5d979a2bb7a78d2a16871346b3db4a4e290042e68991b6e5fbee0f5b3df5e,Cats/Ringworm in Cat::image_46,train
Cats/Ringworm in Cat/Image_46.png,3,Cat - Ringworm,split_group_d5d880e0edd92c8194532f24,4f2533534889e6ee7fc9ef9c1f3b851ba9711e420c52adbb9862f5c6faf41782,fa9bdf4cad0d2783b1279e0827c4aa1b4795388b08a099fd625f17e8a92c2b55,Cats/Ringworm in Cat::image_46,validation
Cats/Ringworm in Cat/Image_47-4-_jpg.rf.GWwyCrRxzX8dX19kTfcL.jpg,3,Cat - Ringworm,split_group_ccdefb35ad03f895bbcaa842,04b326ad99f61475ef3cc52d4896a7335f856b8b1e09de4757ef17a6ccc23e40,49a31a77c9bb3fa1bd0b4c7b0701f48631d6b76a80b24ebfa14805e31cdbf8c1,Cats/Ringworm in Cat::image_47-4-,train
Cats/Ringworm in Cat/Image_5-3-_jpg.rf.yHy3rRlYYRWKzMAxEMkN.jpg,3,Cat - Ringworm,split_group_5d8ed3fce221237efe2a7c17,4788ac52ac5d29637e6094ecc472ceb595089b67747c9f79b320ba3c7e9d28f8,b3b2c6775b81e708171ed9b3e6356765fc2659fab87a3398a8ce9362ed57fc45,Cats/Ringworm in Cat::image_5-3-,train
Cats/Ringworm in Cat/Image_5.jpg,3,Cat - Ringworm,split_group_ee9750bfff978e911ddedade,1f119606df9943309c38e38cb04f21b3e590898e03e49005c18443fb9e6dfbb8,535a34ebc2cc24074984acf78c5ab7cea575e0a65bdfb994985aaa228a01021a,Cats/Ringworm in Cat::image_5,train
Cats/Ringworm in Cat/Image_50.jpg,3,Cat - Ringworm,split_group_fabc68ef7fc0f18cd7fe1626,04b9a00f233fec24a62248597e4b105190f3e6d2f61c2610093f95b7d686114f,b6859a380a597a3eee61012955071f016afba688f685aa79a3c6deda33708926,Cats/Ringworm in Cat::image_50,train
Cats/Ringworm in Cat/Image_51.jpg,3,Cat - Ringworm,split_group_0b77f06f3603ddf8c17b2d76,4deb7be1527cf35cda7d799fc1f5258e9a1a56203d8e21634835e8b3f31623bb,18022b2f7b17827dcd4fd8ccbd0f8630d2b2c28b10346172e8d192d84bae2642,Cats/Ringworm in Cat::image_51,train
Cats/Ringworm in Cat/Image_53.jpg,3,Cat - Ringworm,split_group_72478864bc96b0f32428ba37,ede8bcfc7939c689c79c5973dc666b07b6a613855d83a11378dc7754ba15578a,f5530cef0dcc335dcb931ad8f7ccf85787dcc25cd03e14bd8410695de6dba780,Cats/Ringworm in Cat::image_53,train
Cats/Ringworm in Cat/Image_54_jpg.rf.akcOrZiIYvVW5tveTJBa.jpg,3,Cat - Ringworm,split_group_751c12808c003151c20a9917,f2c42c73b412c769ad50af4bf4fc520c3fa8cea160839d089978132b6d0bec72,6a46c74d6968e3160d1112ca232f4c27d9cbb3bd414b86fb61c111763e4d37aa,Cats/Ringworm in Cat::image_54,train
Cats/Ringworm in Cat/Image_55-2-_jpg.rf.r3tUybFlHwIBZftGtH9d.jpg,3,Cat - Ringworm,split_group_8ac88deccd913105c79b67cb,cae171f632198719ebe9429e342b4a973961239ce0ffe1741f6f5c03e88b1340,e689d1dbbf7b9e67924ea6b3cf1b17ebe2e38b900e9cd1c13256744ca53ec561,Cats/Ringworm in Cat::image_55-2-,test
Cats/Ringworm in Cat/Image_56-2-_JPG_jpg.rf.tpW0a0KqFT3D5YkTK9ec.jpg,3,Cat - Ringworm,split_group_a1f5168beb5902b31f2f2ecc,a2c51cdd856a7ca565e4519eb34c740816f7e7095a48aae22c646e3331ca0fba,66a818c1154dbec3bbde8f8a0888cdc8afbb360cbf8865ba65ff4a703ab8ae17,Cats/Ringworm in Cat::image_56-2-_jpg,train
Cats/Ringworm in Cat/Image_56.png,3,Cat - Ringworm,split_group_4b5421d7b63367c5a72c1ce3,7d0e9486503ab3497f3d665e6dab29f7909d8ef198500fde5bbbd820c16659a1,42ce94d85e411611e337eaae656fed62f03273e3db413aca8dbb0954afbb07bd,Cats/Ringworm in Cat::image_56,train
Cats/Ringworm in Cat/Image_57.jpg,3,Cat - Ringworm,split_group_9484c4b5db6352155dbb802d,edae2201df93a387939771396b210fef5074dd97c270499f822c420f6fa84155,e9a2f5e62468f383b827f3715f845eff7d511c47075dec47e414189cbb8009dd,Cats/Ringworm in Cat::image_57,validation
Cats/Ringworm in Cat/Image_58.jpg,3,Cat - Ringworm,split_group_1e35c1984b255660f514aead,4a4e89dd9047db092fc6d779b14563bfb8f45039ba3334bb5db15614880b852f,6b9ff9c94ca2e639e9d8090d0bc15688909ff53e2b5d6f909c5c1cfc39b5b8e4,Cats/Ringworm in Cat::image_58,train
Cats/Ringworm in Cat/Image_59.jpg,3,Cat - Ringworm,split_group_cf7574be6a5e88cfa2f5ce94,6712b16f30335be96181b528de8ee527b6b3466c79aff8b22d24c2c6d66d2c4f,1cece38cdd02e2a25d459105e468e5c226e3927b35592f9604a0900bac1433ba,Cats/Ringworm in Cat::image_59,train
Cats/Ringworm in Cat/Image_6.jpg,3,Cat - Ringworm,split_group_cf7574be6a5e88cfa2f5ce94,719716e0b01979ff9db672197f345d58c8dfcb9fc1a7a72c654bcc5832952ef6,ef98f72c39e2a6269d9c7cd715d52c1cc26e080349e5d3dce631e19de14981b9,Cats/Ringworm in Cat::image_6,train
Cats/Ringworm in Cat/Image_60-2-_jpg.rf.SALpU6oszldSQstg3MbW.jpg,3,Cat - Ringworm,split_group_aeb802c3f4111094998e5af8,5548dfe8a050555ec4b6dbdb764875d74c9e713e7090de3bc79614f2ff29e7d4,324ab3668bb1da384b22e6cb84b62a1801eef278935505699b57910888d96ce6,Cats/Ringworm in Cat::image_60-2-,train
Cats/Ringworm in Cat/Image_61.jpg,3,Cat - Ringworm,split_group_cf7574be6a5e88cfa2f5ce94,ddebae75831def0abbbddd89d4e87d9f869ab13172a5ebe38d7b58f31dd2b26e,ab773731928bf279bb54b235265260270c75d11d6736d24a471ea884c1ce9806,Cats/Ringworm in Cat::image_61,train
Cats/Ringworm in Cat/Image_62_jpg.rf.A8jsShadqXqzVmefMFgl.jpg,3,Cat - Ringworm,split_group_751c12808c003151c20a9917,7b3d938a9baaa83dd07d7bea28bf29e0ad098873743084d2f822637bd5d8a188,9a4d4413276eb4979b46fedc9910f797da258eb605c8bb8fa4d4952e53602a7e,Cats/Ringworm in Cat::image_62,train
Cats/Ringworm in Cat/Image_63.jpg,3,Cat - Ringworm,split_group_58d040cc12fd0def3a7cd64c,33b48f6bc9bba4a032ccdb437715e61bf4136a5beb0d5e57a0f3509aedeea77d,cb825eb18460ec18bb66b795e7dc5db2d68fe7495abe00b2e77238a25464885e,Cats/Ringworm in Cat::image_63,train
Cats/Ringworm in Cat/Image_69.jpg,3,Cat - Ringworm,split_group_6f64377706fef8ceb114de19,fc088a27bf0326fdf47840bb5e3ea849e4f65c4598b7281e7a3096b20745c5a1,e12fb9d5f432f9e42d9f99ad9b28f1b71fe1113218eec25bf9a50f71ea3d6e8e,Cats/Ringworm in Cat::image_69,train
Cats/Ringworm in Cat/Image_7.jpg,3,Cat - Ringworm,split_group_41ef9d3f578e31b7942c0447,ecc3d3f2e0e71e0bb9d7a464d3ad622d930a46a24f6143a84b3822274a7d977c,6bb9a58388bf0a6772c42001387ef0458d7e0913e829719f79908b587c0519d9,Cats/Ringworm in Cat::image_7,train
Cats/Ringworm in Cat/Image_71-3-_jpg.rf.QNNncabL8a0ZXCp9yGkZ.jpg,3,Cat - Ringworm,split_group_9a3f610d151b7122ac806437,1b427fc25700c5b839785300b401718eb035541ce7271e2e439d7ace1f6806d1,4e31cb27f7bb39cf60fd30e807eaaaac778a0fa5642a373de54aad803ce34e04,Cats/Ringworm in Cat::image_71-3-,train
Cats/Ringworm in Cat/Image_72-3-_jpg.rf.SGuh89I6dpgufz89Kizj.jpg,3,Cat - Ringworm,split_group_189ee9548be3c0b7db43bbad,5854deabdb7bc44b7e6bbbb9282798b765c1e36b4cb1fb075e24aa2c6c947b54,ca7dd06c97f0629db4e19bcf5b9b0fbed159725621140e28e67621b2b8bc161e,Cats/Ringworm in Cat::image_72-3-,test
Cats/Ringworm in Cat/Image_73.jpg,3,Cat - Ringworm,split_group_399e17f3843b4dc10f61baec,d8a2f1bbc536f391d58f98963e8fa12105ad1ced043f9072050d1b361b0df57a,3c72e5fe2128f00658f00999a328391f8df0bb231d35d010af387af99c4d9f6b,Cats/Ringworm in Cat::image_73,train
Cats/Ringworm in Cat/Image_76.jpg,3,Cat - Ringworm,split_group_2cb9aebcb135ba7043748ffe,610e213dc0bc18d1f310dd7cfddea677aaf635978d526422d6eba10b8e981d22,2889f7f4773202f08452df6f867cd322854209762fcba240491b4724d9f65fb5,Cats/Ringworm in Cat::image_76,validation
Cats/Ringworm in Cat/Image_8.jpg,3,Cat - Ringworm,split_group_eb5c6efa666e7d7a85dfeea7,db18d3aefcfb171c19e6d7e5540984f85e2bf9941f4b80a3381d68b1a4e131f8,c5db1a4c012b2d8c6a4145664e2be2c6311c7bb37f7ecbde1bcac5caef9ddba4,Cats/Ringworm in Cat::image_8,train
Cats/Ringworm in Cat/Image_80_jpg.rf.VapK1J1W9FUNChgCFiQm.jpg,3,Cat - Ringworm,split_group_78f5bf2a67adeca7ff9d9cf6,56f0e875be32041a38a7e801cca4b766da60eaed59064e3c78ca9b9372ebbdbe,f3e6931e68f59d29e35e3947c18121229e97cdc8e78146186126657a3fc683c8,Cats/Ringworm in Cat::image_80,test
Cats/Ringworm in Cat/Image_9.jpg,3,Cat - Ringworm,split_group_c6f46669317a72305f8168d2,41c4efbfc3e7093093633b6c9f7bb650d33581e576147dbc5c9437f0160f37a9,b813662249496f704e73e4e05b75edbc1dd8f53e1aa0f893e41fd5559205da06,Cats/Ringworm in Cat::image_9,test
Cats/Ringworm in Cat/Image_94.jpg,3,Cat - Ringworm,split_group_596f23b68ff785c862774aa7,9318f28f0fa25382efba6847f30c2e26dbc35d712a83f3ddf827a645e55b662e,609a4121e41096c4d27f1d3dc272e342c98ebe3fdad7f5fdfe71acaafe147fdd,Cats/Ringworm in Cat::image_94,validation
Cats/Ringworm in Cat/Image_97_jpg.rf.iCIP7SD318io2LigdMYk.jpg,3,Cat - Ringworm,split_group_3bba4771e45865d236120bd8,a67d6d18f0b4ff9b2d2d032bbfeadfba1d34e071992fefaea7ce5cb919698a36,bbc3cea2490e06fd54687ac7c094b34ef5433787f5a354d868fa6a1a7671674b,Cats/Ringworm in Cat::image_97,train
Cats/Ringworm in Cat/Image_99.jpg,3,Cat - Ringworm,split_group_446132b21b5a8d57bd5b5e2f,e3949550742287d17f729314369879115c169911322f0aecf65c19230596606b,7692d734b7d6d708599029bb43348c623390ebb7aa9c36fba4dd3103ff8b7d44,Cats/Ringworm in Cat::image_99,train
Cats/Ringworm in Cat/Lick_granuloma_1_jpg.rf.WdkPUdlHEzOmUGHBoImr.jpg,3,Cat - Ringworm,split_group_6522f4b6037a01b29fcfbe14,99bd4b56be0cf27360337c05c35bc35ac6940440040b074dd89c49007e2ea6c3,0af000e367a9b170f72148b0bee6df12490db9f0b5ab12fae016a74afc8589bd,Cats/Ringworm in Cat::lick_granuloma_1,train
Cats/Ringworm in Cat/May-is-allergy-awareness-month-here-at-The-Shot-Spot_01552_jpg.rf.vqq6PrmBDwGCGjG7Gnpj.jpg,3,Cat - Ringworm,split_group_7d5636be960388b07e23c9f7,03cfeff6e4070e453073d69a30e046ec4eee39f0a6d7991b2c79a54ae6c57fae,35b7235cd83603af76b9942cf5d6dbb1d9794177c3b704fa2dfab07d770497dd,Cats/Ringworm in Cat::may-is-allergy-awareness-month-here-at-the-shot-spot_01552,train
Cats/Ringworm in Cat/May-is-allergy-awareness-month-here-at-The-Shot-Spot_01561_jpg.rf.tk63rVImJQ0HyoOAryAG.jpg,3,Cat - Ringworm,split_group_ba4812a6e1d31e59141917c7,07fcf85de543b0ac94ba7524324e9d0dc0cb0a04bb779614c6430d8208562de5,73f05f0a61ef9f7d46eedffce2ed8042bf2eeb888985d19f134847a26f34872b,Cats/Ringworm in Cat::may-is-allergy-awareness-month-here-at-the-shot-spot_01561,train
Cats/Ringworm in Cat/May-is-allergy-awareness-month-here-at-The-Shot-Spot_02797_jpg.rf.oyCcDemcc838eCrfZcBh.jpg,3,Cat - Ringworm,split_group_aed1dd6288db1c49b6362140,d33d687b4b75ea1c7f9dfebaa0a42e7f15b69b8961608f4bd92599cde71e78e2,b38f924a0f8f0aeacde0480f1f6d53a0454a65e117dc835934ba47052b618010,Cats/Ringworm in Cat::may-is-allergy-awareness-month-here-at-the-shot-spot_02797,validation
Cats/Ringworm in Cat/OIP-8-_x16_jpg.rf.8lDcECgdSTY1s5UTbmUV.jpg,3,Cat - Ringworm,split_group_c4ead6c2b95c4fa117f0effc,df6d6d693a7d36dd7e10d430f106739a8b7405eccc93f6939b2cd5f503d65bab,389acf47093ee655d83054c38b6a003132425e7a94bab0181aff77bf1ef862e2,Cats/Ringworm in Cat::oip-8-_x16,test
Cats/Ringworm in Cat/Owners-usually-don-t-get-a-good-vote-of-just-how-big-hotspots_00349_jpg.rf.8viemwqanSCJw8XryzXy.jpg,3,Cat - Ringworm,split_group_f20370e031e6f66460d44cf2,5f0df4df700ba1a8d87540de08436089454a5744e1418f70b08b8483bf9e9aef,0f67cb45dc868c526dd73b8b27450e666e21a4ce9c70fe7c784f70d02b9c6ddf,Cats/Ringworm in Cat::owners-usually-don-t-get-a-good-vote-of-just-how-big-hotspots_00349,train
Cats/Ringworm in Cat/Ringworm-in-Cats-Treatments-and-Symptoms-5_jpg.rf.apW30tk6PQMB4Q3IhnKj.jpg,3,Cat - Ringworm,split_group_a0d8e3757370a826d1da7fc6,627046928a25c8ccb98eabcd10e5d00579c6290a5f444db4ca5d032ccf5f7b3e,3973f8a2ddf3dcbadaaa9142afb52f617d62b682c6adeb522dfce7ba36d0e447,Cats/Ringworm in Cat::ringworm-in-cats-treatments-and-symptoms-5,test
Cats/Ringworm in Cat/Ringworm-lesion-in-cat_Yaya-photos_Shutterstock-jpg_webp.rf.9oDW77ieDwgXVk77UNbR.webp,3,Cat - Ringworm,split_group_fcd04ec9ab5a6621784369be,67a1b2e69ee9009f6c60b0dc9af38b7d75acf68b194506118d713ead56455d30,b42a1db172e2abbcf613c55e2b4bbeaa739621bd351e05049e987d1ee4e14950,Cats/Ringworm in Cat::ringworm-lesion-in-cat_yaya-photos_shutterstock-jpg,train
Cats/Ringworm in Cat/Screenshot 2024-11-16 181028_png.rf.nc3ShP156AAy6lW2TNPS.png,3,Cat - Ringworm,split_group_f96d0e3daf8b1a6cb1af90fb,acbc7302295f8c1ce5f19bf9f9cd52a53a39cbb2573e8ce1ba955158b53b79f3,f153c90e0b7b178e157a42caafa563596796afcf3eafa74c7e73e4528e744096,Cats/Ringworm in Cat::screenshot 2024-11-16 181028,train
Cats/Ringworm in Cat/Screenshot 2024-11-16 181047_png.rf.VY1dKsBS37VIH9J82qPS.png,3,Cat - Ringworm,split_group_4190b9f9b228959f78e33113,d6875313d69fde8393cfc7f1c79883589ab4fd388bbfde4ade518eaad7b1cf3c,ec5623daf6dc72c58c900b8c561a111c95af61c3a2bbf1f3dffb16102450b8b7,Cats/Ringworm in Cat::screenshot 2024-11-16 181047,validation
Cats/Ringworm in Cat/Screenshot 2024-11-16 181130_png.rf.Su5mUeW1H3TkU07oAlCZ.png,3,Cat - Ringworm,split_group_12cd03fd0254ab1cb1d1003b,e4a7672c6dfa739d953c8dab3de6f10ead63c9a793af09f6c038ed4f8f26140e,0c2a0271aa52a70f5fa5a0ae5e2e58a84ab741f3281e6d57619e5de0a312c252,Cats/Ringworm in Cat::screenshot 2024-11-16 181130,train
Cats/Ringworm in Cat/Screenshot 2024-11-16 181434_png.rf.MaFiRac4icRoqF353zNt.png,3,Cat - Ringworm,split_group_a3f9638565e74f099ed13347,3dcbf38000e4e4333cadd2cd0452ff668b492c8317da258ae43daddeb05596a8,5912df3049e96046c5fb6f5e3aa2a898573c19d93f9dcedc40278bd5cbf9e386,Cats/Ringworm in Cat::screenshot 2024-11-16 181434,train
Cats/Ringworm in Cat/Screenshot 2024-11-16 181513_png.rf.LX8r0lWCZHUEXkhYtW3Z.png,3,Cat - Ringworm,split_group_4c4738ffa027a1564eb0ebe9,5257acd8b2bf14aa776380aa3d9611a1bf595a066b22aba6e31b2967e661095e,067202b44a3a7edfecc6da2a71f06eda75ecbca7ab42705fbbe850eb13b3b75c,Cats/Ringworm in Cat::screenshot 2024-11-16 181513,train
Cats/Ringworm in Cat/Screenshot 2024-11-16 181725_png.rf.xzvh75T4cZGEvZtIQziI.png,3,Cat - Ringworm,split_group_37727f3fcddd6a66e2ea024b,4177366505a270ceaf289924e9f0d6fb4fc6ee8bf0c200e5b95812de9a6b8546,e59dd02f80a10b5ec1770f8b8531b7280dcf77965a4d5089367cf98b97160e51,Cats/Ringworm in Cat::screenshot 2024-11-16 181725,train
Cats/Ringworm in Cat/Screenshot 2024-11-16 181809_png.rf.m9hrH8swDudrvtnpo85s.png,3,Cat - Ringworm,split_group_30a440cd88ef2da67bd5435c,95a8ad59a259d7be528c7f93b587410f7fa097cbcf596b9eed9004efc32781d3,4625c2406a90e3a8b6e0ccb79524f1bd5248c92135566e66b6c73324a1e34a41,Cats/Ringworm in Cat::screenshot 2024-11-16 181809,train
Cats/Ringworm in Cat/Screenshot 2024-11-16 181936_png.rf.CwuMeVN96xTnvob4XnMh.png,3,Cat - Ringworm,split_group_ee0da342a7f53eceed70af81,c1db50fe5877a4f674c10cb097633f5401a914b7fd9bc088d9a2cf127fb96ee6,72be649a0db9e547c217382bafa3bc413eb7d5dc9d0d7012976c96e4dc2bc98a,Cats/Ringworm in Cat::screenshot 2024-11-16 181936,train
Cats/Ringworm in Cat/Screenshot 2024-11-16 182105_png.rf.KRHMumIALHyANbizjruf.png,3,Cat - Ringworm,split_group_42f7a39c5c477ba1454fb5cf,9a70c843d43f828cc9c1f38e27e88b1ce6df45956ca555867bda934223b6d3d6,360f83ffb1e39f445e9ba0863cda7d3b8ad91b9119d35844f2956a34e68ce4c0,Cats/Ringworm in Cat::screenshot 2024-11-16 182105,test
Cats/Ringworm in Cat/Screenshot 2024-11-16 182320_png.rf.GaWURjDzjXLLnVB19iVn.png,3,Cat - Ringworm,split_group_ced2b8e5fe3591e0481f3560,a0e05a637d0a36d4da14083d83005e7856949bca2f26ebc0807fa2b77d626450,e6d25a9ea02c3361549fc54279107202c25c521cc5e27de4f154d7d7c05402d1,Cats/Ringworm in Cat::screenshot 2024-11-16 182320,train
Cats/Ringworm in Cat/Screenshot 2024-11-16 182449_png.rf.RfdZNyc8dyPRWgtTzOlj.png,3,Cat - Ringworm,split_group_82905a42541142755e399a59,861e141fecfd7b92f2e163ccf2156978e367bee73ef231d001bc1bf14860b46f,a6f5a958a96bc7030f6a74929dcad245f7a423cb7f709fb9e56e35fe7afc319d,Cats/Ringworm in Cat::screenshot 2024-11-16 182449,train
Cats/Ringworm in Cat/Screenshot 2024-11-16 182620_png.rf.Bk44gfmjXS98h4fGE21C.png,3,Cat - Ringworm,split_group_41ef9d3f578e31b7942c0447,81635808b9b557b7485156446a276071738432c8bf1672e3c01d57f308a1e785,742586ef5ce8714939b42ed63fa9fad5fabe98f1a0a8bfe3fc4ae7a29e3e89bd,Cats/Ringworm in Cat::screenshot 2024-11-16 182620,train
Cats/Ringworm in Cat/Screenshot 2024-11-16 182913_png.rf.HRy2XRCAokjXhg65ozPF.png,3,Cat - Ringworm,split_group_09419b0ac08778e5523956e9,5b5426ba31c91a5107f4bf6181e70b13c86fcc66a4fb7aa5ef7eece23af2bb15,8a5a51d87fe052fd2a31e03c15a3cb5ac9dd7dea3e26ae9e9f4b8a9a82ee3ac4,Cats/Ringworm in Cat::screenshot 2024-11-16 182913,validation
Cats/Ringworm in Cat/Screenshot 2024-11-16 182941_png.rf.NsDivdJhq585JOfT4COs.png,3,Cat - Ringworm,split_group_1afffe2bae4dadc6d0c79ae2,eb014c17eea574df20d493902a816cf04c2bbae24b311f93820c167f61bad0af,de6a26564802447ddddf765beba2264ff068a16d5a98c89add57301aceb5359c,Cats/Ringworm in Cat::screenshot 2024-11-16 182941,train
Cats/Ringworm in Cat/Screenshot 2024-11-16 183007_png.rf.g6SVZwg1M5URK7ZqZPBb.png,3,Cat - Ringworm,split_group_7952b3cc75bafb16a957f627,6e69faa28f03b09cb09904dad12cb0cd683f187f847a2f64799878c5f6a08944,023f4bd76e8c39fecbd9938f898dca5483b8169b8c15d9da29ad4d5cb0d53f9d,Cats/Ringworm in Cat::screenshot 2024-11-16 183007,train
Cats/Ringworm in Cat/Screenshot 2024-11-16 183050_png.rf.ng850D9dZCpjyuUNozKz.png,3,Cat - Ringworm,split_group_744899ad4150fea5a29fc8b2,64ead20d33963cb802070fa20779c1b4a76b999caa8d14915fd3b185896103a1,9ae223ea6fe02ce6e5cc2324b24eae245e64626e3b57e9d0e316352366dcfe71,Cats/Ringworm in Cat::screenshot 2024-11-16 183050,train
Cats/Ringworm in Cat/Screenshot 2024-11-16 183222_png.rf.ptx1BR5j4WTvs7R4GoFc.png,3,Cat - Ringworm,split_group_adedc27a2ee457edaec172db,adbbe5d74cda7e13b69053ba4862695c341d208715c5a7ae601fcacccef4698f,2bee24b02459e306c379855fc744da768ec3bd76d84afda00258fc31acbff200,Cats/Ringworm in Cat::screenshot 2024-11-16 183222,validation
Cats/Ringworm in Cat/Screenshot 2024-11-16 183256_png.rf.bYkGkBgbuyhetUuPgaKO.png,3,Cat - Ringworm,split_group_ecd140e294aa70656642b616,a2117e19ebc7769e95d228b5a3bcc25ac2157cbb60967009d2404e15adb943e8,2e78a253bf8a65efea8d36d86995f10a772edaee8ec160e8a7beded6e5ec2e74,Cats/Ringworm in Cat::screenshot 2024-11-16 183256,train
Cats/Ringworm in Cat/Screenshot 2024-11-16 183315_png.rf.8VXdHKSRjJkgHC3jqCLk.png,3,Cat - Ringworm,split_group_596ea58471d1ada5d8267bd3,d735bcfca9f3cc2b3f02b4519d32ba2bc3c0e23ab7eafd6e26e9614f0631d52e,c173003f9b7b017ffd71d4fa6057d032f9050fcfa6685c1f31048437acd91e4e,Cats/Ringworm in Cat::screenshot 2024-11-16 183315,train
Cats/Ringworm in Cat/Screenshot 2024-11-16 183716_png.rf.qoLspupilQRdev1a6UyE.png,3,Cat - Ringworm,split_group_ad354943f656c2eb9c196e84,326b23fac676fe94509be6fdfe86bfe676d068d9330a5f44cfd508a247b4618f,22a8f88b509156a6b3a8e7ae27f3462ba3fd4bbbd298ac106000a14b694ff474,Cats/Ringworm in Cat::screenshot 2024-11-16 183716,test
Cats/Ringworm in Cat/Screenshot 2024-11-16 184110_png.rf.xeo1CDLFGK9v11LK2Anq.png,3,Cat - Ringworm,split_group_597c04b6bed0a6e9cae39a93,b8108ef0123d46be2a814e3371a992f132df9870e9809ea0ea4b21e81cae4db5,d3025ce893ad32225e6588bd606975a9a3ede07b2cfc171ff90c0515d9806904,Cats/Ringworm in Cat::screenshot 2024-11-16 184110,train
Cats/Ringworm in Cat/Screenshot 2024-11-16 184314_png.rf.JUCf9At8NaT3zypgjNOJ.png,3,Cat - Ringworm,split_group_16a07401f04c8da20e331388,59cc7893eadf6e1e55d8f73774e7b31eb0a83b314120d74d84d25ca5e9b7a8c3,0ce26c2c7100fef88c7a599cce01cd1b858b20b24e324ec4cfb6ac04bfa3333a,Cats/Ringworm in Cat::screenshot 2024-11-16 184314,validation
Cats/Ringworm in Cat/Screenshot 2024-11-16 184449_png.rf.X9ipA02CAcAGDZC0hTFa.png,3,Cat - Ringworm,split_group_4117ebaff257a43c1fb88efd,17d9622253d2fb533ce27acf9cbec13d16ad41744180c1dc4ab809051f4e2331,fbf294c1bfb6a3f03add8fdfdc95b1663140f20d6c38091319805072f427bbf2,Cats/Ringworm in Cat::screenshot 2024-11-16 184449,test
Cats/Ringworm in Cat/Screenshot-2024-10-14-175112_png_jpg.rf.L3m2zainyVpQkQMz9Mj0.jpg,3,Cat - Ringworm,split_group_eeca9fdf363ddefbc64434d3,89d6dcfc53cc6702f77a7620794ff3e1933803331b8dcd8b2a359131e9d0e5bd,93712f4213a4a09ac42bfd7c998ab35ec820969f7edc31b653da35e5417f0c1b,Cats/Ringworm in Cat::screenshot-2024-10-14-175112_png,train
Cats/Ringworm in Cat/Screenshot-2024-10-14-175809_png_jpg.rf.6dxo48VIq2VvbqswIDRt.jpg,3,Cat - Ringworm,split_group_b15f7dcd9cf0f5e7f2c20d87,39ea95f10c6b5a2cd41bcf7eb4489251b8304dc167fb39327cc78104f644118a,7815c26ed84c0587510055be430fdee9230464e8f527189b62c64337c4f73679,Cats/Ringworm in Cat::screenshot-2024-10-14-175809_png,validation
Cats/Ringworm in Cat/Screenshot-2024-10-14-175932_png_jpg.rf.hl4qdgLZB9giXAslalDt.jpg,3,Cat - Ringworm,split_group_dc0bfeee97f8e6252a071c99,7b512cd78b2ca952919469973d6e198dfdc34375233fc8ac397325606d35bfbb,99fcb4550408076022e6c0ce8de9db71a0ece55dd333bb7f54f27eb2f50acfc5,Cats/Ringworm in Cat::screenshot-2024-10-14-175932_png,train
Cats/Ringworm in Cat/Screenshot-2024-10-14-180043_png_jpg.rf.61Rlq7h0Sv8p8hdqXrEg.jpg,3,Cat - Ringworm,split_group_21c76ca9453d1b0f84192061,e5af0e62ffa98129a6c3298c725e8eec0a0c84138849c54af874fa44b9ee7e91,fc74193ba497bd79a5e4afce18da17c2ed29c147322bc377127426a2d48d9bb4,Cats/Ringworm in Cat::screenshot-2024-10-14-180043_png,train
Cats/Ringworm in Cat/Screenshot-2024-10-14-180439_png_jpg.rf.pmDBvOFvRinJjNLDo7zl.jpg,3,Cat - Ringworm,split_group_d6f29099e6c3c8e9846a363a,2d596abc095ede3f8ae03c35cee8ee1e345ba12953d767bee84819723f33bb04,6ef2b713313bbb34076c71d73229dfdf68918113cb3aa9ac45abcc951164cfbc,Cats/Ringworm in Cat::screenshot-2024-10-14-180439_png,validation
Cats/Ringworm in Cat/Screenshot-2024-10-14-180548_png_jpg.rf.go6YnQbi1Ji1ZA7R8jJE.jpg,3,Cat - Ringworm,split_group_edaee387665976225b542c9d,9cefcb256cc4dbddeaa5765b4585f528771fc44056598756ca59b59ee8664523,4f2b1d5665c1d28cb58f182098ba797d601f91b498d1d17dae7bd570aa3a3028,Cats/Ringworm in Cat::screenshot-2024-10-14-180548_png,train
Cats/Ringworm in Cat/Screenshot-2024-10-14-180656_png_jpg.rf.acXM9Zr9JIqTFjk3sgZT.jpg,3,Cat - Ringworm,split_group_dec75386e10f6c28c158e0ac,3d69836bb8f2ded22ec3318f05c25d6abd3c236feb1f4be5f6653da43a4e4d4d,b1d4f36d24e11b99c720f5c3d44be69ac6d28436db98a0a9c0eaaed1a2365202,Cats/Ringworm in Cat::screenshot-2024-10-14-180656_png,train
Cats/Ringworm in Cat/Screenshot-2024-10-14-182237_png_jpg.rf.L6o8E4nsYJzRjLU0Yn9f.jpg,3,Cat - Ringworm,split_group_88f558720709b2fde8a73d23,7a5df90b109c1fe40fb4ae47ed9dc588721f8352de528928f789958cd29dadd6,5b46cf808b7512826235872bdc55f58f48a079d1cc877751bffcab665f2a6b41,Cats/Ringworm in Cat::screenshot-2024-10-14-182237_png,train
Cats/Ringworm in Cat/Thank-you-all-for-your-support_00004_jpg.rf.DFE5N0VQlWZU5yRKsQKU.jpg,3,Cat - Ringworm,split_group_896e623e646f3b82599c5283,d9c1ff0e94bd047b3d20ae80a7bf6fc539b879763bd8a1a91189c1d38be21849,34a5cd2708417d745af0858f0e3e1a6bbc794a0e080fb2476f6ee6af377f806b,Cats/Ringworm in Cat::thank-you-all-for-your-support_00004,train
Cats/Ringworm in Cat/aug3_jpg.rf.QHI5qvhGXXNXS28xEIWd.jpg,3,Cat - Ringworm,split_group_f9ecf3251848855f228b3edb,04efce453445d1f4a61035941ab698a1c6ce319dae2295605e34547ae97d75ac,de99cc23cfcd9036717e9ab650b135c5454a85ebe2fbead1c03cbf69cd30145c,Cats/Ringworm in Cat::aug3,test
Cats/Ringworm in Cat/aug_0_4160_jpeg_jpg.rf.N9OeCojQmTNUAgVPG7B7.jpg,3,Cat - Ringworm,split_group_c24765198067d03df950d98f,a7a600156de4f2f622715da3a80f66a4ce11e894b4deb9ba8b8a5df700d96eaf,8579c0029705353b4f284a5d347074011cf095b69b7000c558a7b1d10713a7e4,Cats/Ringworm in Cat::aug_0_4160_jpeg,test
Cats/Ringworm in Cat/hot-spots-suck_00028_jpg.rf.EAYxcwlUIwpysweEP8jg.jpg,3,Cat - Ringworm,split_group_9427498682b45f26b0cc50fb,348fd71727cf4bbe5423352e803d9e8c90289db0f1558c5a3eb034a5da958855,cdfadcaf93b7405db30a515935a3f1b9c0e4de3c6bafc358fb8e9a170f36faad,Cats/Ringworm in Cat::hot-spots-suck_00028,train
Cats/Ringworm in Cat/hot-spots-suck_00043_jpg.rf.deesxLaN8AMGyQ4RuaTB.jpg,3,Cat - Ringworm,split_group_e0681173f128640c05824964,205fcd4993d900c367004a4809796b819a046480f643ca1c89c46373bd6a931f,dcc1b3ce7233c2eac6ff3bdcb0ca127cd8d198f296aa61f7c1e8f9e466a0205a,Cats/Ringworm in Cat::hot-spots-suck_00043,train
Cats/Ringworm in Cat/hot-spots-suck_00103_jpg.rf.UlIqI0Kc1wALO2nMwr6r.jpg,3,Cat - Ringworm,split_group_602e00bf87c725ab085e8379,6c91a48f8463eeeaea245359d58faf0799d55410f3b0f1d85753e86fdb5e5221,5c829c363a5bb4103d8fa882544db0d096944c1c9ac803c7f71a987d934e9655,Cats/Ringworm in Cat::hot-spots-suck_00103,train
Cats/Ringworm in Cat/hot-spots-suck_00232_jpg.rf.qRxGKmbNUx0BLKx8G6yc.jpg,3,Cat - Ringworm,split_group_49e64c4025edff5a1c26f2e9,f07318614dbee0e9396081a38da17d6524e8110c93d955ef6f6b02a96b467aa8,594200f07c9d8102ce526b688109e031bf04ad73a87a75f3866430bfbc70efb3,Cats/Ringworm in Cat::hot-spots-suck_00232,train
Cats/Ringworm in Cat/hot-spots-suck_00235_jpg.rf.cu3reCBIJZLvwxL7t5Tc.jpg,3,Cat - Ringworm,split_group_b4fb58c7bc1215e737519e9c,2224715d2153baa134fbbe3eabed196d607346fb4daeb68f2575800b6eb5777f,6ba1bf073daba9b9a066f257068a832ffc69e6e71e06db25467c23f97f9ba65d,Cats/Ringworm in Cat::hot-spots-suck_00235,train
Cats/Ringworm in Cat/hot-spots-suck_00310_jpg.rf.WorCHXucq9ORbCxWOevD.jpg,3,Cat - Ringworm,split_group_fa7974f31be2205499d96469,08188a61fcc60258f31e7d3019557b2d42c7afb2f33968898ef85448fd0f13ff,a3d830be885fea9efcc539b46b6d9452835d0ccbddd2bb15d7a4abf242cd1f7f,Cats/Ringworm in Cat::hot-spots-suck_00310,test
Cats/Ringworm in Cat/hot-spots-suck_00322_jpg.rf.zDM1zVpvSvT3KZOgNFpg.jpg,3,Cat - Ringworm,split_group_d4eee318a5fa08a7b223a2d2,13a26dd3c20b59cd9d472383c046fe0d5096ac65de46dd75de29aa5a0941499e,5dbf834e24a1151c4c590ff50abd6f5afadd04b6415f4cd133e0fbcaa0ab0cbd,Cats/Ringworm in Cat::hot-spots-suck_00322,train
Cats/Ringworm in Cat/hotspot-30-_jpg.rf.2SSDF4mRsolTy12SaxGW.jpg,3,Cat - Ringworm,split_group_01e4e8fc703b26903449eea4,9720bcba55280e4a2cc5da643799c08471a8ea3ad50da13a5c4f56b986120168,c2c2653e057bf1a26da24f7a948104b89ec104b1d82748292b0db2d74c62d109,Cats/Ringworm in Cat::hotspot-30-,train
Cats/Ringworm in Cat/hotspot-50-_jpg.rf.VuEBaIKHht2AQHlBYNbM.jpg,3,Cat - Ringworm,split_group_57f6cbea4e12038630373c30,450ff1aa35d1664ae790e46fdb7009341339369944db9a2feffd5298e67c1fe9,f661399a72e26c38f69d16d63486fd2370416eec1eef58a6529a574945a0c20c,Cats/Ringworm in Cat::hotspot-50-,train
Cats/Ringworm in Cat/hotspot-63-_jpg.rf.8j6klibdFUejsgCxTxOj.jpg,3,Cat - Ringworm,split_group_49fcc483602b43ada0983d35,8a08b77b20621ff2c2ee4ae31236adaf34528d7440f5303571f769620792eeb3,1b920bf7ed8271bab4827730d688a5e938dbd52522146dfaa887dd9d4309cf24,Cats/Ringworm in Cat::hotspot-63-,train
Cats/Ringworm in Cat/hotspot-70-_jpg.rf.hxIc60qd8g1coXMNSj5B.jpg,3,Cat - Ringworm,split_group_aac3a622bb893c5119e09513,dd7288b70c2c592608b50c3d411bbe33f502a8e0c0fa21289fc7aef9cd05e5e3,f3905072468fa9fca5b7e844eb89cec1dc118fa63bf974ea923451a4cc299720,Cats/Ringworm in Cat::hotspot-70-,test
Cats/Ringworm in Cat/hotspot-79-_jpg.rf.vjDFMZj6H13KvmEIScek.jpg,3,Cat - Ringworm,split_group_8cabd6657584823b29ba570a,e1cbf482ec565853213e372ee5400c6552d3a2802ee69a0faa9ca35f9a2e7c12,d6059bb9256400f72042f65f96a440e973d7287ad30e5befc18c0bb81ff88ac9,Cats/Ringworm in Cat::hotspot-79-,train
Cats/Ringworm in Cat/images-18-Copy_jpeg_jpg.rf.NUOhpyKdUUI5EuYJ2LZu.jpg,3,Cat - Ringworm,split_group_1a8bab6492faf965cf7fe4e6,e5550a1c09fd195eb44a2712a119687c1fe7bc402551e99e85c25cb99dd4831c,4754b504b6b9e44087dafb998979f17c937acd0981e1d166a41c27c17b4a42e4,Cats/Ringworm in Cat::images-18-copy_jpeg,validation
Cats/Ringworm in Cat/images-32-Copy_jpeg_jpg.rf.gz0ngdgHkW2MYfzX7aad.jpg,3,Cat - Ringworm,split_group_9a3f1822018c58540f5b400f,d391677f6a9d71f70c842df43592d24e4ce8cafb827f8782ae4836f29852ebfe,1e55a4047c1222bf2b2e6c9b601a0bb74d10842baa0affe81d2b5c0e1a0d1266,Cats/Ringworm in Cat::images-32-copy_jpeg,train
Cats/Ringworm in Cat/images-34-_jpeg_jpg.rf.oCWzwz14MRyCOebSuPFV.jpg,3,Cat - Ringworm,split_group_078a8a8ca989b75a53f76ae9,a8bf9752c56462ad001b070d9362fb887498e48c77ec0a0d81cb5afa7705c00e,bb705994ec22276d3eedda6b2c4dfb319a946a78aac615d3d6a80d5c31010c82,Cats/Ringworm in Cat::images-34-_jpeg,train
Cats/Ringworm in Cat/images-35-_jpeg_jpg.rf.c0rM7JScMxg1GOPBOTOg.jpg,3,Cat - Ringworm,split_group_50ad9e8c13efbbe8331b3e56,8d2d6870ec260c5476f30cd16c7243ded5562fb66290c31d06e5dad787a47a2a,49aedb61d7d76555982aedbdf693a39eb012c6d7d3f87c0dacc1f7ba57c28549,Cats/Ringworm in Cat::images-35-_jpeg,train
Cats/Ringworm in Cat/images-36-_jpeg_jpg.rf.MhGU5R48Mt6plNsu1O4z.jpg,3,Cat - Ringworm,split_group_2159c7c844c97722646140f8,7006ee6a42a39a2ed01a425d07322dd67c2b7b60d5435d0e58b07feed2706db9,a2315a2f1d2238f486ee73e6563d20b1cc1514f5e500f1982b33696d41f93938,Cats/Ringworm in Cat::images-36-_jpeg,test
Cats/Ringworm in Cat/images-41-_jpeg_jpg.rf.2ARdtuO155YyuDt9OcSG.jpg,3,Cat - Ringworm,split_group_3d70ec780ea614d7f91bcef2,7e4cc7d580dd5812f205e3bccd60a54f5aad7f7b1c6186dd1e09a1d71a7123b9,75a847a3c5c7101183d577773875226f18c3359b3b217f5337b021bdac084bab,Cats/Ringworm in Cat::images-41-_jpeg,validation
Cats/Ringworm in Cat/images-43-_jpeg_jpg.rf.2YK1yJMP3LXp2kNZTiOY.jpg,3,Cat - Ringworm,split_group_802c7124fb1745b1b5c599f5,3e43ef478c7fac4e09db2a92a23af99ed16d57fb55bbbcc4203139e9255d79ac,0aeab93b41c69debe9181eedbc7dae8b27aa60c01711a8a394e9c428488c7ff5,Cats/Ringworm in Cat::images-43-_jpeg,train
Cats/Ringworm in Cat/j21_jpeg_jpg.rf.3d9ngG9yjIZqhwBqN1WJ.jpg,3,Cat - Ringworm,split_group_6e9abdbc144fbcde67526b2b,74619c646e922a53d2ba538fd34d0672aeaca24bd608df08273a2b2f9305cc7a,f6e071268a9d93833417abd317c39758471ac7125bad4a24df361d2ee77854f1,Cats/Ringworm in Cat::j21_jpeg,train
Cats/Ringworm in Cat/j22_jpeg_jpg.rf.ZuWi5vw6pl6H4OwBVFhR.jpg,3,Cat - Ringworm,split_group_3ad756f09d770d0726f83086,18febe027d92971e0ecfb9464073fa271c533f37a2f5f57680f469555db09029,752e164e4203cd291a2c976f9e6b38afbcbd7f7e1112269401ccccf7629db428,Cats/Ringworm in Cat::j22_jpeg,train
Cats/Ringworm in Cat/j25_jpeg_jpg.rf.EU0S2C7wrp53vH5S2bfn.jpg,3,Cat - Ringworm,split_group_0f6f4c5a760a6b7de90c4785,c3b25c5cc6196e1365bbfd03d5b6dff77968cef5f77f3795205656af529cadcf,43b63d2b71fbacdf1eda7433cc0441353fa5d162f7c448e992acd0e1999d322f,Cats/Ringworm in Cat::j25_jpeg,train
Cats/Ringworm in Cat/j26_jpeg_jpg.rf.8IyI7qLrbLX90jyBNptV.jpg,3,Cat - Ringworm,split_group_4151de2ee4db81270ed98af1,9f53c14a3b720f6da18c676261e1e5fb61711aaf63826975ab1af2e15f178012,7a4e747b9f5a9d7b86704fb9dfd665b2658e4b83e332318df5af9529fb99d866,Cats/Ringworm in Cat::j26_jpeg,train
Cats/Ringworm in Cat/j27_jpeg_jpg.rf.Bf0NUDsAje4EuSGfxXYj.jpg,3,Cat - Ringworm,split_group_644238dc23fc80b72f06dcdd,df613cbaa0dfa6a5afba471b32abfb41cfd3481f640ca9e673d9d374eefbbf12,8859df808537d99743980f8239062c44c8e14ceae0a6f104639b168a15152338,Cats/Ringworm in Cat::j27_jpeg,test
Cats/Ringworm in Cat/j31_jpeg_jpg.rf.lmSU3mb2EQ8ao9SRnxQd.jpg,3,Cat - Ringworm,split_group_8c1cbaeb019ee4b024343a1a,02fbf711ae3378ec471bd969804235e7cb1e9c8c0706e5e3f3c88d3318aa0b66,e9f2d58e482a5924becaa5a2cd934ba25a8d2ed12ad0525befb45661c81a102a,Cats/Ringworm in Cat::j31_jpeg,validation
Cats/Ringworm in Cat/j34_jpeg_jpg.rf.SRdh3l7Jc997lJnjVy11.jpg,3,Cat - Ringworm,split_group_336325bcaae37c78ba35f858,a3f79f4e3925e48d715ce9b33d49de3b8a7b3926d43cd34996d621c3380d1ef3,1a915c31309fbe0abdc3f26cd81da9fd5e6ae2df54de9829e71d6c231bb2390c,Cats/Ringworm in Cat::j34_jpeg,train
Cats/Ringworm in Cat/j36_jpeg_jpg.rf.4LcGIPrn8cuUka8ylrTi.jpg,3,Cat - Ringworm,split_group_88f7c0f6f86dc6a1c7cedb72,67c2d5780c8dac55928a775d2d289019eb25e1a6ee61bc36e97b4e48354f2bba,e8f288330c94b1687f499b2535f89065a117667bd3fda6a71f1582d9d7fc1873,Cats/Ringworm in Cat::j36_jpeg,train
Cats/Ringworm in Cat/j47_jpeg_jpg.rf.DChEOWu5Gd0rszjgp7Ba.jpg,3,Cat - Ringworm,split_group_0eb50ce1248d1c992d4d5b61,34a277413ebff5f04272c12497619b919486a78f951b8481fa35484b95f0c46c,be8a3d7ffd31587a05ed0ac6df3e6a0143fe2b667dda044ad612fa582645131b,Cats/Ringworm in Cat::j47_jpeg,train
Cats/Ringworm in Cat/j48_jpeg_jpg.rf.8ggDaAqUS35KLOQVImno.jpg,3,Cat - Ringworm,split_group_855e41d032b590d7a00676ba,e6a0a9124bebf4693b409c7583b9f8894730315d29fe44c711f30e47edaedf3b,fbe2d2c9d78b5e6d406c5e3cae726903a15b18d644aa9149f03f06bc3c2f7b8c,Cats/Ringworm in Cat::j48_jpeg,validation
Cats/Ringworm in Cat/j52_jpeg_jpg.rf.HDwAusYFUCXuBWXAYBkM.jpg,3,Cat - Ringworm,split_group_a85d1300f6bd4a0b303311e3,18f6d5aa4004c4da0bc9c9e48f8993a501ab7acc4d7922dc399c8a7685e2d1b6,32ed27feb3ef0bbcc9231a9d643c8229d0f20512bedc2c339e06ec1e04ebbffe,Cats/Ringworm in Cat::j52_jpeg,validation
Cats/Ringworm in Cat/j55_jpeg_jpg.rf.ST3PjdQJbufZp60gRnrU.jpg,3,Cat - Ringworm,split_group_0bd52b863136820d9c3a4c8d,2b1483936e9088e13c1bd7ec015b0f9ab539ed20411c73abbe7d2a7e92aa8677,a9fb7d68158a57b83b0d4290d86af8350ff2e4c8927a018ac090c625e3bf4d78,Cats/Ringworm in Cat::j55_jpeg,train
Cats/Ringworm in Cat/jamur10_jpeg_jpg.rf.f6jsncVIr62R9ckbZY67.jpg,3,Cat - Ringworm,split_group_18f48ce13d59b4082ee083cb,2a3063ca631722fe7bff41439dbb0a2b04b30ec174eeca1036c9f3e6250665b2,b51d007b077ba1da93a63ddfb6cb5603e4fe43802990a57fdb5ea28d851d5c5c,Cats/Ringworm in Cat::jamur10_jpeg,validation
Cats/Ringworm in Cat/jamur12_jpeg_jpg.rf.3HRJG0Un1o64OtswoELf.jpg,3,Cat - Ringworm,split_group_1ec3c8e2bf7bfda212bd61e3,2b279c2bbc1a138ceca1254ccd30b9a3c6e588ae19b41d832fbc44095e4550b9,7b0b381bf13c1b119e9fc9039ab30ab09b193721100d6a3ca32e9d1ac88493bb,Cats/Ringworm in Cat::jamur12_jpeg,train
Cats/Ringworm in Cat/jamur13_jpeg_jpg.rf.oP3uL7qQNUgs6aTpGMiS.jpg,3,Cat - Ringworm,split_group_030144d8b50cabac33f80e03,a63e56c9c0b7b6800a7de30a49749f58e72792d16f071c489308570393aedd95,40bd399961c9dd899734121fbdd703fc59a8616f3b98b9fc5c42930c32a70422,Cats/Ringworm in Cat::jamur13_jpeg,train
Cats/Ringworm in Cat/jamur15_jpeg_jpg.rf.c0RjjoLxxoKglnGQWi89.jpg,3,Cat - Ringworm,split_group_89975eba903beb40d9260786,e972270104fa9161dcf56b85d238b2d4b55eadf1250ee22eceecc7d890d0df29,ab8169fb063c1a079f953f4af36922f41436e989f2443e29f1d4777ceefd784c,Cats/Ringworm in Cat::jamur15_jpeg,train
Cats/Ringworm in Cat/jamur21_jpeg_jpg.rf.DF19LT7oEdnbWGegpGTk.jpg,3,Cat - Ringworm,split_group_55583192fd34518b668853a3,c5f2d419a61b31ac5b9486884cdac844ce6b6bccb9eb245bb176e77913ba0072,a9647f5f85757414101d1c1febd1659757740d6d10e65f7a3eaeb2d0a5c6eeda,Cats/Ringworm in Cat::jamur21_jpeg,test
Cats/Ringworm in Cat/jamur22_jpeg_jpg.rf.Ih6YjdNN2uEgVJEpsAb8.jpg,3,Cat - Ringworm,split_group_a86be9e9988f5d33be159b0a,55a619428e6237e93a9282c054e357814a25f972b55ce4d354dd9231b99ff99d,b1a6ab905e9c638fbae60495dab2aa8b3d8fad461f63babdbc3d3a00c23fda54,Cats/Ringworm in Cat::jamur22_jpeg,train
Cats/Ringworm in Cat/jamur26_jpeg_jpg.rf.aEW27iWbVN62cWfGumW6.jpg,3,Cat - Ringworm,split_group_bca74985e2dcedabceebe878,d6180a853e572170d19da6da7f152519abc9b15359a0065f2664c7674ff49690,6ce347c647e4962983d89d0d56f609cf83a76e8225a39e790cf636f6de2377d8,Cats/Ringworm in Cat::jamur26_jpeg,train
Cats/Ringworm in Cat/jamur31_jpeg_jpg.rf.A6DJpfGW5AOTs9cZMvK8.jpg,3,Cat - Ringworm,split_group_accf48f07b927a7cd8735f1c,e14901ae944b205c4f70d9aa15e47add8f15b851b92534b4118faf59ad556d7b,cd00e243bbb4df59517d51fc1ff3f3c892e84af6ca9b29c150fc26eb7a78e4bc,Cats/Ringworm in Cat::jamur31_jpeg,train
Cats/Ringworm in Cat/jamur35_jpeg_jpg.rf.QHWCvj3BDCZmxa01wlEQ.jpg,3,Cat - Ringworm,split_group_7ea41c3b07c1cf2f342b5c5a,02b7067c2ea4882313728609e1dd91f39e6ecca6893d4dd24e465f9f840bcaf0,5a2898cc8a6a46a8f25cdcd14e267d6650b34c224ca0f51e34ff2a2a49437e2e,Cats/Ringworm in Cat::jamur35_jpeg,train
Cats/Ringworm in Cat/jamur3_jpeg_jpg.rf.7VnCr5Zp1adcXhpJZtZc.jpg,3,Cat - Ringworm,split_group_b6befc9531019bfd35ff41fb,424b4b68ebbe07e19c8768a9c3d5f7856a9116e7cdb0b9e9e4bfcce264fc957c,3d8c71c6c888bfd57ad22889050c993f70b7caeb6ec7c3f3ad1689a2313a9b36,Cats/Ringworm in Cat::jamur3_jpeg,validation
Cats/Ringworm in Cat/jamur49_jpeg_jpg.rf.aUWrEIeF0DVaHxm4pxRr.jpg,3,Cat - Ringworm,split_group_990d2f72fbd808ef58e10569,a93b2e68ac7f617a2b616ebe9ec1339220b62f10e70215fd490d75680b7f3eb4,b072316285b3eedbd06bcdfdd6eb162f2b7522e9f9a0188899e354bca6bc84fb,Cats/Ringworm in Cat::jamur49_jpeg,test
Cats/Ringworm in Cat/jamur4_jpeg_jpg.rf.IIG8r0xXgQjgV72YFBOs.jpg,3,Cat - Ringworm,split_group_fd174e0d069706326c5c42f0,6fb26d0cd7f0bb10623ce0923924a5ba6eb9d55bdd3320cdc4e37460ab4b3269,5054ec01f4083ef3b92249146c1f3d335b24811306c0f93fdc92ec4548e42306,Cats/Ringworm in Cat::jamur4_jpeg,train
Cats/Ringworm in Cat/jamur55_jpeg_jpg.rf.5FgUFld7BQBRP3XYpdFn.jpg,3,Cat - Ringworm,split_group_932d37da424c910d73d817e3,b7217c5a415681f3e68ff64f49c89d551570538344cbfbe87d06e8071d7efdcd,bcf416412cf2451676242fe22f0b2f15f4b2ae9bb22c267716b779342ee6acbd,Cats/Ringworm in Cat::jamur55_jpeg,train
Cats/Ringworm in Cat/jamur58_jpeg_jpg.rf.p14VoNIrHx57RUGGAKkV.jpg,3,Cat - Ringworm,split_group_74b27b5353c4116e9dbb9206,4ba6329b0debfe2f22680eb0a5768cc0d56c2ac681c9bdf29e07408edcf271ef,48806ba5f9550bea6805d8e2f7c90072b757f847037bef8b77b614537f50771d,Cats/Ringworm in Cat::jamur58_jpeg,train
Cats/Ringworm in Cat/jamur5_jpeg_jpg.rf.WFKW36Bu0emjq5xprPz7.jpg,3,Cat - Ringworm,split_group_d7b13cb95dbc439315d0848e,0317de00bbf0a30d6410aa6ae00f44a00fba324ac9cf957b192e1dbb912d5a40,7d88dd768209b9b7ae7e74c87a25a565327a393d05452a1f490526ac4225de06,Cats/Ringworm in Cat::jamur5_jpeg,validation
Cats/Ringworm in Cat/jamur71_jpeg_jpg.rf.dlfvLQKEylfAZF876B7m.jpg,3,Cat - Ringworm,split_group_b7296becab7c82403e465281,53b03ca85b5ea26d4ea98959313a8d1c6f02ef8a0983ead00dc8ae9cdff87d10,4bdd1fc54165934d4ff3da33363fa46f48db3b761f652ed8b3e74c81bba6c779,Cats/Ringworm in Cat::jamur71_jpeg,validation
Cats/Ringworm in Cat/jamur74_jpeg_jpg.rf.iB4kqtlGIFRzq3cQnfoK.jpg,3,Cat - Ringworm,split_group_495422042ced94e45ffa0d29,3c77ad5ece0e95fa18abeaad36a0720e7b6f635a17b9ec76666dbf70341fcbe1,a8f7fbab5ca4bba1b8decfafd1b44754c50432db401ac7d37c056877d8b880cb,Cats/Ringworm in Cat::jamur74_jpeg,train
Cats/Ringworm in Cat/jamur86_jpeg_jpg.rf.gXH2DAGGnoBCCEvfOmMb.jpg,3,Cat - Ringworm,split_group_0d02c0b73ea688f862384b65,fcf10b16f7e25b24a2a06a43cbb617d376e39f388b8b490dfce73f89c24f9edc,52a4cfb1bad7c60bdc1a2fa9e77667ac5e4127ece4579f9822d300d0e721ab3c,Cats/Ringworm in Cat::jamur86_jpeg,train
Cats/Ringworm in Cat/jamur87_jpeg_jpg.rf.CJVahF3gxho0CxBWawVi.jpg,3,Cat - Ringworm,split_group_af7087b7273f0e59e8d32b12,2509e8d46c5442b0c9ae1795e290128e19eec02472da6a162a73d5d58164b281,6051022b518bb6ee60792e6bc1d9d0373bead818d8dbfcd1e1c7e72533d9216f,Cats/Ringworm in Cat::jamur87_jpeg,train
Cats/Ringworm in Cat/jamur88_jpeg_jpg.rf.rsmBzwAVMzujZXySov3M.jpg,3,Cat - Ringworm,split_group_df79ec2842270096927277ee,0d948e512275efafbbfc25ee1cd50a6455dc61f74685061454413494a9bdf66b,b961f62e3479191077f7ec16e41041e31a59a567cd4bb1bf11a80b71b606ac0c,Cats/Ringworm in Cat::jamur88_jpeg,train
Cats/Ringworm in Cat/jamur8_jpeg_jpg.rf.m3i9tHXGMvBJg76kPvOF.jpg,3,Cat - Ringworm,split_group_62c8734d97fa9cf5181e3aba,7cded312c1a1637c47551275e8a6ca7dd9500794f3b9a0727758acadfc751565,367d38ff3c648dc2e67161a594c2471b82b1a48809719ecba24422ad76748208,Cats/Ringworm in Cat::jamur8_jpeg,train
Cats/Ringworm in Cat/jamur90_jpeg_jpg.rf.8j6hAkcNWMDQ6t0bmOWi.jpg,3,Cat - Ringworm,split_group_9f177979db664595575153ee,a1b470211c489895f7906ce7688f6a6550421da0255a306ff7ee51202cca9cbd,ce823d33e0cd9b5b8c504539cea5d13cc00951ef3a8dd4f3b005f104b4022889,Cats/Ringworm in Cat::jamur90_jpeg,train
Cats/Ringworm in Cat/jamur91_jpeg_jpg.rf.bUdpz5JveQMTrMIsQRnP.jpg,3,Cat - Ringworm,split_group_2239be8bbc7a0c2356ec3f9f,64886edbacdff94c60d13a3b20cbf036b15f375bc5ee43d6feb881b04b239cf2,59e145f22c9dd793d2b2b54bda8ba9a5823a1bed32af28a1d12f3c9ea8575ad0,Cats/Ringworm in Cat::jamur91_jpeg,train
Cats/Ringworm in Cat/jamur96_jpeg_jpg.rf.7gOCfTh5LjECgRjKOzsy.jpg,3,Cat - Ringworm,split_group_ad85922ec396ca106a26f387,8928fee64f8aeb49075b48043c46cc525eaebdcc208de469330f7a125a4d31e7,e12aaca4e9e8309e7731a9d5fd2029f95def737ef9b98fc7166ff1d809e56b70,Cats/Ringworm in Cat::jamur96_jpeg,train
Cats/Ringworm in Cat/jaur80_jpeg_jpg.rf.jwXU9iPO5eLtPZ2EnWMd.jpg,3,Cat - Ringworm,split_group_ca1e40e1b46de97b360e7422,3964018c3fae16f31953e79fd56a261177efffd81ae60aa93ab302164d77a9c7,36f9dde2aa4e884075bac2ad69583eb2027600f33d6cc80f81140d18520a5f2b,Cats/Ringworm in Cat::jaur80_jpeg,train
Cats/Ringworm in Cat/m0zb8n3sixnb1_jpg.rf.1wRsizd08ArqCaelGtUQ.jpg,3,Cat - Ringworm,split_group_e710d3146f4c49e9f2253bd1,956e2f37d0a759e1c0385b3f7eec0a3f4e400b5ec386a2cc6ba6eb1a8b86c549,a950a78e5a272b76c4f2e21378f2c9171d7796d12747e29088bdd35a0560a27e,Cats/Ringworm in Cat::m0zb8n3sixnb1,validation
Cats/Ringworm in Cat/ringworm10_jpg.rf.0yPm15WBY89VIdrNSR4a.jpg,3,Cat - Ringworm,split_group_561f4da247fe14128ada4566,f493099a71b1fc691571a06b58322c79cc75002766ee9eef1a5bda1bdfff50fe,efd19f34f65c001b641e3d6a47560d47fb39bc3329016b1105e6be073f234df8,Cats/Ringworm in Cat::ringworm10,train
Cats/Ringworm in Cat/ringworm13_jpg.rf.PA0kVhezHNL1WWeQvWK2.jpg,3,Cat - Ringworm,split_group_6b023bd3bb6613012e215d77,d945fcf4c1bb7208f1993a6d433f8da92a65daec33b7d75a6b5bd78c6baf41c3,6022902f65ddedf75878a065e01c42358412ab43936cb449e4512742a53c58ef,Cats/Ringworm in Cat::ringworm13,train
Cats/Ringworm in Cat/ringworm14_jpg.rf.KHSZdmuQkG4kHk4r00LD.jpg,3,Cat - Ringworm,split_group_781fc794b9a03163b4e4309e,601257069aeef8108a9d01d4fd4696243d8856927a96d3ea5c68a0ab4ef3f9fd,2b394db0d3ce70cd86a452cdf5b946d60210fcbc9a5f5774ba711a403ca76ffb,Cats/Ringworm in Cat::ringworm14,test
Cats/Ringworm in Cat/ringworm16_jpg.rf.MGtwe1pjwnuwtHyQhJ6t.jpg,3,Cat - Ringworm,split_group_cb15b8796907e44df55abc5a,a64bfff3062181ad9bb55380a58b5cfb734443b905ad3639271ecfc2c38b90fb,6f99e9dcecf717bc91c9b946e9df843400ed36b3506e11748e2b1e14459e2344,Cats/Ringworm in Cat::ringworm16,validation
Cats/Ringworm in Cat/ringworm17_jpg.rf.hZDwKsNwMJk32yu9fBCA.jpg,3,Cat - Ringworm,split_group_ec8f6270ddfc3143252ae96c,c00b296d4b6d2d3907a314a52098d5ab038fc573e7cbcdc0af3448265683e501,d7f3b63657962657d942843bfd5df4fb7029368ae6f68f25b6015334e19d85cd,Cats/Ringworm in Cat::ringworm17,train
Cats/Ringworm in Cat/ringworm18_jpg.rf.kMI5GKDhqoFKDQHKfjkV.jpg,3,Cat - Ringworm,split_group_819eaf5494180842444b9c51,1c38615bf13beccc14b0caa9913a103df8984fd3f6439e1f48d454b1ed106f57,0c1dcfec921ada8c854bce2ec4920a0cb7a0eb9e1928be3c06a42401467d11cd,Cats/Ringworm in Cat::ringworm18,train
Cats/Ringworm in Cat/ringworm1_jpeg.rf.kaxLwXxK16bfzysbnxUg.jpeg,3,Cat - Ringworm,split_group_d596c9c68f08be6b205d412b,677ccf84f3cb1b9a7a347cd5531862a63fe4ba19aea027d3ddc74e3650fa2563,e74996f54c2ff5dfb512866670314a57c44712c2137e56cdff8cca9d470a4ee6,Cats/Ringworm in Cat::ringworm1,train
Cats/Ringworm in Cat/ringworm1_jpeg_jpg.rf.O5MPaZvrPQEOGfRqqgyb.jpg,3,Cat - Ringworm,split_group_0d309798d34a6736ca631607,d35c14a94a7a845d41e8aa9be5a5d9cb39f6898df2b3603eccd35d35457122e5,49bdbde0726dae88582b483900db359a4dcef8485b0577089b91c3983bc69415,Cats/Ringworm in Cat::ringworm1_jpeg,test
Cats/Ringworm in Cat/ringworm26_jpg.rf.AePwUsmAnetOopUW7YJB.jpg,3,Cat - Ringworm,split_group_770d9e7e646f5fc277038e9a,b4245a0c7b2ef678249b35dba39a56c244fcb0484d9bdb3783a3b050bd11eede,2c07b01d99b6be4f546112156c13fd9e411762cb839c128c80e9cdf792376e6c,Cats/Ringworm in Cat::ringworm26,validation
Cats/Ringworm in Cat/ringworm27_jpg.rf.W1ojygilMNcWDlrb6gn0.jpg,3,Cat - Ringworm,split_group_e2cee9c2537ffb7e2b3d2a82,b77a942800152a25d41fb0465b497bd4a400cd5bd9790cf43b1866276cec96b8,4e00ae32d63206949b4c750fefa58c8912bf8ee0ed48efa79477233f5dc0a812,Cats/Ringworm in Cat::ringworm27,train
Cats/Ringworm in Cat/ringworm28_jpg.rf.FXegzYWdN1l76QFuG3Fq.jpg,3,Cat - Ringworm,split_group_a191305f27cfd003b7327cf7,fcf25c1d04dbb86e8dd26009a1d9b5985daa6079175cbe0f87e5824282491ac1,c6d00f6b4ff60c0ad99865d01eb8e870204adfe0676a7b1963ff6a0fb866eba0,Cats/Ringworm in Cat::ringworm28,test
Cats/Ringworm in Cat/ringworm29_jpg.rf.VTsDWW9hdPxAaCI0TAnp.jpg,3,Cat - Ringworm,split_group_43652633d7edd5c9d856982c,d33530bfe71c6bb334e7fabf8e073036f317c5131d328c154b0b236a48901c3a,20d8b1d55abed02bba97cbc8aeed661735a4cd30cb21670299eb016bdef113fd,Cats/Ringworm in Cat::ringworm29,train
Cats/Ringworm in Cat/ringworm2_jpeg_jpg.rf.Jo6t9axDGuyfHSiqB8gj.jpg,3,Cat - Ringworm,split_group_f6a460c27336298b65c0cebc,4c3f5294c90a0803fd26618b69329ac945b992e8d0e4d57aa0e76f88b7e7b3cf,10f42ba35398135ac1ab5d05c86300f9b74f2f5a2f7a4dcba226edf0c451d010,Cats/Ringworm in Cat::ringworm2_jpeg,train
Cats/Ringworm in Cat/ringworm35_jpg.rf.ANIYKkHqe4kiGLjm5iRS.jpg,3,Cat - Ringworm,split_group_4dff113788b89be79a7a62c4,e7b27ec21f1423ac6953df796cefff416cb5e5b42d31901678e2db47540523d8,f10c7e1ff1b17fd8c7b44e5377debc972b6ecf64b51b40ae94b961d654466648,Cats/Ringworm in Cat::ringworm35,train
Cats/Ringworm in Cat/ringworm3_jpg.rf.BBKJ0woXRc84oLDfGEnY.jpg,3,Cat - Ringworm,split_group_01878dcfd92b454c0b6eb651,e81c0e2e27cacbcded4b5dcca2235262790204e8b0a9ff107d55a88de671d4a4,f36d50826fdd372bb234d2af71d8f2470b8cfd0fb5b8d0a0a16d08a379a28be7,Cats/Ringworm in Cat::ringworm3,validation
Cats/Ringworm in Cat/ringworm40_jpg.rf.7tki5reli7w8d9TIxXDf.jpg,3,Cat - Ringworm,split_group_00a179d6ff1b2d5b7a24725a,8ad2e3c6d8996559a2ab3b7684b0dc6e1ba097e8a40164f532527cb47ebc5cce,21248c34f30564c19b5af93fa4055eee3395ba0ae3d01a5e52e723ac19c3b9b8,Cats/Ringworm in Cat::ringworm40,train
Cats/Ringworm in Cat/ringworm41_jpg.rf.cL0qFSgSAuXG1jkefCLs.jpg,3,Cat - Ringworm,split_group_a456daa1b831c2c586894edf,8de07cf2d4b7314a6b2d15a781e551be65cc8f9a71565aec9c0e053addf96dfa,2a04edf49b2cb4e5134fc8292faa57b6384f2b75249af2f82b67f1db6b981fd6,Cats/Ringworm in Cat::ringworm41,train
Cats/Ringworm in Cat/ringworm42_png_jpg.rf.WufsrG1TbWkS0F5XZcop.jpg,3,Cat - Ringworm,split_group_2ba2aee25d70d800787e40ac,eaa534a08210803979e75d742c3598ad1484a6d17dfe6dd04943fd98088aa0b3,0bb8ec4d13eefe1b3831138737ffd3e1b92dcb7ff2a07aa61b50828b3efbbc55,Cats/Ringworm in Cat::ringworm42_png,test
Cats/Ringworm in Cat/ringworm43_png_jpg.rf.ovpCrOKuA8CQzqeOIwry.jpg,3,Cat - Ringworm,split_group_04327922302edf901e6e2805,59c75d488eaa740fece9eefc096893bbdaca1ddba7ee1f044bc691a1bb8c7ada,419d563ad32d9229c052863a2ee628bbdb27758dbd76de6930218ac5780d74e9,Cats/Ringworm in Cat::ringworm43_png,train
Cats/Ringworm in Cat/ringworm45_jpg.rf.2zHGKDCeNUA759W7Z1dH.jpg,3,Cat - Ringworm,split_group_c943a3e8e7eb378e17b70f27,7beb34dcc075a69dc8acb699a5cfabd506b8eadc730c6e93c66d2972b069b80d,28c93367811ebf9d348a1fa2ee2e8a9c83b40b3072f0cf4ed4bcbc2240c3cf9f,Cats/Ringworm in Cat::ringworm45,train
Cats/Ringworm in Cat/ringworm46_png.rf.9SmR5CwwPpwHinOcqr0Q.png,3,Cat - Ringworm,split_group_b9450d4fc83aecdaac7b0389,e7069a90270c5af7073117fd27156c26ac323e2c7f67317c54d8fbefb0a2a178,47a5aec4fd97aea1f6f125e0f13f93ac04ef2b8d594bd305661fbd3acefca5d5,Cats/Ringworm in Cat::ringworm46,train
Cats/Ringworm in Cat/ringworm46_png_jpg.rf.7nrkcMtkaRrPQsEU2pm6.jpg,3,Cat - Ringworm,split_group_cf4f03f92dff8355c91665f9,94ffdc856459884bd4fd58101c9530bb9db1cf4bb2125ba28f1bc9de68331a8e,08bea91e3d6433a71f8d7b8fef2c9568f281461e72128618a9771ee317183596,Cats/Ringworm in Cat::ringworm46_png,train
Cats/Ringworm in Cat/ringworm47_png.rf.E8EykCPmFQGOe6iHzx93.png,3,Cat - Ringworm,split_group_b6c7cddcd341ddb5562bf15c,a831dcf2db1296276376c5d5692d95298348f17f9f8094f65537cad5ce616d40,6fde71d204b7bb30ab76825b4d30f02aba78e200c0496512798b2545b66a6a81,Cats/Ringworm in Cat::ringworm47,test
Cats/Ringworm in Cat/ringworm47_png_jpg.rf.PcaPQ5eNj0npREGyncoT.jpg,3,Cat - Ringworm,split_group_b6c7cddcd341ddb5562bf15c,3f27c7d022825ee47bef0a73925f0ec8ac2247c66a70e0bd71858327b8320496,8b31e12e562f8da16e0d3c20062889ad7cfb26d7a0516d059f1a18de2117b15f,Cats/Ringworm in Cat::ringworm47_png,test
Cats/Ringworm in Cat/ringworm49_png_jpg.rf.CxBhv0Ms1xTNEaLuVy65.jpg,3,Cat - Ringworm,split_group_5793dc4f4512d1db61688f2f,666f8a5cbd0186957e0680c6f2dab9c8bbd3cf85850c5bf85599b0032d064811,84f6d1a49d3c68a75c5d3ac153b11195e340af3fe97106c18283f4e3feba41ce,Cats/Ringworm in Cat::ringworm49_png,train
Cats/Ringworm in Cat/ringworm50_jpg.rf.QIIInAGvOhQ1T4tTrmUq.jpg,3,Cat - Ringworm,split_group_1d054cc64bc65381a4be1acd,dc4392561fbf92e07b72fc976c7f45e48362fc9c446e244f7164074071138616,41d11e43e795d622f94994a628cb70fce95e71bba4b8caff6ea539f851630cd0,Cats/Ringworm in Cat::ringworm50,train
Cats/Ringworm in Cat/ringworm6_jpg.rf.WM9FfsxstG5jjMN9JGWU.jpg,3,Cat - Ringworm,split_group_5c8f87cbb431c458f88abecf,12f28a7a64e02e22f014aee4e2d5d6fe7aaf1d063916b91af3f07910c14385e2,1178acbb38003093c45bd475db2b4486ce5aa1b29e7bc4ca9a5836d8383295b3,Cats/Ringworm in Cat::ringworm6,train
Cats/Ringworm in Cat/ringworm8_jpg.rf.iSmLRxybE4u6fR7nWnoL.jpg,3,Cat - Ringworm,split_group_457179062958b6b49dc7a011,a95fdd0a4f7093c94d21b376a045090b2f573a8d21a46beedc4fc4001d034a78,dcb6a0ce1d73c72d2f4b13fb6f205c2e15e78906e04c76ab8b4585ad1b4ac834,Cats/Ringworm in Cat::ringworm8,train
Cats/Ringworm in Cat/ringworm9_jpg.rf.UtQdgzZTba8XV4f2swu9.jpg,3,Cat - Ringworm,split_group_b2853dcccd7d5d00bf66f9a7,91273ee309754c5a0e6ea4eb83e934112244be5bacfbe8e4e3cd37a2cb3bd6a8,bd57c099d15aac7afafe3c75d86bc455cd8f6e006ce0ad9c8101961bf8a1a5e5,Cats/Ringworm in Cat::ringworm9,test
Cats/Ringworm in Cat/s5_jpeg_jpg.rf.Yre1fEpmYX1RUNP7RxMR.jpg,3,Cat - Ringworm,split_group_d3c1f8502bd949ffae20fa6e,c2b0f9a5d952d90339fec9ef806a3e8604b7a0ff6941d2b85c1e45fcc4c78b24,3726cbb0e7c218944cc7be620a6add1afc4a2b3be9e481b56135770d456d63a4,Cats/Ringworm in Cat::s5_jpeg,train
Cats/Ringworm in Cat/waj14_jpeg_jpg.rf.tWXlcCfCPgjD2CCwZQc3.jpg,3,Cat - Ringworm,split_group_7bb77c8d2db65f7bd03b8548,8b12613fe5b92db1a5a288c2e7487d5b756d5293f50de07a4b82bf865323967f,43a7c4e02334bce06c5318c72b7d26b0fae1c9da69ddac434835390749d72057,Cats/Ringworm in Cat::waj14_jpeg,train
Cats/Ringworm in Cat/waj1_jpeg_jpg.rf.tt8xVKu8RZixIoUng6z7.jpg,3,Cat - Ringworm,split_group_c6c0503f953b28ac29ba2dd5,d7b6f0fcd61a8a3b653c0160dc8b2a1cd41abd4cce6adb032a38b366edfecf0c,88f6e78dfe8043b83a20df13b0562e6b7a4d87c4b035f857bd2e3e96439e4f39,Cats/Ringworm in Cat::waj1_jpeg,train
Cats/Ringworm in Cat/waj5_jpeg_jpg.rf.Vmujt0ZY9T0KnOANj5XI.jpg,3,Cat - Ringworm,split_group_ac802d05e138879f23c6634a,b71eee8eb608e8924b63e72726a735c0277a797240665073c4beaa2e9b761e8d,ad620ac68c6600ca72478fdac206602d57b33321a0c9e1e38ed5d00b2de31a77,Cats/Ringworm in Cat::waj5_jpeg,train
Cats/Ringworm in Cat/waj6_jpeg_jpg.rf.WvqkVhSBLMTojL3h6jLa.jpg,3,Cat - Ringworm,split_group_0639ea4ace910abb8e949e3e,90277ed3ab32b5c5b0b0a8c2c8bcae1ec9f7b6039c822ec7bf3e2d15e166f919,04fa732eb4f4982684ae96cb67c496f6d6722bdf140ce0b945a8f43b93f2d93e,Cats/Ringworm in Cat::waj6_jpeg,train
Cats/Ringworm in Cat/waj9_jpeg_jpg.rf.sSq5ttpwRwwTfQFGDMlL.jpg,3,Cat - Ringworm,split_group_ccbbe1073427c9c692247ff3,c1a53dbd92a90059c46d5be482b5f4ccc676623d12f66cf3be1ee1f7788a5315,e33620547cf886b4d253bcaadc510d4a754d5e509e0f6d286885c7acff78d131,Cats/Ringworm in Cat::waj9_jpeg,validation
Cats/Ringworm in Cat/was4_jpeg_jpg.rf.lqUjanwnMILijOMz1TfH.jpg,3,Cat - Ringworm,split_group_4d847f4f4a8f256b827deba9,a704443e61007842d5008cd2ebf35716ddd0394122256fa8f390fd0d89bdfe54,7762a82110cf87eafffd7475c66774db6d8a76d2816b5599c579aefcf044b999,Cats/Ringworm in Cat::was4_jpeg,train
Cats/Scabies in Cat/Image_1.jpg,4,Cat - Scabies,split_group_0e7977bae9f29309f3c52e2f,58e394586e68e6b57fbccb0777fc585b94c8505b495b51cfd37e261d491874cb,7cd9cf68f94f2c1f7fc3229ad6765a67f6f1075bf117058ac26b14cd0f088309,Cats/Scabies in Cat::image_1,train
Cats/Scabies in Cat/Image_10.jpg,4,Cat - Scabies,split_group_a1ae816f4a16034946614051,9c9c1557fa4e2ec27aeac3dbdffa7039b08fa6a179b5ff0a1ecb2bb465cd2bd9,341f0fa9e8c05388996fcc27b8cf2bcc49d22959493012a37938e3009e67c328,Cats/Scabies in Cat::image_10,train
Cats/Scabies in Cat/Image_11.jpg,4,Cat - Scabies,split_group_ccc16ef2dfffac27e2399fdd,e9ee6d8111f88cd4ac120cbba4b6032494114ce7f5ec222c61d8e925970e0ee2,18b19847cfb0ff226eecb6758c3a0a1caafe96829e83fe125b8ed3d3d1ab3c30,Cats/Scabies in Cat::image_11,train
Cats/Scabies in Cat/Image_12.gif,4,Cat - Scabies,split_group_6f5f777342f65df4f528d763,a969ea99d5be4e8f4bc6cdf6f8bc27d79931c767d276794141b2078e02ee54ce,72d5fd18c44d18d1da25b81b517b6de390393590fe4ebe233558d4af7c03f96a,Cats/Scabies in Cat::image_12,train
Cats/Scabies in Cat/Image_13.jpg,4,Cat - Scabies,split_group_e741db59342bc950cb81562e,61315477285a24070883f021424ae2643d477796d1f7c62a1494243ae61c2281,c63d8f8a402df5fefc484088e13b68617932a5d826a911c7d61ef4ccc0f6f70b,Cats/Scabies in Cat::image_13,train
Cats/Scabies in Cat/Image_14.jpg,4,Cat - Scabies,split_group_728dc20b794bc362f3fb9593,b8ba3479f34c882286f32aade9295138f5c85271701b3d4e18477cd9826dcb46,1d749a297ced4f6dbce270259e5e7ae2bf862c483acc4240a2b14fd566902855,Cats/Scabies in Cat::image_14,validation
Cats/Scabies in Cat/Image_16.jpg,4,Cat - Scabies,split_group_4d37984aa6b1a45fe522fb14,015a5a06db50676e3e1ab04786ffe670b333c3d53835ddef807df2e7e5a0360f,38e4117351b32fe4f22d92df7b90e66870fb4865efcb5a5a55ea8af870e34798,Cats/Scabies in Cat::image_16,train
Cats/Scabies in Cat/Image_17.jpg,4,Cat - Scabies,split_group_11d411d5c346e655bd328112,9aa86916ebf7362b02077ff8794d66687236be651e23f66847689fb3b51f5095,92f02832051eea71a0e0ca1a2a3673127cb074ab0a61b5cbeeed686743b51e86,Cats/Scabies in Cat::image_17,train
Cats/Scabies in Cat/Image_18.jpg,4,Cat - Scabies,split_group_94ba0a697d6b42ecf7ad4cde,9867c2b241b0f0d560de709773160cea3e2215c6c2d162f9ef30eb14b575c474,eecd05fb1557631c8a97d23551040774fae8a1a5097d98165699db4bac37b785,Cats/Scabies in Cat::image_18,train
Cats/Scabies in Cat/Image_19.jpg,4,Cat - Scabies,split_group_d52c9cb5821f555718d5b606,3458e8b0dec91057ded431e5762bf3c0cf45ee19282504ceb0798c6fb546505c,ac60a924f5e9019e2ad7f14c31042f67048c20b7ed0490630317389e76c130ec,Cats/Scabies in Cat::image_19,test
Cats/Scabies in Cat/Image_2.jpg,4,Cat - Scabies,split_group_ccc16ef2dfffac27e2399fdd,bbeab12efbeb43cebd9e849d44be3d571e5f66cf64a701d11ae50db8ccc014ef,7c63b6e7130ecbcfda4e9758a021bc6753cabedc35e2a46cd386a1da01f9ae5d,Cats/Scabies in Cat::image_2,train
Cats/Scabies in Cat/Image_21.jpg,4,Cat - Scabies,split_group_4ec8843c2e1aaf20512e8ef6,6e6750cbe05fbd93dfa8ba65e472dcf09274a7f68159dde785f8c7db5624cfbb,9f917bfb8c2c292e43758a9ec3207a0012d48f0723a73cce4d01a721e4d260e0,Cats/Scabies in Cat::image_21,train
Cats/Scabies in Cat/Image_22.jpg,4,Cat - Scabies,split_group_7a4c5ffbfa0d259a346c9f7b,0a5ac74dbca0d2a6deaef346b8379a208abf6a1f2bdd857d3fb758e32d5ead33,afbcfe3d0b0716a8091c51066b72bd0fb20de239ddd98f63a34dcd6c99958f09,Cats/Scabies in Cat::image_22,train
Cats/Scabies in Cat/Image_23.jpg,4,Cat - Scabies,split_group_42d4517e4ffd685ea8a0c310,29d26d9ab1b1ecc209845d2423bf3c70a37f2eac050de41a67aa1752e1f97ecf,f8b09a7960992b9eb9a579579aa51a91f43a7b60b3ac3bce68515ac1502b97c5,Cats/Scabies in Cat::image_23,train
Cats/Scabies in Cat/Image_24.jpg,4,Cat - Scabies,split_group_6c61ab9ba9bca4f2bfc6ae48,1963d05af252c89c32a20b21b365b0d0c89b9eba1d94cc478bcb2791521bea10,a1cc0e385192e487e60e09833fc98b7c8c1bd2b7eba650e023961420a6f452ae,Cats/Scabies in Cat::image_24,train
Cats/Scabies in Cat/Image_27.jpg,4,Cat - Scabies,split_group_7b1a1fc132dd9c1074475be9,6c470b81a4d0289f0628fc401880e363848821d6a637c14cb3f9698cef57cea9,eebacd3d879974ccbbaec1300544e04c0d1adea12a26b4d90ea3c4ded7cc0b62,Cats/Scabies in Cat::image_27,train
Cats/Scabies in Cat/Image_28.jpg,4,Cat - Scabies,split_group_192346b8652cdffc040a76ee,55cae39638b3d266ef2730500f3dda67cf6f33ea3701f2bcd2f27be210f540ff,74af80e37406e3adeb019e4809efb878bf75a3ae714981ed1ac56adbe3c4c2a8,Cats/Scabies in Cat::image_28,validation
Cats/Scabies in Cat/Image_3.jpg,4,Cat - Scabies,split_group_6c61ab9ba9bca4f2bfc6ae48,453ceeb1781ce0d9a8b66f1148cf243066d83447c73a065445ba43961b80ec36,a17b972d45db15a1c6b5ce1efd181b699dabc5b909a50fa79d491257be9de2bc,Cats/Scabies in Cat::image_3,train
Cats/Scabies in Cat/Image_36.jpg,4,Cat - Scabies,split_group_b52a0ba24e5ff2e5919b624a,ee11522ec0c96af8130dcc73d490ddb1621e6d3e5addb4603ea72fec5a5d2705,9b4750aad8718a4775c4215d7a0d1dd862404a7f960c15c7e57bffe7d59cfdeb,Cats/Scabies in Cat::image_36,test
Cats/Scabies in Cat/Image_39.jpg,4,Cat - Scabies,split_group_bf7c6949b45a6c01dfc83afc,7078f18bacc97dd7d8699a040c2b11a083f78738fe2dcc25d18d2e06b41918c5,d0c996f9b8c6d3d23f31964e0dda850172822e5e00369a931f1556bcf478edd1,Cats/Scabies in Cat::image_39,train
Cats/Scabies in Cat/Image_4.jpg,4,Cat - Scabies,split_group_e1c851b8c4ab14524afac0a4,018ccb0ad3769b834592a671b293bfe31f6de5ec5c5767e4ea463a6d7bc7d8ca,c8eca3356ccfe8bf4f5841dff2c455416c4d5a11a4a8c329e2173b44428dc93f,Cats/Scabies in Cat::image_4,train
Cats/Scabies in Cat/Image_42.png,4,Cat - Scabies,split_group_70e605ac6d5c10623bfbe8ae,fbc9c3bc03f19f9eab8792831b4b998d1c29eecaccf2ab85f10661289681be1b,7ddf692b38ec2a9d76d9010a2c004fadde65efc80600373aea7e2ef9e28b02da,Cats/Scabies in Cat::image_42,train
Cats/Scabies in Cat/Image_43.jpg,4,Cat - Scabies,split_group_cf269506ae271ca9e18ac73d,2b22fd1d90a9414d71ff2775a95c18027c3140202f4ecc543c54dd4752d95769,55b99091ad81374e6e17f71ded0007757d0726ade5b6bde3d436a5d1862c73fa,Cats/Scabies in Cat::image_43,validation
Cats/Scabies in Cat/Image_44.jpg,4,Cat - Scabies,split_group_ed3878a4f39642bb65012076,8b45b244996d28f14ad3af524c771e6d3375aa22092e36419bac1701e1938322,5431d032b11df0d856a9e562b7e65efc1bb7eee31696c17933b0f43f6ff3f2ed,Cats/Scabies in Cat::image_44,test
Cats/Scabies in Cat/Image_45.jpg,4,Cat - Scabies,split_group_728dc20b794bc362f3fb9593,8127bddb1f52889a34017e64033524bdabab2e2bc3446e395da660d0755f3f63,5e45d90adbfd7192b6733413d68037263cc07a7110451f45b497d6837e11d0f7,Cats/Scabies in Cat::image_45,validation
Cats/Scabies in Cat/Image_46.jpg,4,Cat - Scabies,split_group_0293e7c1afb4e27211ad5233,853c484207707aabb575ff71f5c844b7c583496c2fa5db364164dbef02ac18b0,1c0d34df5e6cf33010f5b0fc31199eaea33fe161a7e262eb870d54084f734600,Cats/Scabies in Cat::image_46,train
Cats/Scabies in Cat/Image_48.jpg,4,Cat - Scabies,split_group_d8cbd10c873c2877cdbce4fb,79413a9f279014c590ab7b633b39c301cd0301b77422be9a02c4309848d8f4cb,a4a53fab2764fc700d67e311f42c3504627f116f83fd8320ee02d67e2b2f5f29,Cats/Scabies in Cat::image_48,validation
Cats/Scabies in Cat/Image_49.jpg,4,Cat - Scabies,split_group_70a7dc54692291b7310b0601,b51f320e8330dcdcdd26170ca0de811f3e21045e8d00c37795f1f9b1a3dfe8c2,51aa781ad1f72d64979b8cdd2a760dfa053446df4cbaa8b10a8f5c44b0e2f9ad,Cats/Scabies in Cat::image_49,train
Cats/Scabies in Cat/Image_5.jpg,4,Cat - Scabies,split_group_4c65eb17ba5dfef20ee83c11,2743d17e051628336ba50b23731ab3129c2383e2b8b0db5756a8fcbee4a36c0c,e0693dd5491caf540e95b4c2dfe4e32456009d15593e99da960df61833ea31d3,Cats/Scabies in Cat::image_5,train
Cats/Scabies in Cat/Image_51.jpg,4,Cat - Scabies,split_group_f8760153436b2484c82aaa8e,d7f1a92850f25615d0d70a3c0dace85939b3106c8abbc687485feb5bb2ddd250,a044256717a94a3e3e5d9c7b112b2bb49a1d32ec5e8d89ec81266739a780b031,Cats/Scabies in Cat::image_51,test
Cats/Scabies in Cat/Image_52.jpg,4,Cat - Scabies,split_group_a5759609b78913228c44870e,b472ccd91ad45278dcf5125167dcb171540a768773d41038ac8a13f3b8232a3c,cadb119899cb9e5367f60988775d1d3497ab7038b52c93f461c0158713168b65,Cats/Scabies in Cat::image_52,train
Cats/Scabies in Cat/Image_53.jpg,4,Cat - Scabies,split_group_dedd26fb34ab349af82b726f,cc8bd618ff2e982be80893ee715c1bff827216a81aa6a9964bf5384baf5569bd,0e1a678ef2a28dda1fbb3185e56e474dff51fd307d3f129c561663d2a795d8a4,Cats/Scabies in Cat::image_53,train
Cats/Scabies in Cat/Image_54.jpg,4,Cat - Scabies,split_group_bfaf0778f87600ec4ff2c59a,5ecb99708d43db7f0522a447bc387cf2aabcc9b4f79efca4bab00a5f98f7e502,9b132f0fcfda21578e8a60e7c500b5e4b157b7954cbfbf8691411a06678b07e8,Cats/Scabies in Cat::image_54,validation
Cats/Scabies in Cat/Image_55.jpg,4,Cat - Scabies,split_group_2f37fa63d4a654f0dbd7cba0,876b7078679459443a9fe434f527cf9a4d96d579e6129124aaa70eae84d1f05e,0cdc5740e766478ffd9bc72de99dd9c2d5e4a124df831021b33026fba3309b22,Cats/Scabies in Cat::image_55,test
Cats/Scabies in Cat/Image_57.jpg,4,Cat - Scabies,split_group_7a4c5ffbfa0d259a346c9f7b,7916b27942905beab2a5b7e98728b7f1c2957259bcb23400d928b510bb49f9f9,dea67c18e14410cb95289abe5ce2ae4b36286361d1adcea7f7ca08eba024c452,Cats/Scabies in Cat::image_57,train
Cats/Scabies in Cat/Image_58.jpg,4,Cat - Scabies,split_group_6c5b0e842582d5fc78288480,3a3d8ef0171b410f1014c30ebd2b5d6aae9ad30aee6d9f0a89d77df798f01f45,90c9406fcadbd347c1456c6ffe397698825a16d4451881910f4132b922c9b064,Cats/Scabies in Cat::image_58,train
Cats/Scabies in Cat/Image_59.jpg,4,Cat - Scabies,split_group_db627f592e996f41c41cea26,fed4dfa743009473ae64cd53c83d32dba1193a204f07ba32985393fc0ca3e2bc,97b18b1673c088560e84ce69515b551ced93ba57b6761f9e97ddddd304a0f3ed,Cats/Scabies in Cat::image_59,test
Cats/Scabies in Cat/Image_6.jpg,4,Cat - Scabies,split_group_d312a5f219bc9d07b7b831c9,67c5b9b00c1ae2231e405fd221db7cae504f60341be53ddb958ffe91b3009776,12783c77c66c4b2230f6e806fe846a85788c963b146751d71a57352929bc7f9f,Cats/Scabies in Cat::image_6,train
Cats/Scabies in Cat/Image_60.jpg,4,Cat - Scabies,split_group_a683e673ca4d958074562c7e,8fb4443ee9536376e9d441590a0f30e693e6e2d49384e1a773344c6bc29d084c,551d392f99d2c9421cf469c85bd2b69c6371cbb09a077b3c6c44c2ecefa35994,Cats/Scabies in Cat::image_60,validation
Cats/Scabies in Cat/Image_64.jpg,4,Cat - Scabies,split_group_330a69a8f6958f6f5dbed194,ba0c21bd952ef3cd4cc21fb61833863d066ca656802172629cb7c9e29abea893,556fdc203dd3ea7b447a4e6a4f8e794b38a357aab654eb4fbc0d851908d2474d,Cats/Scabies in Cat::image_64,test
Cats/Scabies in Cat/Image_65.jpg,4,Cat - Scabies,split_group_daefec66b4da72673403244d,70ee788b247f554536da2d55ce9e95956399534eb7ffb89656f6d237ca3523b5,0aa03ef290274181be4a47f1642dd3ac9566f1a68fe82b464505a19359c1607a,Cats/Scabies in Cat::image_65,train
Cats/Scabies in Cat/Image_66.jpg,4,Cat - Scabies,split_group_471219c9c6dbb3dc1a7d1724,a002d9addfc170e2d7706f1d813fe1774ff151b1c5d6d75bdf7e2eaa2cd50e7e,71f54b1b45e23df83f0394629824471076aab549f9436cb8925c7cbdc96880f6,Cats/Scabies in Cat::image_66,validation
Cats/Scabies in Cat/Image_67.jpg,4,Cat - Scabies,split_group_d8cbd10c873c2877cdbce4fb,db7a805c9d1404eac2265ec7368098cebec0ea278a555a5e93d23904ae6cda9a,08fd3f254d62c88fde8d9ee4ec10c3f3ea37ad6a897e3827774d70cade42cc6f,Cats/Scabies in Cat::image_67,validation
Cats/Scabies in Cat/Image_68.jpg,4,Cat - Scabies,split_group_1741739129fcca62ed9d709e,41d9efad570a035400f86d7d5d1fb46831bd57a481de2ad493c7f1e63cc97d9c,da4b17e3c42c7259591beb7567c5308f6ef78e9bdcbfccc4c14e1c7e359a088d,Cats/Scabies in Cat::image_68,train
Cats/Scabies in Cat/Image_7.jpg,4,Cat - Scabies,split_group_d52c9cb5821f555718d5b606,0bf8b046c498e8698393d7c48f17fd7d5598d36ed7ea2615295f969b2c7b4b47,6b29dc2599f033b1e44cab7f6e86d5b8b7d97c631c9a45492593689cd010edfb,Cats/Scabies in Cat::image_7,test
Cats/Scabies in Cat/Image_72.jpg,4,Cat - Scabies,split_group_f16f9df5ef8717f4c5110e07,36c42ed34fa20e1a862bcbab7703df83d7df75f318c62a1d135f030940752407,af2b21f907289e1aac1096c629454e22f84cb7aec3232fa6bed9facd0769b3ee,Cats/Scabies in Cat::image_72,train
Cats/Scabies in Cat/Image_73.jpg,4,Cat - Scabies,split_group_d52c9cb5821f555718d5b606,3e963f135aa00ac4058d3f81a4e2c364dd35a1313eeed59f47ed78be25a16f65,015c44be1fa320a54c87ca4746411a079e2807c6df199dccd9c01ecfed2b7cd8,Cats/Scabies in Cat::image_73,test
Cats/Scabies in Cat/Image_74.jpeg,4,Cat - Scabies,split_group_e7dd15e0f7079538cd5aebc9,a5389d39e936ba8cc0fa77e3204d6168c2e64287bbb7b8886e7a818e2e3b1e3c,cad67650c1e95a604b228cfab1056c69f68c03b0f33855f1fd1fb376cd9a7d7f,Cats/Scabies in Cat::image_74,train
Cats/Scabies in Cat/Image_75.jpg,4,Cat - Scabies,split_group_a3e567920041cb58eee3b894,663096a261089fed048dfcc912133c23c27c8564640c82ad7a142cebc6c59925,371763b6c11fbdbef13e6687d7e1cd1d2e088c18a88be92bfec4c591a1137683,Cats/Scabies in Cat::image_75,train
Cats/Scabies in Cat/Image_76.jpg,4,Cat - Scabies,split_group_a8dc84c685ab9b9b9beff1e0,01e81ccdd44ed2504cdfeefdc026c5b095bafa04dbe209d04fe2afac40abf908,8a4d2e1d7f322eeb53ab1b040299c6c66dd8f6d79c459232d0b401b893847106,Cats/Scabies in Cat::image_76,train
Cats/Scabies in Cat/Image_77.jpg,4,Cat - Scabies,split_group_3dd9acce419040fe8ea66f03,24088f3c76cd32be771819b72b2017c3c09a2767000de60eaa952ea7ef96a3df,8fd181689359b80174fbd337940687697ef254e168e0a9879463c871e1d44e5a,Cats/Scabies in Cat::image_77,train
Cats/Scabies in Cat/Image_79.jpg,4,Cat - Scabies,split_group_feb738a4da776583aa724c67,c6f8703eff7f9dcae062972e737032c781160052dffc6ffcb80b921f936c71bf,2608d4295d1b1c85802b220bca60f5fbbd69f43ebbb3afcdfb9aa93f9eac1bd1,Cats/Scabies in Cat::image_79,test
Cats/Scabies in Cat/Image_84.jpg,4,Cat - Scabies,split_group_cdb17ddc75bccc75bd17a4f1,3143d72a25d2599e6152ce041a8990fb2fb711ee41fd96a2ba2350106f7b89ca,853664b7beeecf055266996e79304ef9dead42abbca9395aa4fe33b786bfda03,Cats/Scabies in Cat::image_84,test
Cats/Scabies in Cat/Image_85.jpeg,4,Cat - Scabies,split_group_ccc16ef2dfffac27e2399fdd,dfaf8c98b681cad5fedbc35d5cc21eda79106fda780b9990a7a366f895d78e2f,2c50bb837c3b0771597c7dc3f10e8cded586d114c6887fab836f4c78644e423f,Cats/Scabies in Cat::image_85,train
Cats/Scabies in Cat/Image_89.jpg,4,Cat - Scabies,split_group_5fbdf772aec09c52a89f08bf,a8219f4426c47265687069ecaad02444ac22530fac0516db6f5533447da09261,8ef11b1821310db0bfd3ba5eef28b73390d14196fd13d6d5f65f5e986cfa543a,Cats/Scabies in Cat::image_89,train
Cats/Scabies in Cat/Image_93.jpg,4,Cat - Scabies,split_group_d160ab56a796e484e38c8e0e,2df82ac908b6662ec662654fd0cfbe068742fe7e5846db1988a26cfa9955a1b9,1fbe31c2f6278ad5ff656e76821db68c8ff5d07a0faaaf51384e462e2131fa32,Cats/Scabies in Cat::image_93,train
Cats/Scabies in Cat/Image_94.jpg,4,Cat - Scabies,split_group_d8cbd10c873c2877cdbce4fb,14f28e0dc95cb468100bd006110a0e8f968176c71d9d81a47b1cc738f41163f5,6474d8b2c7fca9f4c4c20a1a400f0063c414d7d535518917c6d1281baaf58740,Cats/Scabies in Cat::image_94,validation
Cats/Scabies in Cat/Image_96.jpg,4,Cat - Scabies,split_group_42d4517e4ffd685ea8a0c310,69c53e768a7bfd8fcde0bfa4e51f21cc47156d084314cebb8a1eeb854017e1e4,8648b76e0ce45fd3c7101d57d62bd407df2c74919201649a0a46ea0114d7b02d,Cats/Scabies in Cat::image_96,train
Cats/Scabies in Cat/Image_98.jpg,4,Cat - Scabies,split_group_42d4517e4ffd685ea8a0c310,2efb961c10f03782809af30e094b6de7338183dd8cdda77e60da27a065400a92,d771cd4ae69dbe2e34e0c741ee799bad89161af7af9f0721afa4c352ac96d779,Cats/Scabies in Cat::image_98,train
Cats/Scabies in Cat/Screenshot 2024-11-16 180317_png.rf.AIwvc301f1lOYfb3KGTu.png,4,Cat - Scabies,split_group_694c55c1635d33597dddc9f6,ba141cd7e468389c948cfe282a6f55ec93c756c59217334fd59cf048c4db6986,836e944e88408dea71e89c6f9526b5667d1190eb99ea5bd205c7c0060cab698c,Cats/Scabies in Cat::screenshot 2024-11-16 180317,train
Cats/Scabies in Cat/Screenshot 2024-11-16 180423_png.rf.A2CDfxf2f3EAXLW21d8v.png,4,Cat - Scabies,split_group_6d5d942c614fc53d13a36515,89228db41e14e8afd25a4b5e0e63ad2ab06e95ead7caf77513ce3155548db846,3f3ee9b57aab4559c45e48a6676298b90768a73e149cf231f0bfe129e6d0a891,Cats/Scabies in Cat::screenshot 2024-11-16 180423,test
Cats/Scabies in Cat/Screenshot 2024-11-16 180549_png.rf.3FKeQvXzsW9LP2zjBOXx.png,4,Cat - Scabies,split_group_08cce44ecb19c38eceba9ebb,b162c18f502354393ea0bfabb10c72ed4a45d7fbce745139af3f24b27a33aa01,bc5d86d2524c6094fbed967ff59458e4fed25fe60573c35e99571f56d480ff42,Cats/Scabies in Cat::screenshot 2024-11-16 180549,validation
Cats/Scabies in Cat/Screenshot 2024-11-16 180654_png.rf.eyKyl1CSHz2zCGCiuNni.png,4,Cat - Scabies,split_group_fcedab3713705f89af0f4388,ff63d78099a3d31fdbccb5bc8f8450aa5961c92ac251ab9710770c3546a0ab26,aaa6469cfc408945bb82bf681c7e43d4df357a32ee0ac245c72f2b57556deff3,Cats/Scabies in Cat::screenshot 2024-11-16 180654,train
Cats/Scabies in Cat/Screenshot 2024-11-16 180736_png.rf.qgTXP7o1D7SisTNsvHvR.png,4,Cat - Scabies,split_group_2fff06c96668ff40ed999f38,4cac0cbf23424f0e44aa563b61f75639a9434ba4e7b031eb78c2b4a69b332f88,8d931948a4d99039faf36b91fbab4a08bb2b26de7c6cba844b5e4575adb5f5c5,Cats/Scabies in Cat::screenshot 2024-11-16 180736,validation
Cats/Scabies in Cat/Screenshot 2024-11-16 180805_png.rf.8SZoZxGyJdpFWXBeA7iD.png,4,Cat - Scabies,split_group_ac356e6e9575c732958a5044,e319ae9fe9557dd7eda6f64da8f19da5870d1a473d80a6b3f42dc635efbd63e3,331da492512dce6f0fc655e7d9baf64341a07923cbeb3cbed723293b4c5e8bd7,Cats/Scabies in Cat::screenshot 2024-11-16 180805,train
Cats/Scabies in Cat/Screenshot 2024-11-16 180840_png.rf.JoCzcf2FR209oL2nbalG.png,4,Cat - Scabies,split_group_a9b3c2862dc9e8e2a32b3cde,fa4911ff966aa62dd16c588725d8233b4fb41dbfc5ec3434a1607fbe537c28e4,6a2700bdd619bdfef7148b5189c0e29a1f902c5aceebd68a51a1369b9868cbe6,Cats/Scabies in Cat::screenshot 2024-11-16 180840,train
Cats/Scabies in Cat/Screenshot 2024-11-16 181312_png.rf.8xygsJd4RQB4XmLTs8Th.png,4,Cat - Scabies,split_group_7cf969798ee51df0edfd0534,c656117647152b2c9287d1b98bf1508d5a12a3a8f7121796dea210b869d5fef1,cfb97dc3dfb082e58c4776beb4e57c13150693a61e0773c81f223a058ecd906f,Cats/Scabies in Cat::screenshot 2024-11-16 181312,train
Cats/Scabies in Cat/Screenshot 2024-11-16 181330_png.rf.biTtcPWyJp7eGvcNvjdR.png,4,Cat - Scabies,split_group_529cf2ba443077c18bb2d47e,7b35b3f737728b935b98a72289ce7996b27f07259b9c29c8186a2d460b7b59ce,d844e8041b14f8d324842796e65a53eba4a74d38c42a432b86ae990156c8f61f,Cats/Scabies in Cat::screenshot 2024-11-16 181330,test
Cats/Scabies in Cat/Screenshot 2024-11-16 181635_png.rf.BvCLASMd04pbRUrKhmJT.png,4,Cat - Scabies,split_group_69890ed056fc378581aadb22,4d35eea28a708a09b752932c546564d00bfd0d06a5cfdbf6de7a2cd010c66f34,24fd5fc64127738887d05022ba6c44c90cdc92e0114a4cc5af16e1840c91fd5e,Cats/Scabies in Cat::screenshot 2024-11-16 181635,train
Cats/Scabies in Cat/Screenshot 2024-11-16 181659_png.rf.tF0Oajb0fP8xGDKfH7GC.png,4,Cat - Scabies,split_group_7aef7a63f4514baa2160db4b,2bd02a0acca72838f50329affaee99ab06748faff77d2afb3a800dafc3e42726,26749967df1fc0b5d591cf672297541b91d385f51c04ec929c07bb3e82a3eadd,Cats/Scabies in Cat::screenshot 2024-11-16 181659,train
Cats/Scabies in Cat/Screenshot 2024-11-16 181958_png.rf.dMOUd5KqUDqA7cV6gBLF.png,4,Cat - Scabies,split_group_3b98b2efe8a49d33b45029fa,e359915690a640b34a4caa3545c2c8bd1d98857c7d1b15706271e4b2296c2d6c,207b0532019d93e66a63e005e30534e279b1bcb6471d24046d103e369edc176d,Cats/Scabies in Cat::screenshot 2024-11-16 181958,validation
Cats/Scabies in Cat/Screenshot 2024-11-16 182640_png.rf.bwbc7xDvmolbREVhTVP0.png,4,Cat - Scabies,split_group_4da794faaf881b12e0a6d8ab,627df558feafee06111ce7358b8b15936d510f8fd0d5d479b0c1fdfa1270231e,1904affd1b6f712eaaa6179c5ebd77130d221f77c738dc0c908a604a494e338f,Cats/Scabies in Cat::screenshot 2024-11-16 182640,train
Cats/Scabies in Cat/Screenshot 2024-11-16 182750_png.rf.w8EZGgfzUzll07UwRcgT.png,4,Cat - Scabies,split_group_85bb5db53201036e81affede,752512b990d58686c76fe000b7774c7d20b8e104ed597c7ff3de83937db14ba1,a3ba4abf1cd36015839909825d32d55cc8f85d803db37d09e6387dd2df364f50,Cats/Scabies in Cat::screenshot 2024-11-16 182750,train
Cats/Scabies in Cat/Screenshot 2024-11-16 184335_png.rf.d6VHoyAD2gh7cl8cBrz0.png,4,Cat - Scabies,split_group_ac689ed116ed799f6c7f1bac,bc7d000373826de7d4975100b278add636ee04c92b4d27c728384b0f5ea1d5be,172c61640f92b8438efb4a206e529c747454955f54d5981715b9b4f356bfa4c6,Cats/Scabies in Cat::screenshot 2024-11-16 184335,validation
Cats/Scabies in Cat/scabies1_png.rf.arfh1fG55bNpMrTHDrwV.png,4,Cat - Scabies,split_group_f0badfa08c2ca51b937d9690,1377ba8d6e8e9a755e948d9636b19c44344ad74b4e3dd969036c154778df21cd,e4e453545c169d7e0d6bf7e990b23698ef329adecc281249086af1c0121cefbd,Cats/Scabies in Cat::scabies1,train
Cats/Scabies in Cat/scabies_0001_jpg.rf.nMDb2SmJJwz9UfkuKfPI.jpg,4,Cat - Scabies,split_group_90619e4b0e3b9d92248c869d,ae3a47ff6556c2e868e8c9e950ca458fb3d9591716f14339d824dd1f9c9be1ce,4ea3a8fa00e389c6b4a5fb158a80c2c64867b090d927a3db94a7396cabb12883,Cats/Scabies in Cat::scabies_0001,train
Cats/Scabies in Cat/scabies_0002_jpg.rf.4Q5UkLgdYRRaTxtsmRIK.jpg,4,Cat - Scabies,split_group_90619e4b0e3b9d92248c869d,9464cbcb7828ab76bc372cd207f35b65bf5fc3a147a7947c834c03ad3dbbfa8b,7398dbeac6ef71a8afeb9b7fba46c617fa889380aa3835a9637fdcb4147899e5,Cats/Scabies in Cat::scabies_0002,train
Cats/Scabies in Cat/scabies_0003_jpg.rf.txaRKI1BEi0U9wj0ln6w.jpg,4,Cat - Scabies,split_group_ac954743123091f5f909b8ce,e806c569606232c98cd2a976a503b1f3b507317ed06fc767b8ebde6d8228ae13,ed2068709fe36b3356640417d2b18af86199582882325f35d6317c8e955a9508,Cats/Scabies in Cat::scabies_0003,train
Cats/Scabies in Cat/scabies_0005_jpg.rf.OMIumD1ir9dPRAdRzIJL.jpg,4,Cat - Scabies,split_group_03f90a20ede694e8f7522fda,b1fea202ea27af3ea0dde8852cf0042da3abf48eca7c5e4889319521bc58f573,c68daffdb77e53f5af4a2cba9f5d9e538f3c95717abe6750feadd16f991011c8,Cats/Scabies in Cat::scabies_0005,train
Cats/Scabies in Cat/scabies_0006_jpg.rf.vxJrhLuP5HvHfH7d8Xwd.jpg,4,Cat - Scabies,split_group_fa7d4138b93f6832b58f53be,451f0da4148b830d122c21250ec04376efea8e3cb0c0e9d07673acab55cf1fb6,65d6c1843e6d8a99bbacd52175925b7f9ba24eec84e37064882aeba206bb1422,Cats/Scabies in Cat::scabies_0006,validation
Cats/Scabies in Cat/scabies_0007_jpg.rf.T5tUAjO8ugvxYgF3waAP.jpg,4,Cat - Scabies,split_group_fa7d4138b93f6832b58f53be,17ba96ccd7bc49c4d836ec7fb1cce1788cb6d4daa6d8e909b609fc7d177943d8,f3aa0f3cfdfe807754629fff15031b941990f66d037bbf5f73c30485e3306237,Cats/Scabies in Cat::scabies_0007,validation
Cats/Scabies in Cat/scabies_0008_jpg.rf.DhSxoJZWgmqTTlSpaFLH.jpg,4,Cat - Scabies,split_group_55a4ea9c05798d8178e0838c,97eb439fe30914406be5e380743d027d1b47177ea4d161f3d9c17d5276991887,d377497d02916adc2d550da9b8976fd89eb74ba1a0a05a6172aecdfd92ea11e5,Cats/Scabies in Cat::scabies_0008,train
Cats/Scabies in Cat/scabies_0009_jpg.rf.u7MHGhExEZgoUstFD96b.jpg,4,Cat - Scabies,split_group_55a4ea9c05798d8178e0838c,5448f08fee70947797f39767c68fa6581ce65cf1feb08a9379474f75f4ed99af,a5e7f604208a417061560204243f4e1e4f585d8db17ac23863268affc895689e,Cats/Scabies in Cat::scabies_0009,train
Cats/Scabies in Cat/scabies_0010_jpg.rf.avwMwVK3Vzz4bTHEPEyb.jpg,4,Cat - Scabies,split_group_cfbbf92a8bd5d876ca2540ba,4bd511df6c5d3fdca4b46c8afc3a71897079cc1177cfbf2d31e6e6bf917fdbed,e9fbdf4b1f4b0d5c283cf088831ee1c50193032b41979a7844a557952e4d317d,Cats/Scabies in Cat::scabies_0010,train
Cats/Scabies in Cat/scabies_0011_jpg.rf.TX2NRTPmhfnwcTDANjPW.jpg,4,Cat - Scabies,split_group_c5555293842e02a51fd74db9,d97865407b2ee3b6ead145b27709bcbc948762f94a31cbde19bb2a4793b9451e,d6a1e052f8c1b4ed1edcb1e02d34b65ef4c141e2feb1a3d6df73cd115c99e2d1,Cats/Scabies in Cat::scabies_0011,train
Cats/Scabies in Cat/scabies_0012_jpg.rf.sKePcvB8Bp74vWkqmkAr.jpg,4,Cat - Scabies,split_group_c5555293842e02a51fd74db9,6c040fe32cb2a5fb744a82a039a0ae68ca096350ca9ecf608bf811ec13ab3943,fe67ccb1270cc0bebda09cd8d492c36fc541159cee1a11f4895a461afcc12648,Cats/Scabies in Cat::scabies_0012,train
Cats/Scabies in Cat/scabies_0013_jpg.rf.rQjDaTFk7VKD8hqPqUQQ.jpg,4,Cat - Scabies,split_group_d59e541c0321d9bd05b4a995,0845a230c6fdd1aeeb9087f8fd400ecbba7dcfd3c20ec6a2e896fb1ab8c80047,0200c53fa03e0eefb3e6a00562ecf1c282d1421094a5b039cf0620e9804347c8,Cats/Scabies in Cat::scabies_0013,train
Cats/Scabies in Cat/scabies_0014_jpg.rf.puyusNcMvTE6geGdqdhp.jpg,4,Cat - Scabies,split_group_7fedf1269e26e66fcf0e0e66,b2a8d421146684330fd4348693c8dfdd9e31529f87323d436a5fef350549d22b,cdf597ea53b101505bb3f98e066f0f21b02befb1bc8807f9257688d546107750,Cats/Scabies in Cat::scabies_0014,validation
Cats/Scabies in Cat/scabies_0015_jpg.rf.fi9Z2x48ot2cVTuMq9zR.jpg,4,Cat - Scabies,split_group_3752c60a753838dd4fcb782c,ee0a0b59484d4ac0dbb9be5d1217d2c727154119422878a14d186064063e2aa0,b5f10038cfbb8003bbf85884641a5011a1349b98d25839000fcd70f049a27f7b,Cats/Scabies in Cat::scabies_0015,train
Cats/Scabies in Cat/scabies_0016_jpg.rf.IuckkrvuvYSjPUBtexUc.jpg,4,Cat - Scabies,split_group_3752c60a753838dd4fcb782c,590ad57d26cebcd611edaf1489953a6507eab992b4d9f1463d9c330ea4449303,72ae94fd8fd1914543a4d7984e64cb025a0e11186c98fd114829be206eab9ac8,Cats/Scabies in Cat::scabies_0016,train
Cats/Scabies in Cat/scabies_0017_jpg.rf.MVmNl2uQ6csAxozs86DB.jpg,4,Cat - Scabies,split_group_1e1d1fd63f6df0eb27552cc9,3b4ef0e99c7431dc39c61ccd1dd1eeb73c00e8924162e2331d045231a02be5a8,bd4210d4f49a632a350e3ea1669f2df74d035c0ebdf1510ce33dc05355e764c0,Cats/Scabies in Cat::scabies_0017,train
Cats/Scabies in Cat/scabies_0018_jpg.rf.j7Sjf22o4yMFdMhw6Dhg.jpg,4,Cat - Scabies,split_group_1e1d1fd63f6df0eb27552cc9,939b41a34f19177baa41dc837a4397610e18e3a81048e78ca517b2d5d8ce7b2f,5df78a3929c961d6afd3df8ebbb7b209314f30f0041725cea8fdd2630ac3f9d5,Cats/Scabies in Cat::scabies_0018,train
Cats/Scabies in Cat/scabies_0019_jpg.rf.6g6eRtkcKxYtKhgieNKR.jpg,4,Cat - Scabies,split_group_ef04afded9a304e9fade503a,134bb659031479320ef962459cde6cd0e0c97de2dee6904dcb188b4ebf7cb945,2434b8d1c5623a6ec6523573af214d73ba576a4e06b21f9647c3271a3518eada,Cats/Scabies in Cat::scabies_0019,validation
Cats/Scabies in Cat/scabies_0020_jpg.rf.lsa8kFsGXLTvTB6zuDEg.jpg,4,Cat - Scabies,split_group_a5e91af30b18e21f04e6223b,3a0cb302c4c6ca91b077f8646e4a547d3ac7d5a72f75ffce94acf7c91204e32e,a2b0bce46e3996ffe1b747746de189576e7ade993a6eab72ce381db2080b33f0,Cats/Scabies in Cat::scabies_0020,train
Cats/Scabies in Cat/scabies_0021_jpg.rf.QqtKGXj6rebitrev65bb.jpg,4,Cat - Scabies,split_group_a5e91af30b18e21f04e6223b,f4c6881e0881f8eccd2fc31de74e0b4d524cf7fac58efdbcaa1c9933d3ae309e,5024599ec7da28d12635653e19fc5676dd09607a032037e204b338a7a4d6b30f,Cats/Scabies in Cat::scabies_0021,train
Cats/Scabies in Cat/scabies_0022_jpg.rf.Z8fhioypeZ4PHMpFTHTr.jpg,4,Cat - Scabies,split_group_925b9f1dd8291c2f70fbf4b6,8d4fad2b6f1ad694861acec859a8cf8b193c26f499ba0717728bec7e7a1f63ca,40645c228f1d08b814fc261c7869bad207ae5c1b107942c128c61aaf106ae6ef,Cats/Scabies in Cat::scabies_0022,validation
Cats/Scabies in Cat/scabies_0023_jpg.rf.bpwR1lFpC4Nk5evnw6Qn.jpg,4,Cat - Scabies,split_group_925b9f1dd8291c2f70fbf4b6,5d26fb4e0ec97fab4cf51570fd48a4d30781349490467af14867a5f751d2369d,4be14d95d64be687110f2c49887cb7ada1e4378144d95878b4cdf698603bf9e7,Cats/Scabies in Cat::scabies_0023,validation
Cats/Scabies in Cat/scabies_0024_jpg.rf.ONYQu9dVkGv1M0wk0Jiq.jpg,4,Cat - Scabies,split_group_65bade1da6b182b1a474eb54,7c186a3c645f9aa47308379a247adcd4f1a863844fec7679de1df7d91f99c1f4,aac281ea7ee2789f7a8484eee4693d95a9b7823866cd238681ca788ad3ec4dc3,Cats/Scabies in Cat::scabies_0024,train
Cats/Scabies in Cat/scabies_0025_jpg.rf.5jrnyRPyama60DdcxY1B.jpg,4,Cat - Scabies,split_group_0737ca542d86f2d212137763,49ac5846d117172fb16ecb4c84af597e882fb34aac2aae726578910e55986140,38f4c903a95bd4da232b02016754d124e2fd1af8bc7db73427edb4bee44fdcf1,Cats/Scabies in Cat::scabies_0025,test
Cats/Scabies in Cat/scabies_0026_jpg.rf.yzNuOWYCq357wLCFMj8b.jpg,4,Cat - Scabies,split_group_17b55d4f4bf96c1dcf3b825a,2f2e2b79e72488abd06c86be0a9118ce5fcefa985ead7ee05827cb1f1c1e6da7,f4b56e4123a4be65a736ef77f8cdbc963b649cee4ede152953e83fadb29ac409,Cats/Scabies in Cat::scabies_0026,train
Cats/Scabies in Cat/scabies_0027_jpg.rf.otoY3Mx7XxJOVY3plpB4.jpg,4,Cat - Scabies,split_group_fd3801432e7bdd148e4d9cfb,e8490e007270abacd62c611eda22c7b632086a6c1a54a803900c41fc7dca8d62,4f24c4f62c20e3dc6622182971f51c51fa79d6c510ec4904ee8fbd97ba07a288,Cats/Scabies in Cat::scabies_0027,train
Cats/Scabies in Cat/scabies_0028_jpg.rf.YFdAUGDohnFHGUUroZgG.jpg,4,Cat - Scabies,split_group_4605ae9047a0915c19eb0659,8d25cc6af3c4dece9a26a2f27c18e7093e9ff3ede20afb4b726521ab83706324,20e4b8b429777c148032bd483dc0daa61af078efde4f8b28b12bb8a97ce634b2,Cats/Scabies in Cat::scabies_0028,train
Cats/Scabies in Cat/scabies_0029_jpg.rf.9Av8oqVBfvt8WxazQL6K.jpg,4,Cat - Scabies,split_group_6c917149d2d5072d58ddd462,97dec3032a88179e794a1256ba0a33ffde9c919a579c5b9efeb4008879de896b,242c5a474dc41d51293130e95116f0ca737e0521eeecac829820264fcd66f7cc,Cats/Scabies in Cat::scabies_0029,train
Cats/Scabies in Cat/scabies_0030_jpg.rf.JQYBDy0b8zKH0XJPlUFX.jpg,4,Cat - Scabies,split_group_6c917149d2d5072d58ddd462,398a8fe1cd19cb228940ac56bba09ce1a3798230ab654fc26f6926b7dd60adca,62bfadf55b3e14cff2ddb2d1ab6c0f005822d5849848fc6ed9efc9bc61b1c078,Cats/Scabies in Cat::scabies_0030,train
Cats/Scabies in Cat/scabies_0031_jpg.rf.r5i7arA663MXmsziIJjU.jpg,4,Cat - Scabies,split_group_9e12ea670c4d7991cd3d264c,4c86290d3684a4d71f44753850f4fa4eab5959550d97f09ec7ef660797c6ced9,72208183be6da7d9025f356738715b053fb13510a8a4c2935081c68d2ebd33fe,Cats/Scabies in Cat::scabies_0031,train
Cats/Scabies in Cat/scabies_0032_jpg.rf.BkSBWEZYloInfq1BqrBc.jpg,4,Cat - Scabies,split_group_a5f9227949112394ee74a668,3373df3b8a76a8f0aebdaa2012f4e830d115bae5ac40a210d0a437a06032121e,3b85b16b5792b5d083e1842879a3eba38ad27e1056763b3a2a413badbf775353,Cats/Scabies in Cat::scabies_0032,validation
Cats/Scabies in Cat/scabies_0033_jpg.rf.O5xfUk7DfnQIambDjtCu.jpg,4,Cat - Scabies,split_group_8c10739e396f351742fceaf5,ac5f21d42d3d8d8aa85f1815cdc24a883d8c488807034e115d83201d6713bf83,5546285b1d677509f3c1b6dc8c914e4fe24c65c2af3d96a6b1ddfe6a6fe95a22,Cats/Scabies in Cat::scabies_0033,train
Cats/Scabies in Cat/scabies_0034_jpg.rf.ZBl0ab84DtVSCyrUMSH7.jpg,4,Cat - Scabies,split_group_8c10739e396f351742fceaf5,9b3d0384ea4f78910c729bd6d2929648cdea7c7c41e1844f76805b630c7aae73,c187b7128124963f47dc3a7722ee64af71cb96109747d2af06199f65ce981ac8,Cats/Scabies in Cat::scabies_0034,train
Cats/Scabies in Cat/scabies_0036_jpg.rf.APMLYIH7VRgwHkzGFqxj.jpg,4,Cat - Scabies,split_group_60b2eddf80f5c7a93e31a8c4,e2a128ddceb222599b412f7fa724b9560d660f104ffa5b9432e937deda8cced4,bad41d5cd892cc860edb9af36c72e6bbdd14559cd5dd6129eb0011a91c343b71,Cats/Scabies in Cat::scabies_0036,validation
Cats/Scabies in Cat/scabies_0037_jpg.rf.GJY0irum7rqxjBcI96fx.jpg,4,Cat - Scabies,split_group_d747150e53dc980920f511be,378eb79c603a089c1ae5778560da90aa99deb84a4f4529937574c25573109b2d,309b41b324e952671b7030ad1745b3e9c30134958918d0c1681e1a3d28b32d0b,Cats/Scabies in Cat::scabies_0037,train
Cats/Scabies in Cat/scabies_0038_jpg.rf.hMYm3Z1h4bfQnypK3FSG.jpg,4,Cat - Scabies,split_group_56e7ba50d937d7322f3dce8d,685b654a15bcdbfd2e27f6abe6db9b9c109af43518b1faa497ea172991cd1da6,08f2ff935097507a0b205e584f6fe1338bae90595b6d5b7cd3346f73d3a67e54,Cats/Scabies in Cat::scabies_0038,train
Cats/Scabies in Cat/scabies_0039_jpg.rf.hR4L2OidbBSQYLsI3SY7.jpg,4,Cat - Scabies,split_group_de46cfdbbe972cecf21eab23,b48b98ede38f67bc3b60082acc32944753604a7fd19d2d1b077359ec770b9b2e,00e9e5ab04b5ce931b1d8d1ba06e1707e988c298c426f5dec3474ece66d46dbd,Cats/Scabies in Cat::scabies_0039,test
Cats/Scabies in Cat/scabies_0040_jpg.rf.uE9pYJKCu7lcGpMHb5rL.jpg,4,Cat - Scabies,split_group_000c9a1ff9d636ef2eb11899,176f400097eb094b3d43ee0622843605b6a95814453014f9f1c904ce21a64c87,860a35a39b857e0d4205162d8bf643f6395de5275561d53bf4a3254b9db373ae,Cats/Scabies in Cat::scabies_0040,train
Cats/Scabies in Cat/scabies_0041_jpg.rf.jmuQy5znYIiPs2dn5s8t.jpg,4,Cat - Scabies,split_group_000c9a1ff9d636ef2eb11899,742695c7719e3a0ccf58d7c85afeed45cdd240419901584b1306aac536484322,2647d38c5ec5fb2809926b11e286481ab0d123e45137ed0c889ce7f06199008d,Cats/Scabies in Cat::scabies_0041,train
Cats/Scabies in Cat/scabies_0042_jpg.rf.K6QBq6qYzyvPmhnNacUF.jpg,4,Cat - Scabies,split_group_d263f382367707c478f8bff0,a44473109a38db71cc883ba0fd1e18e9b77e7f8c3326a96a52bc022d558a7424,cf40fdbad6dda20b27615c5186fed1b77d47d5cd56d83d0877d709aadda91561,Cats/Scabies in Cat::scabies_0042,train
Cats/Scabies in Cat/scabies_0043_jpg.rf.ohzg1KX8NmnqDmhaebuD.jpg,4,Cat - Scabies,split_group_c91d9108458f4dd927e5a105,44d894b08ff1030503f3066c382186b0ef87c1942f8bb2f410d7c22ab1724e3c,93b1a5e20355604bd6be63a09d8f18df6c9171050609ca6841a7df129a9de127,Cats/Scabies in Cat::scabies_0043,train
Cats/Scabies in Cat/scabies_0044_jpg.rf.CCcEfWSPl6my0dA6exzD.jpg,4,Cat - Scabies,split_group_c91d9108458f4dd927e5a105,c7ae5dfaf66c5ffa46b017a7da3251cfa3819f9e5a3794d9ae4e95ec57e7b104,f2d24650657d0807b8967cf87ca486805fab1dac5e0cf25f39e17f22c33317d9,Cats/Scabies in Cat::scabies_0044,train
Cats/Scabies in Cat/scabies_0045_jpg.rf.mVGEQoZ0gqEcpVgWeW5P.jpg,4,Cat - Scabies,split_group_fc9f735dcc7595666b7fb121,c9637af218de0ac8d6b7d5e6bb7e244cd03831219426162c27e09350357147de,db27b0b24a73b2f9df736bef681cc2a20531dfad44a73178dd23246ce6fb911e,Cats/Scabies in Cat::scabies_0045,train
Cats/Scabies in Cat/scabies_0046_jpg.rf.g45WHvFjLqofurBDhF55.jpg,4,Cat - Scabies,split_group_bde87519ec4b8b7792572a78,10b80fe111e8b2ba757c897314efd715f006d0034fc0911ccb6a13ea6a8bb799,5a96de8198dd026c5d87e495369d6db1335a5ac0371a0e47d15259269d1d6087,Cats/Scabies in Cat::scabies_0046,train
Cats/Scabies in Cat/scabies_0047_jpg.rf.Ggr2kYKgqOETjzKz1ATQ.jpg,4,Cat - Scabies,split_group_bde87519ec4b8b7792572a78,82dac4d8d654c16258b8959ddca69caae84ae76dfcdaf688926beee30f09c3f1,8d526ef219798060b82f4e87df258b75bb6c4d8eb4c34c67c8f7c01b75be8251,Cats/Scabies in Cat::scabies_0047,train
Cats/Scabies in Cat/scabies_0048_jpg.rf.RiTXGZZ4CWerUktsvNz6.jpg,4,Cat - Scabies,split_group_40ea2e80b60d2e7ac1af9dba,002ee518226c4aac600b260603d02038f2182a56d787a95572139546d64eca42,d95e239b6d37df0e0a38055c684f4abb2850a49d90f02103d31eabe25c0c363a,Cats/Scabies in Cat::scabies_0048,train
Cats/Scabies in Cat/scabies_0049_jpg.rf.s5FmZWUE5WfnadyHjbzu.jpg,4,Cat - Scabies,split_group_0177d5ab0a1095985c562411,8fa18381527035e498ad6fedf61d6abdef776c1770314d7a6ba07e3fbf83de3e,0d3f7623e388d0f52a3daf8171068792b7e2b5bd58e25d674b3e945d7dc2304b,Cats/Scabies in Cat::scabies_0049,train
Cats/Scabies in Cat/scabies_0050_jpg.rf.VwGNdKIiRaqPEMrFSQD5.jpg,4,Cat - Scabies,split_group_0177d5ab0a1095985c562411,3296d3d056485abb9d548da495bb2a8ca6531e7c2b7d20d90892563d075fb274,d66c09ec4381a97d6dccfd4197db87e86252a35d79d185a47a1393ca1e71e63b,Cats/Scabies in Cat::scabies_0050,train
Cats/Scabies in Cat/scabies_0056_jpg.rf.o3aQVuwo7ZKlLd0XldJV.jpg,4,Cat - Scabies,split_group_a76826a408db2326563e562a,94f20dd055222bee651b979ec0d4e9e0fcbed7ac793904293cd377168e1f7d08,153cb26aa0062905e65a15e602a5f53ccffabcd76a2f02848ba8a176c13a9bf1,Cats/Scabies in Cat::scabies_0056,train
Cats/Scabies in Cat/scabies_0059_jpg.rf.p81tjPOtSuK9T1QPtcla.jpg,4,Cat - Scabies,split_group_dab1c479be489309d19934ab,9f3f1eb3c07dcea7b28cdccfc95b079f37259212bb98185c4994d338284bc2ed,7d8ae2d7cef2c5623f3207a1cfe2985308a91ad73d6402ce0e8ee7c51db860cd,Cats/Scabies in Cat::scabies_0059,train
Cats/Scabies in Cat/scabies_0060_jpg.rf.qmDt3cSBkuplwxgdlGTq.jpg,4,Cat - Scabies,split_group_dab1c479be489309d19934ab,157edec0df173d7e7dab6901f9d57253ce88e60483fce7f468a6b8967b6e0e93,5b5c484917dfcfbea5b69ced00e905e90aa582edcf112f1a5ef4b469340f6ca4,Cats/Scabies in Cat::scabies_0060,train
Cats/Scabies in Cat/scabies_0061_jpg.rf.2pih1uQHnLWQPcR2srbc.jpg,4,Cat - Scabies,split_group_1ba38ec619d5e964651180bc,40fc5670e37f7508cf49405248f89aaf82471594d989a4b4a7d5a22e45bfced3,3e4fb79faa0ab290ed253b0f3662f4635fdde4d623b506efa97bad81a0155223,Cats/Scabies in Cat::scabies_0061,train
Cats/Scabies in Cat/scabies_0062_jpg.rf.1kFiBtKE9XPVsDg5qJ9B.jpg,4,Cat - Scabies,split_group_d7ed0af50d5d76fe1e66aeb9,5bcb91143966623f4e8a8520efefc9453fda06366481ba3248304d5ae5709261,a10b31158cdfe03a99c25cd190fac3ed5089daf2cdfda4ca193859c044453617,Cats/Scabies in Cat::scabies_0062,train
Cats/Scabies in Cat/scabies_0063_jpg.rf.0s5WXiBNMbbvePc7kEMD.jpg,4,Cat - Scabies,split_group_d7ed0af50d5d76fe1e66aeb9,eca7be97b93feb6987c29de9f1b95b03892aebcbabc53a80abdd3736df548d50,4c4321bfffe9bd0b24869ff0829a37d4f24ce7d8a1e90d023f49895c8c1accaa,Cats/Scabies in Cat::scabies_0063,train
Cats/Scabies in Cat/scabies_0064_jpg.rf.AIWbE2UUQmPcxgr0eA2r.jpg,4,Cat - Scabies,split_group_e291e34859692de497904e67,df80b6792e28b03d9dd288844bb3e7e4a7ed40c4718ba29705bdc47eb0a20c65,cd4046be4be85aef6bab5c78ea267939143ab5c2500c6514477ea135dfa90b35,Cats/Scabies in Cat::scabies_0064,train
Cats/Scabies in Cat/scabies_0065_jpg.rf.STlPhXJlJ2HN3tWuwsIu.jpg,4,Cat - Scabies,split_group_a64b94d330ef12632d32219d,a8ea8fe8c16b5e112b7e0e01300b7f101404ae384e2808c61cfcb156d6e30501,d8bca99f913a055a441b51f51278698db447c7e2b09f399f80039204beada4a5,Cats/Scabies in Cat::scabies_0065,train
Cats/Scabies in Cat/scabies_0066_jpg.rf.izcEXz8ya0JPZwdfoLXa.jpg,4,Cat - Scabies,split_group_e291e34859692de497904e67,3f450a813a2ef8e2bd00f5e77d30d3809cad71ea2a6ee78157f2e5175f958c69,838a9a80ec5a2a784c77e1982dfad85bb5e5d923fb20c722fb83d15d387a110c,Cats/Scabies in Cat::scabies_0066,train
Cats/Scabies in Cat/scabies_0067_jpg.rf.D8I9jCrP9csLMg8dbPH4.jpg,4,Cat - Scabies,split_group_34c1ae69af6b767de6e98d24,d941c883e6a9f80f3e38a18520cf2c25893b52deda663d9a0460957cff69b0f7,9f04cc5dd2a2132e09994351b7679e48a5bee71b10517aab54f7e38a1268784d,Cats/Scabies in Cat::scabies_0067,train
Cats/Scabies in Cat/scabies_0069_jpg.rf.gzVyZRA5gpTqn0w01Uem.jpg,4,Cat - Scabies,split_group_a64b94d330ef12632d32219d,d3377bdb09bb8551bf88d71482eec21764ec69b174f9ef483afab4bb08287e47,00c4ee16c748270aed3dc35dccdd3ad180c60708d5ad32969c395c75c721ad7c,Cats/Scabies in Cat::scabies_0069,train
Cats/Scabies in Cat/scabies_0070_jpg.rf.BVizqTvFOIsJ6FPaexok.jpg,4,Cat - Scabies,split_group_13f7ed3839c18273b1377317,49f3bec745e5d3db56538f574ed25bf543f62b57433e09625d70067b01e8db2f,e858c034d1b1a41f98c2434fcdd986c0f436596f0e642f50437c6cc665892757,Cats/Scabies in Cat::scabies_0070,train
Cats/Scabies in Cat/scabies_0071_jpg.rf.b0Gid9zK34qmElIF99bR.jpg,4,Cat - Scabies,split_group_6b2ffdfde581e06c7521b5e4,98883148ad6e128b4ddd0989df6748fcef28b2765358b54d73c9d44a7e3d2916,bcb042281a462a012cc32f965d0563c878817e4237127ce57f3f7faf0aa71f59,Cats/Scabies in Cat::scabies_0071,train
Cats/Scabies in Cat/scabies_0072_jpg.rf.BRp4MAR0IPSMa5L46Rht.jpg,4,Cat - Scabies,split_group_7f939c4f5cfb63740f4f112b,fc5c631c3891c7e94bc6c329e5a3642c8d03a783a80e9fd4ebef70368d1e7325,a192e99321425a13f0ea56e373a6f88b1b6ee02be40d747cd329df64c901fe56,Cats/Scabies in Cat::scabies_0072,test
Cats/Scabies in Cat/scabies_0073_jpg.rf.sq3pqKgscC99Q4lfhaVl.jpg,4,Cat - Scabies,split_group_7f939c4f5cfb63740f4f112b,209451e049733d685e538b0490f44b508f235f1855fcd6e094b11a936e5b2a66,03e0880e6a9c388cf6f8bacf6b4b7a46f459a8c5ff84bbbcde135b4d3cf3c2e6,Cats/Scabies in Cat::scabies_0073,test
Cats/Scabies in Cat/scabies_0074_jpg.rf.jnZRD1X9esTtArrzpL68.jpg,4,Cat - Scabies,split_group_45eed3034626057180e15aad,aed92afa1a41b2665f40fd2520fd17c380b66127ba7ae6db75ee375feda9d7a0,309ce14f923ac6a1dbb131e157a3164ef3117f308aeb1eb01f9aab2a6308f9d7,Cats/Scabies in Cat::scabies_0074,test
Cats/Scabies in Cat/scabies_0075_jpg.rf.Pwgxl1mKfY7kTvGQlzow.jpg,4,Cat - Scabies,split_group_1e9e35211e8ac34811987f8e,0dbedad77bc45211e988ded1f203cad663e5e3fa1f220ef616f0744a01bdc1ac,54907c70b18155dd40cfd2b005fa33ab47f5ffa2097ec66ed03c372c909e1ba7,Cats/Scabies in Cat::scabies_0075,train
Cats/Scabies in Cat/scabies_0076_jpg.rf.ZvTd6dB5eJT4HovW5pd7.jpg,4,Cat - Scabies,split_group_1e9e35211e8ac34811987f8e,e66bc74860403b3e8c1a7578d98bb287442ed2ad393177cc1dd001223d423ee3,28bfd4b7d0b241a4b7f571aa44035ba3d09506dff09bb68ed06d723d0765e9b4,Cats/Scabies in Cat::scabies_0076,train
Cats/Scabies in Cat/scabies_0078_jpg.rf.d3QewgawuElsV7FjzS8G.jpg,4,Cat - Scabies,split_group_1e61b5ff8a8c2a32c6d7576e,7325b8aeb1e9a0d27fa586036e17c2a9cfdfb490d0c271130a26d94cac655df3,8a1f08c1f0c55dc7ea2099f009578403a937ed4f2ae8e70cca0318bb806a6098,Cats/Scabies in Cat::scabies_0078,train
Cats/Scabies in Cat/scabies_0079_jpg.rf.QUou0hY53ieKioGBGM4s.jpg,4,Cat - Scabies,split_group_1e61b5ff8a8c2a32c6d7576e,e34ff3e16c53a8e09b1413748e2e2b21792f9836bbbf2e34fc4db9368751ed31,1fdd6621f0cb18886423c9166aead6d8dc9a6c4a7eb2e19f1cdd8cb5210d16e3,Cats/Scabies in Cat::scabies_0079,train
Cats/Scabies in Cat/scabies_0080_jpg.rf.v1byTNuOkq8bbz1mMeNl.jpg,4,Cat - Scabies,split_group_a27d95f9922404d69a9c6e95,e52b4edc63e0d761ceb50cbd1957d17aaa459aa12df9100d24e43332b6553dc2,4fca6fe01c97f9e5d1cfee5ae347ec465dcfd8b996c633e9d563c802c7752b85,Cats/Scabies in Cat::scabies_0080,test
Cats/Scabies in Cat/scabies_0081_jpg.rf.VwZvv0tBeiyhSF43dVeE.jpg,4,Cat - Scabies,split_group_7a52444c8f2f3eef2957f4ed,9383c417a55d693f669b1f53f9ce7d2dc97cceb2aaea7c2614e267f7377771e1,0a3291ce3e83268ff6b73e5280035417fb55be21d248eedaadb925a962c315f0,Cats/Scabies in Cat::scabies_0081,test
Cats/Scabies in Cat/scabies_0082_jpg.rf.N3Mt3PHesCfnAb3uiwb5.jpg,4,Cat - Scabies,split_group_7a52444c8f2f3eef2957f4ed,f73ac8f25e81d4e07586a891d7b4e7488a38d62fd410f637b246c5ac7fc74ccf,9b5c439a8d1e361fb140cea77788bbca5ffcf9e70a0c4763232b370871bab7ad,Cats/Scabies in Cat::scabies_0082,test
Cats/Scabies in Cat/scabies_0083_jpg.rf.aNWMFIrZWeXLx5RYMYRe.jpg,4,Cat - Scabies,split_group_cb7b360b3894f38ee5bfe02a,bf61a087f95bcb24e4af4c7300dd3b99ddbd2d1aea316c1a094c4813e08362a5,33059e7a18929df6407ae0fb0e6df7d629fb0ca4fc1c32572c55fe359c147714,Cats/Scabies in Cat::scabies_0083,train
Cats/Scabies in Cat/scabies_0084_jpg.rf.mhPUaBSfiw0QlkUoVjgm.jpg,4,Cat - Scabies,split_group_cb7b360b3894f38ee5bfe02a,71b054f26ab9ad266d7d8a8ae499a090f7a909e6baefd8b26a5ecb0de32cfff3,690bd9de6bfb7404a64aced84cad861c1ee4c8a80d54eb3016220aa8c270b111,Cats/Scabies in Cat::scabies_0084,train
Cats/Scabies in Cat/scabies_0085_jpg.rf.G6GhStD1wMYJtGa2TNkf.jpg,4,Cat - Scabies,split_group_ca9a1f95e01ccea2e83e632d,4546bb3215e80d93263e60f4c70dbe3ce94125f13adab692134dd150e29bcf93,48ec4afb0e95dcb8990a2b8f1aad034d1529c40992f15032be5f519d21344805,Cats/Scabies in Cat::scabies_0085,train
Cats/Scabies in Cat/scabies_0086_jpg.rf.YCSGSa38NfMJNvC94p40.jpg,4,Cat - Scabies,split_group_ca9a1f95e01ccea2e83e632d,cdf5014c1d42a22e21b6f507837225268252ebb1360945875034b550684a5856,c55bb6e2864c0104964a26914ca08358d5026808dbb668a302b568c1af4b80c2,Cats/Scabies in Cat::scabies_0086,train
Cats/Scabies in Cat/scabies_0087_jpg.rf.Ij698vopjrdhYVlpuRfP.jpg,4,Cat - Scabies,split_group_ba490b8729f3d37b17d26e25,290a3742295faa032312f6cff97c56e805b0823ccb724f464270694c272cf217,e6fad90c450835b44867aedd29bb25644bbcac8918e9be7bd0241d05613717b6,Cats/Scabies in Cat::scabies_0087,train
Cats/Scabies in Cat/scabies_0088_jpg.rf.4QDIxYnkHQISAzEjy07b.jpg,4,Cat - Scabies,split_group_e3477668f2f37b1b46311e77,a30fdc766aca84154749d6ee004dc31240a7a9f6e42f794899f0c62090a62327,216b6f127948dceda74e5433176b9be4edaf87c171419da753391fc8bac38ecb,Cats/Scabies in Cat::scabies_0088,validation
Cats/Scabies in Cat/scabies_0089_jpg.rf.J0YMyDCfOHtKS0P8MmvD.jpg,4,Cat - Scabies,split_group_34b2e48359197e5f03808edb,0273802682105451cccc08bcf4ed6e8a52133faf27eda7e884647a59a1a7bc27,434aa67bfc6cfe082e019d6a96740e8dc4ca6b8669141612534a489a7d0ea513,Cats/Scabies in Cat::scabies_0089,test
Cats/Scabies in Cat/scabies_0090_jpg.rf.7x08NTAx6iTzbLRZ8aPX.jpg,4,Cat - Scabies,split_group_0871761c8d4d967de7f5e43f,12179df1a463c3792ead50c11447e0f92209c211d3c767cdcaff5a9ad191fb78,5ef588a446b5d3fda09061873b931975cc270fd4cb97f8429cd4d68d12e01d30,Cats/Scabies in Cat::scabies_0090,train
Cats/Scabies in Cat/scabies_0094_jpg.rf.pNCRI4TO0VnTcx86dBG1.jpg,4,Cat - Scabies,split_group_3e3949c36779ba1414c0ed39,2f5a98fc2306da38fd7bdec7d777775d589904c8acf8f47dfb7feb759f905682,a8e65d1c5b14eafefe14ca30d455299fb4c422043adb37fdd2054ffda5525bfb,Cats/Scabies in Cat::scabies_0094,train
Cats/Scabies in Cat/scabies_0095_jpg.rf.uTZYu4jeZ20QJzSWRvoQ.jpg,4,Cat - Scabies,split_group_3e3949c36779ba1414c0ed39,0c987992c31aef245e6b823b85b22f3a96313112286c58c7105c48d2aaccb691,f246aa559274022cf29979d3eee48d6bd51a4cff00de17ac0d20722a322cb7d5,Cats/Scabies in Cat::scabies_0095,train
Cats/Scabies in Cat/scabies_0096_jpg.rf.ApOB3dEVrrjvU34XjyqX.jpg,4,Cat - Scabies,split_group_5263d4febeccecb69a8fd82c,296ea7e633c4b3799487df9bd07b8a9fb0e3c0d1a2095b101325622b1a0429b5,a878cff232ec733c902d7c6a8c72227ee0ddfefd87f83373d763c72f2672610d,Cats/Scabies in Cat::scabies_0096,train
Cats/Scabies in Cat/scabies_0097_jpg.rf.kwnTqx3E4O6jopkPVdo7.jpg,4,Cat - Scabies,split_group_5263d4febeccecb69a8fd82c,eb4d69fcd60d96af8cd693bbe214ac9a9afc28e690846d47bb264c3b5fc0ec3f,e13fcd51617db2b2059f4d0b47d9e938737e2c76a29cdbfdc90e0a3f0ac299a3,Cats/Scabies in Cat::scabies_0097,train
Cats/Scabies in Cat/scabies_0098_jpg.rf.oYVqOVTrfsS45LTXwscl.jpg,4,Cat - Scabies,split_group_a1ae816f4a16034946614051,d1d3cf19073ab61fbf9a521243d4cfa595a424cacf0503a5d9fdeb95f8bd943f,56ca0986079871aa309e106f33aac0db2f06d7696c35ee1efeacef44def938c5,Cats/Scabies in Cat::scabies_0098,train
Cats/Scabies in Cat/scabies_0101_jpg.rf.DVFSmwO4fNr9bV5afRJ4.jpg,4,Cat - Scabies,split_group_3e6cc2db5e6ad9770ba56525,85e6189440f753bb368dfe1914a1f7df276287046b3d4bd25737e19609db0e6c,3a42e311c82412aa2f5d628a7f19636eef4e61377828d38a2b227f237fe3ac33,Cats/Scabies in Cat::scabies_0101,train
Cats/Scabies in Cat/scabies_0102_jpg.rf.XjhMVg9SL5g8X1IXGYgw.jpg,4,Cat - Scabies,split_group_d257a70e5160c2796ce486f4,71c18162acac21aaa622f10512416696969fcc90aded47e2e5dfc3b59c6d424c,212eb00a5a07bf22d53eae04cb250b17019848ce4859fe1d96fdd62041eeefde,Cats/Scabies in Cat::scabies_0102,test
Cats/Scabies in Cat/scabies_0103_jpg.rf.58v9Zryu2s5sfKbNJKNa.jpg,4,Cat - Scabies,split_group_894aff812160a2cfedde0e69,d5e02ea799ae50b0e337b0dd3d02edbae5b9e3d25cc0132764cddd165d6145c2,e6e2d01104cb8950039d4a2021b9785d8647c276aa0b1b2e736f243bbb4e7a1d,Cats/Scabies in Cat::scabies_0103,train
Cats/Scabies in Cat/scabies_0104_jpg.rf.tdZIFTmfXHUFMyDNzsNp.jpg,4,Cat - Scabies,split_group_894aff812160a2cfedde0e69,b005ff8f8838d5aa2d107de9ffc43898e890e41ede4221526b107602cd430c39,b4c4c2652a6975c6be805bb75351a1595b6258af34775c302f9cc0791c089485,Cats/Scabies in Cat::scabies_0104,train
Cats/Scabies in Cat/scabies_0105_jpg.rf.qTuTTxAmUKpZoAvV1LIq.jpg,4,Cat - Scabies,split_group_a95c2a2b31f9e80379fa3fed,d3ee2620cd10335c57b10d8f58e6441b1569bc3b2b1c3bf342014a00bde41d7d,5c005cacaa4a43d74fed592ef5323148289abf1f12f07486755cbae262d3af03,Cats/Scabies in Cat::scabies_0105,train
Cats/Scabies in Cat/scabies_0106_jpg.rf.jpFG2Cvkb9Ell2u03Po3.jpg,4,Cat - Scabies,split_group_a95c2a2b31f9e80379fa3fed,bd0ce5e759d852656feaec00780978e7c2e5649280239e480fc1858d8b1bbde0,9ae88cf3de58494dbae5d24bfd3a8bd0679f86e7cce3e6ddf086a08adafd6899,Cats/Scabies in Cat::scabies_0106,train
Cats/Scabies in Cat/scabies_0107_jpg.rf.L89sTGwE59ZlOopitdmW.jpg,4,Cat - Scabies,split_group_ba3fce40aadf9ef74309b193,bc8427b3c6af31859256e4e9a65d896c105b58c7f4f46ae1dde2fafa08b98020,0a4dbc87e905731aedbe0db47eec2f0922675c14a43d104d6ab693f1795eac28,Cats/Scabies in Cat::scabies_0107,train
Cats/Scabies in Cat/scabies_0108_jpg.rf.EuKx1Jakyq2TefU0LL0C.jpg,4,Cat - Scabies,split_group_9a48fb149e333cb7c2cd5449,d46feb9e8ef0a5eb9c7cc82471cdd1ae9a0e39c71dd5c20f6fbd3473865af9b2,f3594ab4ef5f39cc1d747215265fe8bd54cfafcbef7b3563420aa8117bc9e322,Cats/Scabies in Cat::scabies_0108,train
Cats/Scabies in Cat/scabies_0109_jpg.rf.kQVxIN8ftzbInzfCbGBD.jpg,4,Cat - Scabies,split_group_6a38d50a7c4f99eedf823125,7fce2de919274cf6273643fb892dae0df4765a0908bd2fd2306ba84b6d4718fe,0f671a417c6944e370e19df868031efa29b616f14ac9bbbd4eae7ce7e0f907b8,Cats/Scabies in Cat::scabies_0109,test
Cats/Scabies in Cat/scabies_0110_jpg.rf.AWMMXWZrEq6c1vmLfOgN.jpg,4,Cat - Scabies,split_group_7e59e867c3bfae511b7b0d57,79a83ea130e1f2465f915b7596a5169842675ebfe713efcd3b2f59d11eb63185,4d35ed6e3fe1cd281d9970a100a58c3a2d4378dc00d3acda5603dad92d51d166,Cats/Scabies in Cat::scabies_0110,train
Cats/Scabies in Cat/scabies_0111_jpg.rf.itFXJBJCF7E2kfdcysDJ.jpg,4,Cat - Scabies,split_group_6a38d50a7c4f99eedf823125,b55fe123d987893189094eea89f12d3c5969a8ba016e67787a83acef13f63d24,c428b0e0038774878164fa2aa849e2c95635a01dddf6d1b7299a812a2b64065a,Cats/Scabies in Cat::scabies_0111,test
Cats/Scabies in Cat/scabies_0112_jpg.rf.x8QtZ3ihvMofD0ecIgGC.jpg,4,Cat - Scabies,split_group_91d46621a0506de32800a1bb,5aed3eca149257c3c1f33239fc121c49a03566335b2607e31678b8f9d241f30b,66c5d13e3d7fae4ab8e5cc2a2f2ffe66948390da8fb704d9751428298f7acb8d,Cats/Scabies in Cat::scabies_0112,validation
Cats/Scabies in Cat/scabies_0113_jpg.rf.H04l7mA62a1N8nfhCyKt.jpg,4,Cat - Scabies,split_group_0a2ecc7e0f07358f0b7aecf2,f0ef6e68d02ba65447437d68b79d2e1555134f2da2a7d74496feafa6c2ba0f9f,a50fd97e78d0061e881ada790f01e4908c32e2b44dbf5adfbbd0ad13825fec31,Cats/Scabies in Cat::scabies_0113,train
Cats/Scabies in Cat/scabies_0114_jpg.rf.OjUmMt0FYvX9ctvpCCEc.jpg,4,Cat - Scabies,split_group_ae548edf0b139c5e6406cbaf,12ab210488994c84c34bc5f54da30a8bbd281ee0b198d0d4684e2106c9225c4e,08eb00b7d4e3dd62d47c27916acab5b10a4b3a294b6fe011803115701f61b7cc,Cats/Scabies in Cat::scabies_0114,train
Cats/Scabies in Cat/scabies_0116_jpg.rf.FR5OUmOqOCLLomlhgpIQ.jpg,4,Cat - Scabies,split_group_20cc0a481b87467e17e4c7d1,943a85a19d3dbdf2b3049dd997d4815a4650c8390826812af757bb9b4541ae55,897cd6234c9fa8c4466cc8d8e7469cde46faed8c239bcaeebcaf1d1753227f40,Cats/Scabies in Cat::scabies_0116,train
Cats/Scabies in Cat/scabies_0117_jpg.rf.PB57twhx6PxVsmaG2k0t.jpg,4,Cat - Scabies,split_group_13abb321eab1bfba63105cdd,3513e10f2afe7d37818787870198342ce6d0c39b467c868fc6fd909d6f7ba761,248bc0389560b4f0bf72d97ef47af9dcad371686d846faf4f590b4394d0041ec,Cats/Scabies in Cat::scabies_0117,test
Cats/Scabies in Cat/scabies_0118_jpg.rf.uU8lgnvS6WQUOfl7fTGe.jpg,4,Cat - Scabies,split_group_13996ae86da4961ef0efbbee,61d8e62658826f7898447cb6c6500015abf39fb85260a159b79d5d37dc558b65,0b99982d339f2cd32c8290ef20b7fcaea89d7c5272343ea97cbea41167161e7c,Cats/Scabies in Cat::scabies_0118,train
Cats/Scabies in Cat/scabies_0119_jpg.rf.VrmLqyKD9B9LEWtgr3Z9.jpg,4,Cat - Scabies,split_group_21d99976424cd4ab7a4e11c8,9fe19b09d943a5073eaad76ef5c222dea8863d526192437ec0a4e8859570f244,e302fa767af82623ac579dcb41e3453ce407c1034bf7aa06bfd3476689845b56,Cats/Scabies in Cat::scabies_0119,validation
Cats/Scabies in Cat/scabies_0120_jpg.rf.tVbqiox7XY5uidAiuXLw.jpg,4,Cat - Scabies,split_group_2a52dc49c0a41725c3cd5d03,58efc867a393ee600f3f8be191cccd4939ad43fc0e863191982ef6c04cff9b36,eb45a9f2428d72633942db37e005c3e9038f405cd484f2ee5b417125b71f8ffe,Cats/Scabies in Cat::scabies_0120,train
Cats/Scabies in Cat/scabies_0125_jpg.rf.xmIzlRvkKzSXCJS2jEY3.jpg,4,Cat - Scabies,split_group_3b01fd53aeb4df3306c77400,ab1b51110c0152d86ca2dd10f973459d9755055c399de28a791b4a2281900d55,792a89145cccbab1771760ddd50812c69a334ad9a3644dea1466cda9db4ce5a3,Cats/Scabies in Cat::scabies_0125,train
Cats/Scabies in Cat/scabies_0126_jpg.rf.Gy5FD1iRJOyNE120Ro1m.jpg,4,Cat - Scabies,split_group_3b01fd53aeb4df3306c77400,34bc1e964533a32ff11fb304205e48a498620d5793d5cbfaaf2b039d306201df,8ca110904d6529ed97f8e68530b11f015e9b9b80bb4ec3e69e9bb126aaf640eb,Cats/Scabies in Cat::scabies_0126,train
Cats/Scabies in Cat/scabies_0127_jpg.rf.96lhiy5jEAml1spczbq7.jpg,4,Cat - Scabies,split_group_f7d34021856baa6f5637ba73,69176e6f2ac3f1d53d07894c46418f609f1322579d04271ee0fc028b8abb64f0,c22549c6fe48b67dd30973dbc1200c823f190287dcba8d6f019f469af6d47b71,Cats/Scabies in Cat::scabies_0127,test
Cats/Scabies in Cat/scabies_0128_jpg.rf.LgZHeq98B7L5PDoolMuY.jpg,4,Cat - Scabies,split_group_f7d34021856baa6f5637ba73,bf50f8d632acdb54bafba9a7bbcb59ec4aad6afa4965986c8fa2997fdd2c0c5f,1c3ca62056725445d010efe50fd538d2090ce38b9566501a3bc1fca9f65326e8,Cats/Scabies in Cat::scabies_0128,test
Cats/Scabies in Cat/scabies_0129_jpg.rf.FnvAfAkWy1UQDkmVyoCX.jpg,4,Cat - Scabies,split_group_29fa4bee0c24d3f2566b7f96,c07b1dfbc2af15413008815e22c77d636e847d6fbf3e8d30d575f1d0ef366400,50e34ede9ce409f7b477bd0c66e37cd760f5aef8f05fc32efdfd0398d8f02ad3,Cats/Scabies in Cat::scabies_0129,train
Cats/Scabies in Cat/scabies_0130_jpg.rf.tJ1Tobb7vDfe2lvxl3iV.jpg,4,Cat - Scabies,split_group_bfdbcaf3c7af01a59be4968e,d2db9599791db7904837482dbd7bb6817a5a8ab02ce7ae2570bba7ce8d07ea8d,1f8523689c7de253da67e83e052437241ad6c6903e5bf418b84399d5ca92269d,Cats/Scabies in Cat::scabies_0130,train
Cats/Scabies in Cat/scabies_0131_jpg.rf.sNInGMNe9xXqPjPW4Hr4.jpg,4,Cat - Scabies,split_group_487b8f76c67173701444dbae,1c2935e0998353444ac879467ecba8f7a38470b9cd902330d199f06489d15a9e,e9fc1f1853b6090a59cef49ff9149b48e81645fc5fad9f9309ecab8e1d134d30,Cats/Scabies in Cat::scabies_0131,train
Cats/Scabies in Cat/scabies_0132_jpg.rf.Lz2TwrxF4ocFuoH9036L.jpg,4,Cat - Scabies,split_group_448ec6417028c8804d0c7ab7,02f6a3dd6686b248b931fb9b8a4d32387304430ddab21eff47688955b5db2233,6a29e3004ddb86896254f692362ea6df316cb2033de2526e1c9cd0f96a2ca1f8,Cats/Scabies in Cat::scabies_0132,train
Cats/Scabies in Cat/scabies_0133_jpg.rf.CeAGz7BF33LnRb8926gH.jpg,4,Cat - Scabies,split_group_487b8f76c67173701444dbae,8f4a77d493834fcb52acc34f8ec56d0c8663884ba5c8cad5ecc399cb0d745c40,8f29436d6fa999ce899a1d23e5655fe72ed18f3c9e388d0bf6503fcc78a5e48c,Cats/Scabies in Cat::scabies_0133,train
Cats/Scabies in Cat/scabies_0134_jpg.rf.NOJXaOwiWRqOeoDSQNBb.jpg,4,Cat - Scabies,split_group_448ec6417028c8804d0c7ab7,2c0da456e25f769e353ee0f3e9860ef2baa8e991ccab3f818d5b8fb93768ca6d,4fe26091f3c9225379b7dabdc840d40594e690abcc2aee359ee97b46116c18d8,Cats/Scabies in Cat::scabies_0134,train
Cats/Scabies in Cat/scabies_0135_jpg.rf.xIWzl1rSraGDL4pblqUF.jpg,4,Cat - Scabies,split_group_c6e62f77de5d0f7d37edc232,8924b3a727b1cbc685ad53cd43b03962a5b2645ade3c9f1b937d94e8942aa1ab,72e93909a8aff17bf0faf32bbc9cd5769b555804a75895c0854703ea29d7feb7,Cats/Scabies in Cat::scabies_0135,train
Cats/Scabies in Cat/scabies_0136_jpg.rf.yQE5iT7zXVt4gn2mQk65.jpg,4,Cat - Scabies,split_group_1f5ed23546f2a297ec68a618,37aff4bfe9ce826230c8f162ba3322761eaca83a5fd413a08e5a57148cd0b2d2,1a96b79b8a6a0aa2c56ab845b1fb7d0898f3fa00441f47d16316ad9c82da0bce,Cats/Scabies in Cat::scabies_0136,train
Cats/Scabies in Cat/scabies_0137_jpg.rf.RwteHbNULLZ5sc5GXkyX.jpg,4,Cat - Scabies,split_group_c6e62f77de5d0f7d37edc232,9cc2232e30d8417559b9bceae66c28a636c3f16005bfb2fcf66480227fb767d4,6789c9bcee40a200e3f442879eec788b8a57f93b4cde635d06b081165f91877f,Cats/Scabies in Cat::scabies_0137,train
Cats/Scabies in Cat/scabies_0138_jpg.rf.F089jUJt3ykAmSNeSEZD.jpg,4,Cat - Scabies,split_group_1f5ed23546f2a297ec68a618,fea2df931814385e4c21a1562c4a5e3bf3e054b18f4c2572cb46ddcbf1d95e90,360de60ec60ff32a75d4342d60debbbc0a8535a00a4b8472b7cc22abfc5dadff,Cats/Scabies in Cat::scabies_0138,train
Cats/Scabies in Cat/scabies_0139_jpg.rf.t11Mk1m8yhd9bZZ6BVCh.jpg,4,Cat - Scabies,split_group_e317881ebfa79523b9a5f221,3562691fa7cb1af28d9209f1641783a5f95b421171eb6a6667e44288a220bf12,d5c863a5cb540bb05136decdeae3da9087e82063ee7035f90e0019ad5a2d91d1,Cats/Scabies in Cat::scabies_0139,validation
Cats/Scabies in Cat/scabies_0140_jpg.rf.6QVH7KrY1dawWKkBLJ93.jpg,4,Cat - Scabies,split_group_e317881ebfa79523b9a5f221,b864fd2d620d3b107b53b1db381f5d1ed73c33c98ab365b16bd5528d3a97f352,337ce33fd3bb6a89c1f46a7dce6f59b2f3e090aeb13d889340d22953a6b85e8c,Cats/Scabies in Cat::scabies_0140,validation
Cats/Scabies in Cat/scabies_0141_jpg.rf.ddfZocWZhwQ6I6B2LslY.jpg,4,Cat - Scabies,split_group_21d4a3ea3fcf42ead54d15ae,134b164001cf689ec76f6c0a67afa8d18855d446cbcfcb93ed993a219de2ff2d,49c1ffbb2316da2f1e06f6ca720424345fb2a9c8a7a23d8af66dcfc0a414fe9e,Cats/Scabies in Cat::scabies_0141,test
Cats/Scabies in Cat/scabies_0142_jpg.rf.Nb3NJkTnAeBQT8SzSFZc.jpg,4,Cat - Scabies,split_group_21d4a3ea3fcf42ead54d15ae,5a65f8faf6d7fb92eae6b91ecfa7b7118cb3bb19ba87bb64d7b23a0ae20882b5,0346cef568029cbceae8f8c756f28ebc57503063b0e903ec5f18718f674fe750,Cats/Scabies in Cat::scabies_0142,test
Cats/Scabies in Cat/scabies_0143_jpg.rf.ooeHtn1vRzYndNpIoKVc.jpg,4,Cat - Scabies,split_group_6523a4dd4ec8394556ee1efc,fe1f61c3f2fba6415e54180187a9cf3da756e5d849276456efa2a6a7366bfa2f,42e59e1dae16d26316d20219aaefacaca6c7edd130d92bc4d3a39d01a76ede4d,Cats/Scabies in Cat::scabies_0143,train
Cats/Scabies in Cat/scabies_0144_jpg.rf.6HDO5MbRjvrw3k4yMfUf.jpg,4,Cat - Scabies,split_group_6523a4dd4ec8394556ee1efc,f784117d471abd2b4b23599bac38e714d044b634f7ece4f939946a900d6b8c13,9fde5cad72b14fae67a3544781f37a9af38c7869d1151799076ec5ab330aed9c,Cats/Scabies in Cat::scabies_0144,train
Cats/Scabies in Cat/scabies_0145_jpg.rf.nhAMTErvwT6SwxWMxJaP.jpg,4,Cat - Scabies,split_group_0130ac6719ef809c7743571f,38961988e15ee28e6b7983135727925c009f3ab13ad22b3755f103d0aa3d8efc,0d4abf5ec16887f6cabf49e20e7b4bbf3db21c25019b51065eec78370a929e61,Cats/Scabies in Cat::scabies_0145,train
Cats/Scabies in Cat/scabies_0146_jpg.rf.i958rX1sjxt1aKXQ9YVH.jpg,4,Cat - Scabies,split_group_0130ac6719ef809c7743571f,9af70c15dd620f758ffa2f9ef77bb701836c35b3d6ea0c50f2de8f55976252e1,1fffb986a8a82125423f221e048efea0e745348ea4ce98df4632d2f2e0012958,Cats/Scabies in Cat::scabies_0146,train
Cats/Scabies in Cat/scabies_0147_jpg.rf.3Rx68i4UD4VfTFRWWh5y.jpg,4,Cat - Scabies,split_group_6bb07da2ecf731da7b97c04b,8268db1048dbc4e4bbbf06a80c583fe777b0b5b7782dafcc9a7d37146ae04a86,c280fd505dfcc5e0fbe04ac8d93a9254e273e743c926cd1abb2fb4abd75060d2,Cats/Scabies in Cat::scabies_0147,train
Cats/Scabies in Cat/scabies_0148_jpg.rf.npoOfvLOgWfCs9F5njlO.jpg,4,Cat - Scabies,split_group_84dee51e53cc5b17917bd716,91d967f5691965d056520122537f9e9c7931773727228cff013bd78ee14fc49d,7962462b407b035b2280010d23a758261e2163c989adb387ac76e4458d14b7df,Cats/Scabies in Cat::scabies_0148,train
Cats/Scabies in Cat/scabies_0149_jpg.rf.6zXN5sWwks1t0QDwhAkt.jpg,4,Cat - Scabies,split_group_84dee51e53cc5b17917bd716,5ce179658b8de384c306f39e9653d8334d2ec5a2688a9475a911506897a14dad,651401d351b317f97f82ffb76ebef7b8e68f2b0971e81344410dd704cae4c358,Cats/Scabies in Cat::scabies_0149,train
Cats/Scabies in Cat/scabies_0150_jpg.rf.tfgqfPl0duCLDHgyJ8f0.jpg,4,Cat - Scabies,split_group_f60f0e2fd55a7eef6be8c685,c16d3cce7c8b7f3af803f3d976162b2a330f3da4235e2e16c87d8905cde00402,66d34498e93743bf7de9bb8adc6f13ea939bc3eb72a6f9fcb6d83c047b35ec4f,Cats/Scabies in Cat::scabies_0150,train
Cats/Scabies in Cat/scabies_0152_jpg.rf.tpjEhJyB63fiiLOMUsny.jpg,4,Cat - Scabies,split_group_258d77fcc5a74cc15b0901fb,f0fb7b523ddd4ff93998425b420826dce525f71164a7d35309a99e2dca167292,fc4c5c278cbd8d14a5fd43b956ee007396e792f74a844b4a1bd23420e81aeb94,Cats/Scabies in Cat::scabies_0152,train
Cats/Scabies in Cat/scabies_0153_jpg.rf.CsOzPKWtjlIYtUitPWwZ.jpg,4,Cat - Scabies,split_group_77f01f4f3a3fde4e922f64af,6ba33d13fa746f8be29376c06565676fd5ffecc24cf5ef6f26e36835c03cc4fa,fae195b907644c1a020219774706679535dc4dc9dd6b76bcd4f0a691b6d9fc1b,Cats/Scabies in Cat::scabies_0153,train
Cats/Scabies in Cat/scabies_0154_jpg.rf.BU9V3laxqfqsO47WMW75.jpg,4,Cat - Scabies,split_group_c6b272a253d8bd671bf88955,cccefbe7b2068e092ae21ec04a9d7db269214f294bcbfc356c4391113a3ac871,c2d438bce81848ff6c3d064d87a55f9139affe43467b0507a069850f6836cd8e,Cats/Scabies in Cat::scabies_0154,train
Cats/Scabies in Cat/scabies_0155_jpg.rf.mlfLoGhOTRJ5v4qGCYTE.jpg,4,Cat - Scabies,split_group_a25b2c372e1d919c6ad33b2d,0b772439bf83cf219705bd6a559d85bdf1aa89f765b158cd6103b1048ebfee74,ae4821cd24959374c4bd85514a7bd6a0d4ba4a9e86e2f8cbe6ebd54353fa5e4d,Cats/Scabies in Cat::scabies_0155,validation
Cats/Scabies in Cat/scabies_0156_jpg.rf.txbc9OYIjyqJV8wt2Zpq.jpg,4,Cat - Scabies,split_group_c6b272a253d8bd671bf88955,e38221d05c85b528774565348c49deeda94efa4ba25a86bd0c622f0cc5fa33ca,28324c2e08c3aa67667bcd9341e745c4524152827762878c51495d3df41670b7,Cats/Scabies in Cat::scabies_0156,train
Cats/Scabies in Cat/scabies_0157_jpg.rf.SdEyu3OOMda0kUzW1jdK.jpg,4,Cat - Scabies,split_group_26c270e081457e83e41f66cb,52b4a2e261898d3539afb71e7fe144bbe2aaa2e0b29ebbc90219d811b9b4584d,54256f877fe952804b6062d97c69631d472966af3cce7f9688b0d79d73b93d51,Cats/Scabies in Cat::scabies_0157,train
Cats/Scabies in Cat/scabies_0158_jpg.rf.bp5JXovou9WjObrANV3V.jpg,4,Cat - Scabies,split_group_26c270e081457e83e41f66cb,b7786016570859bde507db23bba7cb43f2bd8403cf3473e8e8ae1fdbb2664ebb,6c31844a17c93f1b2d20350bf46ffcd07823b37c20bd4665cefd745944a50958,Cats/Scabies in Cat::scabies_0158,train
Cats/Scabies in Cat/scabies_0159_jpg.rf.AdsKg6cpirWP6jRrSpTz.jpg,4,Cat - Scabies,split_group_93e3dfcb94ce6fec78b87e62,ee83058e6a9b4594cfb0f769c3626c22e4aaebae607824ea1f7752240da0593e,e65e1ed83e41e0266a3efce4255a4e5f7f6993d86d5c8ee4983b72366aa614e0,Cats/Scabies in Cat::scabies_0159,test
Cats/Scabies in Cat/scabies_0160_jpg.rf.xsVznHMqhcz0t8VGzllk.jpg,4,Cat - Scabies,split_group_93e3dfcb94ce6fec78b87e62,f1c59bb56969f70e469ff59ad5ecd8f36aaee6f1667d14391eaf4c38bc018ac5,dd14c217650f3d7a0a410bb7d72e38fbef9d38f05f922cdaa1000040d24705b7,Cats/Scabies in Cat::scabies_0160,test
Cats/Scabies in Cat/scabies_0161_jpg.rf.Q3TN0tbyud2jCLRSZFnR.jpg,4,Cat - Scabies,split_group_32c86b6e17e8443b19bb0713,58ee9a3f82f6e4b06a8010d18d957e70359f8f5faa7d41d53edfbcfb12c465f0,97f928c3792bf2066e976e0fca233637b0d5e60df31f8cd52403b6cd62dcee45,Cats/Scabies in Cat::scabies_0161,test
Cats/Scabies in Cat/scabies_0162_jpg.rf.zdrn4AWhJRQmwURGIA4V.jpg,4,Cat - Scabies,split_group_32c86b6e17e8443b19bb0713,b61bbdb274ccc2d099ad31d40e8c8e771480bf2e5f96859f0133e2856b871d4f,2e26c38316454117126fc60244ee0ea8c9e0b2bb6b21cb1271c612384f55aec2,Cats/Scabies in Cat::scabies_0162,test
Cats/Scabies in Cat/scabies_0163_jpg.rf.UTfVPNemH2tpi57jl5Og.jpg,4,Cat - Scabies,split_group_645ab53a31b361af3c20e622,18c1dffd3bafad89151fe6231f32f72f4717016f292c8c4c00d4c4d35647f972,9c07b627d8a211701131983511945aaab40513460233e47ee6d4f2637053a432,Cats/Scabies in Cat::scabies_0163,validation
Cats/Scabies in Cat/scabies_0164_jpg.rf.xHg3mH2MDU8der3I1GFF.jpg,4,Cat - Scabies,split_group_645ab53a31b361af3c20e622,bcb16cded98c6f9756488897fc6f6bf6226c37af60aeaea0a7f49df8afb2ad8a,e4f97a380ad7ea30528008d66ef6570ceb8e1172ee7d77114cd89dbdb5810099,Cats/Scabies in Cat::scabies_0164,validation
Cats/Scabies in Cat/scabies_0165_jpg.rf.Ug2B5uTr3FRx2zBe1Wm6.jpg,4,Cat - Scabies,split_group_a229d2e70a7af9746c013c62,42940f208493cdc1356a55a0bbf755c3b78fcfa9785319fdb5773112f9fd4147,5b5bc5321dc584d6995b6997517bfa70f5d5bd0216d4228b4ef7281b5523c1c1,Cats/Scabies in Cat::scabies_0165,train
Cats/Scabies in Cat/scabies_0166_jpg.rf.gnIveLt2Nm3iJ8PiBYdL.jpg,4,Cat - Scabies,split_group_a229d2e70a7af9746c013c62,e49864d538a8c6313ca85b7ec22b5fb3bdd35ebd963bcfcd7cbc616ae3949c5f,341e4f2ab54cbd9be760c5c13d749a69961b17d1d92086c812bcbd13d208eec8,Cats/Scabies in Cat::scabies_0166,train
Cats/Scabies in Cat/scabies_0167_jpg.rf.YMFp9lFkROM93W3bK2lu.jpg,4,Cat - Scabies,split_group_299427ce4efaf184c4b588e5,5fe4be00f8628d8edd20f1aa4f11d98bb3285ecf8ac3b715d374c405083af945,a3e5bd812ca5b2740460e2586a60d2496902dc35822075ab0a505341d43bb25f,Cats/Scabies in Cat::scabies_0167,validation
Cats/Scabies in Cat/scabies_0168_jpg.rf.BsUa6FmzB8K3oy9ddYvD.jpg,4,Cat - Scabies,split_group_e5425b602157babffcdb7dd4,45e1f1fd0846432adcf5163cfba4dab64cc3c0799c6bf1406b8f199c9fd2e288,3add9cd661dd77254d1c8c779b4ad691bcc08fa89f67d4637b837e4b9b732726,Cats/Scabies in Cat::scabies_0168,train
Cats/Scabies in Cat/scabies_0169_jpg.rf.61tZN17ClxrTGqnGNeWm.jpg,4,Cat - Scabies,split_group_299427ce4efaf184c4b588e5,f1d417d6b540a11df5c46bae92a144d009e9f287a314ed9f714d4998a38e234f,3a55b8f34d1fad95853189c04cc4308c8a60b740c9cd143c63204b0fb4ae63fd,Cats/Scabies in Cat::scabies_0169,validation
Cats/Scabies in Cat/scabies_0170_jpg.rf.1IBHVp8IiOCttST7L337.jpg,4,Cat - Scabies,split_group_1bd00c9269f22f5474748be5,a3d26693104b9b3c4da99f86c92b4a597f2d663a1919edc101b11f05f2a8519b,fe155739287ae2c991a564acd94ac68856fe92b9d858871e008b1e17a00385ec,Cats/Scabies in Cat::scabies_0170,train
Cats/Scabies in Cat/scabies_0171_jpg.rf.BzsxtA92ieHMXOWQLqna.jpg,4,Cat - Scabies,split_group_1bd00c9269f22f5474748be5,d176b7397e7b2b3bdbdbce94aa0846f9196d06915cb6e23757a41f5807cbe989,498667e5bc030f7a1be4be7c9d66b047b1832deda936657ed29c6c5db99dbf1a,Cats/Scabies in Cat::scabies_0171,train
Cats/Scabies in Cat/scabies_0172_jpg.rf.PwvGnC62GMy5VrCi13U8.jpg,4,Cat - Scabies,split_group_7ee8f2c366f2648ce818d66a,46e2871397ad6e46767f231ca404358c5dd44d33e11f6b46e9c8d19bcd2abefc,8e0e1c84a3c78ea4e264d5d140c14df2d501bf65a6dd3344e1c6dab18ed5eefd,Cats/Scabies in Cat::scabies_0172,train
Cats/Scabies in Cat/scabies_0173_jpg.rf.AJdOR8bEap8MTBlrLH2L.jpg,4,Cat - Scabies,split_group_7ee8f2c366f2648ce818d66a,c7fb827758c81a8a63d8763d8f41d875ee55fd2793edf651456baea9411fed26,4a28554b06d2995f896bb260f09794e33d4e9d2319a75696dde3746e82a651bd,Cats/Scabies in Cat::scabies_0173,train
Cats/Scabies in Cat/scabies_0174_jpg.rf.AXso6mY6yyDnsQ8smgPq.jpg,4,Cat - Scabies,split_group_a4103a701e2ed58fdbacbb5b,f3bdbd26781d32fc22be7031a04b147e94fd6712534b8b163690f6387330041e,ba3a7635a0af0e30abd8d646a4f51b3cfece24c6e68415c96545ea681f2d4c53,Cats/Scabies in Cat::scabies_0174,train
Cats/Scabies in Cat/scabies_0175_jpg.rf.6mZVD96cKRk9rd3EesZZ.jpg,4,Cat - Scabies,split_group_a4103a701e2ed58fdbacbb5b,d32956faef310799d9d0c84447606a26945c392d06168febefd2c340d995230e,bb0f1e53398e906bd2619e329328d3c31fbe37f9e5077067fc434e3042c59604,Cats/Scabies in Cat::scabies_0175,train
Cats/Scabies in Cat/scabies_0176_jpg.rf.x79NbeSovM3mhjzE4N5x.jpg,4,Cat - Scabies,split_group_340687a4b8ec0e34ecefb91c,97ae2dd66d8843c966761de0bab261cf5e94ae34bb62f00955d8a95c85a427b2,48510cb5b1d11f2df33dabac940341ccc7fa86136525c64eb716ca0c46374cac,Cats/Scabies in Cat::scabies_0176,train
Cats/Scabies in Cat/scabies_0177_jpg.rf.TrxKQZNyKsbmqTaaFQjC.jpg,4,Cat - Scabies,split_group_a9e13246698210e2a26cce73,e5f460d677a3e49beb0e0b824da7c15ae8280c1be866f4f63aea8fae1110ac20,18b06ffcba3d468ae439504527cf7923bb4b019d87ff37a0b7e68731e8d0e647,Cats/Scabies in Cat::scabies_0177,train
Cats/Scabies in Cat/scabies_0178_jpg.rf.ZXGnpDikzZ1Dk3Vo2yKN.jpg,4,Cat - Scabies,split_group_d13afdd6f2a97d20b2b62425,cc6e4a5d44fb095d47e3b53c6db0c1dbe37f95d383d43352ce0475fe47a5cf0c,8abdc945ec81bde2e4ceac6d8a77ec96bdf5a456a4dd6d0206024c7d9ed0d767,Cats/Scabies in Cat::scabies_0178,validation
Cats/Scabies in Cat/scabies_0180_jpg.rf.ajy1pCulxH1G5jiDshNk.jpg,4,Cat - Scabies,split_group_d4a6fb9684a4cc002021ca39,8ba8aa0adccc4896165ba3a4ce30decc3c0e7fcc063f1e281751d4fc65def51e,90ef7eb8abdbfccc4280b9676eb1a5add59293bdac1d368f9fb7ccf04b624170,Cats/Scabies in Cat::scabies_0180,validation
Cats/Scabies in Cat/scabies_0181_jpg.rf.2YmRb4WhBVnJaovrX6CG.jpg,4,Cat - Scabies,split_group_d4a6fb9684a4cc002021ca39,c40e8243bc556205ef6fc626dd0ff41f02ff211c9e049412ee94c3a90e6eb438,cb248ffee51b9bfadd8d8c0d9164345f5e115cb592966a2ebddd7eeddb6262a8,Cats/Scabies in Cat::scabies_0181,validation
Cats/Scabies in Cat/scabies_0182_jpg.rf.FSa3B1og97IG8PKgVKk6.jpg,4,Cat - Scabies,split_group_83f68e7ec458c751943624ec,66c2302d21a5ed27559511aadefa4fd3a71b0170835e4bc61b230e2b2c0dc0b9,5dca2808d04feeccb935bbf132cd6ac8528869d2efe4769957e0b2ae413d38b7,Cats/Scabies in Cat::scabies_0182,train
Cats/Scabies in Cat/scabies_0183_jpg.rf.5R2Rv3EUEh0viZbTxuqB.jpg,4,Cat - Scabies,split_group_5a383c6dc58609f453a8a161,5254141ba7c7c16a1acdc3a8c843fcb9304f8584c85f67120c2ed92d65891037,3d7f279b2fe7382d443f6e5d07a78682927af050ac24491e17724c0b7182274d,Cats/Scabies in Cat::scabies_0183,train
Cats/Scabies in Cat/scabies_0184_jpg.rf.tUdmyE2krH4a6k4ODOFu.jpg,4,Cat - Scabies,split_group_5a383c6dc58609f453a8a161,b44c321d04edd6ea7d15e47ac54d0f8afeda21896391225ec133b653ad8a9e16,1493ff2a4e7bc0edf0ca3e5255e115d742533ea22d5ce6517a30289dc6997c44,Cats/Scabies in Cat::scabies_0184,train
Cats/Scabies in Cat/scabies_0185_jpg.rf.OMqr9MAMe7u40UmS2NJS.jpg,4,Cat - Scabies,split_group_87c7a33ae0d3e71b0cfbdf40,e13965605d76943d35db22035c4827a79e08747cd92833a06579721cd8f2a09c,f32ec85c25c6545f1326e12869ceeb9c134e6ff4cfec2eab9c6b7e2de9a52b83,Cats/Scabies in Cat::scabies_0185,test
Cats/Scabies in Cat/scabies_0186_jpg.rf.NisIeE3fux001W5i5m8y.jpg,4,Cat - Scabies,split_group_87c7a33ae0d3e71b0cfbdf40,a90da658d4890c94fc9788107d89f91a4c64bf1e561511d1b5985c45dedd9451,cf215c5dd92f20417e79d689fbaa7a5ac56ed412601d312d3115dcd177f1d1a3,Cats/Scabies in Cat::scabies_0186,test
Cats/Scabies in Cat/scabies_0188_jpg.rf.t4NN2IJrcTVHEi2m80Ey.jpg,4,Cat - Scabies,split_group_ce1906a2b92a2a4237348bd8,3da91d89db6816c61a3c2af3bc487dd3d394184a849f2ff1c5d014abceb21b3e,58bcb6fff95d82df9edccf415ce0e572b4547b4288f02baca2f30a9099e780c2,Cats/Scabies in Cat::scabies_0188,validation
Cats/Scabies in Cat/scabies_0189_jpg.rf.LHOzyH9jcnTrtYDS3aXv.jpg,4,Cat - Scabies,split_group_ce1906a2b92a2a4237348bd8,80dcd34724672f802ad67e100e11d655a80bf6ed97e2105efe33385355c5f01d,0166967ec34f28133814578bf0f7da09462d24d882f4585dbd168d4908849f7c,Cats/Scabies in Cat::scabies_0189,validation
Cats/Scabies in Cat/scabies_0190_jpg.rf.fXAyeKBBbPoxKvRXlD1J.jpg,4,Cat - Scabies,split_group_bb0d07bec3bda6a4f924082d,37ac27e3012a06438ed7e3342d4dd348d2413999dcd415f245096840be05d7b0,4323daa3a49946676fe56b70bc4d6eda31b7e8d4991543129453f5abe510d6c2,Cats/Scabies in Cat::scabies_0190,train
Cats/Scabies in Cat/scabies_0191_jpg.rf.6RUFMfoXo0n5EuDovMgy.jpg,4,Cat - Scabies,split_group_93dcf720d5cdc54ca9c20479,445f7524169e299d35c1c6d3da8e6efe19d76fe376487d580f4d1388d7b41a39,8b06d68ef3c4c7cd5088266d10c798ec9161d96a071a250565ec92e3114b9367,Cats/Scabies in Cat::scabies_0191,train
Cats/Scabies in Cat/scabies_0192_jpg.rf.Q7N89UeImxNNSz0w0x87.jpg,4,Cat - Scabies,split_group_93dcf720d5cdc54ca9c20479,5a8adf0b81ca2fda2f7167a7ce3bca5af53516c44d600f00804599e90fba761a,bd054eb5a798a07f84230957362dea730efae399725dd0d0aa7e51ab09b82b39,Cats/Scabies in Cat::scabies_0192,train
Cats/Scabies in Cat/scabies_0193_jpg.rf.LQgftqQbI8gklVSyPpaA.jpg,4,Cat - Scabies,split_group_49753148c27f2d8b167efc5b,edb303860eaf183dc76783841ad18c3b2ad10ecc87f5f8133cbe13a0a0d00e0c,e30e1518f0147354394e38bcaf123d592d4cb4b27626a71fa23e380f23e2000c,Cats/Scabies in Cat::scabies_0193,train
Cats/Scabies in Cat/scabies_0194_jpg.rf.DraUTEjaAMmc6bYyLAyM.jpg,4,Cat - Scabies,split_group_210ba1bb0b0ebdbd281a3a49,862707897871a2bfb92e36b6b34cd6813d65ed9977c84d685a891b2f0088e847,a472535e47411cc14b584649455f7bddb45d88c98d6ded5bd3b74e4c8b718397,Cats/Scabies in Cat::scabies_0194,train
Cats/Scabies in Cat/scabies_0195_jpg.rf.dQ5LjHLMKGa1vicI08iv.jpg,4,Cat - Scabies,split_group_430d63990a529b07dbc9365e,8068762c79e8463758362ba89d2a953f7f1ab5e7b662a0c8a55322c61c0eaad5,a3d44ab264904b22c522f9ea6c2933e15ed83dcf08035858c9764d7db1388c1c,Cats/Scabies in Cat::scabies_0195,validation
Cats/Scabies in Cat/scabies_0196_jpg.rf.exkhSnou5rSUZ2pgfkc0.jpg,4,Cat - Scabies,split_group_430d63990a529b07dbc9365e,154bfce5932a1db93eea50cf70ab7ef71cb15c36d578d1d8c4c195ea6dfd6885,a3d574ed5fd2aeb6b33b57ca5b215d5e0e43ccda9b181c288fa900c252342f45,Cats/Scabies in Cat::scabies_0196,validation
Cats/Scabies in Cat/scabies_0197_jpg.rf.dOafJ86egQK2RDzPa8Zs.jpg,4,Cat - Scabies,split_group_082adc258017dfb54da0728a,08bf145cc9fe0a55706b3b2f846c40765141d91d11821469b727f2fce31f8457,45dc95d3bf0ea8ec73a6eedfe0a391d564ca15657119f937ab66af3fde4af389,Cats/Scabies in Cat::scabies_0197,train
Cats/Scabies in Cat/scabies_0198_jpg.rf.mEBjuSkI1iIzVxB6sYBE.jpg,4,Cat - Scabies,split_group_082adc258017dfb54da0728a,2cf17337c578abfc140316144230e243188e04746808b6130127e21c41ca5f77,99766757cea438bef99a54f7dbf2b5ff50cd4ae3fce9851979bb9712bea0fbc9,Cats/Scabies in Cat::scabies_0198,train
Cats/Scabies in Cat/scabies_0201_jpg.rf.UpLRLvDwjhzygqMY66U1.jpg,4,Cat - Scabies,split_group_6f5f777342f65df4f528d763,764f655bde6c5d8c2dcbf35c91b128ef34faf6f15f6fb53ea7d9619015f45d81,3409d181842345ade5b51af73ab74bfdf91fbf67c4501ae624ff5f5b761bf7c6,Cats/Scabies in Cat::scabies_0201,train
Cats/Scabies in Cat/scabies_0202_jpg.rf.M2Od7VjZjfpjkRS4bmr7.jpg,4,Cat - Scabies,split_group_2ed5b76e4ae3051866b1f3ab,1f7f8351b5a61c21122d5f8be0694c1376b25cfcd631f84d922fa60182d11a00,db72fa83ae68adcbe67e6edbaaf6b4aede2c1e75b6662ed771305dd2d08139f2,Cats/Scabies in Cat::scabies_0202,test
Cats/Scabies in Cat/scabies_0203_jpg.rf.z189EDW8588D8KiRXO8E.jpg,4,Cat - Scabies,split_group_2ed5b76e4ae3051866b1f3ab,43ac1a66095b5f3b9eb523a4e161a9e13cb49f47f980eb548a6a1cc29254b4fb,9d94cd8ecd04469fc2f3da0787ddd657d646e31f2532a9193081384722935d92,Cats/Scabies in Cat::scabies_0203,test
Cats/Scabies in Cat/scabies_0204_jpg.rf.3D8rJ7xuei1KpEeuZ9Hx.jpg,4,Cat - Scabies,split_group_2e7e84917ffa1ee6f599139b,16a7df4853378a963131136ed66d311a28c2cfc52f78e6034873af2646aca3c0,1bad051527e7bd0a899721d896efc6ef5fe71cbc723d05e1cd6aa66eba695056,Cats/Scabies in Cat::scabies_0204,train
Cats/Scabies in Cat/scabies_0205_jpg.rf.prIlRHsHgiKkWKoVnvjL.jpg,4,Cat - Scabies,split_group_2e7e84917ffa1ee6f599139b,44f3cf0df1fcffc9c7940fd06f43deef66264528da8160a76a94f18237f4aa61,e4ccc3e293d90c1e165730c3d79cddb8cd22088eb9eb2f39cc8b3958551f2547,Cats/Scabies in Cat::scabies_0205,train
Cats/Scabies in Cat/scabies_0206_jpg.rf.djJvuSMCxca2SY44B7pl.jpg,4,Cat - Scabies,split_group_e6c37c385af9711048e985c7,f664e5964a337a8a23e0c16bc649d53f95c90891ba1402f11efc63ed6539875c,98c78870f3e6c4640f3ebb4941e8fc29e687a329a1866b3aa4bd18c022c327ea,Cats/Scabies in Cat::scabies_0206,train
Cats/Scabies in Cat/scabies_0209_jpg.rf.TSFJTNN5jEHqBm5EppMj.jpg,4,Cat - Scabies,split_group_0e7977bae9f29309f3c52e2f,cbcb331fdd769fcae3faa71880d5d134164e6ee9265c243257b1ce440012edc4,8868bd53c1093190c4bed3c440cf2fb468a1654dd4e4cb2aa32325228f9bfb19,Cats/Scabies in Cat::scabies_0209,train
Cats/Scabies in Cat/scabies_0210_jpg.rf.GtVtiUyTAu2z8U5k7XNW.jpg,4,Cat - Scabies,split_group_0e7977bae9f29309f3c52e2f,f24201f9cc87204a99ccdce75a04c47d519ec8d16959cc153c9e94242023de59,10f5758e0dc1f4fe416cf19de92e50c0c03722d32118fb0093a803c8a08e5b5a,Cats/Scabies in Cat::scabies_0210,train
Dogs/Dental Disease in Dog/0_1_png.rf.ZFRPnpr9CzffyM0LXCJ9.png,6,Dog - Dental Disease,split_group_39e180d6191ec843b3583779,15fe054ee21a7a175504ed303b0a8e1ebffa038985633869fd9b7cf984b5819b,d96da0b4446f5999f3125510d53950756c1f2fa69c94cef03ae091d388fecd72,Dogs/Dental Disease in Dog::0_1,train
Dogs/Dental Disease in Dog/0_2_png.rf.QQ0L2w797popYydeNN2m.png,6,Dog - Dental Disease,split_group_8ec8fb019fa6fce5b095459d,db2c14602da9cd70b905929b33fb8fe2f4114fec4c333f40e3aa28e855862c20,7bf26aa2c1c299136a2e41de9a78559291f2045577f3e1bf16ef2999c06d7680,Dogs/Dental Disease in Dog::0_2,train
Dogs/Dental Disease in Dog/0_png.rf.OsmLK2dyjcEHSX3nunSb.png,6,Dog - Dental Disease,split_group_b420b66ee21f43e5794458d2,14ae81aff18578d5552dc9aade638fb06a2a9e381bc44f9409e83be41f9bfe5d,b1fffa4db037da1895858bf7fcda3a0878eadee80429cb7c59f373ec77f1dc5d,Dogs/Dental Disease in Dog::0,train
Dogs/Dental Disease in Dog/4_1_png.rf.yXeDD3GSxYWg971dhojb.png,6,Dog - Dental Disease,split_group_9dd8a4816dd246748c7b48a6,db39000b6749d4a40d9463920e1a37832d13ab4d0339844204fc9d03d02f0c3b,00843a79343e65711758b55fffe7a1a4a70549319991210233a86136670fb5ab,Dogs/Dental Disease in Dog::4_1,train
Dogs/Dental Disease in Dog/4_2_png.rf.FYXqMWEl4F8CKCdF8aKm.png,6,Dog - Dental Disease,split_group_385d7024dad721b16ad5c36d,ab55c26922bdf1c069f63e514b40ad6df9b8a0ae2c54cd6d6f9941a78c471808,cf2808ac52c0ef188b58a15fe703478202916353a289413f9f217450c480c51a,Dogs/Dental Disease in Dog::4_2,test
Dogs/Dental Disease in Dog/4_png.rf.WLusBauZDUl4sZZLvgTM.png,6,Dog - Dental Disease,split_group_1ec4bad81e99065feef6298c,7352ff6bbfd6fcf51e158654797cd6121c165691221ad931c48610b92d5e350c,d60740dc4cb0afb502ea98935689113509a31aa5171aa70b20154f147908e76e,Dogs/Dental Disease in Dog::4,train
Dogs/Dental Disease in Dog/Image_1.png,6,Dog - Dental Disease,split_group_3dbd9264575f13fb5b803785,b19014e47f7aa004b21f95449167c7f173bc79874c47afae671df3876feb7a30,b234438479c68d499eb63f9eddb4cc3363078781b268d0c32ef02919e33e33d3,Dogs/Dental Disease in Dog::image_1,train
Dogs/Dental Disease in Dog/Image_10.jpg,6,Dog - Dental Disease,split_group_f38ed25978184d746cdcae12,09d47924cb80d580add27190015cd4916f61e42310c8a939fe42e107b2479095,8f909bfb565494dc7be740f3bb02df5f77500972cd2f0ec14f0e9fd10010a3ad,Dogs/Dental Disease in Dog::image_10,test
Dogs/Dental Disease in Dog/Image_100.jpg,6,Dog - Dental Disease,split_group_d302eb55531b79151c876930,953b231d0de92c743eda76ba7940674ca257f58d8e10122e53bf8dbcf2248bb7,732bbec8b8dfc19f2175f560aad50d199d5e7c5237165ea92da87c370f1d79b5,Dogs/Dental Disease in Dog::image_100,train
Dogs/Dental Disease in Dog/Image_11.png,6,Dog - Dental Disease,split_group_1346391ab3ec85e8cc21b4a6,3a7129214ae747fdc0353fb93631c9db8773679e83eadbb604b90d5ce33efcae,7c1b2874e049ca4165c1b2a1435c3cb3178354a003f223b468349b1f012ed4e9,Dogs/Dental Disease in Dog::image_11,train
Dogs/Dental Disease in Dog/Image_12.png,6,Dog - Dental Disease,split_group_ec8ecb258a257d146c60b277,da3b2c9b5914fcef47f85d379199a87a8010f940fcd8593de4634ceaba4688be,94459408576335db3350bad1a0a62d913dfa926a6c53aa8125d1f00d192875e9,Dogs/Dental Disease in Dog::image_12,train
Dogs/Dental Disease in Dog/Image_13.jpg,6,Dog - Dental Disease,split_group_7c4af4ea7340e4b3a5d5defe,19700a4d6d33962bb81a237ef67eb6fdcfe57bde4a4787e6f5b3e5d3b3b4442f,f8003ce9fb94f94529e9a9d4c8e95f5047163ea53478bebf9926f7e25593bc54,Dogs/Dental Disease in Dog::image_13,train
Dogs/Dental Disease in Dog/Image_15.jpg,6,Dog - Dental Disease,split_group_720e7eaff7e23243c4d225f8,b241fe3f12da890e76232e575e41f4d8cfabca03a27dcef2db1ba0515c71837e,5ba9756de3fa7576e6801ced78732e971bd45df9fe05f4995889beb7b52f9c49,Dogs/Dental Disease in Dog::image_15,train
Dogs/Dental Disease in Dog/Image_15.png,6,Dog - Dental Disease,split_group_af1226b256f7e09ed570f0f0,9d1ffcb930bd10f9cf7aaf178fa38166fe18160a6a04ccae1e580b98b90f2303,aedff1cb29c91bc9a337bd6e954b81291366650a0c009cf2771d0ea398edac18,Dogs/Dental Disease in Dog::image_15,test
Dogs/Dental Disease in Dog/Image_16.jpg,6,Dog - Dental Disease,split_group_b7d1f2a79880dd6c19e528a9,e28064a087410c157f1aa6875b1be21b403326e8fc8e86992a5e32fba6d29d0b,1553ca25b92d4db965989d1c39df4ea716836094c1f3aa04c0991006f9d23492,Dogs/Dental Disease in Dog::image_16,train
Dogs/Dental Disease in Dog/Image_17.jpg,6,Dog - Dental Disease,split_group_0875b4d8d5429e09720507f3,9def57af707c845f944f0002270602a3a8de2a4ab601ff0b3be18e652207fe5b,2ddc6e137e0e0489e934d76e4d331a9c5adf43d394d8607c6a975e4dd381a5f4,Dogs/Dental Disease in Dog::image_17,train
Dogs/Dental Disease in Dog/Image_18.jpg,6,Dog - Dental Disease,split_group_014f51c9e9091306f8df2d01,09939096796cd94574258dc00312f8700b81f21a2fce98315cddee93a6fabca8,5abc778fb6820d946034a88a725bb51ea5e8861cd6e4d930af049fd71eb3b382,Dogs/Dental Disease in Dog::image_18,train
Dogs/Dental Disease in Dog/Image_19.jpg,6,Dog - Dental Disease,split_group_1e4acaec9dd071ad4095b45a,ecc01bbae6f5c1e25b6cb420bac22f0d924a6a7e33e0cb9e7121a9cde6b62eb7,0395c1b345677d55086b3c77bc7e0df0daab0691da1164f8c6f2c16b4634b650,Dogs/Dental Disease in Dog::image_19,train
Dogs/Dental Disease in Dog/Image_2.jpg,6,Dog - Dental Disease,split_group_4f6ff494e63ccbd70ec0cb37,43aa8cd74c355c938a15bf2bf64913e248072cef03119b90d25cbe1ed19d3f48,81f0e82cf23b7af0eb794614c33ade893dd634080126ff0a3ac05719ae096425,Dogs/Dental Disease in Dog::image_2,test
Dogs/Dental Disease in Dog/Image_20.jpg,6,Dog - Dental Disease,split_group_b3fe03eb31875aa2794effb7,587d561ca51d69e24305c1bcaebf40a40777d6d4d1bee0fa33e5309379a48ff7,fe68e8ff75cd99e5a8181ac376b7ae96a3e4f5a1a3ba1dff2aa60da9f4dfad49,Dogs/Dental Disease in Dog::image_20,test
Dogs/Dental Disease in Dog/Image_20.webp,6,Dog - Dental Disease,split_group_0ec82a3940ea0cda6b1899ff,7cb89241889b338588cbfea0a94013890e55d5ca35a8ed7a1a28574654383094,a515c48f50e0fe6cf47266dc6b5a947e651c80ce923cc9d3d21579a880d56afc,Dogs/Dental Disease in Dog::image_20,train
Dogs/Dental Disease in Dog/Image_21.jpg,6,Dog - Dental Disease,split_group_4eaeb83e9d18eba1dd78c05a,4d3c070c043cd11bcb914e304a9865ad8803db7f7d31e4a8fca52d6896bd4fc4,a08ece24557d7e3b0de4d10c00e8d6e65d22c81ba74845283cef4c67760ed84b,Dogs/Dental Disease in Dog::image_21,test
Dogs/Dental Disease in Dog/Image_21.png,6,Dog - Dental Disease,split_group_f5b4ae844686bba92d9c9183,681707afa4aa4dd0bb35f9bf49dfeebe0e12acce50c4edc4123441c8a40cf80e,bbf80222a1c5fc7df7b029cc3daf960d3d00c1d8e6901882a9a6c573c3f12b1f,Dogs/Dental Disease in Dog::image_21,train
Dogs/Dental Disease in Dog/Image_22.jpg,6,Dog - Dental Disease,split_group_57a9e4f0b9e9f5a764bc814f,5a9fc4d434887a56866d151739a479c5b165fc8f8b1212e1bbf80d907c8faf6a,24db00de5e7482261bcf1c33c133d054f77073af8b14b18592c651c859ef08d7,Dogs/Dental Disease in Dog::image_22,train
Dogs/Dental Disease in Dog/Image_23.jpg,6,Dog - Dental Disease,split_group_e06a6eae33560ffe56320f2d,4a39eafad80a55277b96fe444e3112800446db3bf015275027778e13577dc83a,65ee35dc31c62c8a5b28942dbd0222871ce9402dbdab5bb50d3cec3f53f330ad,Dogs/Dental Disease in Dog::image_23,validation
Dogs/Dental Disease in Dog/Image_24.jpg,6,Dog - Dental Disease,split_group_ab4f1412ac32731d754bb9cd,89b0a03deafa0d66738c2f6d6f71719c2eba9ed122110342b16599a4e4f28a43,2103fc9269719fc9a52644926032b2d1e2541759f646fe3508001756b153dc14,Dogs/Dental Disease in Dog::image_24,validation
Dogs/Dental Disease in Dog/Image_25.jpeg,6,Dog - Dental Disease,split_group_184844d8db343511db5f7fec,d426ffbebe48a10890e508faccc7559d37ebe37bfc644a15f01bcc32f56e8c21,35f24ef4c4e2f9134b33b6545fd0259a86b26900be1896a4812dd6bd25875828,Dogs/Dental Disease in Dog::image_25,train
Dogs/Dental Disease in Dog/Image_26.jpg,6,Dog - Dental Disease,split_group_c3505567b9153ed29c29e3e2,8c4760a3ec0be0a503929d4cee1afab053e8395cefb7718e45209f08386db32c,b0643ce31ea87b745eb6a1c90ecc49b4a4689dd2a92e86346323be6cd354ca10,Dogs/Dental Disease in Dog::image_26,validation
Dogs/Dental Disease in Dog/Image_27.jpg,6,Dog - Dental Disease,split_group_2701d3265704ebe2061a2539,309258c15010a09eedee4bf938e3e8a3936c7573932958a4f30f48c02429ac70,9e16f04afacd83e20836e8606a3ae0be700825c1d61b2003494a58fb30282f2c,Dogs/Dental Disease in Dog::image_27,test
Dogs/Dental Disease in Dog/Image_28.jpg,6,Dog - Dental Disease,split_group_a1481622590d5e8a3b91c6c6,34f4ab5c336b7bf71c97568132fbc81c48591c209ce785f5b330de1324d6f218,3e0f26bdb87a2fe890bb0895631c7ec9dd8db90d40a9a5ee27901715bec5271f,Dogs/Dental Disease in Dog::image_28,test
Dogs/Dental Disease in Dog/Image_3.JPG,6,Dog - Dental Disease,split_group_540e7e776a4e636c88e33451,49aba3140146ad03817944200568c5c865ab7042c11d71ea652c6ae351fabbb2,a7b7cd56efcb2acabe1c13a25121434a0f94099bf36e12484e607a5ae187f34f,Dogs/Dental Disease in Dog::image_3,train
Dogs/Dental Disease in Dog/Image_33.jpg,6,Dog - Dental Disease,split_group_ab3e30d561bdc0937cbb0a0f,81371e0748b4e518102fb8d6c1fc53c5f8b5fa624d7166a2eea29a40e49c3db3,b9b4c8aa333e537832bd6ed258fecbd9f0193244aa76f2891f35efb2239426c2,Dogs/Dental Disease in Dog::image_33,test
Dogs/Dental Disease in Dog/Image_34.jpg,6,Dog - Dental Disease,split_group_5a575e2dbfe5cb20f7ccceee,3805098295298d0aabae67371f2f56688d74691207ee5ebf4bb2f7250d749796,a1bed9c4f06775f3672fbbab3237e597716bebd958855ef6e9752a93da0f5811,Dogs/Dental Disease in Dog::image_34,train
Dogs/Dental Disease in Dog/Image_35.jpg,6,Dog - Dental Disease,split_group_0a351f5880b633a7032288d3,4807155125ffe17742ac26763ee5ef9dd269b1c5ccab35b122f8b0deb120aed6,58ceec327eb5fcb29880855c8c9ca14a71fc6ffe899b62fcda5990158f9a5774,Dogs/Dental Disease in Dog::image_35,train
Dogs/Dental Disease in Dog/Image_35.webp,6,Dog - Dental Disease,split_group_9c056e8e6de3002e01811ad2,a78e16de97bd9ea0ce96c8569160db855c255af8fb06b1c9decd5341c5da7bec,cda14d7dec64fbd1040af892276cf0be6266953222a6efe38058632b95ef47e5,Dogs/Dental Disease in Dog::image_35,train
Dogs/Dental Disease in Dog/Image_36.jpg,6,Dog - Dental Disease,split_group_334c13a63df4b79fd2b92273,31e18ac33dafa1ac29261eef7dd74dddf780e73add6b32bf76765cd28336c5a3,8c5612ade451329ea622b9e7453dd0cf9028c9cb084c649122c4aa72b666c44e,Dogs/Dental Disease in Dog::image_36,test
Dogs/Dental Disease in Dog/Image_37.jpg,6,Dog - Dental Disease,split_group_60b807775ab422ffcd44e98f,af763aeba14a02bfda473b4e207b33b587a1109b04de85c67739293249ee9068,97f038ed64a8f15e2860df420d6d613ec0e8b194392299a5e6917bf434791ef4,Dogs/Dental Disease in Dog::image_37,train
Dogs/Dental Disease in Dog/Image_38.jpg,6,Dog - Dental Disease,split_group_8561e874bb81a7b96ff6ea75,59262d41c7e3dc0c51fc8c375756e5583fd887d1311e564d053ad2256105cf08,48c3fe9e547b312fa006e2ec816b6fe316e17835182e4393910fa1165307dcf8,Dogs/Dental Disease in Dog::image_38,validation
Dogs/Dental Disease in Dog/Image_4.jpg,6,Dog - Dental Disease,split_group_257024cc46a952822a67389b,0d9d3567d66e34cd83bda04e41741994826de68b5e287eced0fe768e80862635,b88a7d88608ee7b03a885e0df9b00a33ad2838910c0913f437f1331b5183210d,Dogs/Dental Disease in Dog::image_4,validation
Dogs/Dental Disease in Dog/Image_42.jpg,6,Dog - Dental Disease,split_group_6641c3f46b3e5ca78ee4a28f,9131f4421236cd2ee3b334e68beceba8eaa846b368790d1dd1e2d68262c878f0,e921eb3a0a99b8e587e56eba17a65c3f89866df8fd2b2a7928be26c29a22742e,Dogs/Dental Disease in Dog::image_42,train
Dogs/Dental Disease in Dog/Image_43.jpg,6,Dog - Dental Disease,split_group_0a351f5880b633a7032288d3,395302d9a62d6730dbd500433cc93f26bcc3cfda9c49d9a0040cca10b32dad32,79f7275bbb272472d3585fde17839c4a79bcaa27a1cb99766669913c3f089f63,Dogs/Dental Disease in Dog::image_43,train
Dogs/Dental Disease in Dog/Image_44.webp,6,Dog - Dental Disease,split_group_17f667341a617e13343d5405,0cb8c85bc5c711b21e3c59011a236d2a56174242252dcb3439e005f8ebdbda4b,102976cc520386177bc0fc6e708601d24e3136a7f9f8059dcf8089ec604b2f8c,Dogs/Dental Disease in Dog::image_44,test
Dogs/Dental Disease in Dog/Image_46.jpg,6,Dog - Dental Disease,split_group_257024cc46a952822a67389b,5d7a287c6673d2235758b1717577208ce208e8e7bfc38f61004eb3798bab931e,d2120884e9ff6b69a40e972ea1da8b300ae4a60fb19805cc53d9117bce95e7d2,Dogs/Dental Disease in Dog::image_46,validation
Dogs/Dental Disease in Dog/Image_47.jpg,6,Dog - Dental Disease,split_group_e4b642b95682a2f74d49efb3,885c5080cbd2d1f13d9edff66504722836b921ee6410157c89c6bfcd3f11590c,fb1af7a53044fa105d202b55bec2ec99921d2df14ef4f2a2c56cccf6220ec25a,Dogs/Dental Disease in Dog::image_47,train
Dogs/Dental Disease in Dog/Image_48.jpg,6,Dog - Dental Disease,split_group_01c60b865e8617a3482637df,a37c1604d3099ed7406d215583d541cbb6bda0f6afcd70673dc22374dbccc541,bc6655e52b9bb8671210d5d839a76e6d2a7c6102c69cda293e86516f9149e7b5,Dogs/Dental Disease in Dog::image_48,train
Dogs/Dental Disease in Dog/Image_49.jpg,6,Dog - Dental Disease,split_group_b69e870155f48257f7aa5dab,c09d843473be5e1063720633cd33b5109e3a963c37bacca7038410f0609fee86,c8c36db976d80d316b6453d7d0ca1361eab43e22d4df1d9939f043c808982c4d,Dogs/Dental Disease in Dog::image_49,train
Dogs/Dental Disease in Dog/Image_5.jpg,6,Dog - Dental Disease,split_group_fd0ee7f9ae374f8b2293071b,d8b085bb5584a987612d5d2ac0991357bcc54825b71f5b70fb8a7d2fc9934051,969f57990e740a545ac0775f4594d3aee9fa45da24bc870fec4659d1864196e6,Dogs/Dental Disease in Dog::image_5,train
Dogs/Dental Disease in Dog/Image_50.jpg,6,Dog - Dental Disease,split_group_7e9d20b02d5f731701d04e1b,630c7c3602574afdcdf6b25adbf8edcad8a8c2bf451f25b0747c30b4fd19f5f8,24a8e5c13edf73f8e352a01c9102ff3a32022e3a264c454cf8f09a64d96386a9,Dogs/Dental Disease in Dog::image_50,train
Dogs/Dental Disease in Dog/Image_51.png,6,Dog - Dental Disease,split_group_e9e2dd8f260da3f9a0796357,78e7b0e476137eb003bd616b7a8944ab46ab91482dc28b6b4e23819a2c8a2bcf,f928a8c509a3ac3bc6bc5811429569048bcb1aafd2494080498e662c2b4a55db,Dogs/Dental Disease in Dog::image_51,train
Dogs/Dental Disease in Dog/Image_54.jpg,6,Dog - Dental Disease,split_group_50f3310a3042b9118127fd49,a685b960eedcf86dc72943b786c88442d74ecc43034d888b9323f057988557f1,eca90fdb6b0b318cdaf465b1468c633b4ad6a03746ebb7e7f0467d7170b22ec9,Dogs/Dental Disease in Dog::image_54,validation
Dogs/Dental Disease in Dog/Image_57.jpg,6,Dog - Dental Disease,split_group_7758cf6bb3e16a5674a5a56c,feed61fb5990feac2d9225b5b21ab9d87d91064b814612f39de771372378f319,6adce4cb3ddebe1f4d261896b0f411b545aff68d3354cc28060121031d98ff03,Dogs/Dental Disease in Dog::image_57,train
Dogs/Dental Disease in Dog/Image_58.jpg,6,Dog - Dental Disease,split_group_8e9388b60f97abbadb4df09b,074417494ba2d863207b4e76b3ce00acb5a692f2cd1cd192ddcbffc5393e1d2c,52bd07cd31bd2c4e4b258eb89b1293d03ab6a8d860d4c72aa629884a6b32b6ce,Dogs/Dental Disease in Dog::image_58,test
Dogs/Dental Disease in Dog/Image_59.jpg,6,Dog - Dental Disease,split_group_f7a26b3212c39603ff2e70c7,20f9ef26620b4090b78dee538d9570e3092a17e24c56144241c76dd8f20a6390,c1c10e9de4fb4531016ef77b257840cbed250f0c8bbc88ccf7a22ddfcbbbb34b,Dogs/Dental Disease in Dog::image_59,train
Dogs/Dental Disease in Dog/Image_6.jpg,6,Dog - Dental Disease,split_group_331bba104401c14be7bb5fcf,67a169cd6dd1b7bc91c65918ab356ca15a384d5faef2af6e39f17e3bd7419418,f894caef1bfd9dc8e06c86967c57f745e6955ff0a40a84f8571a8552f7812892,Dogs/Dental Disease in Dog::image_6,train
Dogs/Dental Disease in Dog/Image_61.jpg,6,Dog - Dental Disease,split_group_47701946de0cfb823f3e8a42,740143999dfa5d6b0b0942ede1e68f89a4cb66203ef51b65088d37e42d8db28e,27ad078ba8a2754337dde4bb7f97b1656d035e7e2b32206ed7b14b25b16285de,Dogs/Dental Disease in Dog::image_61,train
Dogs/Dental Disease in Dog/Image_63.png,6,Dog - Dental Disease,split_group_1346391ab3ec85e8cc21b4a6,a800b0e7cd9cd41163232f9df7943f401abd69aee4dc56ad6814f813502d5c88,e64922352c4e1001791f4770f07c5a94129d48d745d1eb26e0b8b782d67f58ba,Dogs/Dental Disease in Dog::image_63,train
Dogs/Dental Disease in Dog/Image_67.png,6,Dog - Dental Disease,split_group_846d0e9a89e5b746658f5e6a,0119b5c54f4e3008d9fbb892d6dbe5a514d0e7ab1d69ec2412aca5accb7719d8,dee253ab55466da98c6712f53250295a0d44b646ab302c39f99c0c857465b160,Dogs/Dental Disease in Dog::image_67,train
Dogs/Dental Disease in Dog/Image_68.jpg,6,Dog - Dental Disease,split_group_2455765a9c25e90366a0aa00,6ec2659214b6ad0b40bc0da9d3fca1da6900d5347fa5a3f6055e47e0fe05c3d6,889b01f8eb2b75f8c2e694b5575eedea741dc464f053f217d3728c4b64ff3e5b,Dogs/Dental Disease in Dog::image_68,validation
Dogs/Dental Disease in Dog/Image_70.png,6,Dog - Dental Disease,split_group_8dd5bf9ff373a78cf956b1fa,3202e042d9b3ebb8311fd2c5d3efcda1de93d1de840ca339a36da80a3fa36de8,df28deb6b55224431ed8bf5f6637fa94505d5d35624a8530ceec26f4b55aa5eb,Dogs/Dental Disease in Dog::image_70,validation
Dogs/Dental Disease in Dog/Image_75.jpg,6,Dog - Dental Disease,split_group_43237c503073df9b4d3e844f,165f09ccec11b5c725933d7371800f21b30ac0eab116481132f86692d33c8876,dfb06469652f8d92e975030eab668410585ed4db8e268b9a383a71c6c5a51206,Dogs/Dental Disease in Dog::image_75,train
Dogs/Dental Disease in Dog/Image_76.jpg,6,Dog - Dental Disease,split_group_01c3ab41ed71ff6356ba101e,9bed2b688e230d3811e54a01ab3cce787f08d905a850e027ee8c849f05fcfe08,e0bc6a5beee0994de5e8d8d44cf816990c3a4ea2e2d67c890a5c95b30c268016,Dogs/Dental Disease in Dog::image_76,train
Dogs/Dental Disease in Dog/Image_77.png,6,Dog - Dental Disease,split_group_1346391ab3ec85e8cc21b4a6,d50458fce9ac4b7ed8b54d5d3cc1f49d317bc097a7d2bb5d276a696f3d07e88d,dca398a42d9d3d4b6ca0db9e580e2fa9629e5f418c3a4690eb9e71a8890d3297,Dogs/Dental Disease in Dog::image_77,train
Dogs/Dental Disease in Dog/Image_79.jpg,6,Dog - Dental Disease,split_group_fdc7c0757ab9086e5a5b6c13,e70719336c40d06bfdbfb6bca901346d1d279f3b94e9f88a150f24f44565e3df,ed2bb0b0352266def2a58125aa4dfa21a90d00204588d7966a06dc462702551b,Dogs/Dental Disease in Dog::image_79,validation
Dogs/Dental Disease in Dog/스크린샷 2024-04-29 151715_png.rf.X0AStiTyvAd2DeTHWhG0.png,6,Dog - Dental Disease,split_group_cefec29c0ade7d5fca8dedf5,b1503d4e86cab4578f24b4ac9fc6846f249cef8ccb4b92383f5eabed7f0516a9,3e398f7c776e253f056e062927e83126025e5140870091fca3cdbedf9b9159b9,Dogs/Dental Disease in Dog::스크린샷 2024-04-29 151715,test
Dogs/Dental Disease in Dog/스크린샷 2024-04-29 151842_png.rf.VWN2M3S4yQD30qMhqtpA.png,6,Dog - Dental Disease,split_group_983228316a87d15441dfd546,8f30a962faba1553283e967cfdb224ca2ec2679d1e22dc39b2675dae17263c99,2804a4cb070af513b92082454dddd23da02c71d471b26386ee6ccd117043d2f7,Dogs/Dental Disease in Dog::스크린샷 2024-04-29 151842,train
Dogs/Dental Disease in Dog/스크린샷 2024-04-29 151904_png.rf.wNvwExpQTkerjqsla9Wi.png,6,Dog - Dental Disease,split_group_a11b95c6597712713b1271b8,5f52e8f18ad2ff0659ddd799443be291d3bb5ff65be2fc319b5f9c7c03c7e280,2f9d935dcb106249f181b515ca4482d1c092dc9e915ea58a9cad124f5e291639,Dogs/Dental Disease in Dog::스크린샷 2024-04-29 151904,train
Dogs/Dental Disease in Dog/스크린샷 2024-04-29 151919_png.rf.bgVS0eEc6qw7Syft9sFI.png,6,Dog - Dental Disease,split_group_5792bea5f17ab10e3da43776,ab75a4c03a8d710d00f8a0eab59617f108d71537c82e3594746146e35e072695,dec3cf574b049265a7cbd9dabf36f914ca8e5d56ae0f5186161c078d2cdda304,Dogs/Dental Disease in Dog::스크린샷 2024-04-29 151919,test
Dogs/Dental Disease in Dog/스크린샷 2024-04-29 151940_png.rf.ISL4EDw5msE7wzPtOCdH.png,6,Dog - Dental Disease,split_group_5a0b66d92e3dc84211546df6,0ee9d758dcd31ed9253f0f2d1f53bad333eb6da1f327974645d6cc24112c76b9,d7770c02c570779e9903cab079e7c109f3824d17198211bc6764f6c1d2ec96ba,Dogs/Dental Disease in Dog::스크린샷 2024-04-29 151940,train
Dogs/Dental Disease in Dog/스크린샷 2024-04-29 151953_png.rf.0HMTGZUIj8ROrP0PXuiX.png,6,Dog - Dental Disease,split_group_42904c9ea7178ea1c03f769e,921f9e10e8e1c1d4c6f34f45efb8d79191811e54ef2d0e573c68a70d2780c2cf,e8752ec846cdbec65881d61506e0a2a7c138bd0bcc56f75c0bde805bca11fddf,Dogs/Dental Disease in Dog::스크린샷 2024-04-29 151953,train
Dogs/Dental Disease in Dog/스크린샷 2024-04-29 152040_png.rf.XNKU81t2uDGAmbYirolN.png,6,Dog - Dental Disease,split_group_7f566afb2bd88e97e795df69,d0c8d9bf2036434b9260efbbebf39b6d1996edd57a41edf9b5127684837d3411,fc1999d466355d40b672166dc5eb18a8807c3db92b2b0b73e4f4b94b2a7f1245,Dogs/Dental Disease in Dog::스크린샷 2024-04-29 152040,train
Dogs/Dental Disease in Dog/스크린샷 2024-04-29 152100_png.rf.fNBC2RM0u4v8MCMxUJ4L.png,6,Dog - Dental Disease,split_group_749ec580270eec6cb98c0c7e,8d172d820826a5ea2e77dfc521f7db0431b2179c542a58dcc10b5e0883d57402,c6e9cc746b070502db833082e14680abcbe9730b825e6c78bfaccef4dd0039de,Dogs/Dental Disease in Dog::스크린샷 2024-04-29 152100,train
Dogs/Dental Disease in Dog/스크린샷 2024-04-29 152222_png.rf.fIvEiKldo6rS5ujpLxGH.png,6,Dog - Dental Disease,split_group_5131f75942193974ccb7f0f0,a181fa14c4e94a7cdd406db950476200a94a4afef0e6b75c02f92d76022c8c0f,d2044ac1f7f40db74fc04ace77bb79c0d9a32d3ce339f50246cdca83f01cb6d1,Dogs/Dental Disease in Dog::스크린샷 2024-04-29 152222,validation
Dogs/Dental Disease in Dog/스크린샷 2024-04-29 152239_png.rf.CzbcCloDCadUYf3sJRnm.png,6,Dog - Dental Disease,split_group_bdfa9ae00fa830726c375474,5796d643a827cb5087f0b89edc28dd92e64608ff7797ece495404be29a025103,2e01ff22e2ce3a8252638c5ba9a02b7eb933481bbdcc7bf1db39f9d741b32f6d,Dogs/Dental Disease in Dog::스크린샷 2024-04-29 152239,train
Dogs/Dental Disease in Dog/스크린샷 2024-04-29 152341_png.rf.SyIarmmxEGZSGERqFG0y.png,6,Dog - Dental Disease,split_group_37c0c20dd65cd1430967b19c,8270f33ddad68f2dca34f4777cf92d3873f7f4a20f0156554256b598909b9afb,dd6be9e72d184cd9b3a4bfeca68dd716aeb1bb751472680f862fae02b876c839,Dogs/Dental Disease in Dog::스크린샷 2024-04-29 152341,test
Dogs/Dental Disease in Dog/스크린샷 2024-04-29 152434_png.rf.cmNe8sqfowZC6h5JCPPJ.png,6,Dog - Dental Disease,split_group_7d2308afbd0e9ab03ef492a6,b8cb33f130d8383bae2b4c9efd40881323d08d3184536de1470504d6134b45f6,af0fdb049ab5a7bd1a56c627e3c847e5d18a97a7382865b7c0e4ae139f21f0ca,Dogs/Dental Disease in Dog::스크린샷 2024-04-29 152434,train
Dogs/Dental Disease in Dog/스크린샷 2024-04-29 153120_png.rf.N0jrrGtk3ujeRWLyWAgI.png,6,Dog - Dental Disease,split_group_30526f2da1bc8130b3f5ad89,de61de85302d603d3af23754411002a54dc368bbe5e1444cfa07998b10b9c629,f89abd0bb4c0765353c179519bd531d8917f4da042f4e3c8035b0a285ca553c7,Dogs/Dental Disease in Dog::스크린샷 2024-04-29 153120,train
Dogs/Dental Disease in Dog/스크린샷 2024-04-29 153148_png.rf.Tql2QKGaovIiz2njBoGB.png,6,Dog - Dental Disease,split_group_584cd37224b0abf13b655768,78ad157155bd010d23b0696f796e46e1074dd83bee3b350dcba5959b43a7ebe6,ae2b5ad26f893dd8036efd2d605449055b519816925a459aa2ddaeb09da40793,Dogs/Dental Disease in Dog::스크린샷 2024-04-29 153148,train
Dogs/Dental Disease in Dog/스크린샷 2024-04-29 153208_png.rf.kLkkXPFhXAwQtnvpnl8O.png,6,Dog - Dental Disease,split_group_91167d0a35372f9c6f662d71,635661806fa0e3b594ff6eab7a0fa63f01f57851cacf053f4547b4ec91788aee,777f6659efd0203effaeb77ad467e30bcea58115f4d3858e963cf34a9d910ca7,Dogs/Dental Disease in Dog::스크린샷 2024-04-29 153208,train
Dogs/Dental Disease in Dog/스크린샷 2024-04-29 153241_png.rf.c9nTuCaqBkG4LOUOtADS.png,6,Dog - Dental Disease,split_group_bb075161c50f650dea2690c1,288c004ede2b9ab68018788f9f91d561bd3612f1844c07a0940d466fc181f7ee,7b2fed1808bc74ca520c9204d3f17fec3e2363d8be16b5a1d54bfd6538942c3f,Dogs/Dental Disease in Dog::스크린샷 2024-04-29 153241,validation
Dogs/Dental Disease in Dog/스크린샷 2024-04-29 153357_png.rf.sKy4ziaHyzU5qRej5hmo.png,6,Dog - Dental Disease,split_group_1e9777818499147a26f1b5f5,8978d9a0057235057445dd3d967d2803f3f57a975a56c96f7f1ec4c8054e50f5,593bddaad04bf22bdfc7ed53935d269efcab1668748cfec632ef5aedf06c0308,Dogs/Dental Disease in Dog::스크린샷 2024-04-29 153357,train
Dogs/Dental Disease in Dog/스크린샷 2024-04-29 153527_png.rf.LLoQr29VQP5Px8vRSJ9p.png,6,Dog - Dental Disease,split_group_60144d98c1ee88d466105476,9dbd816d4de62442d979c65dbfe40e20f0c91ff9604edb631e1070ad117f8ee0,e73314ae6765d55eb2fe1706478b5e23cd7b36dc6cc53c8388af1538143fffce,Dogs/Dental Disease in Dog::스크린샷 2024-04-29 153527,train
Dogs/Dental Disease in Dog/스크린샷 2024-04-29 153550_png.rf.SPFF4JjUswRth8igDKsU.png,6,Dog - Dental Disease,split_group_40306820bddda43bb2792d06,c2c424d45779fc19a57a4530a3d540ad79d076013292e84001be176309e02ea1,26e671effa36b6de6c95c9a0aebb8c44ffdf8feaf7c9ef7e4baae9fa51b17d2f,Dogs/Dental Disease in Dog::스크린샷 2024-04-29 153550,train
Dogs/Dental Disease in Dog/스크린샷 2024-04-29 153613_png.rf.r7uvn9EkdxOHJfdggOZT.png,6,Dog - Dental Disease,split_group_d43d105c7f7da87a5a8717c2,5b9bf910d9a83dbe1f967a17b777e66109be218fc015da4297ca143e350770c9,6cda7e0c6987aeb34f16689754a69ba4412ec00410d4433b6d528ef57daf4851,Dogs/Dental Disease in Dog::스크린샷 2024-04-29 153613,train
Dogs/Dental Disease in Dog/스크린샷 2024-04-29 153640_png.rf.6xQ1cMZiWM8YbfWB5hNV.png,6,Dog - Dental Disease,split_group_538219d32e1d7b802970cda5,399e10d1aef9eedc0ecdf2e3d3420c46526bf595683c5db4f87253866952eec9,99fba7d1f3fa2776cb90cf03168b9cfddd7031b122ee64a0e8b799901cd9c716,Dogs/Dental Disease in Dog::스크린샷 2024-04-29 153640,train
Dogs/Dental Disease in Dog/스크린샷 2024-04-29 153733_png.rf.h1X4LW51ICnkcJs5S3bc.png,6,Dog - Dental Disease,split_group_f7012e414ce5962968da3ff6,7a91dc76ae11f0ec7c6687780958d9cc718a1f9d585f83b1c8c35cbad6e6b800,226e0566846902d5352d49e269964b6573226f10a225b23f13ac858a247610f6,Dogs/Dental Disease in Dog::스크린샷 2024-04-29 153733,train
Dogs/Dental Disease in Dog/스크린샷 2024-04-29 153756_png.rf.7y71fatbZwDWIkz7UspL.png,6,Dog - Dental Disease,split_group_dd65ed1bc729089f411a1a15,3c825e9958e55c7f806cb35cda01037628cebb90296ad2d36f10f879e105aae0,db31279a43e04ed0fa873b630cdd2ded1e32d2a8252ed0546143bc39dbec2a91,Dogs/Dental Disease in Dog::스크린샷 2024-04-29 153756,train
Dogs/Dental Disease in Dog/스크린샷 2024-04-29 153811_png.rf.UrWvKevYHwGMd50a3Ofq.png,6,Dog - Dental Disease,split_group_3ac85c6d4608f390018bb43f,b75649ff9b8f6a9e59049dc08208e44ef7107aa5e7065f0626e51e247d52ee1b,7a450436ec7ff9bfaf766f4f6f332860b665d965767e61dba88a9309302a39aa,Dogs/Dental Disease in Dog::스크린샷 2024-04-29 153811,validation
Dogs/Dental Disease in Dog/스크린샷 2024-04-29 153848_png.rf.waxbwWbCZqpNv7bnDzYF.png,6,Dog - Dental Disease,split_group_166de0fdf30917f164c50eda,05d07119eb215030e00aab1bed57ef555734393aed8be6f9358f6d2178db4d48,f6a0898996c843e25fa0065098e76245d4120a7c9e537d15310858c473f2eff5,Dogs/Dental Disease in Dog::스크린샷 2024-04-29 153848,train
Dogs/Dental Disease in Dog/스크린샷 2024-04-29 153904_png.rf.CgpTYnVv9g7QpEuOYyet.png,6,Dog - Dental Disease,split_group_97b6287a686045470288f43c,5a594fb96ecd45b296fcea22b246adebd3c86c77987190959affde5d45d0bfcf,3a06f9afcb14b59fc51f1b5b66c02e6bc90072b2617499d1eeb944f7cf9b95a6,Dogs/Dental Disease in Dog::스크린샷 2024-04-29 153904,validation
Dogs/Dental Disease in Dog/스크린샷 2024-04-29 153926_png.rf.Jk9Vq9BwHmxgjG1sIZd2.png,6,Dog - Dental Disease,split_group_8401f4222bcdd7a4f08c8d39,37d0db6140ae3f2bb097ad9dfa737dac583b7a8f87da1399138814668a2ed830,c40988b1cf48319ec3ca8de6b2230912de88218031229cee0266802a441e1448,Dogs/Dental Disease in Dog::스크린샷 2024-04-29 153926,validation
Dogs/Dental Disease in Dog/스크린샷 2024-04-29 153948_png.rf.leb7FIGQ2nAhTNhExWOk.png,6,Dog - Dental Disease,split_group_4e4078857373b63039590706,22689361fcf61373538b03670ce30022581e17b7af880aa4327e3f3a0468da05,00d2ca14134fedafa237dcd8d3990e1cca47725bf4b0cd7238825b5063e98ac8,Dogs/Dental Disease in Dog::스크린샷 2024-04-29 153948,train
Dogs/Dental Disease in Dog/스크린샷 2024-04-29 154001_png.rf.dvRysBBE66cQUCkwX560.png,6,Dog - Dental Disease,split_group_340622355432b2a98791b204,c820b446e3e7ac067002d1eda105f82675ecf57dd8d1b3f2ab32c12787561186,ddbe84c6904d0c9d3a7f11a16d4657f18b97f96a8d286348202a0af33a9fcf5f,Dogs/Dental Disease in Dog::스크린샷 2024-04-29 154001,train
Dogs/Dental Disease in Dog/스크린샷 2024-04-29 154154_png.rf.6bEop1emR3XqR6Wqkt5A.png,6,Dog - Dental Disease,split_group_ad4ec099ae5ce5a432d5cf00,89ab7e92b6a3f65253b2d24e3ff07f702ecb9d3a6da3bf52e1fb885b40166661,1b476ff59cfa19f0371151c0d640a258f41317648925f67a16ddaffa0ba919d0,Dogs/Dental Disease in Dog::스크린샷 2024-04-29 154154,train
Dogs/Dental Disease in Dog/스크린샷 2024-04-29 154336_png.rf.SARl5sdav7rZR8YgNS4i.png,6,Dog - Dental Disease,split_group_e786f2fe164faeb618d5c014,b823f5659e347410d2b0cee04cdf7431c40112c0157f19fbabe274593800a7cf,02bd028addc9719dc2770f23d1613ce2dd4d5b73d69e4e2708f61cc1eab4eb00,Dogs/Dental Disease in Dog::스크린샷 2024-04-29 154336,train
Dogs/Dental Disease in Dog/스크린샷 2024-04-29 154351_png.rf.VqldBPoAeJSBzhzcDjEw.png,6,Dog - Dental Disease,split_group_3fef95fd723ab049da2e1048,282c73b2e43640dec1cecf8e46b7e04dbbb804df51aabd14eb5123797ed7173a,efe77eb4c2db60fbcec899801fab184e173322f0c44c298d3128d6661314ed00,Dogs/Dental Disease in Dog::스크린샷 2024-04-29 154351,train
Dogs/Dental Disease in Dog/스크린샷 2024-04-29 154402_png.rf.hsDjOFGB1Ms6TJ9151Xd.png,6,Dog - Dental Disease,split_group_2d3c33ad093c613969a69ad8,c022e30036bf5f3bee9bacf78044f689d146b91bc67c70e37daa699ad543867a,10b9e827461fdd17c3539730a80cab0420dbfb3011d0655c4b8d904bec31ba1b,Dogs/Dental Disease in Dog::스크린샷 2024-04-29 154402,validation
Dogs/Dental Disease in Dog/스크린샷 2024-04-29 154420_png.rf.C37k4TBGVPOthLsUX54v.png,6,Dog - Dental Disease,split_group_2e97ff37ab6a323cbf1cf02c,68864174bd571281b3ad2bf1445945a469b56f44618afa82066fca47b82420e6,c22dbac545c510f30c9cf619b9d804401a176565e9f946bfb18a670f31d368e0,Dogs/Dental Disease in Dog::스크린샷 2024-04-29 154420,test
Dogs/Dental Disease in Dog/스크린샷 2024-04-29 154459_png.rf.myiTJytWOA7HPYM3qPHU.png,6,Dog - Dental Disease,split_group_c9fe544d5664c6f4801cf7a3,769a398bb6593ad8accf60313b17f44398038bf748a787adec276ac0c7f3cf3f,3b265c0647c2711186e54337199e493e035248806c1f5550674b4e9c351767df,Dogs/Dental Disease in Dog::스크린샷 2024-04-29 154459,train
Dogs/Dental Disease in Dog/스크린샷 2024-04-29 154550_png.rf.s4lfgTQiwQAYH36g9uNd.png,6,Dog - Dental Disease,split_group_2b5e177e429c632b329455a3,d787ac12012e19bc1539ad136709a154a4dfad74ac5880b603b56499f3cc60f5,d03179db2e774d2eb9c9b7afbfbdcb6a2fbda960fa286c93d34311996d53d710,Dogs/Dental Disease in Dog::스크린샷 2024-04-29 154550,train
Dogs/Dental Disease in Dog/스크린샷 2024-04-29 154611_png.rf.QekrFpYAoIrkE69Aj57i.png,6,Dog - Dental Disease,split_group_98365fb7ae94fdc0910c8570,4bed0e98bba2e921f776b0ac1977802b879879ee76b6932957a0cd8c1c5038d4,74f15d05076776ac4196e3222e3282927df085dd01dcd3a53be19080906eb4fb,Dogs/Dental Disease in Dog::스크린샷 2024-04-29 154611,train
Dogs/Dental Disease in Dog/스크린샷 2024-04-29 154633_png.rf.Ssr3mF5vnp44pSLN8EcA.png,6,Dog - Dental Disease,split_group_4e67a30b05d427d89c884641,fd40bd7066fde2f45bb6605c18151e4b6075156361b137fe65f376ee312d92a8,a0cfc261ae66c090ae5c4827ad1023864ff101df483dd3656fb5cfcdd551c401,Dogs/Dental Disease in Dog::스크린샷 2024-04-29 154633,train
Dogs/Dental Disease in Dog/스크린샷 2024-04-29 154725_png.rf.IdiNJ3qn4FunykO6zzVR.png,6,Dog - Dental Disease,split_group_8c4b58cdeac5d0779ec253c0,0767436b8b30b0107bdf06e4500b53de85b40604e466f5666bf963a5e9845b87,8397938abe9795058bc40deed6820d03f6fa9516f7fd5cee99e096512dbbc3a3,Dogs/Dental Disease in Dog::스크린샷 2024-04-29 154725,test
Dogs/Dental Disease in Dog/스크린샷 2024-04-29 154802_png.rf.g3NOv7jnjZXzZ5EfWiw7.png,6,Dog - Dental Disease,split_group_629f1d1fa490e44d0f11a1c8,9ebfb5296da7bacd49a365072b8a45e8eab07dafd90027ea745f6709a2485f8d,bcec9fa2a7617d4d83977f31389cc396ed4801f45a9c31b44f398f0d1d6a40b8,Dogs/Dental Disease in Dog::스크린샷 2024-04-29 154802,train
Dogs/Dental Disease in Dog/스크린샷 2024-04-29 154823_png.rf.AYx2EP3YJZ0EsgH7EP0O.png,6,Dog - Dental Disease,split_group_db14621718b08e4db51536ea,be2e97cded68c34236aacf2d394ee16aad36ced519033a138e09a2d075933d57,a6e2f11af57de8dfa2d806d713c2c575e8c0e06e44bf5609b11a22f12030746d,Dogs/Dental Disease in Dog::스크린샷 2024-04-29 154823,train
Dogs/Dental Disease in Dog/스크린샷 2024-04-29 154832_png.rf.7pp1HCMhtacjgjFQYoq5.png,6,Dog - Dental Disease,split_group_789897bf82bde7bb0adb9a21,dfd2312fdc164f102d78aefb0d0819774d266b1f0462f7db7968d22a09197737,3d4ddaba0a2f2925d902c93f50cb69cb23da99d13617a26ce2fc0fb981583dae,Dogs/Dental Disease in Dog::스크린샷 2024-04-29 154832,train
Dogs/Dental Disease in Dog/스크린샷 2024-04-29 154903_png.rf.0tAWOxoA24mUW0jEUaza.png,6,Dog - Dental Disease,split_group_819589ce0dec0a564a96af42,686d1dff2b1f03e54f2fcc3d2528ede1d10e314348ad350a5d277724c1c995f4,f2c7ca8458f157f7778b853d47b365b7085d4ce15ddd1b72efb72c9f896ec644,Dogs/Dental Disease in Dog::스크린샷 2024-04-29 154903,validation
Dogs/Dental Disease in Dog/스크린샷 2024-04-29 155139_png.rf.tUhn5kDhzfMkRQuLAez9.png,6,Dog - Dental Disease,split_group_7a094931a00aaf8ec9e1a39d,c566dea33489a09372255d55772c0e4e279d03b9603ffa065c7fd87b532b6832,5fa83b0f33a4fd31daf4ef9dd0d333ccbd96892a59243a023f87518d31471cf0,Dogs/Dental Disease in Dog::스크린샷 2024-04-29 155139,validation
Dogs/Dental Disease in Dog/스크린샷 2024-04-29 155156_png.rf.GOzlaESbYCP9QpfnNkO8.png,6,Dog - Dental Disease,split_group_53426310e08b44f1e31618b1,083e1ba15f13cc9dab513edafbf2e13f5a5cf0bed3eee3ef92fdc5df56f0b329,d6b24965a3a34f4f24f37db1b79ccaa789f7bc1dd4adeae2ba74de7b28a4c856,Dogs/Dental Disease in Dog::스크린샷 2024-04-29 155156,train
Dogs/Dental Disease in Dog/스크린샷 2024-04-29 155212_png.rf.M3QrnmfYx2PYuJAwN3Q3.png,6,Dog - Dental Disease,split_group_e919ddc66b3ae460aa2581b4,555762a63b8b4249fdda560a591099c9f3392de67b1b7bf362861508ec0364ef,ebdfab435c111129c128c57c1c522d26cb7e62aee142e0a12667f6fec6890358,Dogs/Dental Disease in Dog::스크린샷 2024-04-29 155212,train
Dogs/Dental Disease in Dog/스크린샷 2024-04-29 155232_png.rf.HoddmSRAW4MtBfaOlSks.png,6,Dog - Dental Disease,split_group_52f1f1888e2699d9b5d504cd,110e2a45e503bafb69283cc0d42a776813a69aa4d9879e27a1b11c149b6bb574,faf5fef807cd9478192242e61de2de1a8ffa3abb5ee1bc410595030c411d6518,Dogs/Dental Disease in Dog::스크린샷 2024-04-29 155232,train
Dogs/Dental Disease in Dog/스크린샷 2024-04-29 155248_png.rf.CSrHNgwmxKQVjqPTlZDC.png,6,Dog - Dental Disease,split_group_52fb299f8381b8b1f6834cc7,31c74244ee9cf19b867d2c8b9a23d0053b6d4160f78650e39c487187f4eebfd6,ad08eea1e1a4151b5dfbb40688c98c3fca5e8778240669fe80dbc098bf93aab4,Dogs/Dental Disease in Dog::스크린샷 2024-04-29 155248,train
Dogs/Dental Disease in Dog/스크린샷 2024-04-29 155314_png.rf.0XuxcgQhepx19ZfYvATS.png,6,Dog - Dental Disease,split_group_92e180bb143790574dba7793,07b360716219d507a5f1f645500ed6b05dad4fbecbbfe577f61f071574be3a05,eadde122f8e0763f7e44fc6f42d32fb017a4ccdef80fa42410d3f3ef24062adc,Dogs/Dental Disease in Dog::스크린샷 2024-04-29 155314,train
Dogs/Dental Disease in Dog/스크린샷 2024-04-29 155347_png.rf.HnOMgg1BGC4blEP36bKX.png,6,Dog - Dental Disease,split_group_1aaf4cf63b7e426eda73c91a,b3a42feb3c06906e253508783691051a5367e012a918b7630ef3bb3144b11e77,8976e491a49adb3f5e8a7f1e9041c563091598db43b944130b0b40e5ad4040d9,Dogs/Dental Disease in Dog::스크린샷 2024-04-29 155347,train
Dogs/Dental Disease in Dog/스크린샷 2024-04-29 155451_png.rf.B7V07tCTcgHza9bAKFZp.png,6,Dog - Dental Disease,split_group_dcf5a6cf05e276388e406e4f,91aa307774033f3b165cfbf9a6e89aba9d058ebb594b7061bf10a0aac976d74f,c2a53af6415471193dd54a98cdccc37226aa4e42ddc69d96f3224233d1a42d10,Dogs/Dental Disease in Dog::스크린샷 2024-04-29 155451,train
Dogs/Dental Disease in Dog/스크린샷 2024-04-29 155552_png.rf.jHecJlRf45RO98rahajZ.png,6,Dog - Dental Disease,split_group_79bf4a4ae48545013f86c6b4,a12ef89d57eaff0dadff3fd509f419dcccfa621c8fd8bd8db4b8826e147b8374,5e07f7813b43f0aba4651c3ba043550e4b2215bc32168d9a0623fc1a1f15173b,Dogs/Dental Disease in Dog::스크린샷 2024-04-29 155552,train
Dogs/Dental Disease in Dog/스크린샷 2024-04-29 155708_png.rf.jc8hQaUEZerKfLZM0fEj.png,6,Dog - Dental Disease,split_group_57dbb5a011d2529d205ac04a,cb6186d563a95a8e9cbcf855c96eeb71ad82cce6f2c76ec3bb6ea5d25a6bf9c7,d7481e391962a7cc8f4b55c551b9ba2f9436baba8bb73994b3ee21289aaf408a,Dogs/Dental Disease in Dog::스크린샷 2024-04-29 155708,train
Dogs/Dental Disease in Dog/스크린샷 2024-04-29 155802_png.rf.BzgKOVt8qvK8WH1WG4VL.png,6,Dog - Dental Disease,split_group_90f6e325f24eb95831f0e7b4,52f1a9a9201aa2e8f1e554fb319c6182d772533022d27add633f0d135d97dc3a,975b93d51aa6c16aa2ce73be07c86e9ac4cd6a9ec316a00cf9327883be37c803,Dogs/Dental Disease in Dog::스크린샷 2024-04-29 155802,train
Dogs/Dental Disease in Dog/스크린샷 2024-04-29 155923_png.rf.3aO0iAkXLRlhSvT3qqA8.png,6,Dog - Dental Disease,split_group_b7111436717387198f9fe9ae,ed4bf5522f5ad197dfb4a0caa6a3f0b2a6ed0c1a8bd522b6764d9651fbff2501,cc3e762ed26b2b9a11ccff0388426eabb741377fdd2490f3f7559ed72fb4e0d0,Dogs/Dental Disease in Dog::스크린샷 2024-04-29 155923,train
Dogs/Dental Disease in Dog/스크린샷 2024-04-29 160053_png.rf.Jld6PecWjAdQ40CfxieK.png,6,Dog - Dental Disease,split_group_51ee275bfd0ddcf7bfeb1c11,72a257caa2e362cb4af1efc961369219808ffcbdb90d8173e561530f8fcef591,1da9b05b0ad4d07ca6b0b2c02867834310617e5ebb7504927ad6682b1188d39e,Dogs/Dental Disease in Dog::스크린샷 2024-04-29 160053,test
Dogs/Dental Disease in Dog/스크린샷 2024-04-29 160340_png.rf.S49WwYpV45HHkhmxweoY.png,6,Dog - Dental Disease,split_group_b4f2922869d2112446a3fde2,565124999bb5b4bf6c7d7c9e48308146de109eef99e9fe7a3df37ba8c099c634,61f7bd6d0267a558ce8e1929677006ae55028e481ae5c084adc62b2e9cb97bb2,Dogs/Dental Disease in Dog::스크린샷 2024-04-29 160340,train
Dogs/Eye Infection in Dog/Image_1.jpg,7,Dog - Eye Infection,split_group_d0eb39b0c18c695ad36c996f,0468b2e7a4e6ef75c76cc11449918591f13c09874609687fe09a9e082c7f5d5d,c5c4591d255020a27c550502a2b1c8b677b708669f47edfd4ed9f615d3f75cc4,Dogs/Eye Infection in Dog::image_1,test
Dogs/Eye Infection in Dog/Image_10.jpg,7,Dog - Eye Infection,split_group_6e98105424237c0f84558f7f,c1b9981d90ca1f5a1dbece901d0b617edcaf44a1b3b6adea7a55f6ad0e014eb1,bf286210e8bcf34f9f57696378a3317a9272b2cc8a0afebe45413a8a73339968,Dogs/Eye Infection in Dog::image_10,train
Dogs/Eye Infection in Dog/Image_100.jpg,7,Dog - Eye Infection,split_group_1d7d0cde55fbf1aaab192424,4df5dbdd23892f7841329eb4db29f8959258316cc6f3f2ac0b966180a0cb5977,186dbcfd6caedb302f2c284e4d7132e5da93fe5ffed1ab8db29e95ed0b49e10b,Dogs/Eye Infection in Dog::image_100,train
Dogs/Eye Infection in Dog/Image_101.jpg,7,Dog - Eye Infection,split_group_db8569a2a72364c6da8a2e13,1da82b8c8dffdfa85f3d0f163edd8f3bac2d038b92537595ba1527cfd26f4d52,159113934d1f027b7d9d515d66006b2e0d7670b3c1f3d75f0b776b3878cc9c99,Dogs/Eye Infection in Dog::image_101,train
Dogs/Eye Infection in Dog/Image_11.jpg,7,Dog - Eye Infection,split_group_3c03d13220848b167446b923,a92a7861314a9b3fa3d98a6d7dc187981c63c317d692d107a6692c8e04b45914,661916c62fb8b3cda1ec98344b5d5d8e6d6ff1e68e7043b6b12d4fd589d8cec2,Dogs/Eye Infection in Dog::image_11,validation
Dogs/Eye Infection in Dog/Image_12.jpg,7,Dog - Eye Infection,split_group_80563abc64fd78010b1bfe7d,53a1be9795e0c380128ffcd1a30c22c9045f43ff210f7080ec568b6891515e2e,e18cf0125fcf72ef9153b8156b9834a4ece116cf48ac00d7744ae651053031f6,Dogs/Eye Infection in Dog::image_12,test
Dogs/Eye Infection in Dog/Image_14.jpg,7,Dog - Eye Infection,split_group_03538dc2b83b04d3daaf4d95,efe909ed5ce5f524c05cc33bcc49b915740f94f11b6339bbc8cac1ffa78913c6,a6de44936884e7f53dbec0dd73bf0eba253162219bd61c68317897f520328baa,Dogs/Eye Infection in Dog::image_14,train
Dogs/Eye Infection in Dog/Image_15.jpg,7,Dog - Eye Infection,split_group_954158fe9b061c93b672030e,5a0e9eb8429c05a1edb776a04096ac7f7a456b1e51a4579ec05e2c7eb948e145,0494a73c87175686cc03299f94d4783d5edefef9f8bc70a266a068abd74b3f23,Dogs/Eye Infection in Dog::image_15,train
Dogs/Eye Infection in Dog/Image_16.png,7,Dog - Eye Infection,split_group_18ef32cfb368577ecc84efff,0675426ced33644fc1c10e93f91f3f24db49c79af245e3fb99f6366aafc13e74,867cc9493dbcbd442d520258e73d7d84727bb81b667b4a8d7222b59ab6cbdf69,Dogs/Eye Infection in Dog::image_16,train
Dogs/Eye Infection in Dog/Image_17.jpg,7,Dog - Eye Infection,split_group_563bf6d0234afb9e20d40e40,1bb749e32327ff216492eddb9cc66336b87b229548bec58f7540a1b32ab85867,d412a864f43d2567146cb1e51bd078f97882767108475b8ec2ddcd6b6697d25d,Dogs/Eye Infection in Dog::image_17,train
Dogs/Eye Infection in Dog/Image_18.png,7,Dog - Eye Infection,split_group_80bfc4683b7909b1128b92bd,ef353b4194db9707ed67a10da55711eca3f6cd26feff0ca3371f2a7a3cb1ef05,fe3ebe03540165a3fe84649490467f05c18fadace4c5491b57debe2462208988,Dogs/Eye Infection in Dog::image_18,train
Dogs/Eye Infection in Dog/Image_19.jpg,7,Dog - Eye Infection,split_group_0ad9d6413b308f0d74d97e5a,691cd3a8eac6576877ea8962bbf407cccb3af35e0ce575fdf22540871cdba4fa,fd4bf62c7da0f2f59a60d33b4b2309eb676fbfb21e97aea4cb5d42817bd3ce78,Dogs/Eye Infection in Dog::image_19,test
Dogs/Eye Infection in Dog/Image_2.jpg,7,Dog - Eye Infection,split_group_6ea91da8532e3854baedb5e5,1f592c8899b422ea052565d440c21814aecd302c9a2529261dcea37dc76842ad,756338931d0840fbed298d360929fb008337ad1a6daa44154fbeb66aaa53cca6,Dogs/Eye Infection in Dog::image_2,validation
Dogs/Eye Infection in Dog/Image_23.jpg,7,Dog - Eye Infection,split_group_17ef441fd933049ec58c8dc6,ac2965fed865ae50a22ce70339f10ce96e042e01ce5b76f022f879b31aa66a88,85e519c45cbdbc4ff309f9e0775be3520607c865c87484464059b404a545e9f7,Dogs/Eye Infection in Dog::image_23,train
Dogs/Eye Infection in Dog/Image_24.jpeg,7,Dog - Eye Infection,split_group_1d39d8a063b6d924d69c5eff,23ba8561ec4fe44f208de77e1d46fad310aabbca778794bc44fc8f5a9c78cf3c,9daed203cacfacb9502a81cc82960d836281a0e258ffbc3ba7b9f2f9a6e05dbe,Dogs/Eye Infection in Dog::image_24,train
Dogs/Eye Infection in Dog/Image_25.jpg,7,Dog - Eye Infection,split_group_c7133d18676d5caeb2088088,5daf5af92334940f7b51fb33908dbeba4363ca460e772006f91c3dd9a456d812,38592de6a438699793143036bc1c2b6a5a6e4a89050f6492fed8c6bffda00cfb,Dogs/Eye Infection in Dog::image_25,train
Dogs/Eye Infection in Dog/Image_26.jpg,7,Dog - Eye Infection,split_group_498b1aa6c72f2306c9083a6f,0482b1caca3ef38a1d930a3b5b9e3ffa1847c7af493e96edf77d7b25ab528f56,15631c45fdc6631f5078faddbe080952add5c7fc062bd7435c1c8ecaf4d65a8a,Dogs/Eye Infection in Dog::image_26,test
Dogs/Eye Infection in Dog/Image_27.jpg,7,Dog - Eye Infection,split_group_4a5dfa478baf22f06e490267,462f4ccedd4eabd782d51b1b49a96f4b156fff57c415e3cd66cdbaf24d5b022e,1b757a985718be218144e7c72c3c7db350fc220d7a5ce83049c9fb8ea9b07db8,Dogs/Eye Infection in Dog::image_27,test
Dogs/Eye Infection in Dog/Image_28.jpg,7,Dog - Eye Infection,split_group_c3923ba5b06c61bde1c2dc9b,10c5ce8abd20ce048a9ac14e5e2049f7a3a27ffcbe2173f48f9be2745ffaf19b,5cde8e9887b6a8744ad3c637c8736339784f18bbc7dd8799adc37176e15e0806,Dogs/Eye Infection in Dog::image_28,train
Dogs/Eye Infection in Dog/Image_29.jpg,7,Dog - Eye Infection,split_group_701b84c464c1f2f5d6af5132,a1cd5a523133a986712d364fec25369d08865e8b2ac74280b3da644c38e7dae9,8cc28caddc28c4433d1a158576d10ca51eb7f09b650b3a104a65e81e95586c22,Dogs/Eye Infection in Dog::image_29,train
Dogs/Eye Infection in Dog/Image_3.jpg,7,Dog - Eye Infection,split_group_976cf2e4b7a39e0629f8c32e,feec655b971adadf587ea7f6dbc1aeb5c584b8ccb2633bea8629770aa9f6e944,2bfcca373e94fd224a99171e21821d02e3552ee76b8f45afef3785157672f5fd,Dogs/Eye Infection in Dog::image_3,train
Dogs/Eye Infection in Dog/Image_30.jpg,7,Dog - Eye Infection,split_group_2b1adbc1b9fef4c84f292dd3,452600137122f729bbfd123ce5c2aad35e23d25799789c1f302970d2c6140cc5,c90c77474efdbc4b30f740d514edc1783a5e001631a9a2e1b3c1f4a1db87c066,Dogs/Eye Infection in Dog::image_30,train
Dogs/Eye Infection in Dog/Image_30.png,7,Dog - Eye Infection,split_group_6061bae5f71dab066f82591c,d66825522245423bdd05610b67e40a16e3d1f70c4722772ca0575fd5b821b344,b2c21894d22035d8c56b27ac887b9361c1dfe3d905705ed16827a8f95466a805,Dogs/Eye Infection in Dog::image_30,train
Dogs/Eye Infection in Dog/Image_31.jpg,7,Dog - Eye Infection,split_group_b8327d612f19a7d4f7391f54,1e62c22da004d2ef5d49b88746a362a035d2409bdfe3d44f7d7ed5d2543a70df,4868f0baa78d9ba5f0a3201b1682e3618f74a165dc2ed8e0ea24b247250d4cb0,Dogs/Eye Infection in Dog::image_31,train
Dogs/Eye Infection in Dog/Image_33.jpg,7,Dog - Eye Infection,split_group_8712e7658d1746b9835d1a64,c8b22d5f875ae7dccb81cf614359fe20c3e21da7fd38fd080eec5c35ca9b2a9a,27d1c93935a755b7884de0493cbbf3079682d928e617b7bd83d0c544870496ff,Dogs/Eye Infection in Dog::image_33,test
Dogs/Eye Infection in Dog/Image_35.jpg,7,Dog - Eye Infection,split_group_b71b73dbf1115dd975083f3d,9143bf2a06da2533c5edc163336208759f2f587475297bbeb765477651978296,4e5bbe913c1eaf4d5911e6daee7ec7859d76a338cf5de009c9d4f26b7ba82ca4,Dogs/Eye Infection in Dog::image_35,train
Dogs/Eye Infection in Dog/Image_36.jpg,7,Dog - Eye Infection,split_group_b1ed77f1bb008333094023c5,7339d200db5386284479c6305818fa7ec46a412c7cd95a700b8757b5ae989757,7bfa463de7f1c0a2a1f2fcf9be6f7cbc25f4e81ed8c0f50c2629f832a385cb91,Dogs/Eye Infection in Dog::image_36,train
Dogs/Eye Infection in Dog/Image_37.jpg,7,Dog - Eye Infection,split_group_8e2469a0bb3194ccd20815af,3501fb64ee99126450a4a43a228411485e22106535e4f41d0e5e3c8906012763,bb052d36183ce505aa9b625683652dae03f897c6d5ab2049f7e2219c47a720dc,Dogs/Eye Infection in Dog::image_37,train
Dogs/Eye Infection in Dog/Image_38.jpg,7,Dog - Eye Infection,split_group_406a5c93570851533cc89832,3d4f36fd40a14bbf439b05cf170c00401dd4c75e93548993c77d1cf0968476f9,a78f70d50a62c466411d860f6ce7574a50c4d072750baf1a8f70eaae6682d6bc,Dogs/Eye Infection in Dog::image_38,train
Dogs/Eye Infection in Dog/Image_39.jpg,7,Dog - Eye Infection,split_group_26dd22f07b9e80e90ea86bde,d729d217d0fd3673ae6f6c300d88ed8cf5b2633989d3820c37980116b557010c,73bff3d712180d111ecbe1d38cfa2db9ec9224ffc49f9b922442dbd507e7ee57,Dogs/Eye Infection in Dog::image_39,train
Dogs/Eye Infection in Dog/Image_4.jpg,7,Dog - Eye Infection,split_group_81fc7a9d5b0759667b9a5a69,06e6cc7fe095dc92d7c1cbdfd4780a905da8254bc9101d7783c5039101f2abbd,fc348f9cee6a0f3088d361fc02965072cf74a57a73825ecb14c53de9eb2452b4,Dogs/Eye Infection in Dog::image_4,test
Dogs/Eye Infection in Dog/Image_42.jpg,7,Dog - Eye Infection,split_group_7942410989c9664ddfac52f3,c81abbce66a6c0b5350b71fde551b89690669c87a7d1b645006993a980926719,a95024dd0551b3bf1b5b51fe4854e9073ab83132ddb16d16a580229cb6333b93,Dogs/Eye Infection in Dog::image_42,train
Dogs/Eye Infection in Dog/Image_43.jpg,7,Dog - Eye Infection,split_group_e183ca354e4d94c5671d3009,43949e54f7758382454f9ab285ad3e55864908d0c8d5d9360112940de04e951e,ed740b6c254c377504ea0a3a690ced0bbf9051a0ff9e19a413dbc736fc2bb15c,Dogs/Eye Infection in Dog::image_43,train
Dogs/Eye Infection in Dog/Image_44.jpg,7,Dog - Eye Infection,split_group_81fc7a9d5b0759667b9a5a69,900ab4a451ac6647ab50007d4b4a94058c08df7081d69e0df0904cea4cf1830e,2df362482ffa0e0a2d65337e5f5dc2bb2d914c1b4d06d8afa79307b4431ecad4,Dogs/Eye Infection in Dog::image_44,test
Dogs/Eye Infection in Dog/Image_47.jpg,7,Dog - Eye Infection,split_group_da32aa752c334f11602bfce3,d8539ec948a0eec455b2547ec8ced368ee264277581f1519fdd3282df47300c6,4f843c4864ded8cb19879b1502f085dc1bb93fb1000bd022841104d9d6e14fde,Dogs/Eye Infection in Dog::image_47,train
Dogs/Eye Infection in Dog/Image_48.jpg,7,Dog - Eye Infection,split_group_e5650b374afff95199970669,33c73f642b22b18a50d2e79a02ad7c2eb15c1307ff25b08bf79cc7f487c3cc42,5fd78ec82626bd473b778fcdb6a9feea1a4f58c5e4a3d20b3981e7a9f03cbb56,Dogs/Eye Infection in Dog::image_48,validation
Dogs/Eye Infection in Dog/Image_49.jpg,7,Dog - Eye Infection,split_group_7e9713a9ecee86e099024394,49c954d8b012685e55ed0b9235fbc2d345806b026653994ae2cd613a77feceda,936b651c317afbaf342c9ae8adfc88982de3a32158d9bed1619cc8940823a9ab,Dogs/Eye Infection in Dog::image_49,train
Dogs/Eye Infection in Dog/Image_5.jpg,7,Dog - Eye Infection,split_group_5d5a02f2b482366ecfe5802a,e3a13c419f04f80f0d5bb5d8f4f322fe29ce41b1b5793401e6d26b45781b23e0,bede4d1e9e4e7fd6d59444c306297067d314d90f30c6793c739d0fe2f6d8fa2c,Dogs/Eye Infection in Dog::image_5,train
Dogs/Eye Infection in Dog/Image_50.jpg,7,Dog - Eye Infection,split_group_9fe0f1d8a6d84d5d5c18fee3,3203e916ce91deb4f63af1b35dc6f9f4b7d6033900aa8d37f7987ac1a96736c8,d2ee136ffdc62f163f0c7d79693665c824cc9937451c6ad40088011eeebd94a4,Dogs/Eye Infection in Dog::image_50,train
Dogs/Eye Infection in Dog/Image_51.jpg,7,Dog - Eye Infection,split_group_4199f199a5838a7725843d44,b9b12b8e99ab2a2fb09d7637a0afc0ab54ea26955257a773ed020727f613960c,2c86032eab4286a7d9d7dd279ad6e2a087cc99d0044da42cb88de0457f963e5f,Dogs/Eye Infection in Dog::image_51,test
Dogs/Eye Infection in Dog/Image_52.jpg,7,Dog - Eye Infection,split_group_6e98105424237c0f84558f7f,1d7e556f246e525a9c49b9b3612170f841cb65140f6538023f9dfedc3ea9319e,abfb93a979a89d7d9e9cd805a89fcf3a1da9b04a61b79940bf8363b87fcb1817,Dogs/Eye Infection in Dog::image_52,train
Dogs/Eye Infection in Dog/Image_53.jpg,7,Dog - Eye Infection,split_group_2d16b885a0b2a9c8206cd909,84dc66e6cfbd9b4d92153238b3ca7d3e9d2c83c18b9fd36dfbc9213e7d58f1aa,29623e565db1fa9e2525890e54c342ecbca3947a6f7a69e9353c52e4b0783f4a,Dogs/Eye Infection in Dog::image_53,train
Dogs/Eye Infection in Dog/Image_55.jpg,7,Dog - Eye Infection,split_group_03538dc2b83b04d3daaf4d95,7cc8ff10f7670d5e97047d913e9fb5e767c446a79bc992b07e0f17ec7eabcef3,e3a596323c5106008013ac06dcc6152f65d189dc731067f9a69f38fcb723d009,Dogs/Eye Infection in Dog::image_55,train
Dogs/Eye Infection in Dog/Image_59.jpg,7,Dog - Eye Infection,split_group_5a0ce0e8fb1973f2e4390eff,d025ddaefd2669519c2f68addb94a8d56ba7029403979fe8b1176afebb9b1d47,6747f47d5dbf2074ef9f3a7127ad01f4736211fba0c26558ebedadd882163854,Dogs/Eye Infection in Dog::image_59,validation
Dogs/Eye Infection in Dog/Image_68.jpg,7,Dog - Eye Infection,split_group_9bb849546c37332f8b308438,9973e014c52ad8ed205c7a45c767173990737994f1fa794827ec39980dfbedc6,9ff381e03d49018407e3346276d57e154fac4c757e0953b46d8f6afe648de863,Dogs/Eye Infection in Dog::image_68,test
Dogs/Eye Infection in Dog/Image_7.jpg,7,Dog - Eye Infection,split_group_ac594d7ec20d53160b16c879,aba8e99ff2f1dbe26622e502518ddfeddaa57962429919f96091c472e850a393,a685b467135351c70135cebd1a2a185bb36eca102de33c474383feaff6a492ac,Dogs/Eye Infection in Dog::image_7,train
Dogs/Eye Infection in Dog/Image_73.jpg,7,Dog - Eye Infection,split_group_072101441ec4f9e44d262911,69aa941a0076d34787a57224b57d9e70f2c55b237ae7d920ed184ea64c436846,2ae6f73387b3a906d6cbe5b92454150e486e53d37beb0b248ab0fc1a945803de,Dogs/Eye Infection in Dog::image_73,train
Dogs/Eye Infection in Dog/Image_74.jpg,7,Dog - Eye Infection,split_group_5f42d581533ddefe8cb83f1d,46e6915d661f44c0e088fca2041594431a2138bcb8756ed8ad3a7e4b1c324bf4,9b544b497a71d4d1967a8748b5984efcbb8ff5ce00bccd5499cb03151bac6ecf,Dogs/Eye Infection in Dog::image_74,test
Dogs/Eye Infection in Dog/Image_75.png,7,Dog - Eye Infection,split_group_65d6536772ecab68304dac91,564b74ca1d13a4a6ac468269397ebb636b8b30fecb1034b9eddc5046a8c4726f,8080e162f81a1a5c4ae238f62c92eb3fd6570f6a2a5984ecf3ae03054c7e5cd3,Dogs/Eye Infection in Dog::image_75,train
Dogs/Eye Infection in Dog/Image_76.jpg,7,Dog - Eye Infection,split_group_4736d960eef83f2aacf2b04f,cfda3439c504140decc95f02e5f621f3f1f266cc53a6b07bd40f2d4c40d542de,9df4a0df6e5db0bce0585159212b5395907c4be38eb500588947a51783ffff2a,Dogs/Eye Infection in Dog::image_76,train
Dogs/Eye Infection in Dog/Image_8.jpg,7,Dog - Eye Infection,split_group_adc1ff9e40ac7c8f34dfcfc9,34aba8accc318825987ed5f17d1317a2d4b49b1c01a8b873d315e0f2d470c5de,386e0677d60600517c5e628a3822b3aeffeebb6796b5d2d05d51fd082ebe411c,Dogs/Eye Infection in Dog::image_8,train
Dogs/Eye Infection in Dog/Image_84.jpg,7,Dog - Eye Infection,split_group_bf6e0ed0f767a4acee61f193,f46750f2d34862ea17a8e54a4c8a716fcd2cc1edaa51d5a856c8d2c6de4b07cd,33f81f6589319f73ae49d87dd62104f7e47d6b1d64bcf07fdc56f361e0c5f86f,Dogs/Eye Infection in Dog::image_84,test
Dogs/Eye Infection in Dog/Image_89.jpeg,7,Dog - Eye Infection,split_group_352e1688b5692497ce1b1a8c,23727268b8bc5e1f8d2086c78f7991c62c2b437b005f0e9d1a9c7b1a53c69d50,1b70d4be2b367353d5f0950b8d661bec6ac438eed1c463fc622893ff1e323d4f,Dogs/Eye Infection in Dog::image_89,train
Dogs/Eye Infection in Dog/Image_9.jpg,7,Dog - Eye Infection,split_group_5cd472b8f5acbc468e31f58e,0c0d0f3610eac4999692222238cf395ea9ec0588eb8a564a8e006cfa2603716e,ebd31f33b7a139bc3bcc5897d4ba629151a06030ecb44d59d2fa018f977d760a,Dogs/Eye Infection in Dog::image_9,train
Dogs/Eye Infection in Dog/Image_96.jpg,7,Dog - Eye Infection,split_group_5013bc0d3b40d2ef44bbafba,ef79ecccf1c83358d0828020c5366cc348f8af96a4bcac047392b36f7040447f,5a6c8b35a8f5f0d61758d50620d819a49e2bf4fae51503c6441c2360262b6e6a,Dogs/Eye Infection in Dog::image_96,train
Dogs/Eye Infection in Dog/Image_98.webp,7,Dog - Eye Infection,split_group_db889d2510bb17ab9f042d7d,edba3a0e86d78c92528a3eeecba52559ff5c0fa05bc5f8a1f2d9b399a0a97349,3252bb045ec5f12c2b1fea88d31ec8b47864e048e08c1a4c5f7da9286e705065,Dogs/Eye Infection in Dog::image_98,train
Dogs/Eye Infection in Dog/cataracts_003_jpg.rf.8LWj58y4aFlPb6je1L7M.jpg,7,Dog - Eye Infection,split_group_98c89b4b75a050c363404421,15bdcd326a554095a1964c0730bb7e149c24ea4e9b2bac110d02dec1d731c2e3,236b4a935494a4b46101a8add96b445c8d57d21d237e5789d3f3f1293a58c34e,Dogs/Eye Infection in Dog::cataracts_003,train
Dogs/Eye Infection in Dog/cataracts_005_webp.rf.mojZJKkck0iwMAottCDq.webp,7,Dog - Eye Infection,split_group_0605b745b47fc442d73741bb,7e559949d3e7660835b3adae5fd38d7afb8d510e94acb76430dbb0aa1bc02c43,1419123c37a41dc8dc937bb16e07d258975d578a40ac0b5eceaf1bf54814c601,Dogs/Eye Infection in Dog::cataracts_005,train
Dogs/Eye Infection in Dog/cataracts_006_webp.rf.vyh5agN25OOZSFfMZDec.webp,7,Dog - Eye Infection,split_group_5f8bf51a9b2e8971a39eaada,b11272c0da08d65f4ef07a82bb8814e6c567d11e4d9b356dd2a10fd88626fb22,f66b23af55df6566f798ad7e27881f74d90700ff006b7ec73aadb9fdc72af1ad,Dogs/Eye Infection in Dog::cataracts_006,train
Dogs/Eye Infection in Dog/cataracts_023_webp.rf.ScH33GX1tWAJ4a6BbT1L.webp,7,Dog - Eye Infection,split_group_150389dbab8c50af3b9f7a18,ed1fcf2c190ca344e7b3e559f351a6b02eae9236d122c162413ff743195f553b,b6c1f25e6187ab932abfd10f73dfdddb66dec07f76c60ef90dbc4201c99adb72,Dogs/Eye Infection in Dog::cataracts_023,test
Dogs/Eye Infection in Dog/cataracts_024_jpg.rf.BT5UxIBMLewqZziUgN8E.jpg,7,Dog - Eye Infection,split_group_0098357703ccbeaa714178be,806b24432a68642ceb1759f17e8233dda7c0744d3120a99f98013eb5883c38a0,c157d71bfc34fe71da9698f665bc6530103f677b75bac57351885bff3181623e,Dogs/Eye Infection in Dog::cataracts_024,train
Dogs/Eye Infection in Dog/cataracts_025_jpg.rf.Ucp5pHwlopcYK2KPUjzD.jpg,7,Dog - Eye Infection,split_group_fd89bd081d2b6da352502bd2,1998e259443029ad5a15b7baceed3b7a3540b4dc22e35877ab97c5fdac22192d,a2650a657cc31b0aaa82c81c547a4feeb9308b1d8956a0d152e2755f764c1780,Dogs/Eye Infection in Dog::cataracts_025,train
Dogs/Eye Infection in Dog/cataracts_026_webp.rf.NnRokbVmxPXL5S5dmfM7.webp,7,Dog - Eye Infection,split_group_191a2e747de2528629ea5b09,877617958221f2b264c960de720aaa4d6a31190c6f6113f8f052316ac9cdc798,807304735d0a53941addbd984f8e2c9fdbeb3d1031a4e8297e2d49b667e2b250,Dogs/Eye Infection in Dog::cataracts_026,test
Dogs/Eye Infection in Dog/cataracts_028_webp.rf.pqdoUEURz8QYqHruSzec.webp,7,Dog - Eye Infection,split_group_fdbfa62ff88ee4cc2dc36d8f,f399143755201dafa2d00f2fdc73c9e62cf087f303a56056165dcb995b0d8aa2,700068ed7cbdac44bba819359447f4ab21b0846145dc871cd4211cd3023f50e9,Dogs/Eye Infection in Dog::cataracts_028,train
Dogs/Eye Infection in Dog/cataracts_030_jpg.rf.7e6p7mhtaC3LlgUQ2vcI.jpg,7,Dog - Eye Infection,split_group_b88145412a9e84e4e8cb0570,ac14ae620a123befd859a8c30a236f02c3c2cdc9474f37f4e37bd70f9b10931b,10105bd16301066da51f933cffad30229365c43621f55757f5b299bff6dd27d0,Dogs/Eye Infection in Dog::cataracts_030,train
Dogs/Eye Infection in Dog/cataracts_032_webp.rf.to1uJFYftJVnJWsaTgDP.webp,7,Dog - Eye Infection,split_group_a8c3f23da514289074204c79,fd78863904b0039c6883166c27149f60cb67d2b1726e8e9ec0ca3eb4e8c37a41,ae42aca5660a7f8a40e0c976fb15db2a954b659b7861daaf9b0a8e9430f8b741,Dogs/Eye Infection in Dog::cataracts_032,validation
Dogs/Eye Infection in Dog/cataracts_033_webp.rf.ywmCFOgsE1CCBvhqYtbv.webp,7,Dog - Eye Infection,split_group_44e2a468009d9407b5974378,28882aad62f775c0ef1ee15366d32a382498ec7cbd9c4b4c9e67c331bcb6f14f,785d7e0de992cbe5fe2741f9bd8f74e947adca9b732bd18a21076e774aecfb96,Dogs/Eye Infection in Dog::cataracts_033,train
Dogs/Eye Infection in Dog/cataracts_034_webp.rf.R5VD7hDSOPrAKyYJrYnV.webp,7,Dog - Eye Infection,split_group_841f414fe235a6bb44b2a071,620a99b5bfb0614585c11cfdea44ddf40a6f03253e4ac91d4b2c33b55cdc9c3c,c75303f4d1669cb3c6f52a1a8ddc093a81941127cf20ccfa284ebd02497a8de2,Dogs/Eye Infection in Dog::cataracts_034,train
Dogs/Eye Infection in Dog/cataracts_037_webp.rf.TJBQhr4NWfMFncfzSTrs.webp,7,Dog - Eye Infection,split_group_6c0ce6904a0adeba660c1448,0f79e6d4015a233f265a69278d717006a64c13362d40b09e098b0aacfc087767,36a9ca992343fd86955b3a9d09653ef8d78275bf8d132005790a6df436f1a832,Dogs/Eye Infection in Dog::cataracts_037,train
Dogs/Eye Infection in Dog/cataracts_040_webp.rf.g6XDn5VinssvhwBSs0fi.webp,7,Dog - Eye Infection,split_group_b88145412a9e84e4e8cb0570,9ca71882ff96448fb10301cf44fb03baeda42ae0b485a9970f3bb4ba77c9ded1,45b5f4ee2e0b43008acd543dff8cfe1a41b524c05a573e39931e0d440f0e5f50,Dogs/Eye Infection in Dog::cataracts_040,train
Dogs/Eye Infection in Dog/cataracts_041_jpg.rf.0bmIt0V0BaoD9R0ey35H.jpg,7,Dog - Eye Infection,split_group_8e161fe3157940551c3aea00,3f3e4b16eacb577498b8df65642964da089295dd12a8bfbac5344dc145f5f623,7f096bb840557e87feae837c4a0ead2779e9df222f0728101d56df26dd9397c8,Dogs/Eye Infection in Dog::cataracts_041,train
Dogs/Eye Infection in Dog/cataracts_044_webp.rf.zgaQkfDYSCr70L10vc4C.webp,7,Dog - Eye Infection,split_group_73cb8ae543b4a92590ce94ca,d5f78b3d25fb120cba847b70019b815a30dd801749250922d2c5905e7831f4f1,8eecd0dd9500c359c28ba8ddf5e7c168b4f4a92cf134b96736e83c80605a0fd5,Dogs/Eye Infection in Dog::cataracts_044,validation
Dogs/Eye Infection in Dog/cataracts_045_jpg.rf.ycxjjA0obdTlwNpi8wUc.jpg,7,Dog - Eye Infection,split_group_992d9d27f303f7701d514558,70da3a905b00445e869f6f28de92d7235de5f81a95d0cb07dd774f804b71055e,ce294d9c32bec1ceaf9d6d3320f6d1a7f549b2bd2aab0fc9be73651a6d852f6b,Dogs/Eye Infection in Dog::cataracts_045,train
Dogs/Eye Infection in Dog/cataracts_046_webp.rf.0OAkERYGTccmu3H93VXc.webp,7,Dog - Eye Infection,split_group_01c9e8f147c2d04a49ec70c2,6014f93a76d097a37b38782f199940c4dbcd101b608660335681c6efa7f4c392,4633678ea028356f99f2db81273ad1b00e0eb868c99b12043e3839f9438da273,Dogs/Eye Infection in Dog::cataracts_046,validation
Dogs/Eye Infection in Dog/cataracts_047_webp.rf.ZHhxY1GTUWuOqQczUmnu.webp,7,Dog - Eye Infection,split_group_a8e8bbdbad021145a78f604f,fdc4990ea8cb616919d9d2fb3eec37255445ae33565067c0527cc9e49c97be94,cd1b65508cd74adaa4cf2b61c38426d52112bbb0317a4a1959775460107e816e,Dogs/Eye Infection in Dog::cataracts_047,validation
Dogs/Eye Infection in Dog/cataracts_048_jpg.rf.SNX2FCy1D54wfGSzfT9a.jpg,7,Dog - Eye Infection,split_group_55bbc3f7e70e8dbf60b1259b,4c62dfcaae3a668157772474967463bbd90e93d2b1ddcace4b071968932efdd6,1a18d184237aad3b9aa77c4943beb18d5fc5164f8bba101a194cdabdec41bea4,Dogs/Eye Infection in Dog::cataracts_048,test
Dogs/Eye Infection in Dog/conjunctivitis_068_png.rf.YTcy09krVOUmO6Uuc51G.png,7,Dog - Eye Infection,split_group_2a41c730f6c2ec886c42f9da,6ab5aca7b9ee434d569305d167ddbe270045c5380d39bb62eb94b49ccbfe752d,a2f20674abc057768b9c875668830e336759ae58bf4743e516634ab4ad8db074,Dogs/Eye Infection in Dog::conjunctivitis_068,train
Dogs/Eye Infection in Dog/conjunctivitis_069_webp.rf.ZEjI36R8WklT2t7lDVub.webp,7,Dog - Eye Infection,split_group_1de42b99ba4803ffab0758d1,1d30afdc2fcb1d37fd35494c4184c541d7f17b7b2e930d47257fb3f46c11c531,a89e1cc0c9827042c93b896ae7012ed9f533184c103809d412d94e42fb045493,Dogs/Eye Infection in Dog::conjunctivitis_069,validation
Dogs/Eye Infection in Dog/conjunctivitis_071_jpg.rf.O96A9x1GBZsaY6PiRKD0.jpg,7,Dog - Eye Infection,split_group_ad71f271a56d56f00e4c985f,6d6822533c1c5fe848f30189ac9f1b881ab2e4a25a55de6c52c679ed18fc869e,c0f2f76606e5a7c0db0cffab2ce0ba4793fa330ec629210e510b4e63d414cc9f,Dogs/Eye Infection in Dog::conjunctivitis_071,train
Dogs/Eye Infection in Dog/conjunctivitis_072_webp.rf.DywI8iJ2LTM4GVcvFBb3.webp,7,Dog - Eye Infection,split_group_ced3308f9a2e9086c134aa08,f1985401da0423481ce7809f3c623e48cfee1ccc0bd35160ebe6a6f7d9204ca5,48ca576e45c4c1b4b3fe5a11b17b615805da0b6eb22206272daa258deccfd087,Dogs/Eye Infection in Dog::conjunctivitis_072,train
Dogs/Eye Infection in Dog/conjunctivitis_073_webp.rf.sLnu4KzylMzX1NTGxhga.webp,7,Dog - Eye Infection,split_group_c45ee662e1f2f2fec3bab286,4422b8868bc37987c4841c545b2b74ba6b428fb8131859c858707851758898e5,d8f12f845bf11f15c14ee2fd66e52a5cfc59bcf34bca37f4f0ff554771ae968b,Dogs/Eye Infection in Dog::conjunctivitis_073,train
Dogs/Eye Infection in Dog/conjunctivitis_077_webp.rf.SyshEiNgz28ArQ6DdW40.webp,7,Dog - Eye Infection,split_group_96209e207ee309e22db390ed,694aecf052dc6f42dffa319a8a369d47ccf58d66ec725c355bfbc5ed670c5851,a564fcb841684677fa6b27f62c572dc136c3e425afe82b2f73d991f3cb17a216,Dogs/Eye Infection in Dog::conjunctivitis_077,validation
Dogs/Eye Infection in Dog/conjunctivitis_078_webp.rf.hfvoKWaljryUtlE8pX5g.webp,7,Dog - Eye Infection,split_group_e0649f9f9253b2971e18ccaa,92f9e536b6cc0988e92c5d642d988fcc80a79d1ef9dff98698bf17efd22c45c4,22071e302bd7c6d122b3726abfa9d6b7da4c70ea2519532f3ed0103d261ecddd,Dogs/Eye Infection in Dog::conjunctivitis_078,test
Dogs/Eye Infection in Dog/conjunctivitis_079_webp.rf.xeHKqnQtI3iqNT9YihjC.webp,7,Dog - Eye Infection,split_group_1980e8e58e7d344f9ed6a9ae,98450b7ff6edf3ffcdde76a1c611cfc2e21a1e81bffecaa677fcc22d8cab1f4f,3ccafb59bbc238668b8681df0106e0afc78c7fb9ccc092f8373574d5c2180236,Dogs/Eye Infection in Dog::conjunctivitis_079,validation
Dogs/Eye Infection in Dog/conjunctivitis_080_webp.rf.SRtqdLZ6dnAGs2vk3nMU.webp,7,Dog - Eye Infection,split_group_ef594eb23323e15b9e7822ce,a1a877d12562fad8a6c031e36cd4142f1e63d49ebac576ba68aa6780e7d23266,5f4a36207bf0c1bc9e3044373b9173edc43a865f8d737450c2a4b11cf9cfb5df,Dogs/Eye Infection in Dog::conjunctivitis_080,train
Dogs/Eye Infection in Dog/conjunctivitis_081_webp.rf.5ZZMejnjWIH4bEjlXJ1r.webp,7,Dog - Eye Infection,split_group_8a9de18483c9d4088b1cd3d7,298f2d27982652ec5b128418466363fd3b62a30356b7ab845a48cafd494ec729,2d95c339cb02cd76d203224164567a3fa1a31d3fd6572b02e2f8feba992086bf,Dogs/Eye Infection in Dog::conjunctivitis_081,train
Dogs/Eye Infection in Dog/conjunctivitis_083_webp.rf.vKlFwwzS9mzUHpZfGJsI.webp,7,Dog - Eye Infection,split_group_9286d28a3df19ee9a3b41e01,8699b5a01fc83dbb9d7bb17414130d7334fa8b5697327650a2f7f9fdaae4caf9,56d6b8faa17343e21eb3e137c393a82bd4ec82dcb86ad85de179da9214f0dcb1,Dogs/Eye Infection in Dog::conjunctivitis_083,train
Dogs/Eye Infection in Dog/conjunctivitis_084_webp.rf.7q7UnkD3GluOnqwBQuUr.webp,7,Dog - Eye Infection,split_group_75dba3c486636436344fc8e5,2ee6a0ac73f5cda36340f032f60d96eb93ae5d0ec8a95fca69470998ba7daae1,3dbc2400a43333e97d2cce2abdabff3d1e196b21b29a94337118246eaae4f36f,Dogs/Eye Infection in Dog::conjunctivitis_084,train
Dogs/Eye Infection in Dog/conjunctivitis_085_jpg.rf.Z3mwWRYNWVVdUhGyiUzE.jpg,7,Dog - Eye Infection,split_group_cdb6050b067c4592d1a9811e,ba617a5197062a1bc7e70b227c658050623f18f8f59f0e4d8bb0a88c29ad239d,e4d45ed733adb4e03798775811c326f7ba45d1b0fac564c56ae33a23c393e804,Dogs/Eye Infection in Dog::conjunctivitis_085,train
Dogs/Eye Infection in Dog/conjunctivitis_088_jpg.rf.iPXLvcMgVmR7eOQTE0IN.jpg,7,Dog - Eye Infection,split_group_1f9b3e584b775365e8374c97,461f94b1bc1df36fd5f55a8c8fa520adc7b7c3a755ff5dc8899798769f4bd7f2,9a6ba2d2c027385fdbab8f9069f6fd6571b37c3b810c472d3eb22ef1772a4574,Dogs/Eye Infection in Dog::conjunctivitis_088,train
Dogs/Eye Infection in Dog/conjunctivitis_089_jpg.rf.SkfdcqXtyrGLulg6TSSt.jpg,7,Dog - Eye Infection,split_group_b93c46140c27cc5e4f179710,918bb56c773d94d96d19c7df0694bd4749eb5048ec5c12ac861390249f9809b7,ccb120df1acf344066d394d946e3f6ade7f1198edfa9dbe02d136dcf715c350a,Dogs/Eye Infection in Dog::conjunctivitis_089,train
Dogs/Eye Infection in Dog/conjunctivitis_090_jpg.rf.3IYx8oLBAx5jaf4cOpqw.jpg,7,Dog - Eye Infection,split_group_13dbf818aa0c697ff4278a37,5234e9eb9fa83e9a8810b4fcc3234aae89fd211313def0d398503c82aeac345e,22bcf5e095c7acdc831552ebc620a76695a46529420e88fd9f260138b99d2a4b,Dogs/Eye Infection in Dog::conjunctivitis_090,train
Dogs/Eye Infection in Dog/conjunctivitis_091_jpg.rf.C1fvzmyorHEiihx6rrdY.jpg,7,Dog - Eye Infection,split_group_419b7ec22e0fe69a3f266e01,dd3ba02f4c0bb07fb5915b81df524e1f78ceeff717ace0da79c47972edaff8ce,f0aba7c7ff7442ae8e3f2e6a25fd8da5e41113e5758296ec899898018f9020ae,Dogs/Eye Infection in Dog::conjunctivitis_091,train
Dogs/Eye Infection in Dog/conjunctivitis_092_jpg.rf.6ubYkVvntiTXWk05EYN8.jpg,7,Dog - Eye Infection,split_group_5ff7fddbcda0f7c5599f7b13,f95c71a0ff22abf692be5a1cc3112958a30382c2721b7bfaef33641f966469aa,d4a9fbf02d1eb7f3b32c9adaa9c440c3aa4ce875ef668d1e9a662e82806baeee,Dogs/Eye Infection in Dog::conjunctivitis_092,validation
Dogs/Eye Infection in Dog/conjunctivitis_093_jpg.rf.CmRsNUleeaolbmIWCo4Z.jpg,7,Dog - Eye Infection,split_group_e31a43595cafd739d4815ccf,3cb82cd11ede78e71755a587c943234bf7d70dd72e965281caf38468bd822309,f6ecc94b391b7fc2e9d970b507129f6327be57c2eef401e4766526f49b5ac215,Dogs/Eye Infection in Dog::conjunctivitis_093,train
Dogs/Eye Infection in Dog/conjunctivitis_095_jpg.rf.vo2s5mxepXGLRqbfFuJX.jpg,7,Dog - Eye Infection,split_group_c2fbb74a71b92abbe5e08f66,1102ff5a74c44ef3576a8abea746dd9249e7a976694a40700733b80a7d0cb71a,1440bf461766fc5aac3372101d284b30442aff68eef9231567f85d5693863fdc,Dogs/Eye Infection in Dog::conjunctivitis_095,train
Dogs/Eye Infection in Dog/conjunctivitis_096_jpg.rf.UdJYExpFOqyobrmzKH7V.jpg,7,Dog - Eye Infection,split_group_5a988529c7bc838fca5b0de1,decc0f7c9776f9d75ad34af63b80d8b812419ac4f7a4aca0133bdf1f8de38f8b,8d60886619fd230f30ddf04909d2d6fd45656d222d1540912970b71a8ff3bca4,Dogs/Eye Infection in Dog::conjunctivitis_096,train
Dogs/Eye Infection in Dog/conjunctivitis_097_jpg.rf.YM4ThXA6SRB8oaxeoGmn.jpg,7,Dog - Eye Infection,split_group_71b7ec216e54d33a2b0c6d43,b8da406802664bbb60ffeaca0a3a4688adbe80844b302dabba73832720423df1,cf2ccf44d60cad1dde1c2f095e00ceec7323a2e7507efad94238ee29c0211b02,Dogs/Eye Infection in Dog::conjunctivitis_097,validation
Dogs/Eye Infection in Dog/conjunctivitis_098_jpg.rf.XmTeuTpyBwdyhrhsuQeE.jpg,7,Dog - Eye Infection,split_group_d0d8e4de2c19ae05a748810b,183f6ad531afce745ed9afc5350884d49d0fd6e9e5a743b98bc670d29560f3b3,41d26b63692bc37a97c1f3b0bce9f7f209c50ece0b6410862b504446eb3c1402,Dogs/Eye Infection in Dog::conjunctivitis_098,validation
Dogs/Eye Infection in Dog/conjunctivitis_099_jpg.rf.v7FaatwwhPuWNmp4ecDK.jpg,7,Dog - Eye Infection,split_group_17e37eb782da08b5e6db6e8a,683b958e97dc0c8807dcce184e5ae0f05cdd8dbcded4f4858d7687bd486250fd,a871bf37064d235811508296fc7d710426deef30968ed9255a8f41748b8dc052,Dogs/Eye Infection in Dog::conjunctivitis_099,train
Dogs/Eye Infection in Dog/cornealulcer_002_webp.rf.sH2U4PMzjgNjbBUd12XJ.webp,7,Dog - Eye Infection,split_group_993a64ce539ca547e61235de,4d7f8811001d0dc0d08c109d5b6840faae0c821c056dc9746e7d47358187c23f,cbaae678d70f416c6a2356b8327c9b964e48791409d63883e6907b220c6a7cef,Dogs/Eye Infection in Dog::cornealulcer_002,train
Dogs/Eye Infection in Dog/cornealulcer_004_webp.rf.rQbfxSrkMFSlZYjx7TvA.webp,7,Dog - Eye Infection,split_group_c374e6213659fb5e37d693c0,cfe980a05a374aceaa611db94c134f45b5de618394bc85a7cac832e1603249a9,1a49557562df4f99fcd48c505f202c4ecb8d9df9f47d47f4f5063a0b57433fd5,Dogs/Eye Infection in Dog::cornealulcer_004,train
Dogs/Eye Infection in Dog/cornealulcer_005_jpg.rf.z9Au5j3xbi5r5YSByw8c.jpg,7,Dog - Eye Infection,split_group_1ec5ebbdf129dbc09716a34d,d1301521ce6b3cdaa17a0f1d43114b9a5fd671c4614e332dcc0b0ee82e23298f,e94a45bca90f43633e2d644ed91cad99ed20f1bd7a9a2bd42eda8007c6211541,Dogs/Eye Infection in Dog::cornealulcer_005,validation
Dogs/Eye Infection in Dog/cornealulcer_006_jpg.rf.CZBihFFjzvGEHlFmARAQ.jpg,7,Dog - Eye Infection,split_group_95cd6e571213bdc30298bde8,c9de525efce25f4bdc45b5172c8e32f849aefa561ed366e153c8c18fdd4cd818,68e5e94aa952ba29c34c1b0a8af4e65ac314b943e9603503861b8d52dfab8325,Dogs/Eye Infection in Dog::cornealulcer_006,validation
Dogs/Eye Infection in Dog/cornealulcer_007_jpg.rf.5JCpC5DXld4knz2iStbt.jpg,7,Dog - Eye Infection,split_group_1b8e69c00990c2613ea19f12,e3dff8c41dd6cd3023eac2b6b1e0f568ec56f3c05cfd6331d4d057abea805969,2bc14ad6713a145237161426cfb690585e9d8ced4197cdd0036e7fba427f1e26,Dogs/Eye Infection in Dog::cornealulcer_007,train
Dogs/Eye Infection in Dog/cornealulcer_009_jpg.rf.C2k9o3WsonYFwnK3RnKv.jpg,7,Dog - Eye Infection,split_group_714faf6db777e7cb90ee3dd8,f4a3d82648d3dee1e7cb6818b0d30a9bf312c38efd8f9ab0d12fdb51bbb70578,298128ed5f951411486664f07fe978e7dc317fefd7032086d78b2389799ac513,Dogs/Eye Infection in Dog::cornealulcer_009,test
Dogs/Eye Infection in Dog/cornealulcer_010_png.rf.FcJpieRkLppdgSt8zPWU.png,7,Dog - Eye Infection,split_group_8ca973d6a7e0d657be16d2d5,0f4ca4f98dea30f414a2ef2d8e598b7096f242bd78ac8c7c9849025c1cd24798,1fdc3d2d8ee1adb06c6db37b68f59d963cb4aed35821dcf77b224113fa791462,Dogs/Eye Infection in Dog::cornealulcer_010,train
Dogs/Eye Infection in Dog/cornealulcer_011_jpg.rf.iUmcCIRnZI0vtTYgRm8S.jpg,7,Dog - Eye Infection,split_group_59ee49053a8540978c1ed6f7,311b117d05d8d2073354308b76ec53235f0a35097041ea659c67a22ace42354b,e120b8189ad2e90723679b44704c36a80a965e34f84b4284d8f408369af3a405,Dogs/Eye Infection in Dog::cornealulcer_011,train
Dogs/Eye Infection in Dog/cornealulcer_016_webp.rf.jcoRaLaPdHTtk4wN35gN.webp,7,Dog - Eye Infection,split_group_6d019c8f5b52647f9f7452e2,acd936868b31a5b7c1e6dd487713104ad512cf5c66f914821cee52fd15514461,900fef19f5f549c1917b6446dc6a7807a6046a914f271c5b8b872f1f0c0e6aaf,Dogs/Eye Infection in Dog::cornealulcer_016,validation
Dogs/Eye Infection in Dog/cornealulcer_017_jpg.rf.GiryKVUq0phVjPNuYPvt.jpg,7,Dog - Eye Infection,split_group_1b8e69c00990c2613ea19f12,be8d16214ad380165fad9eb79db6bab22744cd5309b5634681f82024e6573f3c,b2e4afca01dbfa1705c2dbbf407ba235e589784987329136e6f5d4c052558b13,Dogs/Eye Infection in Dog::cornealulcer_017,train
Dogs/Eye Infection in Dog/cornealulcer_018_webp.rf.DE2lCkesTU2ghAO4S6f6.webp,7,Dog - Eye Infection,split_group_5ea90d07943e2848fe2cf20c,b9dacb37e17223edd8c68922ed4c8882d879214d939e0933743555c1894a264f,84510420a01d849134cc96ca49ccf1ca7540f8cca7a70d4708c763dcdbf10430,Dogs/Eye Infection in Dog::cornealulcer_018,test
Dogs/Eye Infection in Dog/cornealulcer_019_jpg.rf.O10CIM8YvlktjSndI33H.jpg,7,Dog - Eye Infection,split_group_ad75b4539ed90930b4fd9491,1bbe4f40e36e8623dcebd0aa1953af289cddbad5fb6a36634395aac5f5fbf0df,4a1c53f7bc0adf294c834e48fb2116d9a3db7f0bff89d4cd3aed7b651b988557,Dogs/Eye Infection in Dog::cornealulcer_019,validation
Dogs/Eye Infection in Dog/cornealulcer_020_PNG.rf.HTzSY9RMmDvWTVICMb5r.PNG,7,Dog - Eye Infection,split_group_e82bc56c0fd30abbe828eb03,8e5a271d7a5daba3f3e7c7ef91835e0ba1411caffaa2c7fbde3303ad71d9b5c3,400e49c62ec9bc14f424158bbde3e5a84f6c313ef81c7edbdf46a461d6aac43b,Dogs/Eye Infection in Dog::cornealulcer_020,train
Dogs/Eye Infection in Dog/cornealulcer_022_webp.rf.0W9IGU1umhlrrkMJmJ51.webp,7,Dog - Eye Infection,split_group_b7a5297c75098e0945eab351,95cdd4304f7d32175523511d76789cdd8282d0a119df2f32b70b555c5e64cc82,203a8dc2c81949c3cfc90a296b02ef75666384020eb86dcc1c256ba9654596b3,Dogs/Eye Infection in Dog::cornealulcer_022,train
Dogs/Eye Infection in Dog/cornealulcer_023_webp.rf.qQf9nOts1rkFueXSuOhr.webp,7,Dog - Eye Infection,split_group_3977b636ece51cc58595ab0f,033db88602fd6a5fdc948db445b15c377be333f99ecf6c7f90b8be9234a8811b,b5a653dfee1e5be949284b02afaab65654b180c150968132379c1bc6183779aa,Dogs/Eye Infection in Dog::cornealulcer_023,train
Dogs/Eye Infection in Dog/cornealulcer_024_webp.rf.hDgIKNbIZ3rNJHbDrV12.webp,7,Dog - Eye Infection,split_group_3869421192599f3fae704c58,b236f724b105f52d106e8e500ed982af1d6b901a84c02e7591be43d1a86ff904,757e44b3799361eaf95673de9beade00de7a54f01c8c79218f501ec40662c08d,Dogs/Eye Infection in Dog::cornealulcer_024,test
Dogs/Eye Infection in Dog/cornealulcer_029_jpg.rf.i6WAfT47VQklkmUMadZB.jpg,7,Dog - Eye Infection,split_group_edca549656f37a021589985a,bc8c2e5668a2915f3758b849b417318b5f33d348f2d044552f26ec66e93cd1dc,2f2b7f9310f2e23599c6dd2f38bde52b8940f4c29b9a94c5dd0e525c66b49d6c,Dogs/Eye Infection in Dog::cornealulcer_029,train
Dogs/Eye Infection in Dog/cornealulcer_033_webp.rf.cRpww5CsPmGbxmVApUrm.webp,7,Dog - Eye Infection,split_group_c1ddb4631dbe0d770d8104b9,e19c290bfcdd7fd63e8ea9e0b323d61b41c87904984bcb65b77624814395a798,e7f2a5b4b8bbb9ba04f0e7a104c77a9420bb27418621aae3239bd5727d60a7d2,Dogs/Eye Infection in Dog::cornealulcer_033,train
Dogs/Eye Infection in Dog/cornealulcer_034_webp.rf.M2Dcmdl1KL8t9VesataG.webp,7,Dog - Eye Infection,split_group_223c60be9d17ee9e996eaaeb,5b4097bd6af77f02191c6363318a2b65ab75e4746e7d74a6d413a8adacc5f80b,fd709e63b5800253ed77d9d5c75316693a32c1273a82443a5b1a83d612710baf,Dogs/Eye Infection in Dog::cornealulcer_034,test
Dogs/Eye Infection in Dog/cornealulcer_035_webp.rf.7hHX3cG3ibaBz1n8LwRI.webp,7,Dog - Eye Infection,split_group_b8a7ca7743d06c4807d4e8ec,7c2aa3e02ab56955da4b3bcaea065b176705b12e85672ed7126d258d6f6928aa,0f73dd963c101daef6c3415f216762e9a64fbccb69b42a4ed8cfa19436079ec9,Dogs/Eye Infection in Dog::cornealulcer_035,train
Dogs/Eye Infection in Dog/cornealulcer_036_jpg.rf.Dv9BXew6oEOJxLY1bVF0.jpg,7,Dog - Eye Infection,split_group_e1c0f45ad4aa2bd1c18164e2,362d1a3fd86ab884e2e41ac93900ddcf86f48cd7ce4bf72ca893a14e32a48a65,b2c2fb19c2a9118275719d76d47461aa4966c8e0b86786c4d065f88036d9bf98,Dogs/Eye Infection in Dog::cornealulcer_036,test
Dogs/Eye Infection in Dog/cornealulcer_038_webp.rf.U0Sei1FoDZtCkQ0G300J.webp,7,Dog - Eye Infection,split_group_ead0bc6032741ac83e928172,f20422f9ff2930767b8dabbc3283dfe8cbdf12841518b27d1b98f259f920af5b,6cb66f5ec8abaf78fe294f5f1232ec162938785a6e34857c2490026eabb4aa90,Dogs/Eye Infection in Dog::cornealulcer_038,validation
Dogs/Eye Infection in Dog/cornealulcer_039_webp.rf.mDz73LPxOo30GY4kH38E.webp,7,Dog - Eye Infection,split_group_b029b1f9d4e1c860660aa02c,9ef75087cbe03cca99cf5d43b169c32733735179aad3fcc625863503cf2892ff,27deb7fb0a77c86bb3f06aacae82b520aae031a8cc60cc11103a6ebc7bfd8daf,Dogs/Eye Infection in Dog::cornealulcer_039,train
Dogs/Eye Infection in Dog/cornealulcer_040_webp.rf.zpFTbwUi13fZPZCWKUUm.webp,7,Dog - Eye Infection,split_group_440949662a7fc5aa2fcdcb61,211b38b9405ff65efa2c88807165272e703a07edd48672e9910e1364650d6692,56bea159ad39cba2377a33eac6e8428e3becdadf955131217668806c4d9c6569,Dogs/Eye Infection in Dog::cornealulcer_040,train
Dogs/Eye Infection in Dog/cornealulcer_041_jpg.rf.wslqBuYXXUtFZk19Adfl.jpg,7,Dog - Eye Infection,split_group_c1ddb4631dbe0d770d8104b9,9f3622ebb96f6d03d6985a23b2629eac32fad8b9a4d6d740b46187d7c179194a,b6f04f77d62f33fe8fbbb4b81ddca384ef1da68beffaf4cc672e87aac11ac229,Dogs/Eye Infection in Dog::cornealulcer_041,train
Dogs/Eye Infection in Dog/cornealulcer_044_jpg.rf.kCLWsOzlPAiSVts84FiO.jpg,7,Dog - Eye Infection,split_group_5e12eaa1dcf7e22659c8c2bd,dfebd5ac9b66fd13b35fc67e54e593a7cde595f20d33b60c1453e1a8ef351f79,6c1077ad47d5ad587f15c7f9e5797b05fe8de575441ca8ea9174079cd9303a32,Dogs/Eye Infection in Dog::cornealulcer_044,train
Dogs/Eye Infection in Dog/cornealulcer_046_jpg.rf.8hrvZoFjO20dMttTElYq.jpg,7,Dog - Eye Infection,split_group_77d2bd4bf9bea77bad86a58b,9a49aadefc5420c13044a02c94ee7d56e1a8667b787e431539d97a43b022da83,095cfaa6a7c33c4221fefad374e5f1770048188b987d63c3c749379600dfb1c5,Dogs/Eye Infection in Dog::cornealulcer_046,validation
Dogs/Eye Infection in Dog/cornealulcer_047_webp.rf.SoipVm9KE67dMT1gu06S.webp,7,Dog - Eye Infection,split_group_df579b47cce7543e66434320,fc8f82e7be00a02347fb00ab7ab6bd948c2b10955349f63bfbeffd916d1cef2b,93fcf8796dcbea011500b8afe1a51709f7eb144d6fa8a879f74f3e6a363c0358,Dogs/Eye Infection in Dog::cornealulcer_047,train
Dogs/Eye Infection in Dog/cornealulcer_048_webp.rf.IeR4Vr9G0IgNRtioeos9.webp,7,Dog - Eye Infection,split_group_4ce33944e20d1ecad4ebf869,80dc32c8563aa7433b44a7700cfb87dba429bcd2bb99126bb2022e88cf564f2f,5dcf0de3f9e29a4ac3541631c4a71b7e36e2220261005f35f297fbf2c135fe8c,Dogs/Eye Infection in Dog::cornealulcer_048,test
Dogs/Eye Infection in Dog/cornealulcer_049_jpg.rf.n9IXEi2tGFamgaKf8aJE.jpg,7,Dog - Eye Infection,split_group_27bc1d4ee6e9610803e73d66,a59e151f543a47a4693c462f7bc46a603f546496a56e599ba75a8c8fe113a607,80e7a124b25e0831404503d499d7cf7da7fe709e08ce1804cf98ad050b934963,Dogs/Eye Infection in Dog::cornealulcer_049,train
Dogs/Eye Infection in Dog/glaucoma_001_webp.rf.xMWFGDWC4uwHOTuNDGaI.webp,7,Dog - Eye Infection,split_group_fa06860c67c82187d412bd9c,1e2c3100f70e0307e02a4c6de91ef2c9213cde2e600a9aa9c1a8d5d42889a2f8,96a6dc92c0346ee3767c3501ef7484b062a31f0c3e1efd1572d19bda8f0b0f0b,Dogs/Eye Infection in Dog::glaucoma_001,test
Dogs/Eye Infection in Dog/glaucoma_002_webp.rf.FbMX3k66UaY2mgpJ4S1v.webp,7,Dog - Eye Infection,split_group_e147efad1934cc5986bfe1e7,4fd96fa9db1e772f5c5fc7a2afdb7f8be07b755d3c4df30f46cb7fb60d7d5443,e82e61c2b13dffae92eb3e625ea11f13dc6ecbf4cb22b647ef95b4359b9f14e9,Dogs/Eye Infection in Dog::glaucoma_002,train
Dogs/Eye Infection in Dog/glaucoma_003_jpg.rf.ivfSbP5fNWen2oznd3Gr.jpg,7,Dog - Eye Infection,split_group_b135a04d404ded666f90d6c6,270668ba6857569b62ea8c9e7824e6af86704031bf44f82214a6877f783b1aed,833daf2802ffb51b2e91b583e9ce2fd4dd680f5ce6d7d3deca4974cb03079e8c,Dogs/Eye Infection in Dog::glaucoma_003,train
Dogs/Eye Infection in Dog/glaucoma_004_jpeg.rf.jGsaY7ZCeVLuQYaBW5R8.jpeg,7,Dog - Eye Infection,split_group_3ac8cba51efcb017dd11b687,c3c9789783dfe769f1a1a0af415776aee6a6e937a5dea9184c00964ed0009325,b2bacf53831df16fd433978e79c6d80deab94d2639fc753e72caea1f9ba96e78,Dogs/Eye Infection in Dog::glaucoma_004,train
Dogs/Eye Infection in Dog/glaucoma_005_webp.rf.ti5xiw786PfSCGFQgW5z.webp,7,Dog - Eye Infection,split_group_41d47f84fe8d93c2671cd0a2,2465a85a456a68f498e4b7539d73f4d78fb8b19ce5506e4ccfe014adbd4a6982,9cd18b59c9c8b24d9ec4c6bdb7139aef1fa2799daf0c29e9647071d242511fa6,Dogs/Eye Infection in Dog::glaucoma_005,train
Dogs/Eye Infection in Dog/glaucoma_006_jpg.rf.9mB308u1bRRVdApe3N6D.jpg,7,Dog - Eye Infection,split_group_3f4add2ceaeca2f9acc3bdc4,2ebbadd965c5d5f7dbac9ab054265ea972cc815728f38f232b384e9b75b73c47,e6b4ab0ff71389a0fb32a301057c16c42b9af8f2d0733374a14aae5709cbd7b7,Dogs/Eye Infection in Dog::glaucoma_006,train
Dogs/Eye Infection in Dog/glaucoma_008_jpg.rf.YqZH2fRdaAVKsdf2gZcY.jpg,7,Dog - Eye Infection,split_group_947764c6a511ac33b8c6169b,6ffd9d39cf400c196a85aad36e770c250088666bc8239c5a5c2ee1d0fd2952a5,21df30dbc5b024ed8a9fca2af43794d2c24a7a4740d1c31d4b0af306e4f7e4e5,Dogs/Eye Infection in Dog::glaucoma_008,train
Dogs/Eye Infection in Dog/glaucoma_010_jpg.rf.YLjBvSIDdBXZKVt4sh6c.jpg,7,Dog - Eye Infection,split_group_abb62ed8efb8efb645ed7aaa,18db6f0b3f1eb088e9bf3ca034706f7ea4cabf25848c0829f8823071907ccf81,6fa724c2b253e2f43823e0e629598c97c76a2754c9151bcdc66c22a8ede33dbe,Dogs/Eye Infection in Dog::glaucoma_010,train
Dogs/Eye Infection in Dog/glaucoma_014_webp.rf.o0B78vFHDVHZgdst5X8B.webp,7,Dog - Eye Infection,split_group_20381e5c597507d533f83c69,78c10b5de9b846bd2fdf355b8df253eea3547d821e69184e2576728dfc4ae498,eb2783937cb4d22607c3cec1574d3e459a6c57f3bab4a8b35c79f55f677330c2,Dogs/Eye Infection in Dog::glaucoma_014,train
Dogs/Eye Infection in Dog/glaucoma_015_webp.rf.BycZ41mIaIitnVIsBoVw.webp,7,Dog - Eye Infection,split_group_d5de8eacd84287b9d867c67b,78fc9d667627c7be0590f7b21d253e9c5020777e5c3c974a4e3d2ce0d2165de2,9527d2697515d4c22b2d6ae4c98713ebcf44cc61de720df0f9ee630caf6371c9,Dogs/Eye Infection in Dog::glaucoma_015,train
Dogs/Eye Infection in Dog/glaucoma_016_webp.rf.nn0KjAJKLr1JyaHOxcMG.webp,7,Dog - Eye Infection,split_group_80b26ac0515b7bcef0b9dc3f,f78c4ec42e619a67c13e357fda0cdb9f551fe9cce618202f0abd2a488e1b3ef2,c6ae9a7691c511be8c90c1fb223e6e932d2174d7f9552f6c32ff58ad64c7aaf1,Dogs/Eye Infection in Dog::glaucoma_016,train
Dogs/Eye Infection in Dog/glaucoma_019_webp.rf.KyOMlAP5IssxwoXUkfnt.webp,7,Dog - Eye Infection,split_group_3daa2a9d7789b73ba4c6283d,7eacf7a42c2d4c602529df8a8200d82c287b35718271a3b1a944daa695c02247,261a7fbc4aa0efc56ca85fa3c000f1e87ff60a0795bde7dd4b30466ebbc46816,Dogs/Eye Infection in Dog::glaucoma_019,test
Dogs/Eye Infection in Dog/glaucoma_021_jpg.rf.rvnQNAGKs91D83FgSluy.jpg,7,Dog - Eye Infection,split_group_a47077489a3b373ca7f2c2ee,8660a321902b97d4d0636a746ce8be53166d95efeb2583bb1f2416ed7792f693,e24b3d7d9631d081b62b0eb8ccf5b07642a29c123d081f47496d722a9fb189a8,Dogs/Eye Infection in Dog::glaucoma_021,validation
Dogs/Eye Infection in Dog/glaucoma_022_webp.rf.uHUbrYf6QnET3QBvAq9X.webp,7,Dog - Eye Infection,split_group_da044c99f17dec8bc4675d55,555c991b5a634042b3db4f7fd3bd46361a9488654ab4daa7104aa4a9d8349dd8,a6359ecdbef6121316ea4c5af69186e7297afbf9a0f5a5dd2434f30425b97e6a,Dogs/Eye Infection in Dog::glaucoma_022,train
Dogs/Eye Infection in Dog/glaucoma_023_png.rf.4q6YTzwye0W8Loqy9mJt.png,7,Dog - Eye Infection,split_group_60cf5137d7a6831870c7a867,ede2164b6037243a21ee1b8f61149b33c7b3e46345336fc569b8eaa3e13edcc7,9f48c7731a3fb5440703bfaf4f59f6143bc9262589241c9ea41c8f90352a56c7,Dogs/Eye Infection in Dog::glaucoma_023,train
Dogs/Eye Infection in Dog/glaucoma_024_jpg.rf.T4wo45JmUpKFo1tx7L8d.jpg,7,Dog - Eye Infection,split_group_a0744800cf0fdd574d5095db,d3f199f478fd195ba6dc2145d401e98de4ebdc28e9b825d5220cfbd23b482d36,3ff2994bbe494ea1e6adfa44d392bd4f6b152fd62a0bae7dfcb232e061e0dd1d,Dogs/Eye Infection in Dog::glaucoma_024,validation
Dogs/Eye Infection in Dog/glaucoma_025_webp.rf.j535cl8ldoFDHoQgOy3U.webp,7,Dog - Eye Infection,split_group_f37ce4442e53b9ac1421d81d,bcddce08dfe6ccc6406e9eed38b5b9edc3f5a104d4d3145478396c3fd9477ef7,ec748f0beca1d841a1508e37961aefc773a8f22d87a1c7e34c232556368326ed,Dogs/Eye Infection in Dog::glaucoma_025,train
Dogs/Eye Infection in Dog/uveitis_001_webp.rf.k0Ut1HjtwuQbvZQA0mr1.webp,7,Dog - Eye Infection,split_group_2bb7bc0cddaac7b98a3d1908,91def09fc5d22156cc51fab79838c5682bda18eec35539fa0f493888cea35c32,77c3b5ade5eb0521747d18e17a237697e0e3aa2d35aa9160c7cee3cdcfd3506d,Dogs/Eye Infection in Dog::uveitis_001,test
Dogs/Eye Infection in Dog/uveitis_002_jpg.rf.60FwhkFzPS6gQ5q7twdC.jpg,7,Dog - Eye Infection,split_group_81cad46a3fa9845d9c04bf4f,f7ab534889fb0e24907e273800da026f7a8d7cf3de857b451eb9a1e3c248d50d,dacf0e251c2e77fa49d10322a8a69f193c0c8b6da2f49529855c970aa744a131,Dogs/Eye Infection in Dog::uveitis_002,train
Dogs/Eye Infection in Dog/uveitis_004_jpg.rf.6YsG8gznX7lL32atDBEc.jpg,7,Dog - Eye Infection,split_group_57b6ff9f5fac0b0ed5978a2d,c177af47988642919d7d5890924f446e2bc961601bdeb91a619ae8977fc6e1a1,570de092f0fa8f82eb360b10aac5057f38af2e75a66e565f6d07ad92c5897f04,Dogs/Eye Infection in Dog::uveitis_004,train
Dogs/Eye Infection in Dog/uveitis_005_jpg.rf.3Pf8oZvSViLS9EKVpn7F.jpg,7,Dog - Eye Infection,split_group_a2db147cc3845a321775c867,dd3b847202d3d222c40071936f79b69551d79c792759636d6817a987d0988ef7,4886c50f03b7e891ce6aaaf276125985a4f9c952419fdbf0968eef740b36c49c,Dogs/Eye Infection in Dog::uveitis_005,train
Dogs/Eye Infection in Dog/uveitis_006_jpeg.rf.UveRaA96J8sBK31TNY3f.jpeg,7,Dog - Eye Infection,split_group_d1f610f7de3fc0e68a5c0f39,97ff40c617c6a88b6ad327223aeaf65d2742ef24c86f25e2cef8a661c38038fc,165939c30fe18f73a1e71e33b43aa4c05e0630876ef0a790f33201b3564ac613,Dogs/Eye Infection in Dog::uveitis_006,train
Dogs/Eye Infection in Dog/uveitis_007_webp.rf.c349FOf3XEmAbQKZPPpi.webp,7,Dog - Eye Infection,split_group_1ba020e438ac9d40b9d77928,524e308b4e24adfad828d51362d548d8d0e60e6e28fcddbe5f31d27854fa4244,2f97293e3928d10efe18ecf6929c1638e52a3ec975745ac6a5bbdbc5435e14d6,Dogs/Eye Infection in Dog::uveitis_007,train
Dogs/Eye Infection in Dog/uveitis_008_webp.rf.iTailoSSUfyijDgClVML.webp,7,Dog - Eye Infection,split_group_445988875c19535b7069425d,59cd1d6600f974aa41ddae15e63f775843e85b335c82c58c3b66e21580a2d4a8,c3bd2f8a2a26ad6e5c32e612023740e15c0220365a82d819b7b282602f637603,Dogs/Eye Infection in Dog::uveitis_008,test
Dogs/Eye Infection in Dog/uveitis_009_jpg.rf.xmurDBYqS7mlWGJ1OGv7.jpg,7,Dog - Eye Infection,split_group_cee794bd23559da7860cad9b,88522dc46d2f41d057cb9297ec8412c07cf4746c40c94dcd5e3669c98b046828,447ed7736f30451ae230568ac9b63336161f6c65b346f44b39e2bdbfc14e5acc,Dogs/Eye Infection in Dog::uveitis_009,train
Dogs/Eye Infection in Dog/uveitis_012_jpeg.rf.sGkjn1sgHXdBkYCeY7nW.jpeg,7,Dog - Eye Infection,split_group_2636a2838844119b06d7c8dd,e419b0c36918005e1e0576d9e2446eefde9f6c8d4cd9ca4368817035fd70d569,6e5fb60c9e09f1eacc4c81e27cc9abe103096a13be79b4aab5175228bf9deae2,Dogs/Eye Infection in Dog::uveitis_012,test
Dogs/Eye Infection in Dog/uveitis_014_webp.rf.oEiauoi8tAQSEGswTvrb.webp,7,Dog - Eye Infection,split_group_dbcc508e39e084ff8e9e882e,2a92b5258bf1469c2a9c3a6c1a4f4a3b4b6e0bf2a49f92fea681b2e059de4d1a,ea062382b36edce1936f8c58331df1316e82a10b104cf997a1a6726ace365c0e,Dogs/Eye Infection in Dog::uveitis_014,train
Dogs/Eye Infection in Dog/uveitis_015_webp.rf.H3aaaXTDoZ8u0atCMtw6.webp,7,Dog - Eye Infection,split_group_51235ec39cf30dbca402d96b,cc688b51e0c53972f3803177e88c4749350d19685024bcc086fe0064289c11be,e40a78e29221f2101a0f8585de72dd1a01ec97707d660c7f9a2f2417027e3f05,Dogs/Eye Infection in Dog::uveitis_015,train
Dogs/Eye Infection in Dog/uveitis_016_webp.rf.YzQPPXiXRlHoA80Hv4Kg.webp,7,Dog - Eye Infection,split_group_ff816aed3d1250acdb9c7275,0c3d681ce42205cc71f02bacc5cfaf92f9a4244af3067e325d2fe86eb2933f69,10925750c6e21e84d48263c2557ff12ef344eb053ee8221de69ba758297784e2,Dogs/Eye Infection in Dog::uveitis_016,train
Dogs/Eye Infection in Dog/uveitis_018_jpg.rf.uxM5xrJ8JOyxHCLUcLbT.jpg,7,Dog - Eye Infection,split_group_8a2d5f2fb1bac5c149321add,d63df40cd9c6eebe4998d855235ce29337a6858dd6df8098b304f7a494a0c8ab,426cf36f7d262a225a8249babbf329f4a2fdf853b1565c697060ec362716a444,Dogs/Eye Infection in Dog::uveitis_018,train
Dogs/Eye Infection in Dog/uveitis_020_webp.rf.UWdjAPN669hqept27frZ.webp,7,Dog - Eye Infection,split_group_79b6e8e36193d16a6005c1d1,0510d0ffddb5e06fc2498f1ca615f4554805f4e69ea7c542b77f375aea073e37,6ebab0c671cd39750a7ff0f616945f915580bc6976284322d83b2ada21c057db,Dogs/Eye Infection in Dog::uveitis_020,train
Dogs/Eye Infection in Dog/uveitis_021_jpg.rf.LINtLDIzdL0YdYRSVOUm.jpg,7,Dog - Eye Infection,split_group_c2c6c71fe3d88cb1d141db10,fd2b50c03a8927c38dd0dde3e30cebfa097646f4a2590eb9f0ef1844c79284ad,c48cc5d50dbea194e65875432d6e41ad9e7abe8e0e8e5476812143a989d7ac4e,Dogs/Eye Infection in Dog::uveitis_021,train
Dogs/Eye Infection in Dog/uveitis_022_jpg.rf.ddhIEgfyzeB2hRNbgcIO.jpg,7,Dog - Eye Infection,split_group_d3488f838830402dcbe2cc0b,2319effb46b2fe6608577cd0bc50758065e95aa4b0d1ff717eeaa3dabadf9baa,c1168c9efdfc22431cdc6e456dcb9228ecd9728f2871a43cb85db5c8f83fe0e1,Dogs/Eye Infection in Dog::uveitis_022,validation
Dogs/Eye Infection in Dog/uveitis_025_jpg.rf.qWUvlcfp7hdCVWoRqowA.jpg,7,Dog - Eye Infection,split_group_7929752c955c012bcca5ceb5,75663fed58f10e90cca353b4342d289c9cd012fe87868bed77cba4d540072909,83e0f9f6e6d1f7e1d35ad81ecc202dd3cff356ce6609125eba2878b912da19af,Dogs/Eye Infection in Dog::uveitis_025,train
Dogs/Eye Infection in Dog/uveitis_026_jpg.rf.oppOVtrS4Nkhtpm0pGTn.jpg,7,Dog - Eye Infection,split_group_d30356ea93d03519db10f5eb,b4a265a4e8c9af2d95eb754be3a1d7eb0a127ec6c0b7e21a9d498de0811a9ece,e5d0a1c32ea6f653ba9aad93300423b057bdd7289890d5c461650bd895e6a031,Dogs/Eye Infection in Dog::uveitis_026,train
Dogs/Eye Infection in Dog/uveitis_027_jpg.rf.mrq2dLapWkRDICbkyuH3.jpg,7,Dog - Eye Infection,split_group_4af33c3d4ecb68bfe620b933,ff86078551e42e0f07f4e6a898c02b5c354b55d7a0cb56ca490a489d2c5d94dc,43a79613a42852ec81578be47200aa9a476cfd80527e5a8cfed572ecca4ab577,Dogs/Eye Infection in Dog::uveitis_027,train
Dogs/Eye Infection in Dog/uveitis_029_jpg.rf.6qM41ePtAgQyISOjFcAA.jpg,7,Dog - Eye Infection,split_group_d3488f838830402dcbe2cc0b,86fab3b12d25ff1e43088130ca1b367b7456f01d41c912f5e843aa32b35099d0,98870fea2b751d7de9bc2271e7bbf46ca9bf1fe164d510b05a07e00687d3a01f,Dogs/Eye Infection in Dog::uveitis_029,validation
Dogs/Eye Infection in Dog/uveitis_030_webp.rf.OdG8lr4210d6CFWN7n7t.webp,7,Dog - Eye Infection,split_group_569d9946c0e644bb9d38f382,68af5877489f84cc3b053577934555958c24fe9c922002c49cb6fc3e2fa18c88,58ac45b055375b69a89c570c41886ec37ed16621aa419230e6b50784536021ff,Dogs/Eye Infection in Dog::uveitis_030,train
Dogs/Eye Infection in Dog/uveitis_031_webp.rf.SkVTEEoXIpDfmUaETwew.webp,7,Dog - Eye Infection,split_group_946964f2ae5bb7565700878b,082ccadb3e441cefb6fa3c1151aef4fc09b704e1728c7b036df2cc15a66707c7,31e04423ad29b35f69010cd3136edb4d2373ac09342c64cb1d77746e21902819,Dogs/Eye Infection in Dog::uveitis_031,train
Dogs/Eye Infection in Dog/uveitis_032_png.rf.gne25chv8iLNohWiJFkh.png,7,Dog - Eye Infection,split_group_e18645292f4f52f3db23020a,e017a607529b6b104cfe2c4021a492db4dd0c146d257b047a1927bf4031220bd,6ca08196faf3b041360e9091ab262052085c4ec4fc505528bef764ae30d1710c,Dogs/Eye Infection in Dog::uveitis_032,train
Dogs/Eye Infection in Dog/uveitis_033_webp.rf.4mjFFKmIJuUCSoinChG5.webp,7,Dog - Eye Infection,split_group_7e8641e43a00fe41684bcf27,ffbc199affd63de591a65df467d3f23bd9b47d0c359b1e1be6516ee0ee99c92b,b6a6ee37fd16e6a9cdfe9776bc159a1a273fd2e95befb336954ffc99c292ac53,Dogs/Eye Infection in Dog::uveitis_033,train
Dogs/Eye Infection in Dog/uveitis_035_jpg.rf.GRE5jtn4j7SMlYAmyLty.jpg,7,Dog - Eye Infection,split_group_2d236e8baf011abded802bbf,598f519e29715430fa1fd8a021c9f009d4415b3d015e0b9d6802c63facde1112,5cd1b47e41671277959edb63018b5520aa7f411a04742e00bbecaef222ef871e,Dogs/Eye Infection in Dog::uveitis_035,validation
Dogs/Eye Infection in Dog/uveitis_038_webp.rf.D5LFHKEVONDP8H5Lgzpx.webp,7,Dog - Eye Infection,split_group_a2f6c796ceb769c9e5b47a1c,ff714a2b27001c9d1d674235764b7a3f94845b2c2644cda8613942a96ab167d9,f2fe746decb18b4cf62f6714333afce1df3410e47d2f594eef39d867fa4875ca,Dogs/Eye Infection in Dog::uveitis_038,train
Dogs/Eye Infection in Dog/uveitis_039_webp.rf.ic1sxqJwWGBMnpxQ7ygm.webp,7,Dog - Eye Infection,split_group_934665a25e23456981cba0ed,9e130500a6696014adf0822a5aa61a4e46ddc09f1399387f20516e4806feab42,add2e2d551c9fae29b199787503450b2be35ec8a6d31bcfe5bc78fe4dc4325a6,Dogs/Eye Infection in Dog::uveitis_039,train
Dogs/Eye Infection in Dog/uveitis_040_jpg.rf.rDpkIuCjMvMaIojBSi3Z.jpg,7,Dog - Eye Infection,split_group_7479e5765f28c97ff9ee5a60,99aa91be5f3bf6be2653ae99588c69d49ac273db58e6734cbcdeec330fe1bb2d,9dd897121717c3ec2d59fe283e9b8cc611f45962e35eb50ff40a5c5714fdc6c8,Dogs/Eye Infection in Dog::uveitis_040,train
Dogs/Eye Infection in Dog/uveitis_043_jpg.rf.ZSEuWeuT739QsfUFKr0M.jpg,7,Dog - Eye Infection,split_group_a488d04dff647f258784144f,dd69518bcbc5eadb02eec7d45c2682e254833a843ad4838bbe0822b628284f34,7504440d6134ed60f54f4547f4b3278c9b7fbdac80fdf9480dd689403f374b63,Dogs/Eye Infection in Dog::uveitis_043,train
Dogs/Eye Infection in Dog/uveitis_044_webp.rf.0L6lioAnYlhJNWE7QRis.webp,7,Dog - Eye Infection,split_group_9678694f2ae15b511f94b3fb,8dc96b12105e7e10fca9bab72e0b3e1e03e5df38e986a9a033dcac641f9cedbd,256380878fe686bd2bce1a89727ef9337a3b60b5a645597d239000411426fbff,Dogs/Eye Infection in Dog::uveitis_044,train
Dogs/Eye Infection in Dog/uveitis_045_webp.rf.R25bJWJ8zovW8qECoQll.webp,7,Dog - Eye Infection,split_group_566711a268246741cd86fa8e,9475df7d7d5017ba96fd2de4609881cd7cc743a1dc26c0ef1a5cebb0b75bf3f4,8eb6ce244065da22404ea2b9d8db7194bd22c597ba5d0931b4faecc36681828e,Dogs/Eye Infection in Dog::uveitis_045,validation
Dogs/Eye Infection in Dog/uveitis_046_webp.rf.H44WOt1gDlANknJXyOjw.webp,7,Dog - Eye Infection,split_group_7edf82b0d87ac74dad6ade18,586fe27f3b4cb4e56b8494f3f352d320de9ec2c45276250076ffef252b249f6c,81c014b43c5da1d5826aa2f0ac6f1de4a2619cfc752c81b2296c5dd3f2110b1a,Dogs/Eye Infection in Dog::uveitis_046,validation
Dogs/Eye Infection in Dog/uveitis_047_webp.rf.GsHhV4aKB30MnZ10kGOf.webp,7,Dog - Eye Infection,split_group_c2b5a00f8dbe6a89a2f387bc,d2033c73818ecbe6148b89bc5402781f1c153dd7dc92669f44d5aed9bca98679,96aebf913a4fea4b85088a02edfe3b45fc2a371fa3cf3b58186669bbc6f977e4,Dogs/Eye Infection in Dog::uveitis_047,train
Dogs/Eye Infection in Dog/uveitis_050_png.rf.Dc0DS9I6Cv4Ztj2ZN6HU.png,7,Dog - Eye Infection,split_group_557fc52f71adc1b061ea66bb,52faf421c5fe84d07d52dd348b2cfcbac9c64d83c6afecb2941d7ccd11ac7016,d330f1649a7402b602232bc8854a237fe6654ecaf0b91248743c9118a24bafac,Dogs/Eye Infection in Dog::uveitis_050,train
Dogs/Flea Allergy in Dog/Image_1.jpg,11,Dog - Flea Allergy,split_group_19009dde847928b4467639f9,6b826b7d1e52fa84e78559a2742768c5770c2c2c6041173d7b8efb034d266753,f3da53183d93f738becc8bbfeefb38a39ac4468183a5760178172b70ecc9915c,Dogs/Flea Allergy in Dog::image_1,train
Dogs/Flea Allergy in Dog/Image_10.jpg,11,Dog - Flea Allergy,split_group_bc3214cf0e16cda4215d70ad,2e6ff890ffdc0a6a4eed3f358f75f5d6c201c465f29cabc12bfe87a69f299229,c350d2d0a0483a8de6fcbc05b63f5c019709060bd6fe03c5a6d4a5f3d31a9f71,Dogs/Flea Allergy in Dog::image_10,train
Dogs/Flea Allergy in Dog/Image_100.jpg,11,Dog - Flea Allergy,split_group_660edaf65de35917ef5ceda8,87fdf832465d5ceb7915891332347a8e38494b7a155b365261dfdd951abf4d8a,898b307894e91a105e514805a1fbbdfc6529970784708598590d12de466e7dc0,Dogs/Flea Allergy in Dog::image_100,train
Dogs/Flea Allergy in Dog/Image_11.jpg,11,Dog - Flea Allergy,split_group_1b507e090a69723101c3ef46,ed45d838f63913aba3b9fa783f5dee80b018170cebc803a4444b0bd9b24eda26,d15855037d8039ef233235e882e6c4d068c83fb679ce3c6907468d6b9024af63,Dogs/Flea Allergy in Dog::image_11,validation
Dogs/Flea Allergy in Dog/Image_14.webp,11,Dog - Flea Allergy,split_group_725ea650a241f53f04230ba2,6331df8542e7f4f9e1c9e5e0d6d794d48d2383f9b3647cd59064dff504713477,2267af411d5fa41b77c1023e9b6b37618408a407818778ec80acaef7ff128a3c,Dogs/Flea Allergy in Dog::image_14,test
Dogs/Flea Allergy in Dog/Image_15.jpeg,11,Dog - Flea Allergy,split_group_48bbed09b0150a32ebbb17ec,312e385dfe34dde97ba30721f9f11b49ab462b970b65671eeac79dec2b1cfb2b,ff62feb2942009da471e2f1889e53e807afbf8e18034face313bd649d68eafd1,Dogs/Flea Allergy in Dog::image_15,train
Dogs/Flea Allergy in Dog/Image_16.jpg,11,Dog - Flea Allergy,split_group_895d73a7ddd061f331c02c4f,e569bd32939038978f65d47a38fbd34c6709325c4f512dafd998e53f306259d5,27be39e3f84f2ceabd5f4b2b2229f45ff20a8cb358c791bc5d215efe5abbfc8a,Dogs/Flea Allergy in Dog::image_16,train
Dogs/Flea Allergy in Dog/Image_18.png,11,Dog - Flea Allergy,split_group_ebebbf7f33c48c0af5ae1816,9d428fae748c2d6fc2c627628ceb817d05923f241c03b88a7d4ddc68ed45eef2,f6151a4f32d18944f46e25602b4079e53075c6b0107cf78507223ee39fe8da9d,Dogs/Flea Allergy in Dog::image_18,validation
Dogs/Flea Allergy in Dog/Image_19.webp,11,Dog - Flea Allergy,split_group_5e7963cfdff4d05988ed8937,83021f29a9195482e7697412ec09c28f1d1dbaeccc2e7b1bbc022e661e4cf84f,d83bad05cfc19c9009b9bb0a1b0478944a9bacf9e5613c27eb47e18a133a43d1,Dogs/Flea Allergy in Dog::image_19,train
Dogs/Flea Allergy in Dog/Image_2.jpg,11,Dog - Flea Allergy,split_group_0d349f06253d49d7aef9b8a2,c39c222a8cafe5f31536a0b42e7c778b6c441df423595f76df6b15c1e162be8e,1006b194cd5663d872b31015917f2cfc0bc705a9f282e5f3deda20b0d74545a4,Dogs/Flea Allergy in Dog::image_2,train
Dogs/Flea Allergy in Dog/Image_24.jpg,11,Dog - Flea Allergy,split_group_fa179b4181308897fdf9824e,31b4b085f1fce2364adf5a1ee28621b2273106f4001067f98902809d8537894b,6b41c98c01a3a7c8e64438cd821759ada3dc297c985abba98a60bd3ea781f87c,Dogs/Flea Allergy in Dog::image_24,train
Dogs/Flea Allergy in Dog/Image_26.jpg,11,Dog - Flea Allergy,split_group_0150435d29cfa1e1f1ade432,f4205ebe60fb3b3c62d9e68de0b4d91462a11cbde17c340626e2d26affe9364f,57c84989291f93a09a08ae59d79ca46b85b942a7441a92d46c4128e00fc3e13b,Dogs/Flea Allergy in Dog::image_26,train
Dogs/Flea Allergy in Dog/Image_36.png,11,Dog - Flea Allergy,split_group_d377c93e040ec46952f5885a,2d052a8698c3b90e8741d9989065ab2f27d3864dbab07b2ee3a3463bb2f2ad24,5c7cf38b98bb80020b26b2ac04ad4051338d1b8d14e64ada6862b7c0663cec72,Dogs/Flea Allergy in Dog::image_36,train
Dogs/Flea Allergy in Dog/Image_40.png,11,Dog - Flea Allergy,split_group_3e5958ec323ea51a159ac9d8,2f722439f5aa957e532d1f1ee24f32440587e2fc8927ed31d9472859be982305,cf4908321eb89799ee8a7b75a9acdf24ef01bf7663bdee2e3a2fe8198758e093,Dogs/Flea Allergy in Dog::image_40,train
Dogs/Flea Allergy in Dog/Image_43.jpg,11,Dog - Flea Allergy,split_group_d94ea17f5240dd0944475c68,9a17d27bd509855c777ba9f4c999e6f9087c5b99775e5421e6a513e7ad90e124,f33f0c8879d58f038fb91ea8fdad4c5def8c7004fbd8b1f163b71a88d07d184e,Dogs/Flea Allergy in Dog::image_43,train
Dogs/Flea Allergy in Dog/Image_44.jpg,11,Dog - Flea Allergy,split_group_feb5a864192c72af64ed4f14,bf673c69d793ad5c4c74c7cdb7393b76d981cf304d70852db6e26243ed0fe00a,5dfc8940e07c7821cbd58d89aa8c30a5914da88b78fff360e3ecfa5fbc1f3d0f,Dogs/Flea Allergy in Dog::image_44,train
Dogs/Flea Allergy in Dog/Image_5.png,11,Dog - Flea Allergy,split_group_f55c2f166cd4906817d22eea,57c23e9b5c379c41bf5316c4fb5fb846398d324a9476fd78d4b8ee0f7d210663,6ffe867095860cd312b174ebf241145e046df2466b323f201477293d35ff3766,Dogs/Flea Allergy in Dog::image_5,train
Dogs/Flea Allergy in Dog/Image_51.jpg,11,Dog - Flea Allergy,split_group_d98f9d25628805ad5ff8f950,880f0f558ea0c5526bcd0e5f1e15d6e8ec293321e67c138f28ed35199d0416b6,86694b2a4e2fb408c8d1d897f0e60115eb9f78028fbf71baa6b6c9bd43cfea5b,Dogs/Flea Allergy in Dog::image_51,test
Dogs/Flea Allergy in Dog/Image_53.jpg,11,Dog - Flea Allergy,split_group_2bedc4895a8f3716ae26ca12,575e5ada27781ff568e4dec1cc6ba5518e2687ea4622b7034bd3150027955cbd,1965fdd4226abd8a6bc37cab2edb2567520f072ec11bed7f0f98c015daf471fc,Dogs/Flea Allergy in Dog::image_53,train
Dogs/Flea Allergy in Dog/Image_54.jpg,11,Dog - Flea Allergy,split_group_479b14af0a6243b3b924f83d,eb1f2ad75785efd2fd07a720339b47de6ae9f0afa5028dc2b6a27f641a1d5a96,1c65e88049d57305b6b55226790a790ebf467c121d98a982f45ae2e33b300bd9,Dogs/Flea Allergy in Dog::image_54,train
Dogs/Flea Allergy in Dog/Image_59.png,11,Dog - Flea Allergy,split_group_2720cbc9494a944a9f801836,da86ea24f1968133eeabbbb2fb172f9b3367f336ec7da2bdaa49cc6ad2078694,4d997288558d4612e19f8a0daeb8325c78308e1daeeddeaf1c06b82ac4c79a4c,Dogs/Flea Allergy in Dog::image_59,validation
Dogs/Flea Allergy in Dog/Image_60.jpg,11,Dog - Flea Allergy,split_group_56c0eb08b61ec957f78d71bf,1f743afbc713e4588f3550bbda9e4239c56c2ce4017795dec978163cb1e55c4a,6109649b7cd4a22dbf61e6e23157dacba34dea585987867e7ebd25ad9d547a26,Dogs/Flea Allergy in Dog::image_60,train
Dogs/Flea Allergy in Dog/Image_62.jpg,11,Dog - Flea Allergy,split_group_4697e75e11bfe176d3265222,1cd994d7a6ae4891d1e8e80d3e44b67a5efeff4885ff7c3f0b5e31141b126d36,63f5a476e02305cedd48b2a5e481fd426f562ff1447f09b2009866f2bcef3a34,Dogs/Flea Allergy in Dog::image_62,train
Dogs/Flea Allergy in Dog/Image_63.jpg,11,Dog - Flea Allergy,split_group_92b29c74f1ffe516b7cdb3fb,bfa3ee8326b6a1e459b8652114126c61ae1c04d9b50d31a758b17445a803d2dc,2bc84d6b322234770ccede4990649fa24862bf4528aa43be26a40f96d50d7987,Dogs/Flea Allergy in Dog::image_63,test
Dogs/Flea Allergy in Dog/Image_64.jpg,11,Dog - Flea Allergy,split_group_2a00834a1866a388cb14ed40,1e86b642dc0ce4229eb3c7e4c32e49f79b1e67adfe2400fd7e83b3b2f8db0ed9,92a11d0a77d4fa4e89681a0c4396e8291a6432daa70ea8df14109299121dd378,Dogs/Flea Allergy in Dog::image_64,train
Dogs/Flea Allergy in Dog/Image_65.webp,11,Dog - Flea Allergy,split_group_3d13edaf39b5e245710c56b6,95f1b43775ee0afc9c1848b40ed2252b0f66d7d65cadc2d0321e5c811279bf30,06880298b53e76782b7797669b96254bb88893da8b268e49b50fb4f4450c8d9e,Dogs/Flea Allergy in Dog::image_65,train
Dogs/Flea Allergy in Dog/Image_66.jpg,11,Dog - Flea Allergy,split_group_6f65e32b3147e9855964ac72,a2841ab53992b6c877e9844fa4d477ff9ee8e103482396cf0a83ee208d95fba8,dcf58094b2ef3aa0f8c3930ff2f6e7e2512a741d38ae22f39ddf439188868918,Dogs/Flea Allergy in Dog::image_66,train
Dogs/Flea Allergy in Dog/Image_72.jpg,11,Dog - Flea Allergy,split_group_5a8818fcbefc66fdfc3e3370,5dae5ca73b50c427d41cb149732989dcd70d9d03f14fd81716c0d24311b56cc6,4d6dd6ab37d08bda44c631543d18189ec8bc55894e70446949c705ef33f68397,Dogs/Flea Allergy in Dog::image_72,validation
Dogs/Flea Allergy in Dog/Image_75.jpg,11,Dog - Flea Allergy,split_group_bcd2e1b08e50a98bfd2a7723,f3b22d01e68712b5736d582e18c12e5d89439313b1372dad11d5057afd71f5d5,f00f0ec89dc8445b8c43f83e6eae5d3eae68a5e52f6823954f921f0dfc10d94b,Dogs/Flea Allergy in Dog::image_75,train
Dogs/Flea Allergy in Dog/Image_77.jpg,11,Dog - Flea Allergy,split_group_7e3d8da17232ef0037c1faf3,b19e2061145fff548893088a9a8038875fdb26d77eecfcb0805081b1b039d4b7,4248b6ad579bdb7fbcd562a3e50121cbf1c75f4c0a50e7870ff08e60c29b5cbe,Dogs/Flea Allergy in Dog::image_77,train
Dogs/Flea Allergy in Dog/Image_78.jpg,11,Dog - Flea Allergy,split_group_81b495545ae2020ed0e7bc37,baabf13ca0cadcbaf8d05130308359ccb76c50b3b0bfa349adb10f5b1b60725f,05cc820aaf86126da57320b63c3d8535041df8ac8aa222c20066c4d769f37690,Dogs/Flea Allergy in Dog::image_78,train
Dogs/Flea Allergy in Dog/Image_79.jpg,11,Dog - Flea Allergy,split_group_8df4019d24e808e737415049,e201ae93c42522beaf0000bcf61a6a1065c3b4990d71157195f0f4d3f50c1a0c,133092938646fa95622f780878d1d6c9fe9d476c9a1948e548b98486722ee929,Dogs/Flea Allergy in Dog::image_79,validation
Dogs/Flea Allergy in Dog/Image_80.jpg,11,Dog - Flea Allergy,split_group_80fcfb0dd40a83a1ef316686,3dec140be1696bfa62842fbe79bb24c66d59c94c042af62d3e06140ea6f8352d,27c740f1aa8092d3181fc25c8a055c64d9bee8f9986f7a076eda07d025a490e0,Dogs/Flea Allergy in Dog::image_80,train
Dogs/Flea Allergy in Dog/Image_90.jpg,11,Dog - Flea Allergy,split_group_dc09c5ff43c5c705892eedc0,20c52396d146a05c47c5def07cf5b44c2b441c88c2d85dd3105fe00dc1b33dc1,b3854c074ff48deeb3b7112877797c07ba03530237f0d3abc85647f0e7e707bd,Dogs/Flea Allergy in Dog::image_90,train
Dogs/Flea Allergy in Dog/Image_92.jpg,11,Dog - Flea Allergy,split_group_2bedc4895a8f3716ae26ca12,4e26d32fa52821bb0602ca51541806ff35717bec716d2d929e2c1dd73d2cb11e,f620b57a44ddef99cbf55eb041954932299c75e0b896a585c98509ccd6fc965e,Dogs/Flea Allergy in Dog::image_92,train
Dogs/Flea Allergy in Dog/Image_95.jpg,11,Dog - Flea Allergy,split_group_447628df3b73944a0ee0c0d2,e250b6d0a8772ba9034f2ddf4cec784c129ce226bd160db6c618d2f81d50cf16,b1ae36cd18ad3f8e59b026e32b40e9c70fffa13f5ca49031aa93902531da6517,Dogs/Flea Allergy in Dog::image_95,train
Dogs/Flea Allergy in Dog/Image_98.jpg,11,Dog - Flea Allergy,split_group_b4c0ef849c0d0684be4f7f2a,1ed752b12bcccd9a7a4002323e25686584c060d449cfe75593e7816f2ebfef5b,9f4a9e49c57eac267c0bcbde19c79ba1981acc9f5049b6f0b310a99e0b0a10e8,Dogs/Flea Allergy in Dog::image_98,test
Dogs/Flea Allergy in Dog/flea_allergy (1)_jpg.rf.lVkwGxhYtJno4n5hcO09.jpg,11,Dog - Flea Allergy,split_group_d4534329e4c1a5bf0703dadc,bb3dc84312db9e3e1c725649db96776b0159d034fe9d236fc4426236182f8c31,94e452008cfc47884b45b31101b83401eeaada09ca17a0ce4d58a3cdf5012c51,Dogs/Flea Allergy in Dog::flea_allergy (1),test
Dogs/Flea Allergy in Dog/flea_allergy (10)_jpg.rf.duQgkcoMFgxWbnXWAz0X.jpg,11,Dog - Flea Allergy,split_group_ae99a58f629cfba5350de0ed,49e0cda6ed79394157a8e56de60e1d73f9749bb1f569b1cc4c6578c72cb49b0c,91ce105b8284ac59fef983d8e7505da64f3c6af03306b5bbf5de4e6a8f9d27b6,Dogs/Flea Allergy in Dog::flea_allergy (10),train
Dogs/Flea Allergy in Dog/flea_allergy (11)_jpg.rf.3ci6NQqUnWgTAhvEOwxn.jpg,11,Dog - Flea Allergy,split_group_41c6279f0d71d85710fb83f5,367fe27b71170b9317ab87208135f69e9d6716bcf0c9dbc651e6f5701b50e27b,daa8980ee688ea56c76fe7239627d822d8ef8c4f0b83beb80a32a3624eb80369,Dogs/Flea Allergy in Dog::flea_allergy (11),train
Dogs/Flea Allergy in Dog/flea_allergy (12)_jpg.rf.OpVO1NLhhcPHAx1QwiE5.jpg,11,Dog - Flea Allergy,split_group_c618abcfc6d910e27c7f5363,7260a64893be36c43e8abeb7f9f7b70e082451a913c2e56c0c7509267c5aba0c,04bba2a5428cbed3bab8f02eb21c9cdc021487f9e4f736627c6c2cf90c5b9b12,Dogs/Flea Allergy in Dog::flea_allergy (12),test
Dogs/Flea Allergy in Dog/flea_allergy (13)_jpg.rf.bt5PLwIRDNuaD5Uq1gxX.jpg,11,Dog - Flea Allergy,split_group_f95a785aa60db7e52ecbe739,3049a25d65afb352c621d5c84874c93666b2b58e1d5d84a1f8a2062b3154e367,1aafb26c151de7f67dac9a8d9b64db32d19bcd19c9c65845acd8b42c3b29c1e8,Dogs/Flea Allergy in Dog::flea_allergy (13),train
Dogs/Flea Allergy in Dog/flea_allergy (14)_jpg.rf.NZgZn4Tc96eQYms0URGc.jpg,11,Dog - Flea Allergy,split_group_a7f8a4f69c4ee02d7a5ac5c9,a2b5941d3a9f49ca10fcd72af2e9a2e6a84f7c22b5a81a1c74801e9490e51705,d93ba07ae40b1579990e522145508816f55210a134f50dabde2990107c544810,Dogs/Flea Allergy in Dog::flea_allergy (14),validation
Dogs/Flea Allergy in Dog/flea_allergy (15)_jpg.rf.rcgSIpPGddylFd8dtwrb.jpg,11,Dog - Flea Allergy,split_group_359332a20e1444a88e4d4a37,373ad7f40767df9a2cbd7a653eeb1588b079ae4e0c005cbdf0cb67eb4cb53359,515720483a28c9b91acdc4bbc21ef7621a28b8c55ca31071c45c83f8642cb002,Dogs/Flea Allergy in Dog::flea_allergy (15),test
Dogs/Flea Allergy in Dog/flea_allergy (16)_jpg.rf.wt8MN02eIBuBE3cAJPQi.jpg,11,Dog - Flea Allergy,split_group_c8958333a977bc68b2e7d8f2,4f085f8536f34d65cb5e1106d7f5673ba2aaff5fd9bce28b698b95bc333b4bdb,d7b7631d743d59dbf054820b47c406cc3e4383c9a733cb644fb9c28c987c6132,Dogs/Flea Allergy in Dog::flea_allergy (16),test
Dogs/Flea Allergy in Dog/flea_allergy (17)_jpg.rf.Wjfr6EmDSxOivR9p8pRG.jpg,11,Dog - Flea Allergy,split_group_29d51ad62c3cdf5f2fee9192,fa951365927c6f45a506e0cfabc0e42d936613829139060e990a8d4ad31675c0,872acaa9c76a8931b425f1ba9b2d0f851cf542c22eb93bcaaee56745a02d82c8,Dogs/Flea Allergy in Dog::flea_allergy (17),train
Dogs/Flea Allergy in Dog/flea_allergy (18)_jpg.rf.MQlC6Wp0SdpUW9WG8zIr.jpg,11,Dog - Flea Allergy,split_group_b01397629ed4fb49dd48ded5,96e668332d1fefea8980dd9d48be0d32da67cd0e4c812ad6f551d50b23d4a343,17c06902a3e0421bde0979f83f4aaf88c0ef7f8bb1b80bbd7d800f977351b4fa,Dogs/Flea Allergy in Dog::flea_allergy (18),test
Dogs/Flea Allergy in Dog/flea_allergy (19)_jpg.rf.HZaTNA6DB95VwtWywUzc.jpg,11,Dog - Flea Allergy,split_group_475362182f4bf52b039ba6f0,003a175c4e27eea77bd6f8008f625094ab3240f526b52f3d466ff99bc05ae028,43b90fc240ff1bf2421509c6cf7b875f233cee2ea21f0a5ec4f13401833b5acd,Dogs/Flea Allergy in Dog::flea_allergy (19),test
Dogs/Flea Allergy in Dog/flea_allergy (2)_jpg.rf.SW8lH1cl1AeE6TBaww9T.jpg,11,Dog - Flea Allergy,split_group_9ce8063ccf0cc73ca2f628f7,02830308fb4e9ebe0cd6aec30de7c175c5fb268239b41053959f6e57879442d2,e8ba879f2e94deaf7075f275a715f154730b65586cc143b862343fd0970bec58,Dogs/Flea Allergy in Dog::flea_allergy (2),train
Dogs/Flea Allergy in Dog/flea_allergy (20)_jpg.rf.wh4h75AS96cxIbuvHmPd.jpg,11,Dog - Flea Allergy,split_group_0b2ed53072dc6311e5edf372,0aee8780fc9c2f50d81e098a5b3a9bbbcf04905f4907d5dc71b208f2d9caa76f,83a6b50955fe6c05e4b1666cf7a4c71fb838ffe61d2e6ee6347daeeed4b64cd3,Dogs/Flea Allergy in Dog::flea_allergy (20),train
Dogs/Flea Allergy in Dog/flea_allergy (21)_jpg.rf.lEoyjJAc1v66LqG8EMzy.jpg,11,Dog - Flea Allergy,split_group_32b8563a1e90ac89e84daacb,eb63ecd3712028b6b4dcdeca5a7c042ab807b206133c305f811545ec94087adb,9847e153521a81d325ac3893a896c2f3cea316e3e2a4c532e1b07ba322f3c634,Dogs/Flea Allergy in Dog::flea_allergy (21),train
Dogs/Flea Allergy in Dog/flea_allergy (22)_jpg.rf.kuqIz4AO4sNNr2DbCJlA.jpg,11,Dog - Flea Allergy,split_group_439bffac87780f90f4fe92ec,54f16073ca027c778e24803efa2397af5daa074697431862fd15d3b33663f484,0788e3067367eb4fb7df350202473f37e4acb297bba687451807cf28b93e8b32,Dogs/Flea Allergy in Dog::flea_allergy (22),test
Dogs/Flea Allergy in Dog/flea_allergy (23)_jpg.rf.zPhdTmLLCKqnjugyovtR.jpg,11,Dog - Flea Allergy,split_group_83b1de864efcedc84607d192,5ef788f8b731386fe61912d5603bde629eb1558c62df6c3570fdd78541e88f09,4f51798c5bc856f0e14d49587d2e9716ef8faa1f1ce833086cb80d0af54f6b31,Dogs/Flea Allergy in Dog::flea_allergy (23),train
Dogs/Flea Allergy in Dog/flea_allergy (24)_jpg.rf.DClv6yjLP0e5NsPNmp7G.jpg,11,Dog - Flea Allergy,split_group_6473b995c332b016a80c3a90,8819d8a1a4f21373a01e3026b0a321c83216b8d9e911436851eaecbbd87dd655,dd46567f63463f198212597d4e6e60bdf7eef02a4e0ee0692910eae624d72a98,Dogs/Flea Allergy in Dog::flea_allergy (24),train
Dogs/Flea Allergy in Dog/flea_allergy (25)_jpg.rf.dW5xtnu1riLNFh8VDc6E.jpg,11,Dog - Flea Allergy,split_group_83e199f22954a49da7600c7e,e7609119104285c6982718fda56bd46cc75a291ddd6f5c4331643670c977c635,718aac6ea1f7d316209de4416e2c01541f76444a308804ab0a35cb66a4dbf241,Dogs/Flea Allergy in Dog::flea_allergy (25),train
Dogs/Flea Allergy in Dog/flea_allergy (26)_jpg.rf.rWaKuroLBXNLyWmAuuG0.jpg,11,Dog - Flea Allergy,split_group_4e576173a4b78f9f219fc7ae,48e134b71ed64d62a6fd5f36295cf83c4208a235d782c044c29a78a36ff53fac,48fa5288bf8026216e5ed9a067790e4ebdf715596825baef60cfbc9153f5840d,Dogs/Flea Allergy in Dog::flea_allergy (26),test
Dogs/Flea Allergy in Dog/flea_allergy (27)_jpg.rf.aSejnt0xMqrhKIGY2B1j.jpg,11,Dog - Flea Allergy,split_group_187a98392c2b8e339fedc686,d543041531fd6b6af548490e35957fe2e5733090fb7c34fb823fff13c73d0249,e3a5d36a0b5314bae128c4cfdada9c9545d59ebdae9a8587471a69b30fe801d3,Dogs/Flea Allergy in Dog::flea_allergy (27),validation
Dogs/Flea Allergy in Dog/flea_allergy (28)_jpg.rf.H6lVadG2KRfxdS1PRd2a.jpg,11,Dog - Flea Allergy,split_group_41e267f8948a12a8094bb2f7,f734b48b9b2aab4678d98803ebee3e023e4bdc2b30ca6c945616202eca3a5ab9,806fd76b05c072750f9d7107d69ad26491c3bd2f6314d811093caa4687039cc6,Dogs/Flea Allergy in Dog::flea_allergy (28),validation
Dogs/Flea Allergy in Dog/flea_allergy (29)_jpg.rf.0Y2xpBjTtUZjLBr5AWHT.jpg,11,Dog - Flea Allergy,split_group_58e082fa2780aa68431a7ac1,1143e3ba30c6e1a53c9ae74822de716a6de040725f070417049e513bae4bf9a4,cc9efd11876b64655eef03db9eee3ad3d5e77f36934366ddc9a5fbb465f737b2,Dogs/Flea Allergy in Dog::flea_allergy (29),train
Dogs/Flea Allergy in Dog/flea_allergy (3)_jpg.rf.lofmQPE22aXFs9HCsIls.jpg,11,Dog - Flea Allergy,split_group_0c95c80be43907c522c44255,162463d881bb0acee21a80c58101e4d7f7075693085826271ded25f7b0e0c66d,e14458be577d10935947cfd198249084723ca587b7e09bd8c1c6fade95da82fc,Dogs/Flea Allergy in Dog::flea_allergy (3),train
Dogs/Flea Allergy in Dog/flea_allergy (30)_jpg.rf.uViVWOC9Gy4OOE0iCuTx.jpg,11,Dog - Flea Allergy,split_group_92e215beb48a8f399b29876d,a36bc163bb5127bb82121711214ef9c1b959af48ff79b600b9d131c159322134,d0148eda834155acc69808e9c902225dccb58935b9cebd8eaa3180eba3373010,Dogs/Flea Allergy in Dog::flea_allergy (30),train
Dogs/Flea Allergy in Dog/flea_allergy (31)_jpg.rf.ihdYYUiWER8zEGKX9txw.jpg,11,Dog - Flea Allergy,split_group_c151d6e7b3131b72ac389528,1688888651a25212b82dac5f280fdd8626c2b075e8fe3528d0fe30e3cb6a70c7,bdbe85f9c81d279d5441160330f1969f266e21cc53a70552b39cb531511263b3,Dogs/Flea Allergy in Dog::flea_allergy (31),train
Dogs/Flea Allergy in Dog/flea_allergy (32)_jpg.rf.emhwNsXv8FhV81nOqC33.jpg,11,Dog - Flea Allergy,split_group_656c3c925186cc97348fe235,732fe274d36b9787ed2b067308de07d4b8f1394012da1bd01013e56aa20fc8b0,2497c993f51fec9f0a26bb3f4c7191eb92e05a1136240027f64c090d9b1c6402,Dogs/Flea Allergy in Dog::flea_allergy (32),validation
Dogs/Flea Allergy in Dog/flea_allergy (33)_jpg.rf.6Vu6QKdfYLyEVHJ05Swq.jpg,11,Dog - Flea Allergy,split_group_790f9dd45f4516ea879295af,bc9ab7523e99573d346173a67eb345156386d30bb8ff767d4b0a2e6bd820b0d5,9da3cba64658a2d66040a3d9d401f915caa885339c18d3e2c91a7208ef753ac3,Dogs/Flea Allergy in Dog::flea_allergy (33),train
Dogs/Flea Allergy in Dog/flea_allergy (34)_jpg.rf.IoqaIWeUGkwdljv00LBT.jpg,11,Dog - Flea Allergy,split_group_e6040448439ebfed9d774509,685d7de38200e276bef7fa1912930e9011dcce675886929871a094a393dbe55f,27b452aaa1968b02f1d29ebd584c090d359afc19a8f9d9d4a6b2b9be86de66b7,Dogs/Flea Allergy in Dog::flea_allergy (34),train
Dogs/Flea Allergy in Dog/flea_allergy (35)_jpg.rf.AfE5gquanuTy9CmosptR.jpg,11,Dog - Flea Allergy,split_group_5f5f0c2ef9d8a9a1b3b7cfbf,1e55d1503d47c8a807c7502aec57e249f85de251282f7daf82531ac53d94ae98,eb71e947350babd433fb90e01e5045c31f7cef0e4eb45eface614ff3a9ae5bc0,Dogs/Flea Allergy in Dog::flea_allergy (35),train
Dogs/Flea Allergy in Dog/flea_allergy (36)_jpg.rf.qb9tOOUOxzVQTjRzuIpO.jpg,11,Dog - Flea Allergy,split_group_462c93d6b5380a6b5d696719,c6719d2562613838b893408dabe1a93dba082a5742035463df1b27ffadad40fe,4f256b95be82d09f577534c6a64194f2d347fda63541e645c4ade39528e193ed,Dogs/Flea Allergy in Dog::flea_allergy (36),train
Dogs/Flea Allergy in Dog/flea_allergy (37)_jpg.rf.xcTjrjBRUzyrBrig0ENU.jpg,11,Dog - Flea Allergy,split_group_f22db669bcc8a25315a3360d,17633ffca9d584d0fe0000c84c22e2e87019f89a2a902f6069596c9ff7bceeed,b793be0c5cf90f367ebce7516e1cb2debef6d8ad4817806f075efbf334c14244,Dogs/Flea Allergy in Dog::flea_allergy (37),train
Dogs/Flea Allergy in Dog/flea_allergy (38)_jpg.rf.5NJsD43D9oe6HLYJLmIt.jpg,11,Dog - Flea Allergy,split_group_a273a134912d590a3ec4af0a,c31fec8165ebfdf6fecde5ffd5cdb29d6c13235d5cd15a8c695f2e63705a1711,bbdbcccf8efa9a61f64b06d7901345e5ac0668b724b9124e1bfac45558c00543,Dogs/Flea Allergy in Dog::flea_allergy (38),train
Dogs/Flea Allergy in Dog/flea_allergy (39)_jpg.rf.lLMMR4hjRv6NGhtJnexs.jpg,11,Dog - Flea Allergy,split_group_0e518c5ccb06ac14b010abef,c251c237b776913d2bb2ab040e6bd19a0a07ef7f6361f58271de9e4613279a5b,5942d19895f9f4fcf2ee0634d850ffb21fc28a00e2b03850a735839bfc3d9da2,Dogs/Flea Allergy in Dog::flea_allergy (39),train
Dogs/Flea Allergy in Dog/flea_allergy (4)_jpg.rf.NXehlz8c1mKkYacGCroQ.jpg,11,Dog - Flea Allergy,split_group_9ca39f3baef272810f6050d0,323eb1dbfa3def69b5162661d936531e8e6cadecf5c8166b6471f5fda800c4c1,f229b242fe03425334d3482a51f2057428ac2fd9d51cb9294644233c4c87b15c,Dogs/Flea Allergy in Dog::flea_allergy (4),validation
Dogs/Flea Allergy in Dog/flea_allergy (40)_jpg.rf.ApKJfqFauBv8Gq6Aid0r.jpg,11,Dog - Flea Allergy,split_group_3fada7a26a9191de0d767876,4cf5d1b7a9a0d8a8e91a1fb728f82be0ac12116acb0e91754ce56e3095d2f338,e253287e7443b4c7969bb6dc438f33824385590028e2e839c7db652c65b7efcc,Dogs/Flea Allergy in Dog::flea_allergy (40),train
Dogs/Flea Allergy in Dog/flea_allergy (41)_jpg.rf.eGN44MbpZ8cfJzr39u5t.jpg,11,Dog - Flea Allergy,split_group_7cd39b1206de5100232b4e99,25d3b7635389c490e43091ea8f375eabd8e65ce5d070a43c0f6997b44e11f07e,a15b5eda69cbcf39180341d6130695269033383171772cb9bf32db4ed9f1504b,Dogs/Flea Allergy in Dog::flea_allergy (41),train
Dogs/Flea Allergy in Dog/flea_allergy (42)_jpg.rf.trIK8D2XrGprpmpSLOTJ.jpg,11,Dog - Flea Allergy,split_group_935a53f11a08bfad57168d20,5d8d76f3507f0acf82d3a4ff417a71b2d7102e611c0d5a5ac29a93bb2d6bf62e,c68dba90a6b99c78241d3daf1640d5f93356f8cbdcb971d8702d0ef051425927,Dogs/Flea Allergy in Dog::flea_allergy (42),train
Dogs/Flea Allergy in Dog/flea_allergy (43)_jpg.rf.GtZrSTMMstfGMNdYvU6F.jpg,11,Dog - Flea Allergy,split_group_5fcfac3ec5a6bd78f02eda09,ec9d47e2302baa2d685a7cd28393673a45e2f400b761623b4831b525c242b037,1e13cbef1237168d6007c0e5a3c5e6e5185c246ab340dc2d8a55bca164666066,Dogs/Flea Allergy in Dog::flea_allergy (43),train
Dogs/Flea Allergy in Dog/flea_allergy (44)_jpg.rf.RRRKMw7r0kia88QTxgDL.jpg,11,Dog - Flea Allergy,split_group_3d8debd9b3c6d16c5b5b5961,2a52f83952226e26914d28cacb9e3b90812945e75b195437d81b250559bedcf4,21cce3b7bfec26cddffada4976c303fd0d72c120dfe54d90cb3d10fb49c01179,Dogs/Flea Allergy in Dog::flea_allergy (44),train
Dogs/Flea Allergy in Dog/flea_allergy (45)_jpg.rf.XxNjBqGNWMvpeQBqVFKu.jpg,11,Dog - Flea Allergy,split_group_a48942d607037c2fb934ae28,0120e692a279d56cd787b2e80df9419cc0b5011a9fc03566c38e07c1061f6e3c,900642a8ec0af027dd3277ff4172d2674fc447db8bdf4c14e616beccb816ea1b,Dogs/Flea Allergy in Dog::flea_allergy (45),test
Dogs/Flea Allergy in Dog/flea_allergy (46)_jpg.rf.V3R1V3CjL84WL4XSSchN.jpg,11,Dog - Flea Allergy,split_group_63ef4ea5105bef08268f841a,d68491d644dd80fd37675f517d970ea49267e8f8288bffd419870b04b89791d8,fe94ac6b6052d28b0bfd963a17f092b6b1804147a95ca38e9e60c09d47835993,Dogs/Flea Allergy in Dog::flea_allergy (46),train
Dogs/Flea Allergy in Dog/flea_allergy (47)_jpg.rf.ojmuhLjIH7CTApMljaH4.jpg,11,Dog - Flea Allergy,split_group_85269dc4f1185cbf22dc34c5,7d1cf5352fee592f23b27289cd49e1448bd5b9dec4c8bc3d061c70ae72a42daa,d5de99aafb8dc4d1883ebea1409168ab0630c0868fa162b8dafb7fc05f8ebad6,Dogs/Flea Allergy in Dog::flea_allergy (47),train
Dogs/Flea Allergy in Dog/flea_allergy (48)_jpg.rf.f8ISEaIcZ1ajRH47dO7H.jpg,11,Dog - Flea Allergy,split_group_dc6b16075cc37807501fed25,c71c88409c0e07bc5bb91cc380e4e64904a0645a4fcbd382539171266dbe98d6,9870169dc6f1128dc79d129bf2af0495c69ef620b2cb934d2cc77764e1f2114c,Dogs/Flea Allergy in Dog::flea_allergy (48),validation
Dogs/Flea Allergy in Dog/flea_allergy (49)_jpg.rf.LwTuSkDh14odVO3wDwZz.jpg,11,Dog - Flea Allergy,split_group_f29899b15b6180f120a3f1f8,21fa46b3df08a40627d986af5973b0f184af31a81cb95d19626c1e9b55bcaf04,d40e1596648dd9ab35e7d48cdb44221989ae7e1854265d40e487d47462c30137,Dogs/Flea Allergy in Dog::flea_allergy (49),train
Dogs/Flea Allergy in Dog/flea_allergy (5)_jpg.rf.Wr4HAVFoSFQzSH9fjOKm.jpg,11,Dog - Flea Allergy,split_group_f37029e92cacf10170ec84df,69018f85592891e4bfe2f61da6a6de092f31ad88c076c8809846c8298a8a8dfb,7313e14ca848ef66fead6cb9601a3ec20ec0eb57d514b9d16d1047cc9e024a7b,Dogs/Flea Allergy in Dog::flea_allergy (5),validation
Dogs/Flea Allergy in Dog/flea_allergy (50)_jpg.rf.Nrgedw4wXfqyROmOoxe3.jpg,11,Dog - Flea Allergy,split_group_276a07ce220da5163b3264f2,1e18a06a7b69d8d8c8e618394a3dde7fbb3f544a145e778fa8edd9f0b9e4b4d1,a3cfec55eabdc7c1d5e3b5809fd6599c1f2f0f2ebcc97168d877e1fbd7310f35,Dogs/Flea Allergy in Dog::flea_allergy (50),train
Dogs/Flea Allergy in Dog/flea_allergy (51)_jpg.rf.MaRfLDx65PiTzAcf2MJg.jpg,11,Dog - Flea Allergy,split_group_6ff633f1720acd66379959b9,52a873b42dc5e57a8776d14890a80c4dd2ef508478d7d502847e531048b2f1c3,bd9f7be0e2cac94a829d59fcf8c4ec90f1b54ffee334cc0608e062f3d086670e,Dogs/Flea Allergy in Dog::flea_allergy (51),train
Dogs/Flea Allergy in Dog/flea_allergy (52)_jpg.rf.5oTvwzLA6oA2F45s6OAG.jpg,11,Dog - Flea Allergy,split_group_228bbb677237c909d25ddfe6,2eb347872dd8388ede735c1c73a6ae37cd5ffbf7bea52ad072815e98311fbb82,c102c3f26e503465e459ad36c136dd58f51fee84a611308bd090e26d089b401d,Dogs/Flea Allergy in Dog::flea_allergy (52),validation
Dogs/Flea Allergy in Dog/flea_allergy (53)_jpg.rf.OAnkrBJFaLSmoD8c0zVN.jpg,11,Dog - Flea Allergy,split_group_cfcbf44ecda85980d2ac402d,f8a811a8f775d9b3660d34b2c441aab1c020112bb0e125ee54529c8c50fa9c9e,906a22cd6b63f27f0010e37b2629c94316798b1b1178768237ea58c1f5b245ec,Dogs/Flea Allergy in Dog::flea_allergy (53),train
Dogs/Flea Allergy in Dog/flea_allergy (54)_jpg.rf.HkOTEhkVip6BBIhf4nWj.jpg,11,Dog - Flea Allergy,split_group_a865cb2a6d5b70c5d2e25f6f,d28e25320a73cf68e84d2b97757ea387f638c924b920f74e2053a187046f16a9,8eb3988051907c4e05f59df9b8a072eadd4edf16f7353f4eb0c848031fe8cea7,Dogs/Flea Allergy in Dog::flea_allergy (54),train
Dogs/Flea Allergy in Dog/flea_allergy (55)_jpg.rf.MHjh5GSxgZJCmW1M7EAL.jpg,11,Dog - Flea Allergy,split_group_9bc289cbff8a40dc5ca670e5,cfeac51073672f6bf07a4b398916bd7c4eb7edabf6ad7faae5f50a06e1c23520,c59ff30839702b71746039c0059d3a2dc6eb2a3392ba79df920666acf9e28565,Dogs/Flea Allergy in Dog::flea_allergy (55),train
Dogs/Flea Allergy in Dog/flea_allergy (56)_jpg.rf.IefsZ30m5dzhJ6j4MxRZ.jpg,11,Dog - Flea Allergy,split_group_d9f25eef4c35b5fee8a89d3d,a0c5c6ab0e5912bd669b21497790b6b7104b6211d89e60d00bec1c396e864edd,c1dcfd2e96ac99b4251fbd932dcdd2d75d7fd8d15324f3814f4b4fb8c85c464c,Dogs/Flea Allergy in Dog::flea_allergy (56),train
Dogs/Flea Allergy in Dog/flea_allergy (57)_jpg.rf.nDU9vZ4wvh4MgOXL9ruG.jpg,11,Dog - Flea Allergy,split_group_ec95b81df0801f596ea1ecfe,4b7ef3be586e62d0fb2e737f6869189b904e2038c5a4804579d7deb20d71bba4,7a720f549f03394f418798b3ce1c864b1c281cbfefcd91161f38e4001fcbb860,Dogs/Flea Allergy in Dog::flea_allergy (57),train
Dogs/Flea Allergy in Dog/flea_allergy (58)_jpg.rf.CvhEm3EhUmqsAzyocMKn.jpg,11,Dog - Flea Allergy,split_group_ad14c800df8b66af6758aeff,4ff9df78f9bfc3b6bfe51dd126b162b692d6b6537453d91b055676a81f794868,9d9941e5a87ccfcc8c4dca215f45c82d101c41442f9df62c08d7005916a02ff0,Dogs/Flea Allergy in Dog::flea_allergy (58),train
Dogs/Flea Allergy in Dog/flea_allergy (59)_jpg.rf.pXVDAiEIPYnJk6pZ30Fy.jpg,11,Dog - Flea Allergy,split_group_cec2b021e147fa143a2ee1db,ae68174e807ffba36e4e8f11f6eac5ec5281065103cfdd48efa8fb6fec481fad,3d293b364cb0db6c54284406bb0c35a8376fd8a238bab77d4e673b821db14bdf,Dogs/Flea Allergy in Dog::flea_allergy (59),train
Dogs/Flea Allergy in Dog/flea_allergy (6)_jpg.rf.Rvgu0AT7P1kOcSCwAiEt.jpg,11,Dog - Flea Allergy,split_group_fd4ee1d68df7d1f29244c65d,ade5f7133359fbe440f1bf7e64c326f801029b721e74dbd5bbd54a0d8bf7e7a8,3bd96a2a35240aae410a74d280286853c23b210e3facd13588c820bf0ebaac38,Dogs/Flea Allergy in Dog::flea_allergy (6),validation
Dogs/Flea Allergy in Dog/flea_allergy (60)_jpg.rf.wBCLTymVfECPXDxTBC98.jpg,11,Dog - Flea Allergy,split_group_825638803cd75de23a13b3c7,586cb4185f8feb18a1263f96c51b50ec68f5a4ee5eeda248c9a544abb6056f6f,85efbf4f5ccb62585dd58e8f1323b09f5dbb3a1a042417f52536753655601b1e,Dogs/Flea Allergy in Dog::flea_allergy (60),train
Dogs/Flea Allergy in Dog/flea_allergy (61)_jpg.rf.8mhRPNvcqa3YBp2QHQwe.jpg,11,Dog - Flea Allergy,split_group_b6a77e7cf1a4729c4b768a4e,759a003b3aa717be4909b98819866eb7ebce2d4516e6905b90857b1c3e2f785e,29801dce4781ebbb925d478b3069dc6b74e2c9262fe261193dbb170b11999abf,Dogs/Flea Allergy in Dog::flea_allergy (61),validation
Dogs/Flea Allergy in Dog/flea_allergy (62)_jpg.rf.phaoGeMpkQmrda5JJ9ip.jpg,11,Dog - Flea Allergy,split_group_c6f069d9bf1977b560d863c9,eff81d107dddbe5b0f32ec4355c121c13ebfc2431172c472f26e7d83be1caca8,ba8ea115d489ba8dee39b671d30aa116af9dfc3e8cb1b3dae170836c63f3bd14,Dogs/Flea Allergy in Dog::flea_allergy (62),validation
Dogs/Flea Allergy in Dog/flea_allergy (63)_jpg.rf.gJAmQ2pWWiHtOJmIl9bZ.jpg,11,Dog - Flea Allergy,split_group_f3c34efb1251fe06a2606856,4d0645960ccf433c62c9f0da16107e39677b2bc9863626ab908b0e88e27a0c58,478821ae2c2cfd77cfa61a36c189b43455575da04cb6498ea5e8e02aaac00449,Dogs/Flea Allergy in Dog::flea_allergy (63),train
Dogs/Flea Allergy in Dog/flea_allergy (64)_jpg.rf.jQLly6ezoLpdwePvUZFx.jpg,11,Dog - Flea Allergy,split_group_2187bfe8cd43427b2f6d0944,f3e9f9cf872acf03d6d599c47bcbc59de86d2ef8e2308f2f3553613551322f70,1abec37298c0ad4c910a6bb95f0505e44db7512d2419d1fe109f78a39855f145,Dogs/Flea Allergy in Dog::flea_allergy (64),train
Dogs/Flea Allergy in Dog/flea_allergy (65)_jpg.rf.U6XG76Ibfz17LelqXUPM.jpg,11,Dog - Flea Allergy,split_group_a03ca4cf6d63e40c9666801e,69e11bf0ea79ab41509cae06088fdde6aea14cb3aff65ce254cdbe7ee19762eb,9e28fdfd874cf4b4838f10acb8ec5122d6f33b64117700b466aedc4d5758c59e,Dogs/Flea Allergy in Dog::flea_allergy (65),test
Dogs/Flea Allergy in Dog/flea_allergy (66)_jpg.rf.BG4CSAoB6IhKhgRHuv4J.jpg,11,Dog - Flea Allergy,split_group_55d7fd3c56b93b73d50c5623,fa26319204fb5df64d0025ab5b9988208269a8a4198e738958c3a100e46f4b48,ddb71e29a9b756d2131ce5dffc051f36f0090c0815f84c119184739a39677ae4,Dogs/Flea Allergy in Dog::flea_allergy (66),train
Dogs/Flea Allergy in Dog/flea_allergy (67)_jpg.rf.H5Lz1QjxGxd1pjJtJyUq.jpg,11,Dog - Flea Allergy,split_group_8b717fce395ec19f828e6092,461dd4a40074f02c39f0dad23afe2392044f31689d2a7bc5388925bdbe46d94d,db5add6b4cea2d28958005ee65bb0ec8ce6db561966c032b81cfabae0333d175,Dogs/Flea Allergy in Dog::flea_allergy (67),train
Dogs/Flea Allergy in Dog/flea_allergy (68)_jpg.rf.6QwQPFiu9RQK0gBg8yi4.jpg,11,Dog - Flea Allergy,split_group_1ff2042142a4fe101ad8e55e,b24abf6f118684ba5ce85f269698e5c6585b0960fea6a42b25e8c5579ae92416,542cbc53b6b681a0ba1516c7a5dff8d5287a4cecd49e69311d27150307c334bc,Dogs/Flea Allergy in Dog::flea_allergy (68),train
Dogs/Flea Allergy in Dog/flea_allergy (69)_jpg.rf.m4mlhAPvoq0PXXXxNkXc.jpg,11,Dog - Flea Allergy,split_group_eb2cb996fcaadade3f930354,54918c8d40bca4919d80eb416a830738e9f7fcf66b8eae9c3728c8e1ae2f8f1a,2cd9217a7d09f4e8f0b85de1b022e46f5156e4620a94943ebe9a5d54aaae2342,Dogs/Flea Allergy in Dog::flea_allergy (69),train
Dogs/Flea Allergy in Dog/flea_allergy (7)_jpg.rf.FHZaRQn88mLTUb1n0ACR.jpg,11,Dog - Flea Allergy,split_group_941765628cb2744e413c3c1c,e2d1b8a323d369961fefcf64f0eadfd41156072e675b0d7a342022beb5112202,c6d1a995898f6afd62bb246a16fd143ee0827ba43a98a12ed40891453a51f398,Dogs/Flea Allergy in Dog::flea_allergy (7),train
Dogs/Flea Allergy in Dog/flea_allergy (70)_jpg.rf.zmqZ8r7Yg4VGCrLpcVwj.jpg,11,Dog - Flea Allergy,split_group_fe5a772ff1df43fe868fd2e7,49a0dff4389892333e455d5fb993a8354011bd3dbfc7e3961ecaeec6ee8d1190,8e04f73e5642b5b1524329319221c94c5f972de57b742f3e51a2c89b2391b750,Dogs/Flea Allergy in Dog::flea_allergy (70),test
Dogs/Flea Allergy in Dog/flea_allergy (71)_jpg.rf.a9IbKgVAvU4e1wRwWNI1.jpg,11,Dog - Flea Allergy,split_group_c9ed6e804bf2610e0608b386,5977e4cf85c04e535a013fe987f022e4146daf627c35646bab4ed5c8d07449e2,2f7f49113f8e9cec1e7cbffd4bb2b4a9868816a6438531759836c2405ed2eab9,Dogs/Flea Allergy in Dog::flea_allergy (71),train
Dogs/Flea Allergy in Dog/flea_allergy (72)_jpg.rf.aVC5GXIFMO9oT5rwRVSd.jpg,11,Dog - Flea Allergy,split_group_ba6f821158435715f1a8a834,2cef9ccc824f03520480257bb5eb49e2020923311532b5e383a0d03578d3a1ea,a4efa4dedf38a2026f81717700fbd8a3139932508f8264365d0b65c157c73470,Dogs/Flea Allergy in Dog::flea_allergy (72),test
Dogs/Flea Allergy in Dog/flea_allergy (73)_jpg.rf.yoXdnn0PHifQt2OGOFdz.jpg,11,Dog - Flea Allergy,split_group_34b618591914b888c4ab9716,15eb0ac67043ba5727fc2b597142efcd62e14e6357f7b0d555f576fade515f85,5aa788216ae803c8817a69f3e78faa13c86cc099a579ebc54780a41c89fe9ab6,Dogs/Flea Allergy in Dog::flea_allergy (73),train
Dogs/Flea Allergy in Dog/flea_allergy (74)_jpg.rf.pveM6G2kfbnsYlR6jIoT.jpg,11,Dog - Flea Allergy,split_group_9988368ffd801079ff754eb6,460db9e520d355cc940665584f58ee472001a8a76a0a173091d23115701457cf,b0380280b0e474f71480ba61aad91e093969222a25d925696e1cbf7241ffc6d5,Dogs/Flea Allergy in Dog::flea_allergy (74),train
Dogs/Flea Allergy in Dog/flea_allergy (75)_jpg.rf.QZHlumzOrVM5NIAcH3VN.jpg,11,Dog - Flea Allergy,split_group_57f9535892b8a9ab4ff7f7ee,296968cbe442d652b34aff61733f2e986ffc656d328433c67cbd5417e1b06cd6,496d713ff6a5c0ccba4381355fb7764b7aef1236ec35205450cc6e36268b92da,Dogs/Flea Allergy in Dog::flea_allergy (75),train
Dogs/Flea Allergy in Dog/flea_allergy (76)_jpg.rf.MhHG07gQf5Ud33jy3prm.jpg,11,Dog - Flea Allergy,split_group_8d64f83b73de4ef042398a29,fc335ce9ac4658e5b2a0676fb0ed1ebf522b57b4b11a9f7ad70def7440ce99b1,f6e1941c92335fd84d39a406337dde33d4ab6b199289ba3b0f55dbd340a6b3da,Dogs/Flea Allergy in Dog::flea_allergy (76),validation
Dogs/Flea Allergy in Dog/flea_allergy (8)_jpg.rf.gEZR5m1tXlk7yxsRjBKt.jpg,11,Dog - Flea Allergy,split_group_76d23904d2a6e64626642422,a31f4f5e17a5a3431ce45bf5f2f2e42c703180f1ef8d191abb850a50608857a4,e26f53acac021b5dbf6b1d3cf62e135eb34a0438bf9a0479a22d72be32d9174e,Dogs/Flea Allergy in Dog::flea_allergy (8),train
Dogs/Flea Allergy in Dog/flea_allergy (9)_jpg.rf.MWnevQOZ3TE1TIqWnvMv.jpg,11,Dog - Flea Allergy,split_group_475e63760892fb60434d67ab,8fd244ae378d0ab13fd2836118f900c5a8879c6989b79517b3f9c605ac87c61f,5644be248d4831b9908beb1338f36676b301162a655eb317a21c486d9776850b,Dogs/Flea Allergy in Dog::flea_allergy (9),test
Dogs/Fungal Infection in Dog/1016_jpg.rf.GBMgm42T7OEGn46yDgPv.jpg,8,Dog - Fungal Infection,split_group_4c8ac9c375087deea0e90c1e,11642c16d0e3da04bea1f314f840504371ac8dcd7ca2bd81942c90c49460667f,e725045e3293fbcac4be7f4bac357e376fd702c793c9b73d386623ed3d4b798c,Dogs/Fungal Infection in Dog::1016,train
Dogs/Fungal Infection in Dog/1090_jpg.rf.75G1UC27PmvkuRI7JpFu.jpg,8,Dog - Fungal Infection,split_group_36c268f5470b80a18896d588,5a4d84958bf39898019e0fd22414456c3653200c40044789845489d12123efa7,9f90e85785904c2be46564fb69bbb3a80745d363dbf43efa33b1a509126697e6,Dogs/Fungal Infection in Dog::1090,train
Dogs/Fungal Infection in Dog/1173_jpg.rf.Kq5qNxPcwZ7KIb52GgAf.jpg,8,Dog - Fungal Infection,split_group_55a8741a4756067c68e000ed,fe2b067f25103b1468e52a441089f5bc24d90f299ae416fe0d1007d16bba54fc,005ca33f77e3e101c5b68b012f3c2da7182bf3e47d0d7d3ac8c754b9259cd9c2,Dogs/Fungal Infection in Dog::1173,train
Dogs/Fungal Infection in Dog/1555_jpg.rf.fWf93LUFSdYlQn1nHC9S.jpg,8,Dog - Fungal Infection,split_group_37fe4a39c57fd9f4d8fbc543,5955b3139abede913a36b30ab2a2996862819a1a410d4993071f49d56e6ab809,027ff57b466b74ca158660f26af516b3a6699d6cb95d4ef2758fb3a856544861,Dogs/Fungal Infection in Dog::1555,test
Dogs/Fungal Infection in Dog/1577_jpg.rf.6kpGeR4YjFct3J9hBSus.jpg,8,Dog - Fungal Infection,split_group_6bdad476975d24aa747e3cc8,04f1d85bf46610e614a74b165504a525e35cada4859eb7b013249ec67bdd8891,456c6a3ff1d27a594aec7f8375b6cca6b4e6df7802c1fc27f0dbe46e21810d02,Dogs/Fungal Infection in Dog::1577,train
Dogs/Fungal Infection in Dog/1670_jpg.rf.L08bS9TKqIOGqnc6DzDp.jpg,8,Dog - Fungal Infection,split_group_7671ec729c86ce21bf33bebc,1ddd55f7ed1d95ebeedddaf995fe608f6bd58b819e566822a29fee9a7f62507b,290953667215b3f8f7d7816c6e1f513f74e2d36cf5cf86f0f70dca335a16b681,Dogs/Fungal Infection in Dog::1670,train
Dogs/Fungal Infection in Dog/1739_jpg.rf.5nRKTltP3DxG7kBj9vFl.jpg,8,Dog - Fungal Infection,split_group_b9ab839b33c6ef0fc576bba1,f7e7545329749244f796feae325f856031794aa33f7f6cf8d1991dca0c78d357,2bd38dfe7eecdcbbb92fb7a509ad444d5a971a1c9036935fe456ffc9f04ffb51,Dogs/Fungal Infection in Dog::1739,train
Dogs/Fungal Infection in Dog/1776_jpg.rf.oQqcexHaoYQ7S5DsXZQh.jpg,8,Dog - Fungal Infection,split_group_6221d9d172b7137a2280ec8b,2961f333ab63ad2bdc585dc953612cc0303f96ad420d9875b23a1a08beec2120,b46a71aa8305587c709bdd5db9be93dd269dbbd822f666f6e212dc71294fcae4,Dogs/Fungal Infection in Dog::1776,test
Dogs/Fungal Infection in Dog/FUNGAL-INFECTION_004_png_jpg.rf.Nzv3uS0nVtIJFlRDdziS.jpg,8,Dog - Fungal Infection,split_group_be46d27fe53a6baf946382d1,3d56a77e194f3e589d8b8ca3886c608ca7e4b791cd0c20d960ea9443e58d66f7,4948208150342b041d05e6f30ae32c447733d91ba108308f09a50997ee207b79,Dogs/Fungal Infection in Dog::fungal-infection_004_png,train
Dogs/Fungal Infection in Dog/FUNGAL-INFECTION_007_jpg.rf.lbCULypkhlZKjq8iy6xn.jpg,8,Dog - Fungal Infection,split_group_84ffb9f74a7e806a44ded537,40fea15951a1e79da760577d4fecd68aad81a80abfaf26f454fe6db2b30306d1,cb49a696650473dbeccc89f8d26a61c2a102411d4b13ab4dfc8c899ad004e64f,Dogs/Fungal Infection in Dog::fungal-infection_007,validation
Dogs/Fungal Infection in Dog/FUNGAL-INFECTION_012_jpg.rf.qGwDPa8GXuIhjc1gawcn.jpg,8,Dog - Fungal Infection,split_group_c30c2e879880dd51c021634b,8521a7086f72c84e2fc412374757c258a7cbac3d8b5c3220f2772e7813bb00a8,a372c66d577ff6825405031228b7d9d2ce11b974448a0fe9ac74677152971fd4,Dogs/Fungal Infection in Dog::fungal-infection_012,train
Dogs/Fungal Infection in Dog/FUNGAL-INFECTION_018_jpg.rf.VtYqz3SUpaMrDGOip0T5.jpg,8,Dog - Fungal Infection,split_group_83bf1c3260c1c35ddcc3b71a,0bdfb4e36208fa66b508029cb4ba62ad4908dc20de6affa94a4555357e452682,6221dd6b452e75c3c11d3df9bb632501cefc83c52d82c9d12cc7dbe7109d5b4a,Dogs/Fungal Infection in Dog::fungal-infection_018,train
Dogs/Fungal Infection in Dog/FUNGAL-INFECTION_020_jpg.rf.E0BMlMXyIaI8IAhD66GR.jpg,8,Dog - Fungal Infection,split_group_5150f959a826e918ec3f2754,2eafb82be13d6e9134b0f7dac2da0ee8af009cb1ba516c7c75cc88bf659bda6c,5f5ca72b0493358020603c6658aa07de69fcc09c4276fab74104e04cf0150927,Dogs/Fungal Infection in Dog::fungal-infection_020,train
Dogs/Fungal Infection in Dog/FUNGAL-INFECTION_021_jpg.rf.hDO72O5DniXBzCqhTL2E.jpg,8,Dog - Fungal Infection,split_group_8e71ed4398ff2b3ec27c216e,8c24925dd455152782e654f3beb6042a5dabc3f3213552a25c140653138d5524,05c8e54fcdd54ac99ccbe4f9caf516c5063babfac0dccc37bfb5e0eafa7fbd18,Dogs/Fungal Infection in Dog::fungal-infection_021,train
Dogs/Fungal Infection in Dog/FUNGAL-INFECTION_023_jpg.rf.AsHRPIh5XOuAvKnrq3b2.jpg,8,Dog - Fungal Infection,split_group_800daa7e1bb44b857d41a6f7,c306213f0999d420b5eb7ff5a9b91a85864aaf68491e9df43ed41e4f2b5c2ede,9c41fe1910ed320b0ee49055733270d343d00d0755ced63acd6ebb59bc354f16,Dogs/Fungal Infection in Dog::fungal-infection_023,test
Dogs/Fungal Infection in Dog/FUNGAL-INFECTION_043_jpg.rf.X2Mf6Dvmz5DlEcwCEW0w.jpg,8,Dog - Fungal Infection,split_group_64bc511b8477942499417124,26cdcb507b9ab1e44d7f5ec4fbc5bb166fd3335c7e7be26f9806828ba531e026,1b8b3e659fc226d341868bfea9fcdc45285c555ce5d64a2d3cc92c32cacd0553,Dogs/Fungal Infection in Dog::fungal-infection_043,train
Dogs/Fungal Infection in Dog/FUNGAL-INFECTION_046_jpg.rf.h7o5bTH6A4ZcLOclD5yM.jpg,8,Dog - Fungal Infection,split_group_457cbcf679e909e50aac3369,9464b1fb0a70bea4fbc075c512b47dd068224b486176a93601758664d7c1e7b4,0d0bf9bafadab86d85de5fc64ac6e53b71acb4be01b9995fed5a3ce150ccf080,Dogs/Fungal Infection in Dog::fungal-infection_046,test
Dogs/Fungal Infection in Dog/FUNGAL-INFECTION_047_png_jpg.rf.OixxlITPzUxEli0MknN3.jpg,8,Dog - Fungal Infection,split_group_c0057a8f8702dd712cfbdc5c,169f7a7ca20b395fa68a6a73d5cfba4f11dc894f476e715505f4ad65142c6a59,bea434a1bd7a069971c76b30735e35b79812715d9982ace019fb7300ae0aa6b5,Dogs/Fungal Infection in Dog::fungal-infection_047_png,test
Dogs/Fungal Infection in Dog/FUNGAL-INFECTION_049_jpg.rf.mH50JsY4IiOmm9PEZlep.jpg,8,Dog - Fungal Infection,split_group_8b52c1a51fcdcfabd9b02d45,dea7fce9df38a682571bb2d0dbed784471f1078906e61c84cac9610d398860dc,f2bdaadb8426d8f7ceefdd1138983a9dc8c804311ab59a7735368dc00ba7e991,Dogs/Fungal Infection in Dog::fungal-infection_049,train
Dogs/Fungal Infection in Dog/FUNGAL-INFECTION_054_jpg.rf.HNetvno7KAdpygP2A2sz.jpg,8,Dog - Fungal Infection,split_group_3a6ff45f8eac98916c7f29a0,e4a26b85cd04e6b0f2131e2a8fef1ad4ee10dd7fe2172c8b9cab8e2800be8812,67c081ba5a0e8fd5bfe59577f5cff36227108635cc2449dd7d2631d6f7d84811,Dogs/Fungal Infection in Dog::fungal-infection_054,train
Dogs/Fungal Infection in Dog/FUNGAL-INFECTION_062_jpg.rf.zgAMVTlq5CovjP9cMKwy.jpg,8,Dog - Fungal Infection,split_group_c1741def414957b11054b88b,59445554321610b7e81fcdb20540739c25ed0a6164565338a8f177a13cc18303,9a3126159e9e2f7f70f9a4e2e00ac627dc51b0d39a0d92d4e34fae569ca51d94,Dogs/Fungal Infection in Dog::fungal-infection_062,validation
Dogs/Fungal Infection in Dog/FUNGAL-INFECTION_063_jpg.rf.9ElGBMbb8RjB2kYDYzhL.jpg,8,Dog - Fungal Infection,split_group_d3d2132b0c296f9668587785,d0b452b27ed98fc7b3e9bb243452f28d719e4d0b83f8df6ce6895356a8f6fb9b,69a18a8ba162e4a9108e137651caa5775617b99319dce4cc50cb32e4c773575a,Dogs/Fungal Infection in Dog::fungal-infection_063,train
Dogs/Fungal Infection in Dog/FUNGAL-INFECTION_066_jpg.rf.ZGrG5v40KOEJAoSO6Fs7.jpg,8,Dog - Fungal Infection,split_group_f8d622a94ae2e1dc210edaa8,4f8ad5141fa1c2ca99da5795f30a334e71f40b7c4ccd6d40ec3a21d6576df04c,4405324492fa0c395b7d4fad1f57c87d80e32e6a9ba3c8c7083398087130216f,Dogs/Fungal Infection in Dog::fungal-infection_066,validation
Dogs/Fungal Infection in Dog/FUNGAL-INFECTION_068_jpg.rf.5vRh1xgBy3B7aENqvjj1.jpg,8,Dog - Fungal Infection,split_group_6b906b12fe25c97b87010f74,1a8f038fa526e193b9ec66ee62754ce17456e5d0db70e717a9a615794d95b9e8,9d6c45f985fb3e646c1174ec5c29fc3267909545bde7b1e7654baa1b2378905a,Dogs/Fungal Infection in Dog::fungal-infection_068,validation
Dogs/Fungal Infection in Dog/FUNGAL-INFECTION_069_jpg.rf.eEAqEGPbT7VOJSAvizFD.jpg,8,Dog - Fungal Infection,split_group_ed574fb3bc843683e33c80b9,957bf29b1ea8c99c512255e33fd8278aaf3e574e63403d32d4ceae1d9b80d93c,225cb25dd064d0ad9cdde060f9b809dfea7d3145509f88438421794cdcf2504c,Dogs/Fungal Infection in Dog::fungal-infection_069,train
Dogs/Fungal Infection in Dog/FUNGAL-INFECTION_070_jpg.rf.bGOv6Kr19qncbTBKarAI.jpg,8,Dog - Fungal Infection,split_group_244f4ac47037362b1824fcd4,5325c2890ac1bd89c0a288ba536e162757b8d66d074c537abdf2cbb823764b15,131f139af733d060f9d077ba4e3b3c09013506e62c1d4057ae4aa596a8ef1b5d,Dogs/Fungal Infection in Dog::fungal-infection_070,train
Dogs/Fungal Infection in Dog/Fungal3_png_jpg.rf.KANtXg8WJyNshfbZCWkS.jpg,8,Dog - Fungal Infection,split_group_328dc108d5a4caa93cbb8829,51087711f775524f7c71772535de693c728b33002749e37c522b2403c9ffbb17,e07a3992670afd55248673bdde158826de94f83a977c2de82ab4a547f0747331,Dogs/Fungal Infection in Dog::fungal3_png,validation
Dogs/Fungal Infection in Dog/Fungal4_png_jpg.rf.UDQ0lkVUHLSbZwD91Uvc.jpg,8,Dog - Fungal Infection,split_group_777fc3f6e25c86d7a1e0f97c,7c765ead33cb81eda7fed0c68128696616999109a9f58fdac2de9d431814941f,a0de63658da4909ba2a473afd1b5d3084d545038af88a6d9ef9034678bda4cf2,Dogs/Fungal Infection in Dog::fungal4_png,train
Dogs/Fungal Infection in Dog/Fungal_2_jpg.rf.kG4j7revBsdtJtyO4UoX.jpg,8,Dog - Fungal Infection,split_group_3cc4d7a1531b65b5a6a4c28c,f2fb663a2021290981d580c7cf864769e390f278833577afe72a213655142696,7f0d77cb857ff4d21ee40f9c536feae7cd109c2b27879f23a4fb718aea9bfc79,Dogs/Fungal Infection in Dog::fungal_2,validation
Dogs/Fungal Infection in Dog/Fungal_Image_1_jpg.rf.lYLvYGeDP2JqUdzLlwrg.jpg,8,Dog - Fungal Infection,split_group_f072ffb5d3dba62bc64e722b,58e83f0ef03e7ce2fdae4dc5044293716511d5fedd41ae88270d712d1332ae12,05f60e001e68dc9f5838d9879b3f1ae244b18a4db4a12df8b5716a9fc13e5493,Dogs/Fungal Infection in Dog::fungal_image_1,test
Dogs/Fungal Infection in Dog/Fungal_Image_2_jpg.rf.XyBTFCfTEvRhU5HzMlEY.jpg,8,Dog - Fungal Infection,split_group_7f1e3e512c2bc05a748fd4d0,66274bad3381cdb6bec3b91f6c9e1474746771631f039980bd479d1f93f7ebfb,16f5dc0a876400b70611ace2cc1e09acfe03cf05cc1960adc7676936e5c01942,Dogs/Fungal Infection in Dog::fungal_image_2,train
Dogs/Fungal Infection in Dog/Fungal_Image_4_jpg.rf.4J6JUqnIp1JwG9faeb4a.jpg,8,Dog - Fungal Infection,split_group_f1ed16780f8ff392cc3f4928,1efaac401240cbbc85f8e568cf5d2b865347f1090661ab4e0a19a93e459a5277,c1687b4290009b65cebc1c057cae8d114f990ceee9f3034aedce70e98c0fb0f0,Dogs/Fungal Infection in Dog::fungal_image_4,train
Dogs/Fungal Infection in Dog/Image_1.jpg,8,Dog - Fungal Infection,split_group_6e811c736b09e72597be2996,e8e7a77dc2be1520cd07c0b179fff07ede0f4bdac201f7970ba903d379f67cd7,e53130b19fe47ccfaa3e4507883c62969643a46430be3378613d173b543960e5,Dogs/Fungal Infection in Dog::image_1,train
Dogs/Fungal Infection in Dog/Image_10.jpg,8,Dog - Fungal Infection,split_group_5d3636bd03c66aecf6de9839,bc12437f17e23e9f7611643d0ab931638fef0849f713de3bef17e0461bc0e840,29135e45e2b59ac29446ea76a6a3cf3f2c3b58bac442f57428540903b2be0f9a,Dogs/Fungal Infection in Dog::image_10,train
Dogs/Fungal Infection in Dog/Image_10.png,8,Dog - Fungal Infection,split_group_fc2371836a487bbb9ed84b84,63434307e20fbcfbe70c11d368119bfcfd304249a34f0ac6d7cec4593c94d00c,9f47c55ad6765521e075d780f915d2cb027d600c1338124fbd8059ea8b6ff631,Dogs/Fungal Infection in Dog::image_10,train
Dogs/Fungal Infection in Dog/Image_100.png,8,Dog - Fungal Infection,split_group_cb2e9c44d93c913c80c8a963,edbd68f5f7ef16424f58acc86de0fdb3d06f022dfbf40152754a57009070585b,cb5c99b9a1b0493f501c2ae6fd803d17795379b33ead7db73a009d54f5050320,Dogs/Fungal Infection in Dog::image_100,train
Dogs/Fungal Infection in Dog/Image_101.jpg,8,Dog - Fungal Infection,split_group_44d16df7ad10cc9ae0c40f67,9ff2cbf4ec04091d86142a61d3bcaba904906448110daefc1bae43accc9be9b6,aa35702bc1e4cab0d8218307206bde952f73c35f91ef6a7b809b859b973593d4,Dogs/Fungal Infection in Dog::image_101,train
Dogs/Fungal Infection in Dog/Image_102.jpg,8,Dog - Fungal Infection,split_group_92a97a95195217902863fb8a,12cdd0d0f691d02af17c83c801ada55ce0e87936635873cad114d63b1bdd7bd9,dc602a6f61179111f4fc667662ce7fe4cc6d1ee29ea9420648b0e5da63f57796,Dogs/Fungal Infection in Dog::image_102,train
Dogs/Fungal Infection in Dog/Image_11.jpg,8,Dog - Fungal Infection,split_group_89f5f479637a301cc33b8c71,b1f9dc67d4bb9c369c2aa8b6df77c74ac91c80d348fd0206fb5c822170e38538,8293342915fe99ea5f73acf47ab3eed892c9b97216a08ba9cbf6da70b7fce10f,Dogs/Fungal Infection in Dog::image_11,test
Dogs/Fungal Infection in Dog/Image_13.jpg,8,Dog - Fungal Infection,split_group_4528a1ea8336199aed52393f,efa23b7e789ebb51f07779f8083e47ccfa46aea9e351550cb0f2b36dcda46138,832fb4aa26b13737dab4888aed57a78a50f1b422e2fc35aca3a06f40298e53c3,Dogs/Fungal Infection in Dog::image_13,train
Dogs/Fungal Infection in Dog/Image_14.jpg,8,Dog - Fungal Infection,split_group_f1d493106ef9acae563c8a50,36e62a93417c6013953ae92eac9ef307b82e5de56f1c37312130a5223ed6b10b,717801f0cb3c711cf8653d56e3290277a80239ec8305343109e42cd115928a22,Dogs/Fungal Infection in Dog::image_14,train
Dogs/Fungal Infection in Dog/Image_15.jpg,8,Dog - Fungal Infection,split_group_2b0defdc11dcb66faf1515b7,7f37f412ff83be194aaf3ca79d88e4cb5a48f374abba538a3ce13a7a01c116b5,9813240307624f9e869ebabf5ebff9b1855fc4d6ba7a1f890e9ec3d6c1516150,Dogs/Fungal Infection in Dog::image_15,train
Dogs/Fungal Infection in Dog/Image_16.jpg,8,Dog - Fungal Infection,split_group_750e5a3d952d4e28115a0382,2ff912484c844d5fadb77fa60d92dd34f06c3c9259d769ac63ce50d30e73dd1f,928c7ace296830b41981dd89149486c1ac81f8a0e4ca5202b8f448371fec67ea,Dogs/Fungal Infection in Dog::image_16,validation
Dogs/Fungal Infection in Dog/Image_17.jpg,8,Dog - Fungal Infection,split_group_89ae1c083b4e68e6b5e197a1,f1aabf8b9929130d508be3da778c16db45be0d935fc6ca2f467c350e89e78280,e3992212d2302fa80c918563453adc11b45456a3dbc0aa741e1392786b28680c,Dogs/Fungal Infection in Dog::image_17,validation
Dogs/Fungal Infection in Dog/Image_18.jpg,8,Dog - Fungal Infection,split_group_91740011c1b59f256ee38dd2,fc90c9552ecfc80d73742b76d3b08be4c79d921237ea722c5a3b86c3dae4d3cc,d1d1efd530a8b227b64bebd008e0ebc0a3dbea9514098eaf48af9a834f2e9664,Dogs/Fungal Infection in Dog::image_18,validation
Dogs/Fungal Infection in Dog/Image_19.jpg,8,Dog - Fungal Infection,split_group_d1dd8757de234fdc38b78da5,95e0bcbcdd14f1fc6ca670d2305523fd5f9cf911a7c68a79e36cb96125d9885f,5ba51c1f104a3431210358eba5964db99b509bcb9502e00380e1e1780f4d50e8,Dogs/Fungal Infection in Dog::image_19,train
Dogs/Fungal Infection in Dog/Image_2.jpg,8,Dog - Fungal Infection,split_group_9b5ef6112807bbf595ba242d,b97827f32dd0a322e2a3403641771982d4df121aad39f8905138cd68e0298592,3945b11c9360d16294954d38f3893519ccac05ad76b5f2b06cee42683ba842b2,Dogs/Fungal Infection in Dog::image_2,train
Dogs/Fungal Infection in Dog/Image_20.jpg,8,Dog - Fungal Infection,split_group_392aa886a3a23444785fc7cf,a981db466445c1fd4c86890e9c7a77cdfb1ba6d2a2238a56ebf463b91dc63b80,d6c0c4fa2f7e288fdfc14478b09eb7aee3372429b0a2cd98de76bde3eb25dd81,Dogs/Fungal Infection in Dog::image_20,train
Dogs/Fungal Infection in Dog/Image_21.jpg,8,Dog - Fungal Infection,split_group_e1fc503d8252ea7f298177ec,f49ccb8a9b9ce942e786159ef92fb347d9b1b92abd67d753fd6a585ce70b9a89,ee2318d9ff7a2c70175c5235d1b5a32dce83db667439b5f5dec14bfd4a77dad0,Dogs/Fungal Infection in Dog::image_21,train
Dogs/Fungal Infection in Dog/Image_22.jpg,8,Dog - Fungal Infection,split_group_da88a0de15371afbb73358ae,354d58cdeaf54e823b7fe23758b3c2df976d7e8d6941677ced65d3aefa68978e,f3f86bb466795338f97de85ba6fc76b7531f3b4a7263b6298a9af142e32aba22,Dogs/Fungal Infection in Dog::image_22,train
Dogs/Fungal Infection in Dog/Image_24.jpg,8,Dog - Fungal Infection,split_group_1c27852406fabfe47d95e063,e0673b6edf73506c5f2005efddbb83c4ac969dd2dd54f7091f2c22e1b23ed919,1e4c842314fec006d6f93d1e2297c4b40a0398d41e4d3f78b2fed41808e5a8f1,Dogs/Fungal Infection in Dog::image_24,train
Dogs/Fungal Infection in Dog/Image_26.jpg,8,Dog - Fungal Infection,split_group_c5b6d46cc1bea3dc624eea79,7f75b09396eafeb6589a3f021104e9be036f4758a24319e613adbf5949c9b5c3,7f3cd216fc317041fcf0ba10f1a11ce24687acf75066d7ca88b8d90767e4aead,Dogs/Fungal Infection in Dog::image_26,train
Dogs/Fungal Infection in Dog/Image_27.jpg,8,Dog - Fungal Infection,split_group_0548196ce95dfaeffe71c80d,51beea2bd9ec55cebf7f9ea95fd00952a4283f1d8dcaf2525fb2bdc9875d66f7,f09da87414b827e3b75a20701c77d3ff281adb3b630910e180a17373c81d4368,Dogs/Fungal Infection in Dog::image_27,train
Dogs/Fungal Infection in Dog/Image_28.png,8,Dog - Fungal Infection,split_group_4607c4dad4ace40b3a5f0e1e,af1c0fe3823060126c6c009bcdfb023dd07c441f30bbebfdb0d495d85173df89,6e1ebcfa1283e291dcf8e4e63d0b61b0999ffeb547dcc93d3d35665bbaad5e29,Dogs/Fungal Infection in Dog::image_28,train
Dogs/Fungal Infection in Dog/Image_29.jpg,8,Dog - Fungal Infection,split_group_c1192239ea4b91e537354d5c,0d717434ad2f8aa603d0cdbd77a62510121344f7b1a1691dffd9dc21dd9e09bb,237028e382df4fa20d3637c2dc0d9f3a282d50995fa0ed335ea3f14132161e1e,Dogs/Fungal Infection in Dog::image_29,train
Dogs/Fungal Infection in Dog/Image_3.jpg,8,Dog - Fungal Infection,split_group_91740011c1b59f256ee38dd2,82e87f35a1ec56144f0a2d6760d08e1fb6e40ac03bb40c7f68782affc6c5cfd8,cf67cbad96ac35a07860eb6c2cee5d42ebc062164a62d2fd33c4b0373bb53750,Dogs/Fungal Infection in Dog::image_3,validation
Dogs/Fungal Infection in Dog/Image_31.jpg,8,Dog - Fungal Infection,split_group_d5395265ea6a8fa99df6bc67,8c350f1d4e2b9f3e102a3c617039f2e0cc1e9c7e27138e668fae3d181ca6e7ef,a05d98d7019c4f070314cffeeb8da7172cd4a1a14f027ceccd0075a13891be45,Dogs/Fungal Infection in Dog::image_31,validation
Dogs/Fungal Infection in Dog/Image_39.jpg,8,Dog - Fungal Infection,split_group_23abdb0af62ec7d683af8dd7,da9cc8f48edbe89bc843152327c4a104a0e3e0785731cee935874bd6eaf74243,8bd2c28df725a4f01c169c69c2998fd5f24e3768d14c60b9faaabf77760d9495,Dogs/Fungal Infection in Dog::image_39,train
Dogs/Fungal Infection in Dog/Image_4.webp,8,Dog - Fungal Infection,split_group_83a2ab42f50bb72995df3fdc,bf0c6e4a9981e55e96ce5c728f406d4e4318c0526ed973baa946631d5655a543,9b032f4a69aa38844b1b74d1e51e997190eaca0435f703a96dc9baae3d1888a7,Dogs/Fungal Infection in Dog::image_4,train
Dogs/Fungal Infection in Dog/Image_40.png,8,Dog - Fungal Infection,split_group_7a4cebc29f57a4952cf1ca52,5f8032868013a16e68b50589f56f176ce0204f7f4d787c079d9900e6abc97b84,e0d5b42ae64f23096c2ccdf6bbc35f79aab0e0c555402bc847de04867c832451,Dogs/Fungal Infection in Dog::image_40,validation
Dogs/Fungal Infection in Dog/Image_41.jpg,8,Dog - Fungal Infection,split_group_f7fcb0af8700d3d41d19230e,add04c8104706dc796ffbbf7593c3054e1db061c8cb0f1152743931c1864ef0a,8c5f55d06de93b704553dcdd893fb0238ce682145bb0f9437ce5996e3e4f4b6c,Dogs/Fungal Infection in Dog::image_41,train
Dogs/Fungal Infection in Dog/Image_42.jpg,8,Dog - Fungal Infection,split_group_6ac70a0f6cefe88c888ee35d,ad92b254ead07b1539515bcee734f7212dadfe94b185445cef84c168f95b264c,29ce4d2f00121dd9a534eb69643fa62f0bb081af33994fc81be1c0bc4ed8438d,Dogs/Fungal Infection in Dog::image_42,train
Dogs/Fungal Infection in Dog/Image_43.jpg,8,Dog - Fungal Infection,split_group_f6b2e2aefce0346a5291ca59,fb62f838ce38cad0b12f8f841b00d25bc13a6f06c3748b3afac06ed21790df38,079b122b334b4758ca911484ecf5402f4aa1ba9abbe39a50ed6ccc2282fa0368,Dogs/Fungal Infection in Dog::image_43,train
Dogs/Fungal Infection in Dog/Image_45.jpg,8,Dog - Fungal Infection,split_group_c830fcea279b68b8e16b25c8,a35e8c8f34ed0a03c5f309fc870c0dc81154bea501e901b254686362f0e7b3b6,74296ab48495fb632e2322d5a7b8fdebb686863b0e9e18af26421a82abb0ed8c,Dogs/Fungal Infection in Dog::image_45,validation
Dogs/Fungal Infection in Dog/Image_46.jpg,8,Dog - Fungal Infection,split_group_e949ea83b98379d8022ebe21,df8e1dd5ddf63264c98475fda58a8bcb013cbbec0539165f3ee05e8a0ba688f0,a5b3bc57877901b827719f8e17940a236d469f2ff2529d25e16420345e0af17a,Dogs/Fungal Infection in Dog::image_46,test
Dogs/Fungal Infection in Dog/Image_47.jpg,8,Dog - Fungal Infection,split_group_44a89e57d05f8af9f0a8f1e6,ea2eb6e92859b27ef6809408458e06fd4409c8ee46d04b5e6576d161a7932d1f,94ef16a4fbf65a7d7a9d79f82467cf05ea8f7c668bc37f215219e5668fb43cb1,Dogs/Fungal Infection in Dog::image_47,train
Dogs/Fungal Infection in Dog/Image_48.jpg,8,Dog - Fungal Infection,split_group_75be9136fbb25308a293adae,edfaa8400ce6fa06d8770bbc2d6ae12e15ee95adb838b2a347ca9a26929a8e48,c7a9175ce378747a91bc42fc617517821ae87fcbd3d71c4ba84c37c80c35b029,Dogs/Fungal Infection in Dog::image_48,train
Dogs/Fungal Infection in Dog/Image_5.jpg,8,Dog - Fungal Infection,split_group_8eb6e416cf2748d19448626d,2b07348da9ecc49c384ac45bf24aa512d3266ec710b49a2ce341221a544dbd17,ce9b7fd1520a735e867659ea1688a002ecfcb55e797b0335fd3ce1830e134876,Dogs/Fungal Infection in Dog::image_5,train
Dogs/Fungal Infection in Dog/Image_50.jpg,8,Dog - Fungal Infection,split_group_1e4f467158d34d559cbbb1c9,cc4465d3bf0f00bfd7cdc109a01aa4dbdcc125ed684444575d1d8e3fb98f3d32,9386eb8b66f581a4b6d1fef4a0a01723ad64b2c3a0348f3eadc111dc2c4512a7,Dogs/Fungal Infection in Dog::image_50,train
Dogs/Fungal Infection in Dog/Image_50.png,8,Dog - Fungal Infection,split_group_ad508e7546021818ae3384ae,b3fcb3a487a1c034632af81dcd28b6632c926a4fcce35980336c9dc874a6aa11,ce614f074c89d383d9052a661e13652dc27d8885715f594e263c2a383a197525,Dogs/Fungal Infection in Dog::image_50,test
Dogs/Fungal Infection in Dog/Image_51.jpg,8,Dog - Fungal Infection,split_group_233a1bf78447201451ec6cad,fa6ad610c07fcea8cf049347942b3d9406d89db7ef445683147bcaed25416c4c,24851400a4eabeb6c4435afb28fd7608f25098ea8160da5450d9dbbb74210640,Dogs/Fungal Infection in Dog::image_51,train
Dogs/Fungal Infection in Dog/Image_52.jpg,8,Dog - Fungal Infection,split_group_83a2ab42f50bb72995df3fdc,66d1306f35769da4310b1a9c4a4cbf4bfee8dbd3996989bdec81a65f672ca174,97f2991e15db2f00e572b7b01bb4ec9f0d66edb695e8dd5dfd83ff8afa994b4e,Dogs/Fungal Infection in Dog::image_52,train
Dogs/Fungal Infection in Dog/Image_53.jpg,8,Dog - Fungal Infection,split_group_f657a0473eab35dee11fc6f5,47e0fd15a786bb05fcdf24b11d997623823904d15937224061dd4c15ce7db91c,b57a4488859c475ef2b201b753bff0e2274b326e22c49e64b870e13294a631e6,Dogs/Fungal Infection in Dog::image_53,train
Dogs/Fungal Infection in Dog/Image_54.jpg,8,Dog - Fungal Infection,split_group_16cb4a8c711e6a9aeda22775,5292885f4831f39f3ba4125b801f06883fa6839c3124835677c076f00e31427b,0e24a9d1de2b76b06076f8389930d3efb2b2a3689b16b74777dc28399c813c8f,Dogs/Fungal Infection in Dog::image_54,train
Dogs/Fungal Infection in Dog/Image_56.jpg,8,Dog - Fungal Infection,split_group_02fd246b9950dd3e16a67fa6,1ac30d6bca685ada30e3fd0b9067f5ebce649f3ede11314c73b065f43948c4d2,e08298beb68510e0afd6f74e350e769f9a1ceef791fbf43965fadc14d32c1012,Dogs/Fungal Infection in Dog::image_56,train
Dogs/Fungal Infection in Dog/Image_57.jpg,8,Dog - Fungal Infection,split_group_51fe0f79a9bcbfba0a783106,1c166bae618c4a5b13673f0cf7e3bfcaeb6cbb31c38223e69345046072bbbe9f,2fd30d49298ce879bcbebf893ac4f863ea56b1a6f8f0eb20ee1382c60b5af6ff,Dogs/Fungal Infection in Dog::image_57,train
Dogs/Fungal Infection in Dog/Image_58.jpg,8,Dog - Fungal Infection,split_group_068935cc2e592b99f94bb80e,57a30c5aca4047790c10c4caf96a67e325596eaffef241ce5ddfef69a1b7b015,b245f06199a4d93e03635f65b4c6c751f846b17e27de6cf8c7d7bfbc1a646c32,Dogs/Fungal Infection in Dog::image_58,test
Dogs/Fungal Infection in Dog/Image_59.jpg,8,Dog - Fungal Infection,split_group_6e5a2f98ba81cb20229d713a,9dfc81138d2cd4e0d3c8c53f83f2ee138fa9d50e9f6ca394f7b0c1b08e05e2cd,7380570d4dba2dd7d493927361bfa36b71910382f82e7467dbcbcada1000e70b,Dogs/Fungal Infection in Dog::image_59,train
Dogs/Fungal Infection in Dog/Image_6.jpg,8,Dog - Fungal Infection,split_group_e9eb8017e4bbdeae7c4126b8,f61ed5940220e3d9e8b99e39e6011b495aa576fb2ec6221eed5ccf2719473b17,10636565799776ca79e5782c0013bd7ca2b601b91730dd673895fa877f786210,Dogs/Fungal Infection in Dog::image_6,train
Dogs/Fungal Infection in Dog/Image_61.png,8,Dog - Fungal Infection,split_group_691d7cf9c92c2896c10d21af,143f750bb135f415dde8631ebdb03465fd42499d1bd5806a0143a2e0ee87cbf8,535c68430c479f4b0a3612917e717e4a8bf52ba8731b85309ae460a5278207e9,Dogs/Fungal Infection in Dog::image_61,train
Dogs/Fungal Infection in Dog/Image_62.jpg,8,Dog - Fungal Infection,split_group_3fdeaded78da30ece8c71ffe,bf4a905ef53325421486505c7b5ed484da184db395a8af673e13540ac6bfbb8b,6064c77a341b5d559d7ec9a8e91039f7f917057eb42bc9c123e16f746e3149a8,Dogs/Fungal Infection in Dog::image_62,train
Dogs/Fungal Infection in Dog/Image_63.jpg,8,Dog - Fungal Infection,split_group_fc01854644405bb530652171,b51248d790f30fa5f4ae5de8735a53ac48ad902eae8f7f4d9c8968eb6a0dce3d,2c1a4cca9d789903199367bcc46707e02e94ef4c14a815ac39076cb581f6d334,Dogs/Fungal Infection in Dog::image_63,train
Dogs/Fungal Infection in Dog/Image_64.jpg,8,Dog - Fungal Infection,split_group_1c18939b6973a2597626c77b,bc0eed3e65aec757950176a20591f82ee865a3bf6ff9d67fbcab8a857b1c8b7a,fc93b37469d147e83eca4ae8218785f5c6bdd39a3a4c2ae81ec4fc972edf3a33,Dogs/Fungal Infection in Dog::image_64,train
Dogs/Fungal Infection in Dog/Image_67.jpg,8,Dog - Fungal Infection,split_group_69627eb454c5a11bade5c44b,7b6be340a911320ebef3c5bd0bf7226709e804baac6e3527a6e3722a878c3315,ef337375d4c85d533aaf8fe3caa5ad5d667399b1b067dfdcc4fb9af070f64d92,Dogs/Fungal Infection in Dog::image_67,train
Dogs/Fungal Infection in Dog/Image_68.jpg,8,Dog - Fungal Infection,split_group_d96c7ceb5e569f280f7940bb,86a5baa54e9be4e974bd09dad99378558879e58e2b0c69bae7ee8b72423ea7f0,c3ca39c2a2fbc968c1f8d2c39021e9fa08cd4d9d507816ffe7455bda1013fb10,Dogs/Fungal Infection in Dog::image_68,train
Dogs/Fungal Infection in Dog/Image_69.jpg,8,Dog - Fungal Infection,split_group_181e3950f61285919c4ae0a1,1edd3b7e76a73970ecbfa88c2215ebaa609a36f474c65892b5a60f032ee2420c,6f8aeefec3561b1af8c9b45f2af81a619c7786fbcc7343089ad825e480d7e4f4,Dogs/Fungal Infection in Dog::image_69,validation
Dogs/Fungal Infection in Dog/Image_7.jpg,8,Dog - Fungal Infection,split_group_59b23250f52c77402323307b,d29abc9f76b45546f99a48a6b844166a69e2649a52ab4c8650e577d3c10d87b7,dc2c0515a33b1271bb61bf4ed1cd5e033ffe4d1006a315ca27ed136fd8eed75e,Dogs/Fungal Infection in Dog::image_7,train
Dogs/Fungal Infection in Dog/Image_70.jpg,8,Dog - Fungal Infection,split_group_32896d110ea158e6acbc9095,86fb585930dafab4a15af6dbf40864a4062546d737b723257e359226f4288e43,4c3e16cfbfad3baac70980db3ac49bced4c5c2d173e38ebac2d5ae02b890f4d0,Dogs/Fungal Infection in Dog::image_70,train
Dogs/Fungal Infection in Dog/Image_73.jpg,8,Dog - Fungal Infection,split_group_56c0eb08b61ec957f78d71bf,68e04cbf093c9304aed4562df5e42bb26fae142d10f84d179a47e8e19cf66066,efafdbf70afb1047b269d21abb5110489adfc42e45de44970e8b5081d57049b5,Dogs/Fungal Infection in Dog::image_73,train
Dogs/Fungal Infection in Dog/Image_74.jpg,8,Dog - Fungal Infection,split_group_7dcd0c07ef6c5c57c8433ec4,e219c55f40f46cea04c34658bcb96140a1e4e07650d0f19382d063b5a38f7b42,6cc6e1dbc63b0474d5a1832c60d2c40bff5ffd8584f50d801c1c646de556fa5e,Dogs/Fungal Infection in Dog::image_74,train
Dogs/Fungal Infection in Dog/Image_76.jpg,8,Dog - Fungal Infection,split_group_e9303534b68ba25d29928af5,ad0acea770cd2b751cb5d38f0db7d401aa9e95f7c30eed33c7c18ef31dea687d,15fbaab757ebe83b92899fcb2fd307a1d64ab1b688a5daf85a4994b781902060,Dogs/Fungal Infection in Dog::image_76,test
Dogs/Fungal Infection in Dog/Image_77.jpg,8,Dog - Fungal Infection,split_group_8d7dbf26b5a3f2baf77af03d,bda7f8626adcd29cab179d96a6d49729b4a55482de69a57cc73cd9fb83fa4d16,3cd1acfdf3a2cf0c62d8fbab2ff6045cb19cc93ea395d6e7ffe69be95979cdf5,Dogs/Fungal Infection in Dog::image_77,train
Dogs/Fungal Infection in Dog/Image_8.jpeg,8,Dog - Fungal Infection,split_group_3f6afff43b9910152166f04f,3707b7f2a72afb83b4f9837765ed385245d6a73c4c18a6e4de244012dd7a050e,653274e36ed8bb54e35d2de2ce8c78d1eabbcc7ece59311a3ea3f50ec123767f,Dogs/Fungal Infection in Dog::image_8,train
Dogs/Fungal Infection in Dog/Image_80.jpg,8,Dog - Fungal Infection,split_group_127e3070cc4fa5bde962fefe,2978c5987e58fe42a7452a42051a5008892e48d3c8daf066d9ba96cbb5d405fd,1e317441f20db0395376df9facf3c2f33adac253c07bc5937f813f26fed75f91,Dogs/Fungal Infection in Dog::image_80,test
Dogs/Fungal Infection in Dog/Image_81.jpg,8,Dog - Fungal Infection,split_group_16cb4a8c711e6a9aeda22775,724bdec3265c1049bbd21f9e38e31e24540bb2989f95ca94a2416ee5b5cd5e5b,872797d2b735b0655f60f9b7aae0df725450f3757f2baa39ff9a23748493d606,Dogs/Fungal Infection in Dog::image_81,train
Dogs/Fungal Infection in Dog/Image_84.jpg,8,Dog - Fungal Infection,split_group_9d98faf9719d4f609bf612c3,c0da2e48c5bc8ca59f8ce271c324d5c9787903db104a4c53cddf34b6712a9b33,5a5358a9a1a5a47e02fbab9c2b7b42107cfa83c4bbf63927d9215a6ff4475478,Dogs/Fungal Infection in Dog::image_84,train
Dogs/Fungal Infection in Dog/Image_85.jpg,8,Dog - Fungal Infection,split_group_8b515261cf3900934c8c4d8e,4fcc154e5fd04e5a278ecb3e0625d0c30d87c73e500761574ad765589a7159c8,d87b3d66f08b76ab6ae18c09d95b857561932a24b37377242f604d4a40c82e0a,Dogs/Fungal Infection in Dog::image_85,train
Dogs/Fungal Infection in Dog/Image_88.jpg,8,Dog - Fungal Infection,split_group_b86d6ba69973ca9905d00218,c45a612d63c967eb481037f237c32e1c5d7a12fee91602f4edc40296a130f216,d4f319362b417bbecdcae7d282edd2cf1a3a5771eda99fdebee428e7c42505c0,Dogs/Fungal Infection in Dog::image_88,test
Dogs/Fungal Infection in Dog/Image_89.jpg,8,Dog - Fungal Infection,split_group_da6ea3e10f3a25d728a17d82,6d5ec31d49d85d6513aa28d44489409f62010285ec3dfe8427a68a6f183be1d0,b813e47d6e2949983f39ffca5d1bdcd40c224e17c5d6f263987dc018b5aa3240,Dogs/Fungal Infection in Dog::image_89,test
Dogs/Fungal Infection in Dog/Image_90.jpg,8,Dog - Fungal Infection,split_group_a657f3892e6f8e6466e0769f,3542280b99afe8062b6886d47472054e57b066d8c906c77233049ddc1527d2bc,b87912c2b0bdb9267ca45a590ac029a4c691ad40514e2180d040c5998309365c,Dogs/Fungal Infection in Dog::image_90,train
Dogs/Fungal Infection in Dog/Image_94.jpg,8,Dog - Fungal Infection,split_group_84fb6875ee8d25864d684e57,2d2ba5582431eae8192f94597eadd9715dd2e98045e1cbd87f656be8630a58b7,9df5a51fb8e86d80dd0e8e27a9aea2358a08efdf5485fffcfa1d2b04336c6779,Dogs/Fungal Infection in Dog::image_94,train
Dogs/Fungal Infection in Dog/Image_96.jpg,8,Dog - Fungal Infection,split_group_25b8a1245dea63bcfca89c58,062265e9651d8c204cbd6c9575f77488961f14207189cd1d0ddd11b8a8095112,89a01b9962f7aa39729e789476804daf0ac7775696c82deee91d5f9e79fac910,Dogs/Fungal Infection in Dog::image_96,validation
Dogs/Fungal Infection in Dog/Image_98.jpeg,8,Dog - Fungal Infection,split_group_9030beb7ac607951fd1c474c,a00f6206a21b89cb6350204a1e2a0ec93a8306a8cf584d6e72c413a254c9844f,0da08041df1559a07c42623321a42910bef8ac7ab3a98d76b1f7744adaef509b,Dogs/Fungal Infection in Dog::image_98,train
Dogs/Fungal Infection in Dog/Image_98.jpg,8,Dog - Fungal Infection,split_group_cf9b676dd21df26f0a40496d,d123ec0ee9b7759c6dda77935db0e8bea84326a19d3d1fa813d9fdd059555106,3d81bab275481e0176c8956cdf837cf6eeabefa09983b0e503784ca340027f3e,Dogs/Fungal Infection in Dog::image_98,train
Dogs/Fungal Infection in Dog/Image_99.jpg,8,Dog - Fungal Infection,split_group_e7c335f0c3f2809b327063ad,14a7f2b4593abaab694401dbace0f40832d6ffd54053026d7aedf9ead23657d7,2924f7928cdf75b2d8df4132006ca3f772f02b6f710261a0640f7cca351f6ec8,Dogs/Fungal Infection in Dog::image_99,train
Dogs/Fungal Infection in Dog/fung4_jpg.rf.SRzgtZ3ClF0sXjEqfBBI.jpg,8,Dog - Fungal Infection,split_group_f4a096d622eb46a042d6e3c0,47001091115989ef2015301e7d155019ffc3a57ea83054b740b112221924543d,a2a86cc106243506431bfc8cae277259091b4afe0012ee7d65d22988c42aca0b,Dogs/Fungal Infection in Dog::fung4,test
Dogs/Fungal Infection in Dog/fung5_jpg.rf.iveTW7GGUo6NCCFT26cf.jpg,8,Dog - Fungal Infection,split_group_9b2a7dfd9a8f58b0176b598b,e344a171de68b487cbf3bf789451c32ef80aa142705833fecc5910f5c253d24d,a1c444187d2b2c5b0f280aa422c3227afaac81d593cb96038c1f7bbf3046a0a8,Dogs/Fungal Infection in Dog::fung5,validation
Dogs/Fungal Infection in Dog/fungal2_jpg.rf.AGuutYGLa02lS6Q8t5yo.jpg,8,Dog - Fungal Infection,split_group_cce5634d92b4c0c53b6ecd8d,15a46add0082606dc115bb4da6c8dc2a6cd5ba183f7dc9b7a812d10698da7501,6540239f90d25bfe01dcb9aca0e8c3b3c6af009f5de25ad860d5928a8f2ba0c5,Dogs/Fungal Infection in Dog::fungal2,train
Dogs/Fungal Infection in Dog/fungal3_jpg.rf.a0HiW6hAABfle3HvidIH.jpg,8,Dog - Fungal Infection,split_group_23fef4ee59bb2178f03a74a9,9b05a8d281eb9a68054a9aec4aa520d1e03702758affb83de2156d79121f5945,b6be8082a43562f0be4bd0285606f8139c30ccc676c6625c20b23076bdbdc9f0,Dogs/Fungal Infection in Dog::fungal3,train
Dogs/Fungal Infection in Dog/pic24_jpg.rf.NgZbNSxcw4VlBVynu1hQ.jpg,8,Dog - Fungal Infection,split_group_d488706c502f96debaffabd4,b7edf55a1698be633012c0ea1f38232b581206290940ec4afb7af0f8ffa90afa,a875eab32ee6c0d947ab2ac4cf669fa1052d945379a3121a937e08aac1ed858b,Dogs/Fungal Infection in Dog::pic24,train
Dogs/Fungal Infection in Dog/pic26_jpg.rf.0vanHPkBlLdtvBb5tCT8.jpg,8,Dog - Fungal Infection,split_group_13105cbdbe6386eac5fa89c1,3262fdff5bc114a8215277a12e8f9efcf3ed2efd46c069714b042b55d4383c64,cb7d971b81a0baf1d97b9858537def6714649fb78803d9dea834e802ec5141a1,Dogs/Fungal Infection in Dog::pic26,test
Dogs/Fungal Infection in Dog/pic33_jpg.rf.Q3jzjuogqnFODP6pkI6B.jpg,8,Dog - Fungal Infection,split_group_adcf52062600628e3135f3eb,bf963f75e35e0a006356210fa5e726a60d49d1449a2d9816461b6568e960f8d1,7003c4cb0d1e9e5b624fc6824c2f095c69f1b7daa406f49b60c4ffb9a7059832,Dogs/Fungal Infection in Dog::pic33,train
Dogs/Fungal Infection in Dog/pic35_jpg.rf.USlgwxK8rkXh1tindC4O.jpg,8,Dog - Fungal Infection,split_group_902af251922f10e988ded61f,1edfb69f4b6e0066a9f66d153dbc9197c90cdf6f8942efd51f01e08f00017aa6,559bf6f0b8d3ebd3057bda84f6758a30f4d6660fbbc4cbfc8346abdcae83bba9,Dogs/Fungal Infection in Dog::pic35,train
Dogs/Fungal Infection in Dog/pic36_jpg.rf.bpxbIiq4mq5XzCqD67Yr.jpg,8,Dog - Fungal Infection,split_group_d1d03e4607fd6e7a3175c096,ea38e2cd3ce706b4ff40ce740e76d6db824585724955873d36d5d78779eb59ac,93c6086850a575e8941d8da728fa003d27acb946bc497e56b106dce279d5fa55,Dogs/Fungal Infection in Dog::pic36,test
Dogs/Fungal Infection in Dog/pic54_jpg.rf.1JZ6mDmLir5mbXkEs4Gf.jpg,8,Dog - Fungal Infection,split_group_cff8276017611288e11e2b80,28620d19de46e121b71a87c394b7c4cbddf2fb09c3585990373e250e3618f024,41e71e1800c322125be528c31c10f690b94f41831ea38b071168889dc1b4b037,Dogs/Fungal Infection in Dog::pic54,validation
Dogs/Fungal Infection in Dog/pic76_jpg.rf.7m91QZKmJVfJIxt1sa4l.jpg,8,Dog - Fungal Infection,split_group_60b72ea190c69394c3ba3bbf,4f8e7a9e3c4b1778093d579a3be53961b39d44df3a42c31a144e6cf292d84923,b3109c66840a051676b9785c9c56689c13cac24bfbd9fc9313d08b143069689b,Dogs/Fungal Infection in Dog::pic76,train
Dogs/Fungal Infection in Dog/pic80_jpg.rf.bvOaapa1N1y3NnQw21kd.jpg,8,Dog - Fungal Infection,split_group_2c869159e4d6ca589646488e,17c602ac8b22d3c0b824bd74a5fb70cb9a986319635f9b9ffa8af54fd7caa17d,cb2b1902fcf496753226c387b12feb12a71709c6b9fc91575e3c18afab6cb3ba,Dogs/Fungal Infection in Dog::pic80,test
Dogs/Fungal Infection in Dog/pic88_jpg.rf.4MilS85vOE6BqGdRWk4m.jpg,8,Dog - Fungal Infection,split_group_1613fe0b5ef3a53ea7001b32,e841d231b0402562c076437b30862b2ebc50b5a5f35b2d7752233c669db8fdb1,4056e1fedb079ba3743c554accbd7aa53a9cba27a00d5ee21f7f78a41d6d95c8,Dogs/Fungal Infection in Dog::pic88,validation
Dogs/Fungal Infection in Dog/pic89_jpg.rf.gji3hSE14LWp9ijwbwuy.jpg,8,Dog - Fungal Infection,split_group_ff142ad8852fc91a0124ace4,aec1c6dfacf4209e9e172b72d19a1dbdf3852c26a2d67177a4f21cc42f7fbf0e,82eceb66f36e53dcd923182ed2bd6825ef9a1a3d7fff893cddebb5ed9d39a36f,Dogs/Fungal Infection in Dog::pic89,train
Dogs/Fungal Infection in Dog/pic90_jpg.rf.4Fyape4vfYnJGwNbdC5v.jpg,8,Dog - Fungal Infection,split_group_fd3efc077359139b4246d50b,837f9264b0fac7d6a9b509c674623fcbb5dc1a51c8e7cf1671dc032978124da4,d8a2cd554b77102f93726800fef1aba7a45ca1091420632fa7780c83b61c4e09,Dogs/Fungal Infection in Dog::pic90,train
Dogs/Hot Spots in Dog/10_jpg.rf.VEVeNUb292cjDY0yh5an.jpg,9,Dog - Hot Spots,split_group_2c04e7ab8a28c60853fb8c40,09b5a4ed049d80c624e543ea428b1478ce29427d8ea3a376eff7d28cd9209903,35a5a50097b0753a179118002933e8b31d3f936b46a31da05aaea72b3185ce55,Dogs/Hot Spots in Dog::10,train
Dogs/Hot Spots in Dog/11_jpeg.rf.DaZYKBW8YEj6oEr2pWvI.jpeg,9,Dog - Hot Spots,split_group_bc65cd8edafa433736b9c5cf,96de737f6c11b024e61544750e36e5ed397e0aca1ccaa8e800400a2a0718fe5d,019ee6a2b6b48050ba9213d8abf8d68f3732450ed9e9573d055bc0c6e3245eef,Dogs/Hot Spots in Dog::11,train
Dogs/Hot Spots in Dog/12_jpeg.rf.3rN4F1b3PQHnjNUnvukr.jpeg,9,Dog - Hot Spots,split_group_dace70d56278e6c1e0e242a9,dadb8a32b9f67ab173596c00ad36b25409d92d5ebdef398a76610b0a94de612a,7ff4cb21969f6ae8d72befd5dea623cf5a2601091c6c2f2badd3da9beef469fc,Dogs/Hot Spots in Dog::12,validation
Dogs/Hot Spots in Dog/13_jpeg.rf.noTN4geONEefX9M06ssc.jpeg,9,Dog - Hot Spots,split_group_89718919888aa43d55e55a64,56dd2503bce4e96f17e5b2084ceffcd28d3b513330f138e787bee310c1683508,8e43e8f741ce5cb9a861724cae74b3265fc0569fa24f7c55d3bf932cbb3c08f7,Dogs/Hot Spots in Dog::13,train
Dogs/Hot Spots in Dog/14_jpeg.rf.UlVfvaNB6yJ2UFUK3kmf.jpeg,9,Dog - Hot Spots,split_group_4eb4999374cf4e3cc05b9c16,67b885303fa38f65b76646aea5678da175621aa4f0fad7a3f591ce2070c429c8,df0cdea8f00dae5e1951a57e4dd2926be89235c1a859e37d69d288205ea1e16b,Dogs/Hot Spots in Dog::14,train
Dogs/Hot Spots in Dog/16_jpg.rf.cYa4Kc7AxwarxJMA1FrG.jpg,9,Dog - Hot Spots,split_group_46c25957820f4405ceb6872c,e18c33dcda19595f8e2548965331e80b12364fec04e6cd5ff842caca116f9fc4,950c572706b45a2bc3dcffa160c7cf8f1bcffc8ace79c534c29dbef229554112,Dogs/Hot Spots in Dog::16,train
Dogs/Hot Spots in Dog/17_jpg.rf.71qCPv1eynaXnsYwPwMo.jpg,9,Dog - Hot Spots,split_group_e253f3e119fc0780fa33e74d,462f3adf403fd5abe23e2aaa968e2a356210fa58b25913eb4dc42e05dedce6a9,074f8abb50a5603397c8c042c2eb3661e53e90a156c28fe5576619a7289c4790,Dogs/Hot Spots in Dog::17,train
Dogs/Hot Spots in Dog/19_jpeg.rf.0GJ3Zaj7JASKipqMJ4Fv.jpeg,9,Dog - Hot Spots,split_group_31da394d7f2d88fc00ab1c18,d6a59942dfea159db849f02d15f9c8b5426c90c1a1f59efc1d78f8535094cceb,3a856ce67129f73549e1b1d3d2c44b679acb9b0ba12dac256866d194268278cd,Dogs/Hot Spots in Dog::19,train
Dogs/Hot Spots in Dog/20_jpeg.rf.AQsmzxe9fM4J876g5sle.jpeg,9,Dog - Hot Spots,split_group_8e0956bdb032ec89e24f2b7f,971dc553119041d00a190f3e4de9d5d3186f34fdc503b61da8df9799cbc743e5,ddf2e774cc3dad35de347e7fa5f138a58323f76f975d0fa3c4ed0bba967b8764,Dogs/Hot Spots in Dog::20,validation
Dogs/Hot Spots in Dog/21c_jpg.rf.cxYDASd7RYCZJqA2EDe2.jpg,9,Dog - Hot Spots,split_group_c357aaea6c5f7e795210e5fd,0d5f9bc737708b08a2cacb013dcc5c9c1558e8b2240f223a16ba094df2d1755a,6199dbc6f96b6ef862d20cc35e4633d5e0e9b08d1b8aa12bc8001defefafd2e8,Dogs/Hot Spots in Dog::21c,train
Dogs/Hot Spots in Dog/22c_jpg.rf.uOOLQ59B0j14hndq6Nio.jpg,9,Dog - Hot Spots,split_group_1c0eebcaa0f738f1e5ed28ee,da1fed9deb93c456577645a651128f7f0191fed9cd7e412ea33bf9b9fe7fc634,f2b710a22f0649415b3914ea985c089a567bd10ef3c5c8d5d55f53d41ed42eec,Dogs/Hot Spots in Dog::22c,train
Dogs/Hot Spots in Dog/23c_jpg.rf.Yb1Cx39mBO5AvdFMZyfd.jpg,9,Dog - Hot Spots,split_group_edbb7fd079ed0e6d4bef0480,a7e04c7656f96c33afa7c00680d00bbc090b2a5ff662e3fee4d818fbe0ad9794,a34d7e7b8ea26c48802de01f232a1e71e1422776da847c7837ff2725ed7505b2,Dogs/Hot Spots in Dog::23c,train
Dogs/Hot Spots in Dog/25_jpg.rf.dYOBoZCUFyDsk1FTanDG.jpg,9,Dog - Hot Spots,split_group_0585a997c960b9eb5204bdc6,5b13829ce3dc9080499f50c1e0db7cde64dd239981bcd47128ab1f7153c641e7,befc4d1e7816cba06140b7b0a08b44ece49b36169ff0193b8384b2569ae48200,Dogs/Hot Spots in Dog::25,train
Dogs/Hot Spots in Dog/26_jpg.rf.eYoTX5RmXemgUOQ33nWb.jpg,9,Dog - Hot Spots,split_group_58dff8e56f5cbf660065322a,4c30b9732f797fbb5009d366de11cbcf15d6680f00eb42033bc08a0a18bccd20,2da472f2a47a286ad2fcc328ccb2847b07f4c4ac153cd3b87e529f60134993de,Dogs/Hot Spots in Dog::26,train
Dogs/Hot Spots in Dog/27c_jpg.rf.j7KBYUDlWH0N9NGl6X53.jpg,9,Dog - Hot Spots,split_group_a136d621df3bbd50060b977d,f06ab907e97c08e04943e5971950be01df993b6bb034b867fc860ef30f573214,e63adb0813beaafcfffa8934a0a11824a533a85dfbcce66eeca502c55b3f8640,Dogs/Hot Spots in Dog::27c,validation
Dogs/Hot Spots in Dog/28c_jpg.rf.V5zSHN5LUGS861ebSzrI.jpg,9,Dog - Hot Spots,split_group_ea84ba5f3bdb2e43dcedf4a0,e66b001bcee84d96df1cd3fb94d211b207ea65dc801e44d9986b4661f03abab3,cc6630c4d8ba94e5e1976fc2a1c6001852f0db9d3db64ab3e9060a86f9474fff,Dogs/Hot Spots in Dog::28c,train
Dogs/Hot Spots in Dog/29c_jpg.rf.PnXateBnooQLalm7iPGx.jpg,9,Dog - Hot Spots,split_group_fbac3edbf025171e32000ab6,2233e3bf768481a97d453e30dd43dbf9d0e5901ec6f09b192637c21b7724e5ec,ca31586006bcc22cfee20b836f5efdd6ae6ebf87339aa401fa0cd0721cd82d6f,Dogs/Hot Spots in Dog::29c,validation
Dogs/Hot Spots in Dog/2_jpg.rf.cRa8sjsVUWOUD8R3mgJb.jpg,9,Dog - Hot Spots,split_group_20d8cf16a37e228afca1b262,b272f3c533277ec23d33a324f589f2afcb9fda38f68191b26d055d1a0c0ea1f1,e9d167b6f660874b73662a1239d3c8a72b94fff3545d40a6b596826fa7bb78de,Dogs/Hot Spots in Dog::2,train
Dogs/Hot Spots in Dog/30_jpg.rf.vleJb5GrvHUlb0JeKG2Y.jpg,9,Dog - Hot Spots,split_group_a20106a83c3f9b66b4a8c624,77c92d70b79fdf68c1bf6e21196e14e2475b7ef36473cb4e3cef223846bae59f,7d0742506bb9da728ccd60bae452baeac7c58475bdabd430f4b0c63417b45d5b,Dogs/Hot Spots in Dog::30,test
Dogs/Hot Spots in Dog/31c_jpg.rf.0gOfT4R9fj3ZhTFyJ7ad.jpg,9,Dog - Hot Spots,split_group_227c0de6b10f5901f2ea1680,252cf0cbddad9bd71c245dcd6ffd10bf7b97313cd1c6130b74d1402fdeb246ea,89fe07331141e05257fdaceb96a15529ba1e2ea96e0509cbd03a504f7adab14a,Dogs/Hot Spots in Dog::31c,test
Dogs/Hot Spots in Dog/32_jpeg.rf.RRHaOcTl4HggNiRfS5oz.jpeg,9,Dog - Hot Spots,split_group_a9adb1a9a3424885f221787d,4ed7f3d8c4e44e37df0777310e5556d04d16e18747a10e5aaefe4f1fffcc572c,c40e76ae0722e960545ce29cbb11eb031daa17ffa3b12f6a0c5497e9163aa896,Dogs/Hot Spots in Dog::32,test
Dogs/Hot Spots in Dog/33c_jpg.rf.UoVhXVVQJPwpe3OQehRq.jpg,9,Dog - Hot Spots,split_group_55e06cdb94eeeb99062a13c8,9cf6e3b7ef3a6d94745a209ce4afdb7c51c47ba7dd67938c127af9fc6817abc1,816d6b30a2b53d654e5412adf866dff0011c7c6f1f21c294cea2a8a39764bbaa,Dogs/Hot Spots in Dog::33c,test
Dogs/Hot Spots in Dog/34_jpeg.rf.BmlYLyFdyJDAh9Iz9sxT.jpeg,9,Dog - Hot Spots,split_group_667e630fb8d20b0ca9938220,e9804d52120e2b4e6bdf40dd15c807ce0088da9dd53331d4d20b0807bac35f73,f5d908cff376ef77ea5f194056f371cb3e213c441e70c40a52dea472e0189a5f,Dogs/Hot Spots in Dog::34,train
Dogs/Hot Spots in Dog/35_jpeg.rf.fwnqYNWfJjf8al3pIFP4.jpeg,9,Dog - Hot Spots,split_group_c4103f4fc198c06c44f76d03,390067fca65b0b2760e0ffb7a49c7569e4ee89e4cd4c098c4f8b3dd55c5da65c,45b1e4cfd48c53b3beda5d72140b4127dde2489b51372a1a157848d942cbf932,Dogs/Hot Spots in Dog::35,train
Dogs/Hot Spots in Dog/36_jpeg.rf.Z3S9ukMWFKRVSrQkkRHl.jpeg,9,Dog - Hot Spots,split_group_d3ab895165f2382725ee223d,24c6e33e76fb1bc50424d43c73344e0fa459a6283bd1436c531cf761bc2dbf0e,a271c2cf47b66235ac9f3a7ddce90dd3121336668b797da03258f7d616235990,Dogs/Hot Spots in Dog::36,validation
Dogs/Hot Spots in Dog/37_jpeg.rf.oEjkRPEPiPAod1nQzZOJ.jpeg,9,Dog - Hot Spots,split_group_d17dc12264593d326acd542d,2c6675d95ce417eccacf337d7d413f9c62c2f1182299f6cbe7b178b496b71c1a,c435cffbf6805943af79230e37e340fc0329fbb53201e2a39e83b7904e905574,Dogs/Hot Spots in Dog::37,test
Dogs/Hot Spots in Dog/38_jpg.rf.9uS4dg87b31T5UMLDRWn.jpg,9,Dog - Hot Spots,split_group_f5e8bfabadf86120ffde1730,95591e10e09c6a8c22c7e0693f6c6f4535686207ccaa0ec61cd0e3a00706bcec,3591d4796450654efc56928d6574302edb36257078cdbd437bcfc2e2c803b8da,Dogs/Hot Spots in Dog::38,test
Dogs/Hot Spots in Dog/39c_jpg.rf.AURTG5uBaKBRkRa2msA5.jpg,9,Dog - Hot Spots,split_group_ef1d5c4af182b689a4f2d863,dbc063c97d544624ec7a8edd35bbc8a185d96a299551d2cf7393972cb54ef3e3,a9eb3bed6a9bdc2da7f4a7edf651e6c0a4f6154b79f6feebb5fa7e5ac870c862,Dogs/Hot Spots in Dog::39c,train
Dogs/Hot Spots in Dog/3c_jpg.rf.uvFIlOhSIQMuYF87IL94.jpg,9,Dog - Hot Spots,split_group_4317314cdc6f09e21ac0569e,60b8e8bf6f491440eefa30934efc897ae067ba7d91fef3b31863d2b95c2757a0,111b8cb37b26a3afeb894122317e08730879bfa415cb98f350c8d2c7cbe38bf4,Dogs/Hot Spots in Dog::3c,validation
Dogs/Hot Spots in Dog/40_jpg.rf.9DPsenvHpuD1Z7W0VWSe.jpg,9,Dog - Hot Spots,split_group_214ba7e37f1d902f776c225c,1c0cb8d59844f93bd59b2d2c539800d4839b106e7ef4628b4eadc82a3e4ea7a0,ebc1b8d1b3652c4f5e593c5a64486e9e981d38995c8e51c3b9f5457b27737ccc,Dogs/Hot Spots in Dog::40,train
Dogs/Hot Spots in Dog/4c_jpg.rf.4DIQFvhaYDyvYScQasPi.jpg,9,Dog - Hot Spots,split_group_a9adb1a9a3424885f221787d,3462c3f53015657a6e08f7ba08da9022284c31a59dc7dc0e00b1bbad1ffb484d,def4ef7bb56f9277212653e9e753f610f7c4c4933b599a9b9a3012ab2b512264,Dogs/Hot Spots in Dog::4c,test
Dogs/Hot Spots in Dog/5c_jpg.rf.58IiTEK9t4vYBPNnS6bZ.jpg,9,Dog - Hot Spots,split_group_821a87378bcb9ec012353704,87dcb64f9528f5c34c88d4e69071c00a96730cd3657598d5c32ff367890aaa02,2a6c6862abd4fb5fc6682189a6e79d9292d4c0e8b6c59dfa50d3c98bb2e48f11,Dogs/Hot Spots in Dog::5c,test
Dogs/Hot Spots in Dog/6c_jpg.rf.dychhaHMkhWQoARlaZ4t.jpg,9,Dog - Hot Spots,split_group_542e5f6e474b8b512132ee32,7c9a31b64a8cbce6bcae6c668acebe3fe1deaefd03ba65c87a8f8d43a493ae85,03f5abe4b17be35a48fc3babb0f862566946bb3efe5211a22d158ca66b87cd12,Dogs/Hot Spots in Dog::6c,train
Dogs/Hot Spots in Dog/7c_jpg.rf.TjQDwYmZjimYczYE9N0Z.jpg,9,Dog - Hot Spots,split_group_cc9d259b61ed2e3cc11f5aae,c1985369ae26d1f9385ac4798890c8485650a773ed17ed777e312c8d3b90f6f0,d3c2b083f296da4b64f9fbdc18b3e5dcabb7576f00276992794001d2e7bcb86a,Dogs/Hot Spots in Dog::7c,train
Dogs/Hot Spots in Dog/8c_jpg.rf.AWNYq6tCge4vNVXyrIcu.jpg,9,Dog - Hot Spots,split_group_a694624103c415e5c79b336b,f14e29503cf5ba796ceaf4992d86b89e13396f57930ad92d14fc15267baf57d0,bc529b69b6598336b814fb9aef933f17e6ef6f75a4b1d9b24801c3f01540a25c,Dogs/Hot Spots in Dog::8c,train
Dogs/Hot Spots in Dog/Image_1.jpg,9,Dog - Hot Spots,split_group_5b74dcad1900e05a07c5336f,a804acbdc922c1233f4c4ccc22cd5de0fda8ff9fbe400cbbbcbdcf4f2f951407,8363c9d3b5ab9c84ea2e67944060b60f50996a8a397f4ded0d466b47969a957a,Dogs/Hot Spots in Dog::image_1,train
Dogs/Hot Spots in Dog/Image_10.jpg,9,Dog - Hot Spots,split_group_68d03d5afe38026e5099a5fc,cbfa9d6b928582630fcbd9451890ae55ce912ada441f6ea90273c9d732d67bce,5e0480bd9f67162be36b32f3bfebcd74b822fa8deb4d84ce8f176a5e3fb4a56e,Dogs/Hot Spots in Dog::image_10,train
Dogs/Hot Spots in Dog/Image_11.jpg,9,Dog - Hot Spots,split_group_d29c67194a555df19e9606a4,e2f6f86a2484f404cf776641543f291081891d8928ad504fd4cf2350eaab1946,9c2f9d00fc4f078b78781be7885afb949b1e49033b1dd57d145893cd7e6fbc5f,Dogs/Hot Spots in Dog::image_11,train
Dogs/Hot Spots in Dog/Image_12.jpg,9,Dog - Hot Spots,split_group_b67e5e4e9655c8cc3a1fb26f,00c0db3e3fb241be5acfd496d1714a1d843d6666c285698ca65ff1f115a6699b,945d5a43e01cffba461086f7ed012776b6ccd42478254c60002a21c367371cd9,Dogs/Hot Spots in Dog::image_12,train
Dogs/Hot Spots in Dog/Image_14.jpg,9,Dog - Hot Spots,split_group_51a340906c99d94b04e4c77a,3661557e09532a9acdcae1bace13da3297a190e449efa7314c254fe693e29e68,a6969610cb212c9d27040d55404bc2302898e2d232ecbcf043766aee2d301751,Dogs/Hot Spots in Dog::image_14,validation
Dogs/Hot Spots in Dog/Image_15.jpg,9,Dog - Hot Spots,split_group_24536a439a6b63c3457140b6,95d390ac7a1cf68ded292a6e7a2b7c6b62aebd07c8a8611ebda073a6a43ec7ad,70c7de15367b9bb4171be8a173a43b5eb442cf14f73554d65a7cbc39d5a912d1,Dogs/Hot Spots in Dog::image_15,train
Dogs/Hot Spots in Dog/Image_16.jpg,9,Dog - Hot Spots,split_group_3ebb593b01a843fe9c0be70d,e1a0537939d7d3913919df0cd7f8bba21d61b5a190d5788323477f0a41a25fe6,f7e261c6ddecd3b9c78d69fbcdeccda0f49b1514d58b2c6f50d3a0fd874fe049,Dogs/Hot Spots in Dog::image_16,train
Dogs/Hot Spots in Dog/Image_18.jpg,9,Dog - Hot Spots,split_group_5000b1de50f80b1b8f04370c,253eae5e997a02178551fbc1662dbde83f28029abf68a45df5843dcbcde8a330,94d232aa9d13f3311ef48ba97a0e27278899c15472116eb395b002e4177e6b10,Dogs/Hot Spots in Dog::image_18,train
Dogs/Hot Spots in Dog/Image_19.jpg,9,Dog - Hot Spots,split_group_4d0d9897fc0db7bb2cd6b606,4d2da950a736417cf7cf6e184adad1b93008e8a158c83f2eed05d3c652473d63,aac205759fa41205e2d1880d3eda993d8ebbaf5773486917c4229ddf9a798b44,Dogs/Hot Spots in Dog::image_19,test
Dogs/Hot Spots in Dog/Image_2.jpeg,9,Dog - Hot Spots,split_group_a39582d26c3680b16848426b,34190ae1b4ad8371d822362a7c7d7b11057624daec4ca2ffa4cf03b4629aeff7,9b3f7eafa43563eb0336a9ca455d86ca6a763f10f85da1a62ebe99d6422fca6b,Dogs/Hot Spots in Dog::image_2,test
Dogs/Hot Spots in Dog/Image_21.jpg,9,Dog - Hot Spots,split_group_ab88b66bb688f578136e784b,4cea5c494663b76c729564b7e3baa2f7618ffe83965625db3bf59c99221b5650,0d5bbe6824efba1467afae8f14b65f4ef9180dd3d96a60f96e1e80e73b859dd1,Dogs/Hot Spots in Dog::image_21,train
Dogs/Hot Spots in Dog/Image_22.jpg,9,Dog - Hot Spots,split_group_72312ef7a68a1ddd4412c29e,0574def408833927e58e015b475ac48f3f819c8bc2e06a32dc9eddf977b2390f,2d899bbae479c1bfe3b49357154f2f8134f959e91982d052c30acb9f60e8245d,Dogs/Hot Spots in Dog::image_22,train
Dogs/Hot Spots in Dog/Image_23.jpg,9,Dog - Hot Spots,split_group_3844127fe4e9e8ef78a2e358,9b555a86eabe1e4eec003e15799cc0e72d744d097a05033b91eb65ef4b0fbf97,fe56f53937e4a3f48f2440ba6293f881250f12d14e4df74b0565a7aab31029df,Dogs/Hot Spots in Dog::image_23,train
Dogs/Hot Spots in Dog/Image_25.jpg,9,Dog - Hot Spots,split_group_6e4e1eb810bf15ce87b8c1a0,9b9f9be43d7c67045df2911d36e32e41d3e9761963b08e2800bdbadac1a158de,fefdecf0d6a1d84f2629443cf85fc0355ede3bbce1a3130598737121e02ab938,Dogs/Hot Spots in Dog::image_25,train
Dogs/Hot Spots in Dog/Image_26.jpg,9,Dog - Hot Spots,split_group_fe628256ab9e2c02be6648cf,9abb68d611627c62ee76bc5852620e22f6aff40ff7458299e1d433069933d099,3278b021611de89e15ec854f1b327b1601e0bc4c7ac6900b585202680d77a863,Dogs/Hot Spots in Dog::image_26,train
Dogs/Hot Spots in Dog/Image_27.jpg,9,Dog - Hot Spots,split_group_735c19996d11a855e86cc39a,aec8803ec7027e62b2f04ee8c468ee80bcf51904cf5d2dff942080ef80a04356,920d637b162ea5a345a648788282c2651f7602de860a8b0bd9efe4f942557931,Dogs/Hot Spots in Dog::image_27,train
Dogs/Hot Spots in Dog/Image_29.jpg,9,Dog - Hot Spots,split_group_666b5af7651771cfa1f7b872,d48dfd3a0e58663bc3f3abe56c13164d2cacea1dea261ceecd4ea15d76d5a593,18373823149491d25ff2f5d39a252cc1aca60fdebdcb4978cb9d0e82ecdcf9d1,Dogs/Hot Spots in Dog::image_29,train
Dogs/Hot Spots in Dog/Image_31.jpg,9,Dog - Hot Spots,split_group_4bc31070a5525217dab91ac0,c2ff82044a7519d888d8b935bdd5b05c14e1e71130d8f3d7e74179819e8c9c1b,7caa04bfd946659dc8644fcfc7709a51585ea18991ef99545529db19e7dc8c39,Dogs/Hot Spots in Dog::image_31,train
Dogs/Hot Spots in Dog/Image_32.jpg,9,Dog - Hot Spots,split_group_ef5deef1f93e9280376ce6a8,b2ba9e5eb732047a4cec168e7e84c9ec9edfe84a068d068bfd1dd1da47cea3d4,737b6b73c3835966ad25bcc59c7b2bfe42559fc9564d6cc01f60acf8eabc0d1e,Dogs/Hot Spots in Dog::image_32,train
Dogs/Hot Spots in Dog/Image_33.jpg,9,Dog - Hot Spots,split_group_f14a4be95796323752f4b138,54c0b3e39ad2b42d178074a6f7f82031b3ff8db44e2892c87054f4e764681252,ce43a83e5057bb6def7ed0f005d492fac0f99315380f3801bd773553fb857ae6,Dogs/Hot Spots in Dog::image_33,train
Dogs/Hot Spots in Dog/Image_34.jpg,9,Dog - Hot Spots,split_group_d020c7be8e77f05fd76949e6,f0f1346f8aef1fb319348426650ff50083e90d6731a2592dd53daccb1d5fc1e1,dc6b24e07e45f4c6633a36a865a817815f95b7ab724f03a495e208fe98369b31,Dogs/Hot Spots in Dog::image_34,train
Dogs/Hot Spots in Dog/Image_36.jpg,9,Dog - Hot Spots,split_group_39b8aa8b24dc1922ac4aebf4,bceed5714be9a40497a5713ba7c20d3c31b6cf2ad4bfd2f4de73dbeb14c818b7,a6d77704d52d8911260711544db4da54abc3ad587f63a70f30404e4afbe3939c,Dogs/Hot Spots in Dog::image_36,test
Dogs/Hot Spots in Dog/Image_37.jpg,9,Dog - Hot Spots,split_group_4bc31070a5525217dab91ac0,38e7df6442867ae1572f925d5509b93ad60f82762774e81f750b822775f2dc3a,1609abdf29af5984c985e8390507f7e7d4ae4134330cb1a5a248b7b88f064650,Dogs/Hot Spots in Dog::image_37,train
Dogs/Hot Spots in Dog/Image_38.jpg,9,Dog - Hot Spots,split_group_bd5061d0fbae7ea738ab6bff,8a6c6116b3797be2840b895536009987251536ee1481a09b9849cafad1a47245,bd1b9b4e01492a342bcce889c8315615341072faaf54b8a53c22706be5d2a6fa,Dogs/Hot Spots in Dog::image_38,validation
Dogs/Hot Spots in Dog/Image_39.jpg,9,Dog - Hot Spots,split_group_2bfbe2774c676cc845143713,6b9746eb58bb92d2f598bd37eacb5c6ea72419c8ab1a2621bc9037c855a3febf,9751a2b27cbb2848e85f864bb79bcecd2e6a27518099b899643c2c1a3dcfc045,Dogs/Hot Spots in Dog::image_39,validation
Dogs/Hot Spots in Dog/Image_4.jpg,9,Dog - Hot Spots,split_group_e8b25578c92790a832a33c6a,659c696880a6a68abdfd42e92f65360fc640b169e5e0e1bb3ec24f5a294951a7,266d15c177730ee7da9964560c58331dbc2d7d114af1dc41c51dc14202379811,Dogs/Hot Spots in Dog::image_4,test
Dogs/Hot Spots in Dog/Image_40.jpg,9,Dog - Hot Spots,split_group_6989ebb6ab0b0986fabbdb12,2a5407fc24dec540ac5ebf816ab2202f52cf47d4795850a199f0b0dbb1f17cc3,d8fbb599d825b17011382e226a87269f11a5c8fc7f017b9ff21ad7f1d6afcce4,Dogs/Hot Spots in Dog::image_40,train
Dogs/Hot Spots in Dog/Image_42.jpg,9,Dog - Hot Spots,split_group_ba2a1c7898a76fb61277a3d8,b1ad44f41c14e03505fcb2c1dab7cedeb5e6295ac4057c27e9e8f683686f16e9,471d49aa7d4d221b96a5d40a4ec35e25161ca16f8c0648f12b3c6f9e0839d53e,Dogs/Hot Spots in Dog::image_42,train
Dogs/Hot Spots in Dog/Image_43.jpg,9,Dog - Hot Spots,split_group_0b9b61a8385c9caa7656ed4d,fb2bdecd8aeb1bd89bbae01ddbf46fb66820c9ee60789e6e38f4a0c3886a59dc,75068b5089c5e6a5e82a76cb91fb4761bf3cfa831a1000fe343125edf82f7bf5,Dogs/Hot Spots in Dog::image_43,train
Dogs/Hot Spots in Dog/Image_44.jpg,9,Dog - Hot Spots,split_group_ea8a95ba78ee109798081cf7,1a16ab096f70009cc61c95a02655b735a735a399d8dc3c1437b4ed336c9f779b,5234259a3fac7f0f832711dadc6bc48b376a44387fb9e5b5dc45a4c4eaf49b94,Dogs/Hot Spots in Dog::image_44,train
Dogs/Hot Spots in Dog/Image_45.jpg,9,Dog - Hot Spots,split_group_0da1c42189e40df613bb4e10,0fe939cbfa2301da608ad20eff30953f3ca017ef649596bf7a6d4f7b8b9a18a5,a571789c103bb56bcc0e8a375ef720577322855a5c54b66a98879bbb0c746b30,Dogs/Hot Spots in Dog::image_45,validation
Dogs/Hot Spots in Dog/Image_46.jpg,9,Dog - Hot Spots,split_group_b169765dd90a8e399e13af4a,985cf2392634533e450b10378b99a13a837cc4857f63e0e9c9906c4f85b937d5,17ae86d642a85633d1ceeb6f2a81cb7cfd51ceab01b7bc6e442962242d259106,Dogs/Hot Spots in Dog::image_46,train
Dogs/Hot Spots in Dog/Image_48.jpg,9,Dog - Hot Spots,split_group_6600ba14a04b357291f9b191,51e64cebc37bd4770129821752124cc6beba4e91e9a359fc8380c56f1dc186bc,2fcad3123e7c8919e0249ca79b349e172506cff8ba8370d1add860896171797c,Dogs/Hot Spots in Dog::image_48,train
Dogs/Hot Spots in Dog/Image_49.jpg,9,Dog - Hot Spots,split_group_ab926db46c466c6f83faeff1,05ad2e2e89d2f2a69064bd11c5f0d36ea790230219434da8cd6e9abca4a596d5,c4c64f028909b90fef70032bc7b8cc219496d4c1ab6c308dddc8664c0c8317c6,Dogs/Hot Spots in Dog::image_49,train
Dogs/Hot Spots in Dog/Image_50.jpg,9,Dog - Hot Spots,split_group_f9002f74cbe891bb03c40491,9c3bc1f3f13999afe5b5a938408c5b8d08ada4ca66b15a212def2a62502ee222,3151653ad336ddabe5c616f52b705cb8e2e5e0bdd737f0112b492fe8b2405807,Dogs/Hot Spots in Dog::image_50,train
Dogs/Hot Spots in Dog/Image_51.jpg,9,Dog - Hot Spots,split_group_cd12d75930a3524446238692,be632d43a65d804450326fc25f3f1540b2f027f56c9ed269e9b977b9082bc9ba,807478248ba30a78009aee11746f2f36c69b3f290d9b7224ac6d7ddfdc47427e,Dogs/Hot Spots in Dog::image_51,train
Dogs/Hot Spots in Dog/Image_52.png,9,Dog - Hot Spots,split_group_62a62a8e9a25f9d7ae9dfea5,11efa0033928a4b9a1270272dcf49a8e9709bafc638324bb1516c0bc1e53e706,ad382360c39f77a181be36e6a896634be3781b38da842813ef4f3199173a09bb,Dogs/Hot Spots in Dog::image_52,train
Dogs/Hot Spots in Dog/Image_53.jpg,9,Dog - Hot Spots,split_group_ccae40c8f3928a065fdc570c,fe85c7ddd6786c1adbfcb84c0e5b94cb08efb712329225e43fcb8e96aa674346,eeeb8ba7b66005875fe5f0bb81c878dc7f99c67275a7d436b611172e20b1159d,Dogs/Hot Spots in Dog::image_53,validation
Dogs/Hot Spots in Dog/Image_55.jpg,9,Dog - Hot Spots,split_group_73aea38081fc7ce295969e25,68c0acbf0783aea8836729168635772130abec23b598c484be66c8f3aa839188,c5e62252ec0e407d0b62177934b2e0ddbaab7a59739a26fb0a58853cd5a4cb1a,Dogs/Hot Spots in Dog::image_55,train
Dogs/Hot Spots in Dog/Image_57.jpg,9,Dog - Hot Spots,split_group_e8e11d46ea4f82f6644b268f,db0df8f95f20f5658eb2ee5ea4106ed285dcf7cca37bb86dc3d78318af1d6eb5,cf90d6ec5d51dccccce5e9b7c241605864022b43a53927eb91a501bf0b4830ad,Dogs/Hot Spots in Dog::image_57,train
Dogs/Hot Spots in Dog/Image_58.jpg,9,Dog - Hot Spots,split_group_a017814c23a4d8ec765fa69c,32cb1984f86cf60491c42ed4034a04c37db26525126df3fa7c835a00a7b2528e,4bed5227dee1db3ca90f77c973e2ea26f75a3617ab206966797cfca59309cbea,Dogs/Hot Spots in Dog::image_58,train
Dogs/Hot Spots in Dog/Image_59.jpg,9,Dog - Hot Spots,split_group_a452ce3557b5aed2b4b7767c,b94eef5b302c9b4ef6964831f3d70f916cc0d5f8bd2f71b79e4e27e662a89594,6d5a1365365f3a6f894fa599951305316ad882e47167e84459aee624fc173ba5,Dogs/Hot Spots in Dog::image_59,test
Dogs/Hot Spots in Dog/Image_61.jpg,9,Dog - Hot Spots,split_group_c950f075c2044d3741635b9a,50d4ff4c4556e41d3ceef90aa34573c7759008cf7d70461162f2f81770f58a9a,58d6f2ab1da53849211dea33b33655e6abacbd1f62d51dd7f7de5ad26f114c6c,Dogs/Hot Spots in Dog::image_61,train
Dogs/Hot Spots in Dog/Image_66.jpg,9,Dog - Hot Spots,split_group_66a2a86a7dd3f5d866077abb,5914f7b74daf4c16aa7aba69122a275cef00f7413234450d335ee390fd63ffcd,f9eb0d8a5b2cc5cc7068a2d8a754c325e0261e8d348b3b364e6534970e596d90,Dogs/Hot Spots in Dog::image_66,train
Dogs/Hot Spots in Dog/Image_67.jpg,9,Dog - Hot Spots,split_group_abd527d12bb42205e9ae53e5,132157ba4d9bea2f3042bf07c84e33d70779d011f2c848905013e78b6d9d6f1c,c44ae9125517554cade4cac36a3881b0cbfdfcd6cf477d96abf5abeb4724071e,Dogs/Hot Spots in Dog::image_67,train
Dogs/Hot Spots in Dog/Image_69.jpg,9,Dog - Hot Spots,split_group_4492ed6e215e15f8c10ac3a0,0149bd03dd9e01b29499fd384bc43665a84498382792ba91ca5f8d2f2de1b097,e7ca6dc1033ed2e5196b42bc288dab5bec533bfbf60ad48dd4483251b2aa5933,Dogs/Hot Spots in Dog::image_69,validation
Dogs/Hot Spots in Dog/Image_7.jpg,9,Dog - Hot Spots,split_group_3e90107eef9ae0b749a9b45a,60dd0c3f809852f71a6a6e57e3bff2c20ec25216704ceeab477cf1ff43206c94,320ee063ecd352c2faf126b42966ed2d30b0b5477ee4af5a77d4acd034726c3f,Dogs/Hot Spots in Dog::image_7,test
Dogs/Hot Spots in Dog/Image_73.jpg,9,Dog - Hot Spots,split_group_79c70e1307e1f432fbb10d8c,73aa2718b0d220bfd0269a3b12f99827ad342c834f2248208e07b909f9ce777a,67cabd27e748cc82debcbfcafdef3acf36c77642cb0ab08c6fb763e16a2879ae,Dogs/Hot Spots in Dog::image_73,train
Dogs/Hot Spots in Dog/Image_77.png,9,Dog - Hot Spots,split_group_398472eada19d4174e40c332,a6f7d9fa6ff6400eb2ded38de3a94f3015f8a2bb718d0f18e735b171d10ee404,0172ed94c9582458626fc3e6e1ba74f263f2d5f432031dfb1ebd30a937a16d3c,Dogs/Hot Spots in Dog::image_77,train
Dogs/Hot Spots in Dog/Image_78.jpg,9,Dog - Hot Spots,split_group_dccde3fcc20b701f03cc5d2a,e5af34d7c46529d0e893e8c85c2b51dbccb398a1437c981a1b1bcfd6e925bed8,72b37c0cd17af22e13315518989b1cf06aff8ae0887e5d888bcf590333e2b8a7,Dogs/Hot Spots in Dog::image_78,train
Dogs/Hot Spots in Dog/Image_79.jpg,9,Dog - Hot Spots,split_group_3b7a5042944f95ce84c8071b,30c039dd41b1787a295fbdd66f17baad1ad32a2e0feb4b42ebd2f2fee734a8dc,3cd000aa48d54b9c60233e283e4f5fd73180b8049a0d69756348ec64cb76fe24,Dogs/Hot Spots in Dog::image_79,train
Dogs/Hot Spots in Dog/Image_83.JPG,9,Dog - Hot Spots,split_group_4c29f8a6b82598d1ccca0a46,6d590633d907cf2eeeca3275f87bebc0ec06464b9de8ad7f5d9ecd0cc8f4caf8,f6ef71c64c5a6ef862e085e592044c42171b6d61d110f9701cc78105f942d0e0,Dogs/Hot Spots in Dog::image_83,train
Dogs/Hot Spots in Dog/Image_84.jpg,9,Dog - Hot Spots,split_group_a9cd9710e914c3524ffd6018,46df1335c211acf2a073715ebb2be8fb55afe1416ebca0196a48d8755efffe8b,de7b126327727c609ef2fe9d8509a3b74eb65254c2faa6fc5e12582af7fa9222,Dogs/Hot Spots in Dog::image_84,validation
Dogs/Hot Spots in Dog/Image_9.jpg,9,Dog - Hot Spots,split_group_46c25957820f4405ceb6872c,5dab707ac366b8420fc42d20bd4f92bb2082f50bfd1368804a86cd7ef206ea51,c223e7cbb6b75089f19b1b56e20adab239192905868b9381d497bff4eadb1adb,Dogs/Hot Spots in Dog::image_9,train
Dogs/Hot Spots in Dog/Image_98_jpg.rf.jaLb5kO6zWGkkZO9Icwb.jpg,9,Dog - Hot Spots,split_group_8c0e9022ecd55e1bb9efde01,448780eb36fc22416a97379537723b6e811e0c4731cff3ce2340c4928f18144e,2986fedd68a7bd7a2d16d71bc0ec4edf2d278b729f383ab61ebf4a5f6d24242f,Dogs/Hot Spots in Dog::image_98,train
Dogs/Mange in Dog/1-1-_jpg.rf.ouXreTZl7t7sQebK2bxz.jpg,10,Dog - Mange,split_group_5e9bb521d5755e59e6d6c9c5,11be10f459c923ee3aaef46304512c4917c371ed9f64b693a95f240ad80833f5,be45c21095ed07c604e97c7e57f8ac295191ae2382f7abeddb0a5d2c89869bcd,Dogs/Mange in Dog::1-1-,train
Dogs/Mange in Dog/1-10-_jpg.rf.uOqljsXmjUv2Gz1PyQ56.jpg,10,Dog - Mange,split_group_0fc6158a33cd9b27dfed87f4,042fdcbe282713be05d1e8a91bd5ae18234c95d1018fa428b3d885c7f1c1e931,3863acc30a3ba5d97b0df70b1dd776930d510f60be1ec0925f628af6eaef2e96,Dogs/Mange in Dog::1-10-,test
Dogs/Mange in Dog/1-10-_png_jpg.rf.7gUMBB79vVHUdLF40ZOl.jpg,10,Dog - Mange,split_group_6f58405eba1ad86fea0a6c0c,8ee587c37464783453614a0983f1630c5fffd4d38d74c001fed54f18424d3e9c,24552bb4842ffffa2426af75a72e9dbcf11037c8e73361e26abfad6a5224c6f7,Dogs/Mange in Dog::1-10-_png,train
Dogs/Mange in Dog/1-11-_jpg.rf.6nFz21HOZ6G7PkmVUm2T.jpg,10,Dog - Mange,split_group_c91f60b2f69cc3458e762d78,b8b4ed3f412f216e947654a03e4eb8972a9abad464f0764a0cc8b388b8fc3665,164d1ce38f2e1f806cb180e9197199dd327ebdbf1f4d11e1002dc701c8d96fa7,Dogs/Mange in Dog::1-11-,train
Dogs/Mange in Dog/1-11-_png_jpg.rf.kufgu5wiuxqcTcvw0gQ7.jpg,10,Dog - Mange,split_group_18a0b92d94a5aec611669cf0,b0617b6fbed1edb35301bc9bef983b2e17eb5b62f5b06a2ea40f6c046215175f,c0e7ba10f98cfa64468e8d91776d45214dcdac19007c03a63b34f812c4ae4ae4,Dogs/Mange in Dog::1-11-_png,train
Dogs/Mange in Dog/1-12-_jpg.rf.J6uDcgT4gmnVW9sZmNaw.jpg,10,Dog - Mange,split_group_5d306d996a6bdec92bd42d19,b50e938399613625888595a5e706b4a481c6ddca33a2982a9786e4e154a3ed40,c8b704d93e1f1f8618b4acde83bf22065edcf382ae8d6ba88cb67a7fabad7f01,Dogs/Mange in Dog::1-12-,train
Dogs/Mange in Dog/1-12-_png_jpg.rf.8VOYmfmJc0QXyUoXqhIP.jpg,10,Dog - Mange,split_group_b7495c529f21f3de620131e9,ca5cdfd4033aa2f48eaded8658d2c948222d01433f3c8ea5c7a2c7e17a620ca1,6bed1753acc09a9ec0c3e991c6f0379856ed8fa1507d5ce6489533cadceff4c3,Dogs/Mange in Dog::1-12-_png,train
Dogs/Mange in Dog/1-13-_jpg.rf.kZneSUDkW23LJuspbR4j.jpg,10,Dog - Mange,split_group_94fefb3a8e2ecc2d0c79dd32,a8ed9226e7c54b56dfab08ec51d105b8bc65b3aee6e83b824752951d60ae047a,ef379fbc00f181d60d2cd0057866a37e2ef5728053b137bd47ae1d41e216aba5,Dogs/Mange in Dog::1-13-,train
Dogs/Mange in Dog/1-13-_png_jpg.rf.sF1rdXQu59szDGSav0un.jpg,10,Dog - Mange,split_group_8319906582b577ee6a4cd0b8,ccf6176b5e3a66d33b5e8acbd6b10c40d48d5a04fded7adbc296c87422a7d9c0,25daa09a713bbe89f275ecebddd211a746e16f91db6fba38e8d2d4226109baf2,Dogs/Mange in Dog::1-13-_png,test
Dogs/Mange in Dog/1-14-_png_jpg.rf.PRyAIttpNZm2pf75hHRj.jpg,10,Dog - Mange,split_group_7f51144ea30aaa3dab01251d,7bfd33aa0aab1f29e803adeb213115bc87ca4a6caed28770df902b092db38ef1,563ac3b048a3b94bc3ba2a776340a8c9dca739628a0fff7e32b8f26b0dd76c74,Dogs/Mange in Dog::1-14-_png,train
Dogs/Mange in Dog/1-15-_png_jpg.rf.BVfcx5CbJeOewgl3T7l2.jpg,10,Dog - Mange,split_group_0c5fd113a83365e63703344b,e263dd7b53b5f0549e7fdea2f80817b97686f95effcd07c8521ab4dd86fd519f,79520697a5f261fe3c5fb4e5ea2658e2308f76c9a15cfcefe651f9994c380f9d,Dogs/Mange in Dog::1-15-_png,validation
Dogs/Mange in Dog/1-16-_png_jpg.rf.WrrsKvzJdflS09HnwCv1.jpg,10,Dog - Mange,split_group_9db0aab7b1896138319cd6fd,b02d49821db5a84425e80859c7ee60fa043c73fb5b930941961042b288145a5a,0b1158afb69c909462772c431a5a31cbe532f3ef28caaf7dcbb02ca1fe5e63a6,Dogs/Mange in Dog::1-16-_png,train
Dogs/Mange in Dog/1-17-_png_jpg.rf.3ggH2pItimtGKxv1oqvc.jpg,10,Dog - Mange,split_group_16d181eb94b08c6e37ab5dab,dfc7263dc4e36184339b8951d045b735539d83d106c10315f19cb270fcefffff,fccfbcb6c6c1da3e3b8a01d22c486181d87945e3e163ea17b64e5d703fdf89d6,Dogs/Mange in Dog::1-17-_png,train
Dogs/Mange in Dog/1-18-_png_jpg.rf.MnHpkCtiRvwyVMiVNRsW.jpg,10,Dog - Mange,split_group_c8586ae0aa97def75cd51bc5,dad0aac2d75c5a00a3e9b7d7495000025f6f0ae10d95755a217d8aae8e89ba23,fbb99ea5e91714a06f379deb7f41dba6f46034ec568a3ba8b14db4e9964d3f2d,Dogs/Mange in Dog::1-18-_png,validation
Dogs/Mange in Dog/1-19-_png_jpg.rf.2UkJK1S6Hsb8T6xgGGnY.jpg,10,Dog - Mange,split_group_6ebda2a25f282e7ae1f577e7,a92ab78cd0b781b25c8113d94b4ef0a6bb3d6ec47ab652f48eefa51ea1c4fc04,cfc573c5f2566c942b5f8b49622215445cae87af286e5a9eba3f06454ae3fe5f,Dogs/Mange in Dog::1-19-_png,train
Dogs/Mange in Dog/1-2-_jpg.rf.VgWj8pxqUjWJITcOIFH6.jpg,10,Dog - Mange,split_group_6d7796dcec512281fb2087f8,afcd104c15c7ec24a7508f7e2e013541ff403fc38dfd0714a11414269147556e,bec17dd8785c950f07c006357b2c9173a702cbe4030dea474f2ae13b840f8b65,Dogs/Mange in Dog::1-2-,test
Dogs/Mange in Dog/1-2-_png_jpg.rf.eA8uOnbeFLPl9WzDnwMa.jpg,10,Dog - Mange,split_group_8a27845bac0f35c82a6ef72d,bda42e0c1c79c88868710d0018e7607324f6dbedac2a7eb4e70ca6bbcc4fd779,622a0f4f3991bcdaf9bf0f30ec9d749dde09ff9ba9abf339fa7dc4d1261b14f1,Dogs/Mange in Dog::1-2-_png,train
Dogs/Mange in Dog/1-23-_png_jpg.rf.TXg3ZyRL7jEVmUE3Vg6D.jpg,10,Dog - Mange,split_group_baddd4473d0fedbe782b658e,9a5361289f46af4768cdc6ce648d0ba46490fc08d15585d471d8d07d57f901ad,16a65058f2ee573896a3d031d2f247e2a75ce5460598510f245909377412cce9,Dogs/Mange in Dog::1-23-_png,test
Dogs/Mange in Dog/1-24-_png_jpg.rf.IBMTFe1iUGEorjvGeNqe.jpg,10,Dog - Mange,split_group_6017fdf41f619683555be4de,3b2068678fc40aeb7ddad8c781e021086df983ab390118f9c4ce1b51f2f342d5,0b4fe9f4dbb8d5e634bbae468ff1e96fdc5da8c40472ef75111720b357171ad0,Dogs/Mange in Dog::1-24-_png,train
Dogs/Mange in Dog/1-25-_png_jpg.rf.5fcr7qX83hntxuHf3xmk.jpg,10,Dog - Mange,split_group_9f628b93e0bc4b8a0101f062,a39533a672e302201b55511c374c9caf946fbeaf49e4eae6dbb518bd0090e247,b0894810f5cbf0921f663726d0ab8350d6882b3ac48919396c77eca7c7a00e5a,Dogs/Mange in Dog::1-25-_png,train
Dogs/Mange in Dog/1-26-_png_jpg.rf.VvWhc59LgmXjm9wtR7ez.jpg,10,Dog - Mange,split_group_278aa039857685dd20a28432,fcfac350704b98004d3928a9f5db635812b1e8a1045bba88efac8dd96f703c6d,5d00c387d0c80b5bbed4cffe8d5f8557a0acee44e25e179085de442a8769cc4c,Dogs/Mange in Dog::1-26-_png,train
Dogs/Mange in Dog/1-27-_png_jpg.rf.4MnurYxVG94ePWaQIF4g.jpg,10,Dog - Mange,split_group_035a875fecf80c053ee6a16b,970353392903b321189d8c7c47b21e0610ec3a25a647df511a7a58a3b4dd95ed,f0b7a3d832286d995dbd636d6a9467021f0e3bc81b55ad2a0d9e8318b2a41369,Dogs/Mange in Dog::1-27-_png,train
Dogs/Mange in Dog/1-28-_png_jpg.rf.KhwtvzPBJ4mP98MjTZJc.jpg,10,Dog - Mange,split_group_9252f377ef7e96f6ed7223aa,5c51978e02959c0e68715fd623e6e9110a1547e621f5ec2ba032d1ef07574d05,ac64bfd9b296f3f5c70fb9b947cd074915636d504c3aa9c4e737d27d902dcc76,Dogs/Mange in Dog::1-28-_png,train
Dogs/Mange in Dog/1-29-_png_jpg.rf.8sT5qnoZrCXLRXqcdHwP.jpg,10,Dog - Mange,split_group_74bb130616087bd0ef729686,abb48741e4194aab983be263bda381929e7ab2f31b3c5f0bad5a5b7e9e71282a,c8cd94407573353a206a9930ac11769a7101fcb77add56f459279c682f1956f5,Dogs/Mange in Dog::1-29-_png,validation
Dogs/Mange in Dog/1-3-_jpg.rf.JEKcnXROV5BaZ3G5QRZw.jpg,10,Dog - Mange,split_group_7bb463c363532b42cf460788,9533a4d8ae3428746fedce65a13059afa29b4f584676c123236f90905dbee64c,878e64a5f938187373979fac1d327cb0e418a549d3e4d0b40d07357afd417ecb,Dogs/Mange in Dog::1-3-,train
Dogs/Mange in Dog/1-3-_png_jpg.rf.rVvQQ2zlwtGU34ravKZh.jpg,10,Dog - Mange,split_group_52a677ed19523a05fe165b4a,d56fdc0b0dfc070a9f0410652e9c3d396ac50af40c6c27f8fa9ea0bc6dca0247,00cbd7febc8734f51141a2b2e13447bfe1520e69402244cb72cbdbc2956ce114,Dogs/Mange in Dog::1-3-_png,train
Dogs/Mange in Dog/1-30-_png_jpg.rf.THz4z1oRBwwolKG8EusM.jpg,10,Dog - Mange,split_group_fa0e44b976b958af3e496f40,fc18f6c86c9da70d2ec8feea82b6392348ce02dcf32e26a1ca549f5b2fe8c05b,09329e184c6dac07cbcfcf8935cf01e3a70aaf75faf43606ef7862c4dbe53654,Dogs/Mange in Dog::1-30-_png,train
Dogs/Mange in Dog/1-31-_png_jpg.rf.KG7STAqWlf8V5UGQutFH.jpg,10,Dog - Mange,split_group_8702f2af653673aef0f5f2a2,458cf8d513f3d94c1fc24e4d64d5593e44d6004f0521fbe8f88c46ea5ead9038,de9df47a1cdbeea299bd014a942dc70590c49e35a58ae6ebb9401a481a492328,Dogs/Mange in Dog::1-31-_png,train
Dogs/Mange in Dog/1-32-_png_jpg.rf.6f53dlXOtVnX57ZyfaRV.jpg,10,Dog - Mange,split_group_17de2fc9d9aa1ffb9f88779a,8111efa5546fda87836fe134e89a97ea28bab45f2a7d605019dc3aff5b103b10,3843dfb771b0c1472285c4de23d667e26a8a68223d5ccfb95f01ab098a9bfdf3,Dogs/Mange in Dog::1-32-_png,train
Dogs/Mange in Dog/1-33-_png_jpg.rf.DnE8WKYk5kfYI6x4Ha8t.jpg,10,Dog - Mange,split_group_3a22310e750076dd6332d34b,4dc86338e1cf63caab8919e30114cc3555d69dd058df631839ca5022149b08bb,d0e8187893f0130d06d3dc817507044df16226af731775d42a86024711d91342,Dogs/Mange in Dog::1-33-_png,train
Dogs/Mange in Dog/1-34-_png_jpg.rf.ZMXrxKEdxEKPzMwbdYyV.jpg,10,Dog - Mange,split_group_65c006614a9188b8d4e81b3d,d7987b10ddabcc7a9c3bdfe7e929f38f1185d8c674b251b63aa01381aab699a4,700a96fae079c00e4e38d31c37f522b4594f59bbcf1071b578df09350aaccce2,Dogs/Mange in Dog::1-34-_png,train
Dogs/Mange in Dog/1-36-_png_jpg.rf.wpYezoxoqeQsdkQX0epc.jpg,10,Dog - Mange,split_group_27faea51d7dc4567e263bf3b,7337169e9f90116ecc7070eddf5c07bb9ae77d71f61197077d3798608c704c7e,37dd27b828d35123f217da32342d98e1be522058c91861a75a1d0632b2b3fa3e,Dogs/Mange in Dog::1-36-_png,validation
Dogs/Mange in Dog/1-38-_png_jpg.rf.MafEurq3JTbGLFRoqv5t.jpg,10,Dog - Mange,split_group_fb00dca3bac0e724b9ad667c,f2d3be11e20143bedaab317bb9b3fdf53f53afe75bc06598e6c389ce8a21dace,545a5c16fe47567217bef102e7340d0fba63138e8280163f70921f95cfba918a,Dogs/Mange in Dog::1-38-_png,train
Dogs/Mange in Dog/1-39-_png_jpg.rf.9t6MGKS7tujohhhWzF06.jpg,10,Dog - Mange,split_group_a817bf1171edb6d6d3830869,c001c1b9dc81a947e3092472ac40e9de17b98ac3fff1ca5f07a9f6997b78b869,12de6664d509b2daa207a635de27e113ff1b39eb20559c7ab4ac622bd5b521b2,Dogs/Mange in Dog::1-39-_png,train
Dogs/Mange in Dog/1-4-_png_jpg.rf.KEODlAsPhgNJZ7vWz0GC.jpg,10,Dog - Mange,split_group_7addba8230141c9a73127dcd,d0bbda257ced8ab7ee2bbaeb712252692c9f9f12f3f29229d3a9941fae6225b7,9cda9d476017c792ef24e94c3fe2e858da523d792e46ab6cac187019bc551e93,Dogs/Mange in Dog::1-4-_png,train
Dogs/Mange in Dog/1-40-_png_jpg.rf.2hEesh2XRLp5VfvCC2vf.jpg,10,Dog - Mange,split_group_4eea24d1c75e287190a4e45d,4a008aa68394802a27c8907595a0fb20b92bb40d051181b3d70dad1c8180c32d,2b7b4d7dc40ff37343a1d457e84a0e0138efa23361c42e2e0de84328400837de,Dogs/Mange in Dog::1-40-_png,train
Dogs/Mange in Dog/1-41-_png_jpg.rf.I8XdDUi3JF88UyrB5nmP.jpg,10,Dog - Mange,split_group_133206d6b5d4b4a76c643789,366aa5d6e8f99e748d5e4999a152fa4505685cbd4194b19adc5346369ea78340,d44b35ee154cdad8bc734c7aaabfea78bc1db8d5ded8fdd6c8577bc578a17550,Dogs/Mange in Dog::1-41-_png,train
Dogs/Mange in Dog/1-42-_png_jpg.rf.GPebwS5QYA0ZywpYuszF.jpg,10,Dog - Mange,split_group_421917bd1eebd448c53bb132,b2226d2374428502160c9d3b5f5c844a070494c903c2af54d2cb82ddd1476310,700e3c86d4063d654215d78c66dd9fc9455ccf373b4d314874149f3be49d35f9,Dogs/Mange in Dog::1-42-_png,train
Dogs/Mange in Dog/1-43-_png_jpg.rf.Ha9a3fTTGzC6FjJkD4OK.jpg,10,Dog - Mange,split_group_8201812f6c41e565239081db,4ac0f666397a666c9fc91dfad5b6665e718d3ac50cf3968bbfdb84dac8273ab8,b95e841fde06afb99490054038ef503e3d9820aabb65d1dbc950039377a65cf8,Dogs/Mange in Dog::1-43-_png,train
Dogs/Mange in Dog/1-44-_png_jpg.rf.oNUM1Hp4Pozp4qsszCQx.jpg,10,Dog - Mange,split_group_d3ed35fee1488625315a764f,9157bb9a8e6110036f0a1f6a151e75623951a7269b0ce39c58b6ce0697143ce2,b63facf2796c9590c39990ead290275f79a6e0aaf7c35da362ab23b4bfd95560,Dogs/Mange in Dog::1-44-_png,train
Dogs/Mange in Dog/1-45-_png_jpg.rf.3SIAQwVkOGyoLct8wQl6.jpg,10,Dog - Mange,split_group_b4a3d857b9b3b159d157e687,b5668d7e65fd1d96b30240d0fa4576cd41ec91dad9ef73e33baf66ea18e448f0,f7f44fefbdf95826ef890dc56e0adc48df8fa3f5d9adf9b4fed8938300f8fd17,Dogs/Mange in Dog::1-45-_png,train
Dogs/Mange in Dog/1-46-_png_jpg.rf.8tfTSziTqN1BRJrbaHke.jpg,10,Dog - Mange,split_group_12198fe0b61eace457378197,6282301c1a682654af6d56cb7dbbd7a07663659c8aa28059bef752217367e1bb,e34b8dcccb8223a748706f9681e3e6c56aa28619e6c99e049d1be5fb8f00e6c0,Dogs/Mange in Dog::1-46-_png,train
Dogs/Mange in Dog/1-47-_png_jpg.rf.iqRRArN5PiMGXJPJAuCx.jpg,10,Dog - Mange,split_group_9a885b99998a0fa139e823e3,c9749a85733c1f5ba6b289bf463ed9b0fbcd36846796aa50cc9e773b037f689b,8857b15087a1793273f47d00a2d418df830b9af5e6b40016ff1c96560a6ed6eb,Dogs/Mange in Dog::1-47-_png,validation
Dogs/Mange in Dog/1-49-_png_jpg.rf.CHjDOvJi24aWchnav5q1.jpg,10,Dog - Mange,split_group_53944ed4863551fb9d52404e,f040d18e472f842dfebcb670aceac2047ef1caa86197eb2a4c930163e9f8f4ea,cddeb4db360dfd4e7c35383f95474d754ff939f7849ebdb50238b659ade90497,Dogs/Mange in Dog::1-49-_png,validation
Dogs/Mange in Dog/1-5-_jpg.rf.cmRLabDguVQtz6pXQJqh.jpg,10,Dog - Mange,split_group_697bada1aa7e8dcf3fc23526,9460f1f986e86f0b8acb277a397d8c89a13329f7db353b3b356b07d9beef1b46,c1c5e9a1b488db864621601f9106357a1daa411e97c6d60e632355ff901b71d2,Dogs/Mange in Dog::1-5-,test
Dogs/Mange in Dog/1-5-_png_jpg.rf.zLycQle5m0ZQlmFTur56.jpg,10,Dog - Mange,split_group_9df27b2e0301c90aefddaa95,76aaf6741e873fe47b5a3fcc3ec7ee0a894aa94edbe03e17d1557a29b589c4da,449fccd3426acf00a26c31fcd90db8649f8acab879b9b99168146ec1f4033c4f,Dogs/Mange in Dog::1-5-_png,validation
Dogs/Mange in Dog/1-51-_png_jpg.rf.ahojPldPBpk1kALF48qJ.jpg,10,Dog - Mange,split_group_fc234c148b026bace3a78f62,6480a7e2fe70dbf44e31f3d1b900b236a509ed152d8feca5869e02963f2ba2af,cf2fb60f499f8d5dad122d8c5cc8dfcccc8608ef3ea2d7abd6dd2e6a17b8f01f,Dogs/Mange in Dog::1-51-_png,train
Dogs/Mange in Dog/1-52-_png_jpg.rf.GK0Dl6K87MXxm5RoozAU.jpg,10,Dog - Mange,split_group_debd287183000f9629176811,76073a7554961448090e33e064afb5771ffb7d15902543b5f7cca894fe97ef28,95374d0045a888e5073a0de83042fe6d305098ddb182be20df21b9b5ec5b7500,Dogs/Mange in Dog::1-52-_png,test
Dogs/Mange in Dog/1-53-_png_jpg.rf.GZys7Qbk8XZapnHeAkRE.jpg,10,Dog - Mange,split_group_1366572674118ea6cc62cdd6,db91d184968275e221dafcbd911ce2292ef1d5a32c11eef11aebb6bc78c9a81c,275ac6aa8c9a26ed52e3aca6cc56f7bb8ed7885d476997a81fd9eb6a94b25270,Dogs/Mange in Dog::1-53-_png,test
Dogs/Mange in Dog/1-55-_png_jpg.rf.PaHWJ4xoUeDsSNFWtSmL.jpg,10,Dog - Mange,split_group_987380f3949ca901d34045a3,f01662978013ed6a892cad73162bd32b5aa43f29ecf4cbcfab0c7217d31cfc2b,f9c9b02ab2396696f70c3dec2164f3465f25e99a97d047540b8692b5f8863e1d,Dogs/Mange in Dog::1-55-_png,train
Dogs/Mange in Dog/1-56-_png_jpg.rf.vq7ArkGAEAXe9J0nYdiT.jpg,10,Dog - Mange,split_group_f364ff198e5185aa0ca627eb,702ab3d33ea5cf0378811c79dce2dc331acca6321059973fd3e3e57aa0ca727a,db7c8b138b58b967393e4f074d80f1577f0baa7fe1b64aeddc211c8ede94a2f9,Dogs/Mange in Dog::1-56-_png,train
Dogs/Mange in Dog/1-57-_png_jpg.rf.jN706ECA521auG1ButID.jpg,10,Dog - Mange,split_group_d5cbfd2fd8966f401602da45,c0f3f4f9e257c3cb798a820cba05d8fdb455239516f32c23dd04afab06060555,8657c21199ffc063f30217d11af61f2d07317fe481cc923ede63b6d298778ea5,Dogs/Mange in Dog::1-57-_png,validation
Dogs/Mange in Dog/1-58-_png_jpg.rf.w9JV2Swvb04cxlhUk7d3.jpg,10,Dog - Mange,split_group_ca587898e5c144128c0d541f,a960c289f563c1ee7f41f3a001fed69ba581655707b5efc8ebb4d132391feb84,eeb624a12ef4a098252ee4e0f8d96ea4dfd2c82569654b8a033a06c7a80d74b8,Dogs/Mange in Dog::1-58-_png,validation
Dogs/Mange in Dog/1-59-_png_jpg.rf.V3Z3KCgPuWfAnsuvUbvl.jpg,10,Dog - Mange,split_group_336587ba4fb5ff3de8ab6145,43a88fd0118ee91c047df808d488f738cfdc16b400941b40ccaad6adafe5eb27,2a7199d7bdcf1ab1b939d13a4cfa417255c5084b93217528ce9766218d4bede3,Dogs/Mange in Dog::1-59-_png,train
Dogs/Mange in Dog/1-6-_jpg.rf.gGTyrhXFLOXRmswADzlC.jpg,10,Dog - Mange,split_group_a911562f44996175657523f9,664f9edeaad47fef1ba86b988131f2ad3ce6a6cec6b37b6674c166f8cb814794,f2bc1055f0dd0542a15fdd7a0685fdf2dbe5c479cb60c66196b2901d3041ff3e,Dogs/Mange in Dog::1-6-,validation
Dogs/Mange in Dog/1-6-_png_jpg.rf.nAPgU5bdkBXD5ERQUmqO.jpg,10,Dog - Mange,split_group_c928e7b551f7ef1f36755d3a,12a9339d855986c14a3c48621a951e15e05986d7846eba9a523880f7898eae8d,61402cce6bd97803e1291d47222e350b32fb36a09e1348796740012ab3bc3990,Dogs/Mange in Dog::1-6-_png,train
Dogs/Mange in Dog/1-60-_png_jpg.rf.qutokMPo7en0dVhJtk43.jpg,10,Dog - Mange,split_group_e7126725197dbcd2ebc350a9,56cdc4c92d91d7ccefc73a71ba77142bc44b1aaeb0b86c47c1f63c81d2c0e23c,df76d9776b4dc22d1f4e9d02c413de52188ac34705729935bc1ffd78bc130809,Dogs/Mange in Dog::1-60-_png,train
Dogs/Mange in Dog/1-61-_png_jpg.rf.A68fn3iyFvlXcH8IBQfN.jpg,10,Dog - Mange,split_group_5548f0e2462b51c6bd21da12,5dfec067fc99b00973171133c04c6b8a834940df476e3c7fc41a9e09a51eb4bf,09fc4cf2347e46c66267cd28cf562eefbf4ff8b8fe0c0460dff2addc67d9c70d,Dogs/Mange in Dog::1-61-_png,train
Dogs/Mange in Dog/1-62-_png_jpg.rf.d8dg5yw1tAKZyDuROAZo.jpg,10,Dog - Mange,split_group_deab6fb5f39f5a2d2c5443b1,b646917f4995560d13685188e236a869c47591a570e5e5f913685f9f97f54e1b,36f905ca1e8aee2d811eb90c3ab129a1253f130575020f0340456fa128c8fbd4,Dogs/Mange in Dog::1-62-_png,train
Dogs/Mange in Dog/1-63-_png_jpg.rf.Ko1jrJq9Hvn87A7VqYpP.jpg,10,Dog - Mange,split_group_990bace477fbd733e90d8d91,ec577279410ae90a9366d3f6db335ad8424cf3505c81b7a75ae29f7971f9ae4d,9fe3b46a77e265cc8cefb2b325ec6be3948953740ad1a7cb2b7fe80d503a296e,Dogs/Mange in Dog::1-63-_png,train
Dogs/Mange in Dog/1-65-_png_jpg.rf.Oy3j56ZoO2fdfNiz9ApO.jpg,10,Dog - Mange,split_group_558eec81b47740300a788ee6,b3e019bdd45741d250ba0469ccf3777309285fa8068f96f8a521bf138d9ae08a,2194b9bb0ab0eb74009b3709637c9df36ff2b0715d87b2de23072da7d7196da6,Dogs/Mange in Dog::1-65-_png,train
Dogs/Mange in Dog/1-66-_png_jpg.rf.mRZ5ZQGUrORrb0PAHxFL.jpg,10,Dog - Mange,split_group_921f3d9427ef71588882fcfa,9ce8a8ef37b8c09b93ac357cf39cd2d29a981126bf6313367b132cdf34243d38,0a9253edc7ffab13c0199badfb45e6ecd068e046370154a42fda7c8da718d9cd,Dogs/Mange in Dog::1-66-_png,train
Dogs/Mange in Dog/1-67-_png_jpg.rf.JAOrBU7urNPiv79v2Uua.jpg,10,Dog - Mange,split_group_e8824952fe829b8580edc0de,7035f52ec1b322d071fc2a8b259ec416d92c2398ef4a7ea4afc016c816a9ca5f,3560e85561d9bd7688c29110c42007fe3e6363f0456c514aab283e45935b90e4,Dogs/Mange in Dog::1-67-_png,train
Dogs/Mange in Dog/1-69-_png_jpg.rf.FLHPjVeuzJbiSxZ0r5SZ.jpg,10,Dog - Mange,split_group_d110c3275acc682176784331,2d0cd58c6aa7a7de07b86f8f9f0322cd526c75322a91e1805ec9161e32a7323e,4b1fb7993358a82932d74a156a185c7129a02f72fc1ef258596f1487ba0fd475,Dogs/Mange in Dog::1-69-_png,train
Dogs/Mange in Dog/1-7-_jpg.rf.PjJvpHmyCfs6Es7yMGXj.jpg,10,Dog - Mange,split_group_42fd490eab956049c499529e,b19efa3db564e8a0dae77a950136964b4600ea8232cdb16c50a4e14d6e16994d,90c20fb63d72fc2c98042213f254db3611f264ead6b637c887b3241bac74354f,Dogs/Mange in Dog::1-7-,train
Dogs/Mange in Dog/1-7-_png_jpg.rf.Y6uPYNf48koiev9ylz2U.jpg,10,Dog - Mange,split_group_d48573f59c1437d059654cb6,b3e58cbca658f54c374f5410ca885a7f5f9e268acedc4718b5beda9018dd63c5,cdde12ff6317c5521a34684e315aff40e69b6eee63aef5044c57c829206dcfaf,Dogs/Mange in Dog::1-7-_png,train
Dogs/Mange in Dog/1-70-_png_jpg.rf.0wqvgfuLuJZq85f2fXhw.jpg,10,Dog - Mange,split_group_a51e074e83e936bda9657688,65162d7f3aa3365e1dbb503b6122a3a9491f0feff6ee36df7a552a273cceeb95,bd303dc7264c1da0dcea046a213577278173492d8e9bbbd3767d52259d286159,Dogs/Mange in Dog::1-70-_png,validation
Dogs/Mange in Dog/1-72-_png_jpg.rf.aNQ32qfGBlzg0cHJnN18.jpg,10,Dog - Mange,split_group_a0a8d0f840bea45be3fecf56,2bcd8366179af78fd0ce637052a5ba55f07060d91bd79c0acac10814436351f2,e8929a7f07bb69f93d7f1d1e7337655a8ae0fc4669f106734cebdf3d15ac2c41,Dogs/Mange in Dog::1-72-_png,train
Dogs/Mange in Dog/1-8-_jpg.rf.BAkoegNXiLue8T37Gedj.jpg,10,Dog - Mange,split_group_8dee68c455be591947c5d62a,0679cfae57a330c68cab531e6dcf0251c8969948b35f5430d86ad59857683320,9b642360844234624a0b2be337413bceea772664d061f45b38cfc2cf9b5a56e8,Dogs/Mange in Dog::1-8-,train
Dogs/Mange in Dog/1-8-_png_jpg.rf.Xn5y6z2vQnsz6kcp0x5W.jpg,10,Dog - Mange,split_group_496f79d7f885744d2b36fd7d,2752935340cbcd7601e7001caf8e1fba30d9106ccc975070ee12069a4598c37b,7acd5570d98f5708f30812808f792da58517defcbce629ebd7ac4629c2f9aef0,Dogs/Mange in Dog::1-8-_png,test
Dogs/Mange in Dog/1-9-_jpg.rf.DrgLih6WZCU7XnA4V2tF.jpg,10,Dog - Mange,split_group_cd374a683a7e29726e0700f6,6f97b673bc4c11086d73080817efe0f88b29c6119ceba52bca2d072f661e4b1e,6380d27514e5e64ae07c540c5d5b2448a82fbcad9617a79a5063d5c6829e4cd7,Dogs/Mange in Dog::1-9-,train
Dogs/Mange in Dog/1-9-_png_jpg.rf.HuiZzi1XvtQpti1mXtlO.jpg,10,Dog - Mange,split_group_594b3e7ed311b9882ff93d22,02d585ddfc2059d9a215fe4f98c718badd9bdb7eaa7f993c36b471f10d8153af,b8b4160b9be559b1cd061f80d29738229f11719dbbe5215e3af3ac2e75f17c6f,Dogs/Mange in Dog::1-9-_png,train
Dogs/Mange in Dog/14_png.rf.NrbmnbVvu7Fe0La2hHOg.jpg,10,Dog - Mange,split_group_89d52e1053835321ed13457f,3001f96d10bc4c852d90c2b5ff105424bd5255176bcd3031a3b7f001469e57f6,d350036e904ec5407ebdc028660f8a244e2de9d296cdf37c30360734f39f1a7d,Dogs/Mange in Dog::14,train
Dogs/Mange in Dog/1694587697_dog-skin-disease-leprous_898x450_jpg.rf.zBsvY9LUIe59NeJYlbed.jpg,10,Dog - Mange,split_group_a556d2d467a4ef564407745e,7e15de346cbf0b521762317fb1ae78b1579fd89ca824f835a0279364e7e78f6f,7772dd2e59cc2484cb904b3cee4742ff1a4b045406cbbce8f27aa94c78c6043f,Dogs/Mange in Dog::1694587697_dog-skin-disease-leprous_898x450,train
Dogs/Mange in Dog/2024-05-13-133205_1_jpg.rf.CIOi1Ne240sLm1m5cwUE.jpg,10,Dog - Mange,split_group_27eea625b25b65b162129515,4c3b2dfb8b5d6de2dd7c3fb0bf5b59826ad29ea2b87bf26253961dab3ececda9,d3d5f8f48c61a216698b939b40ed973814441bf498041219923b9a387c7530c0,Dogs/Mange in Dog::2024-05-13-133205_1,train
Dogs/Mange in Dog/2024-05-13-133205_2_jpg.rf.P75HXpadmOITaG7flgaj.jpg,10,Dog - Mange,split_group_20f14d39844ef3afc1a5a1a2,90c10b4ba7d0a91e3052f2819d180fb39c70ce99dad70e67f1559007e6d2b7ca,1b5e0d44cd0574d67123c57c6312d14f9570909e76900ea440ea72920960782f,Dogs/Mange in Dog::2024-05-13-133205_2,test
Dogs/Mange in Dog/2024-05-13-133332_2_jpg.rf.LC5sEorKios5ywp6KHTM.jpg,10,Dog - Mange,split_group_bd35165ce9852cdaadc6b607,6fe09feee03bd5f9651d3cb6caef8b0cccf3ef7ace3fbd75985f814e71445aa6,f1f13ce9730cceb7e2919afb910290d672c38747b476c106ae0894a3111da419,Dogs/Mange in Dog::2024-05-13-133332_2,train
Dogs/Mange in Dog/2024-05-13-133458_1_jpg.rf.0RJ8sKquPFh6rBxiEBea.jpg,10,Dog - Mange,split_group_0ca791ac40fbd17c115e6b27,df40763e649eeb9ead47947056ccb2004eb5d7c80f0bc2cd46be04f288b24762,08ab0603cb516027490b43920d47a5aa31673a11c56e2c6bad57ca8c573f2859,Dogs/Mange in Dog::2024-05-13-133458_1,train
Dogs/Mange in Dog/2024-05-13-133458_3_jpg.rf.nENSPnBX2YCcWtAmsHXS.jpg,10,Dog - Mange,split_group_1f3709a6b4aef4d9285cc12c,ea07fa4a8a5491d96b2c951945c608f353523a52a4e385a73ab2becfd0a61748,d1a4fc5fabdd875d2bcefd433d222ddc819da2974ddf8e53ea12aca814edcea9,Dogs/Mange in Dog::2024-05-13-133458_3,train
Dogs/Mange in Dog/2024-05-13-133458_4_jpg.rf.6Hx78HIFrXnfYk5dxBoF.jpg,10,Dog - Mange,split_group_5af1cedeb84d4b2ce3b06584,a8320bb88429e1a7716fe7ea4c6d78fcd829b0aaecf4f6ad01a5460f4be5a512,c12a0c582c346abf6d8a06a639547b95587963707b1f5b11aeb37da8fed3de00,Dogs/Mange in Dog::2024-05-13-133458_4,train
Dogs/Mange in Dog/2024-05-13-133620_4_jpg.rf.8vFx0pt5c1toyNbnyChk.jpg,10,Dog - Mange,split_group_720471fa53f32f499ee0b86e,2d0e5fcc149d7589af9074de2a2a00a85328eabead0f66ceb49a022796b3b822,6cb08cb23317e5871079cf03cd570f1c63584a9b1e78b43fd6d8add7bc76b294,Dogs/Mange in Dog::2024-05-13-133620_4,train
Dogs/Mange in Dog/2024-05-13-133853_2_jpg.rf.1PzAewhGvtiNYrGb7tix.jpg,10,Dog - Mange,split_group_9d70372c8d3b7f6693994de3,b88a2715ea18d1f348fd034f13f1f7f91606bfdfd66ffc697cc240cb85a11501,dd7f9c50c9b36affe6c821557e26e2d06b50f938f00f65cc95f5cff46d923d54,Dogs/Mange in Dog::2024-05-13-133853_2,train
Dogs/Mange in Dog/2024-05-13-133920_2_jpg.rf.gq62fPrA2cbfCvCHySOz.jpg,10,Dog - Mange,split_group_2beb9772bb8e6a1740379b67,ed77a63a41cb15bf96cb26d7b8e0826c8e1049c55ff1d0aaa1055becf4c3a65e,1650a1aaa5187c0f4900f5f955f2f9c89357fd31cb4006c59e8169f59787395e,Dogs/Mange in Dog::2024-05-13-133920_2,train
Dogs/Mange in Dog/2024-05-13-133940_4_jpg.rf.eWopTJ45AjpxyEwg5n93.jpg,10,Dog - Mange,split_group_1d149d0a5eba82278db9752e,aeb93b61fb2838ec17a186f7f7aa8aaf9a4598163834bd1c22b136503e8c0feb,43f96b6c9b63e4284800cbae295fec7bf858c84abd4d91054f244671f0531cd1,Dogs/Mange in Dog::2024-05-13-133940_4,train
Dogs/Mange in Dog/2024-05-13-134005_2_jpg.rf.vhM2fAEl7Ed54bIVQQ3B.jpg,10,Dog - Mange,split_group_07e9acc01538976c2faebf4f,7b8b4b9941a57e50e74b0498330baf2d2a2106ffed76036d2999bf643cf538f6,eb58cbe2fc51471ee5b74857cea3d42aeeecbfa95a52a0138cb39c7eea94cdaa,Dogs/Mange in Dog::2024-05-13-134005_2,train
Dogs/Mange in Dog/2024-05-13-134023_1_jpg.rf.4pGUYtwBfIDN9qOtmN2g.jpg,10,Dog - Mange,split_group_5b8d16e2c71d636028cfe145,42ea9381fe605504f9ceaf5440fa3e4b7cd056a236aad7c4257ecb5f73a6b0c8,e599db0e0cce9c41efa544535f64ed1ccc047ca43dce58793ca7684324fcd518,Dogs/Mange in Dog::2024-05-13-134023_1,validation
Dogs/Mange in Dog/2024-05-13-134023_4_jpg.rf.cHWoj0r9eU3piC4LMGFE.jpg,10,Dog - Mange,split_group_e94108ed385019c6fbdc1217,fa4b59a8af5293cbac84d161569ce84869ceebd3e371dca9eabc2fd0745630b6,ecd666fbb68e24f37922483936d6ff6300c6b1b7625309c4e01cbe1b2872c253,Dogs/Mange in Dog::2024-05-13-134023_4,train
Dogs/Mange in Dog/2024-05-13-134130_1_jpg.rf.Eec7Vig2vNofkPYFX4ld.jpg,10,Dog - Mange,split_group_cbcdec9ff89cb63e3b78429a,fac831604986aefdc7cd9e71511368411dde69efc217bb40b99fbf9204c392c7,06334a95fb31d4357db85e7401b5e87050e75ec0d8e2145349ca867ebf2b87aa,Dogs/Mange in Dog::2024-05-13-134130_1,train
Dogs/Mange in Dog/2024-05-13-134130_2_jpg.rf.CJrGYevC6JECLN6SR1eN.jpg,10,Dog - Mange,split_group_97e7e7eff1ace0cbf58ccc6a,cd1cb84a895a0ea4fc667d33959b4158cc6c95b8a38bc44a50dc6ddad0c98d6a,045850605066fac60656f3a499db6bd8192b5d53d504d63bf3c3e9271313be36,Dogs/Mange in Dog::2024-05-13-134130_2,train
Dogs/Mange in Dog/2024-05-13-134130_3_jpg.rf.CXKSnnxvBRyzbfv2ngc1.jpg,10,Dog - Mange,split_group_54b98aec47d5fad065fff927,005a075d7ea2bcb6e132a1b28e93033e7c9b3426a124f4374a5cbd27306e419f,ca0647a397da4946efb2ef896600b101fb6a9dee074eb62ca216886fcdf66919,Dogs/Mange in Dog::2024-05-13-134130_3,test
Dogs/Mange in Dog/2024-05-13-134130_4_jpg.rf.xDmWlNsy7c1bba62aUYt.jpg,10,Dog - Mange,split_group_17b4e17b6de62e4be5f3e578,dc20d651dd41b86a71c3ee7cd3ba039696ebacfa902760ba9530454fee0b0e93,296b4fec99a0553275e93dd2a841d5291a868cbf6fe5f3c3273777d1f11581e5,Dogs/Mange in Dog::2024-05-13-134130_4,test
Dogs/Mange in Dog/2024-05-13-134153_3_jpg.rf.LK9E9u3PuXWjYvTDdTdr.jpg,10,Dog - Mange,split_group_410a7aea6b56d369f451c715,f18bf0dccade9ce0447805be60d3cd9a88b101e0a05b155374414e8b827f5a00,5feac0236d7445846876477f6502757561fbcd11a9f2685ec40d6b13aaeb198b,Dogs/Mange in Dog::2024-05-13-134153_3,train
Dogs/Mange in Dog/2024-05-13-134214_4_jpg.rf.RIFU66pLjN6wqC5JQxrI.jpg,10,Dog - Mange,split_group_cc104b45a87b60d5bd9c0863,abf44c075a1031d2dcbbf2120119f214868e37fefcfd36ca8f9769e6d78b1de9,44a33378cd14438995ce07292c83119faebd7f65ec73e84fae70c63a919c2a58,Dogs/Mange in Dog::2024-05-13-134214_4,test
Dogs/Mange in Dog/2024-05-13-134258_3_jpg.rf.AvMBIslkWurbqEiJhx4h.jpg,10,Dog - Mange,split_group_8eee37c14872f9896b07eb98,82e994c66fcff5a790e8851b1ca8ffbd5b906d311fe960710b48635f2a20f106,09bed7e5e0d8f63b82fe739c49d384661ac922724f48c54e9ad63aff61e67dae,Dogs/Mange in Dog::2024-05-13-134258_3,train
Dogs/Mange in Dog/2024-05-13-134258_4_jpg.rf.EYmAKmbZsOrEyJMBDIKw.jpg,10,Dog - Mange,split_group_81f62861838fed82fe04539c,5c0670dd8e01f6947e97a7fd46cb0ecde0cc9922ff5d42b5645629b65a23aa59,5e5027e6df2d7c66fb313cb3481c59e42fa37899f4f2d92b38e6330c2cbcb8bd,Dogs/Mange in Dog::2024-05-13-134258_4,train
Dogs/Mange in Dog/2024-05-13-134316_2_jpg.rf.6fWsyLWLtYrwGeAmR38v.jpg,10,Dog - Mange,split_group_0ef247db40534947364b472a,baf3a416b0acdcdb6ddb763a27448d28cf0fe17a7fcec784f2823f63c55ba1e5,58ce1c641d1d8cfad7f0c1d4d11d613beac4985e4d9be3dc99aaf6bed04449db,Dogs/Mange in Dog::2024-05-13-134316_2,test
Dogs/Mange in Dog/2024-05-13-134316_3_jpg.rf.6swuwOG4W9q1zcwbbReq.jpg,10,Dog - Mange,split_group_441e48f77f6dc2442124f2f9,72491c8924ad2c77dd0aee966959f5fa1e162f963965d2b5235ee03a21c742ed,566bba135a9616c5d2edd8f14169586ae9f20b65d6ee6fbcfa126e272e6eb57c,Dogs/Mange in Dog::2024-05-13-134316_3,validation
Dogs/Mange in Dog/2024-05-13-134316_4_jpg.rf.jgxe6m3TgoF9MakBqH59.jpg,10,Dog - Mange,split_group_96a2a4e43746f76d4b39b227,70e7e8987c783ac7d8f11733696b0f86fb322d669de9a07bd84194fe8f41133f,3489632210fe0b8992b630875be129a8ff59138c16da39023d2a08caf1640281,Dogs/Mange in Dog::2024-05-13-134316_4,train
Dogs/Mange in Dog/2024-05-13-134336_2_jpg.rf.4NTiMPqdbTgjTxWCUpsZ.jpg,10,Dog - Mange,split_group_0fef99565a6d56473fe71ccf,92d0459156668dd26a74c063ca1991ed2b6e197835ed5d3042b36187215f2b05,36443903401743a99bc1dc5e308d6f06072ef2e99b693a2d2daefb4b06d0219c,Dogs/Mange in Dog::2024-05-13-134336_2,train
Dogs/Mange in Dog/2024-05-13-134336_3_jpg.rf.B57IVoL3dvHJyH8UTme7.jpg,10,Dog - Mange,split_group_9c30a20c380ba826542f7e98,946889a9d326e6f6e106f2195bbb07352420535c96e71f0633ffb8cee1e6f8e3,ad6d1fde5035e853a5a5369905bb9d4c160f173875e681b1e15cd1dc3d1aed89,Dogs/Mange in Dog::2024-05-13-134336_3,train
Dogs/Mange in Dog/2024-05-13-134429_1_jpg.rf.aNoUvK7ASgHxhkWBWyPZ.jpg,10,Dog - Mange,split_group_21ba03f914e395c6636dfad4,ab9b64ab619cfa7c88dfc5fe4584f6551080f4253d7fd51676156cdf47e20b75,4a4444ede864a28e6afbe71a45afb3e9474d7ae1b82c60478de2f0ea767ff64e,Dogs/Mange in Dog::2024-05-13-134429_1,train
Dogs/Mange in Dog/2024-05-13-134508_1_jpg.rf.3zBlgt8CLQvTuKPVC0Xu.jpg,10,Dog - Mange,split_group_9620ae2e8a01d76d3dcf3b63,6288e848bd43d875d60d2e7bcc4f1401754a714b5b92d26c5ba8c0a3bb6ccc4b,d44906955267a4d2e35a113d1a2a136b5cc4e9dbf9323dba283dc272e406f9db,Dogs/Mange in Dog::2024-05-13-134508_1,train
Dogs/Mange in Dog/2024-05-13-134529_2_jpg.rf.99XzkXhDJVm6kGVjWB1Y.jpg,10,Dog - Mange,split_group_ebcc1c1c2117a49d393714e2,1e243cef4b59cdebcc2cbde21f9f7ffa1d2bed793b82e2a6668c2938bfc01e59,d9c0a11f583a02f6b0f889c816335ff2f8eaba15f0c8467a93884d140d022976,Dogs/Mange in Dog::2024-05-13-134529_2,train
Dogs/Mange in Dog/2024-05-13-155521_1_jpg.rf.dNOVQwndOak05vNawjIC.jpg,10,Dog - Mange,split_group_7180743125d1063bd8acd632,5d8230817274ea879ac2e5c602bd926376f1ca4248dd7adf0b90816d796f0b61,6683dc1a6f9f47ddf7c066bf58af6ecd24660ea0cee7eca45d0c4141509f2008,Dogs/Mange in Dog::2024-05-13-155521_1,test
Dogs/Mange in Dog/2024-05-13-155521_2_jpg.rf.aQoLo0qYGFsaEAyDkQJq.jpg,10,Dog - Mange,split_group_d7fc387135da19363b553f28,5dac629b16a1293ea730aaa4cc842f1f10d582104b479de8560e6778b9544bfb,e381a7f0551d40f8d2e5398d00a7b4b79066f196afb380731f1c69b67b1f128f,Dogs/Mange in Dog::2024-05-13-155521_2,validation
Dogs/Mange in Dog/2024-05-13-155521_3_jpg.rf.2ruw7nlq2uuXAgh9HYyo.jpg,10,Dog - Mange,split_group_aa4b1987eb7b8e7e25cb581f,3c43452d58127e006408776d0a88bf5669b1b452b4224568937cd0968610cf14,48b22a71ea0a14f8dacb04167c782ba1413a86ba8c546b2d1505c494700b563e,Dogs/Mange in Dog::2024-05-13-155521_3,train
Dogs/Mange in Dog/2024-05-13-161645_jpg.rf.8gYfQG6zwAcvIdwMJOwx.jpg,10,Dog - Mange,split_group_690f4b7ec9dc28eb67bafe2a,cec4abf67b1d325d7f7e9ff268a1cef5fad2cf4312a69581060495a622022458,17b86b61a1918330f9fcba18455a58f98a6acfbc795f9d79ee60dc7cd5193d43,Dogs/Mange in Dog::2024-05-13-161645,validation
Dogs/Mange in Dog/2024-05-13-161705_jpg.rf.1NqzMh4PJq6H0rjS7k3o.jpg,10,Dog - Mange,split_group_5250d64b73e6dfff4a81f7cf,d01b57144b975e3d10d3a65d6fcc9761e50773fea36c6790fd2d28a155d08eb8,cacfc0463656bc9576b207b62bfd07a12d4c273a9a68e580e2e7c8a47079a640,Dogs/Mange in Dog::2024-05-13-161705,train
Dogs/Mange in Dog/2024-05-13-161803_jpg.rf.kp7vWY3xDFMG15tHPPkW.jpg,10,Dog - Mange,split_group_4b061384ea58f35e1baf7ddc,2ffa861b5597796ff5bc16081a0fcf9605480c8305edf7fea826e6987cd330bd,df61432e07c211ca6915e65c0b3ac431234c81a66ab03e7ebfcf82e46956a7c8,Dogs/Mange in Dog::2024-05-13-161803,test
Dogs/Mange in Dog/2024-05-13-161905_jpg.rf.wZxy8PuxohtYYbxGQhoQ.jpg,10,Dog - Mange,split_group_743fbd761f8c3ebf92f28a48,d30e0f8aaf0bfe801c526dd4556ba8ec5bd793a592ae3c67aa6f9686701598e3,a52367dbf5e8afb3c79c328253bff0a5b1ec79233427ec3fb7dd3d507a7d31da,Dogs/Mange in Dog::2024-05-13-161905,train
Dogs/Mange in Dog/2024-05-13-161913_jpg.rf.3NnRvCzdAmlPEKoA8nf1.jpg,10,Dog - Mange,split_group_04c8cc183c505f77f107a8e3,b04ddd1da82c9dc99952180bcf8e97b45cfe4dbe6a7ae57b4387254efa0f5d78,4c73761dc72b12f343a633ad6f60af9b56f93f273e15ce7e052ede3bad244091,Dogs/Mange in Dog::2024-05-13-161913,train
Dogs/Mange in Dog/2024-05-13-161921_jpg.rf.oK1E9qHZyXRlKbUqIV6H.jpg,10,Dog - Mange,split_group_6e198f29911bda2ce5192dc7,b94073a5f186710c333d23db64ad32be91840e801521bc62b155fc4a0ebce8ee,59a7f4deffe75a7d5c12ebaca4fe6ee333ae9b07e7545d73384a72fe2cbdd0d0,Dogs/Mange in Dog::2024-05-13-161921,validation
Dogs/Mange in Dog/2024-05-13-161943_jpg.rf.VohTJCvaFFlu6MA8jYrZ.jpg,10,Dog - Mange,split_group_b4c66fd2476781b02f792433,2b72da20250944c592130a980401b4025844f789d6ca7cede7139be34bd3d452,2109dce4d5041ecc61b1584711166aa893d1f6652cf1d006dd1f889504c86f16,Dogs/Mange in Dog::2024-05-13-161943,train
Dogs/Mange in Dog/2024-05-13-161952_jpg.rf.GAnz3fO65358cUGXzEv2.jpg,10,Dog - Mange,split_group_c8c2efe29ce382ffb01c5cbf,fe98312bbfa28923d56511e065386768d597b26578463fbcbe3cb0e4f6b9ad93,3b576e9ce290e9fcaf9d4fe5237ef4f292fcab5e19e1efb9a830493c64b98ccb,Dogs/Mange in Dog::2024-05-13-161952,train
Dogs/Mange in Dog/2024-05-13-162001_jpg.rf.KudQ9rW268a0mv6lCZHs.jpg,10,Dog - Mange,split_group_d2b2e8c52660d7c8d50d334b,5b01ed01fdc3d97ccb5801fa9c15c9a13d6e8567db1a3b286c59012170aa602a,a068f1160d75c7301c2c1f9e85dc357df51c0779f0127e7fd3c4c44c6f1ac4e9,Dogs/Mange in Dog::2024-05-13-162001,test
Dogs/Mange in Dog/2024-05-13-162013_2_jpg.rf.GQNn5ajsYFuYKeCWqcj6.jpg,10,Dog - Mange,split_group_78d5587081d422fa723b10c4,5c293b7369139a14606cb1fd3a90b4e1c9a16d2b6fece254f4309e0544c92a18,393112a91a8ef8253296594fc0616d5d246d4c1cf784b1df2a546efa182980cf,Dogs/Mange in Dog::2024-05-13-162013_2,test
Dogs/Mange in Dog/2024-05-13-162032_4_jpg.rf.ZoWsJOgkMDpKg3xDwuoU.jpg,10,Dog - Mange,split_group_968cc7473ce7b2c4f4157476,dd451d762f2dccd317923b99b4e805d3fad9ffde6216fee6e6a2e4f10192e951,5bf730ea6d7d8db084ea88244618314cf12b1405f144d00b0c77598be7d60f62,Dogs/Mange in Dog::2024-05-13-162032_4,validation
Dogs/Mange in Dog/2024-05-13-162105_jpg.rf.EArVe6FBV3XoN87SNnKh.jpg,10,Dog - Mange,split_group_b81e0325b4ab2ea44bbbf5fc,0aa3a877d714a307006ca65fdbdf4e2445a1234a522382aba837860877843fbf,09ea2d80f02becb278b1f7309dc038fb3c8ab3cee153742f1897433e234af60f,Dogs/Mange in Dog::2024-05-13-162105,test
Dogs/Mange in Dog/2024-05-13-162226_jpg.rf.Roy75wK5m1KN1yh5qoC7.jpg,10,Dog - Mange,split_group_1946b1563a10072957121328,88b0677a1f20f1d3879a26d66488ed38bcaeba4ca32b2fda8edd934fc622d051,a8dba6d50782d3668a0d0ed60820b026830919c828e2e5fcf9f21236a6d83b43,Dogs/Mange in Dog::2024-05-13-162226,train
Dogs/Mange in Dog/2024-05-13-162235_jpg.rf.6PZZEbETiBezv4NXxRUq.jpg,10,Dog - Mange,split_group_100ccc7dcd0476a9543e0fe1,a9e91d69dd250b10349c1f2e7cd1e5058381cd8e72645923951a7d494079d34b,5c24a966ec419e0b86ab1b92506d38fa03026e32c267b97bcb6f7eb007dfb604,Dogs/Mange in Dog::2024-05-13-162235,validation
Dogs/Mange in Dog/2024-05-13-162242_jpg.rf.4lFBxKOKak7udxm7mlRA.jpg,10,Dog - Mange,split_group_60310be963854480cba1cb51,7720ee6b855e7d2089ef6a00f4b69d0505dd6450873aa3d2774201ea63c5d2cd,d778e62b097e29eef546e07c738ea22e0810e44069546c3cf09d96a74a1cfa85,Dogs/Mange in Dog::2024-05-13-162242,train
Dogs/Mange in Dog/2024-05-13-162254_jpg.rf.p2Vh56pY6PYhwOWLnUK7.jpg,10,Dog - Mange,split_group_f5457a82fa5dd956e1e266e5,de3baab6382bb8facba4f0acc4a61e60dd7fe0abf37bb4987294d99ea2cde473,5f910eeed4455d5e8d008ccd44f20c51f52c68e3bc615f85d9d69fb785567c3e,Dogs/Mange in Dog::2024-05-13-162254,train
Dogs/Mange in Dog/2024-05-13-162359_jpg.rf.HPRAuijooHaPlcYWp2AZ.jpg,10,Dog - Mange,split_group_da0bc15d5b4be06fc42c3434,5ba5034153a89b14c04fcf4a71986da0b114a5883a25319adedd3b0d8bcc9e70,414a088dce6ad1df10f90a27baf5757c541628a6c96de8d0b4c24048cf3b5f7c,Dogs/Mange in Dog::2024-05-13-162359,train
Dogs/Mange in Dog/2024-05-13-162429_jpg.rf.oOerAi7z1IwNo7ynVW0G.jpg,10,Dog - Mange,split_group_da0bc15d5b4be06fc42c3434,94eaec8cec26d75e081fb9f8cd0563af045c1b05a80ad736309abccce55f98cb,bc1a0fe5cf0b95070a6191ceda9fd4225bae8fc44ad474fbac779880c4701479,Dogs/Mange in Dog::2024-05-13-162429,train
Dogs/Mange in Dog/2024-05-13-162638_jpg.rf.nMP1Fl51jRADBwjdQz1j.jpg,10,Dog - Mange,split_group_e7b264a6a005af75a22749fd,75e3e517aa161c88c17499da7c7fab33b524a47b05ca292e9b3ac3d89528af4e,f4f46510524d7a83fcf0d0abbf3dffda6902c8808ebb289f3e49ccad36893768,Dogs/Mange in Dog::2024-05-13-162638,train
Dogs/Mange in Dog/2024-05-13-162700_jpg.rf.dRq6xyXQPx69ukcaKvIQ.jpg,10,Dog - Mange,split_group_558a8f66c92bb7475c5868d2,2f3b033a0c10ab91158254b3dcbfce5f6c47ad3a6c91bd867d277d2346965352,8c49437ae706ced3ef82bab3f74565597dca4b6727c9c894f1f6be4854d13256,Dogs/Mange in Dog::2024-05-13-162700,test
Dogs/Mange in Dog/2024-05-13-162717_jpg.rf.k029UBeRfw0yLaK2FhZi.jpg,10,Dog - Mange,split_group_20a25aa63aa5bc0f3cda8065,f984cd1d488a1529b422556e0e7296f7536db9f1fbf40b2c91599a11f638efa8,8c610e5e6d40db553664b1bdfe9f52da09dd53ef1708a2c0d04d45066accc274,Dogs/Mange in Dog::2024-05-13-162717,train
Dogs/Mange in Dog/2024-05-13-162741_jpg.rf.L02D7fA1JFJj1XXN6H92.jpg,10,Dog - Mange,split_group_3d6924eb51350e965e192d4f,c74ac4e8cb8d6ce655a8e489fb7e98b0a93eb18c2aec437c23dcef4e58aded0d,639e7ad7a28c92097e1145bc642a61f81c9887b6d7577f957e8a901529f53e9f,Dogs/Mange in Dog::2024-05-13-162741,train
Dogs/Mange in Dog/2024-05-13-162811_jpg.rf.09PhIpEQWNsfFUhYzFML.jpg,10,Dog - Mange,split_group_68e887e2b911a00aa524a546,9920da172b3a74c2bd0dab8a5c4f518a22c889e641db7a57d172653fdc4b8149,ac7fe2308775cab45d4945783ac326d6c38a2d2559feac71b224fb8cbc575e7e,Dogs/Mange in Dog::2024-05-13-162811,train
Dogs/Mange in Dog/2024-05-13-162817_jpg.rf.2V8mvDtCaiKISxEsYwU7.jpg,10,Dog - Mange,split_group_f2680f764681561562866553,3022c2b790fbaf8c6b8f73c813e5711da451cc73ccd8b4ec09beccf1806e303c,28e11e0afb57e33557067c692072f93acd2d08af54032ddd997a3829845a679b,Dogs/Mange in Dog::2024-05-13-162817,train
Dogs/Mange in Dog/2024-05-13-162838_jpg.rf.aUrBnNrSbzY93Davjpuz.jpg,10,Dog - Mange,split_group_3578a7b27a904813db729f3f,02d9ddb1d55b92ac7cc47f2dc4f807ba4eef10c38c4b93084a75dd4ae3caf325,4faaba771e4ecccef9912b24fd84246cdc643596d7bcc4c8e3802a746e494008,Dogs/Mange in Dog::2024-05-13-162838,train
Dogs/Mange in Dog/2024-05-13-162850_jpg.rf.OehCbiQEvrCCxJFsK5Ss.jpg,10,Dog - Mange,split_group_7a6609b1acfd2fd4825ac38c,9a55c862a44a6ff9138f97af54b19dff707fd650bc9a6fc1bf432326b1f32254,93a9145adb28b03d92c1b81e0e62f0b054a74a0be9bc4703c03d7f39ab61db90,Dogs/Mange in Dog::2024-05-13-162850,train
Dogs/Mange in Dog/2024-05-13-162923_jpg.rf.EnYUq7j8BiLKkKBl9twr.jpg,10,Dog - Mange,split_group_f0a27f8fb924f6fa08729c3a,44002d8487532c3138259a38c771751b8921b842f539d2ccc447c442139dfee7,cfaa4744342040429a4f94739082e93575ba00dd49717a9fb83c04f7d23b23f3,Dogs/Mange in Dog::2024-05-13-162923,train
Dogs/Mange in Dog/2024-05-13-162941_jpg.rf.KDUlwUK7Eh2zPHrVMlBB.jpg,10,Dog - Mange,split_group_9ce42161763f80bc26653e64,2f29e8b3e5a11dd072e2e289bd7a46293dd99198f4d81d58139feb59f6d13d8e,e8c2dcff2abaabb3cf4b2a3834dc6dca0628d72f6a3e3c27305956b1bce90f3e,Dogs/Mange in Dog::2024-05-13-162941,validation
Dogs/Mange in Dog/2024-05-13-163218_jpg.rf.i45WRwXMXiOUi0vV2V43.jpg,10,Dog - Mange,split_group_df1c78883cea98adb200acc6,2b42a43d55133247ec8d8e3b62d8a603e46cecdac2f69dac091f4811c96b0e1b,4568a3fd7bef844818544ad3bcb92abfaafc78c46a10dd5eefc5a2f0a1bbee86,Dogs/Mange in Dog::2024-05-13-163218,train
Dogs/Mange in Dog/2024-05-13-163616_jpg.rf.P5MW4IGNvq6MTJ2bI3gz.jpg,10,Dog - Mange,split_group_afa87b912268654de02b6a54,565ec2bcbf2dfb4c18edbb1fb86dfab19b86aafd5b790464ebda89be921b9af5,907b0e564d95270d380ea3b12099f6e08ea08ca60e7413c3d0f4bd0fb40a22e6,Dogs/Mange in Dog::2024-05-13-163616,train
Dogs/Mange in Dog/2024-05-13-163631_jpg.rf.4eaBATFqwbtvSbuNw4SO.jpg,10,Dog - Mange,split_group_66c32d260e0f7376f6421f05,13e2022666125d32d40379b1953927faa8a03ea98bbf299be45c7513799e32f7,ccfd119dd6f8cfa13496e3d54a2faaebe114ce1056e2b1ae4033d75e6891a601,Dogs/Mange in Dog::2024-05-13-163631,test
Dogs/Mange in Dog/2024-05-13-163733_jpg.rf.4PsaJCwYkaL8fOX35PkM.jpg,10,Dog - Mange,split_group_4b6d2b0a00aa1a75b9382676,0a3dbaff62f82b46df92e3645bf5d2b6b4f67d777572a3a609fc04f7832867dc,39d8c7529ddf9a64d5bf4a8e8166279ff0e69d3c6b1d88601844f8e4ffa5fbff,Dogs/Mange in Dog::2024-05-13-163733,train
Dogs/Mange in Dog/2024-05-13-163749_jpg.rf.9OVldlCZnB84R8QW88pM.jpg,10,Dog - Mange,split_group_5cf86c2612eee030dd612e71,749d872d4a5f5858026368181d363742d56f5db6842291da49ee47b8bdf7f8c0,8ecf331e468534290d8cbbed7d40540365a7721fcd51457800cc36e09f889117,Dogs/Mange in Dog::2024-05-13-163749,train
Dogs/Mange in Dog/2024-05-13-163800_jpg.rf.VbSATlABSZ1mN4zut9yo.jpg,10,Dog - Mange,split_group_c00dbdf30dd377d2eb5cdfdb,1d4fa5c0d67f65fbf3f2c9f78afb4c0a4ca3038cfee5e093c5f67e7240488665,02c1e0af00a215733ff1b3da49e899c7ded8715de328d6f1291c2dd2f3988ff7,Dogs/Mange in Dog::2024-05-13-163800,train
Dogs/Mange in Dog/2024-05-13-163942_jpg.rf.uAMohZSCuU8BCC03PZRa.jpg,10,Dog - Mange,split_group_821829a0cabddd4a499a6e9d,bcfd2752f976586718a84a3be1ea5d881120c8c48338b71f26bdf4deb3745c90,177633ea1913d7e4dd851ea412acee383b5016acdb5da67f6be05a368633c312,Dogs/Mange in Dog::2024-05-13-163942,train
Dogs/Mange in Dog/2024-05-13-164000_jpg.rf.II5Uva850AklPsOXYNpD.jpg,10,Dog - Mange,split_group_a827ef9980c1a8188b10b13a,2f43d7af748c1f669f7dbeace55ddc746b9c6cb02b52a9e52a05a4b0b58ae1cb,2fb8a6056ca5d8c993001910920bfd6faf71373ed68c20acb20c517676efff87,Dogs/Mange in Dog::2024-05-13-164000,validation
Dogs/Mange in Dog/2024-05-13-164132_jpg.rf.259DrISXb0vDYpNeTVNw.jpg,10,Dog - Mange,split_group_054d1316013c867c162a1bdb,66b148bc07e31c0cbcb72de2abdfad0e28895e74631e2c14f147bfe94f8bbe7a,e536ae87446334ed363a0b8f245b5370aa317f0a24cfd6a432765e49921c16b2,Dogs/Mange in Dog::2024-05-13-164132,train
Dogs/Mange in Dog/2024-05-13-164141_jpg.rf.KAteVSKcm75IRh4P3ikC.jpg,10,Dog - Mange,split_group_f4780a87513b34333dfbbac2,44d6ab348b1c8a6e35b636e59523ab476ac459492a0f167f531c8e3dce8fe439,e75539af7bd5792ca2fac970f07c2ab5784e83cbf4aa718549a15822afb3765b,Dogs/Mange in Dog::2024-05-13-164141,train
Dogs/Mange in Dog/2024-05-13-164158_jpg.rf.KYdDHF9weTV5kIOVHccX.jpg,10,Dog - Mange,split_group_9be1f3ebcc2b740ba4ef1dde,9df81c971c7d25499c06585250d29eb95b8c970604fe6c80ac903bc1424187cc,e705ba20bf22e15c4f17765f86b6165ce05d7368b109ccc666862e18a7f5833f,Dogs/Mange in Dog::2024-05-13-164158,test
Dogs/Mange in Dog/2024-05-13-164224_2_jpg.rf.oNTPHSz69bzm01PDC7K0.jpg,10,Dog - Mange,split_group_79a7100f1fc462591982089b,a8770f3e9183accee582c2dc96b125110183dfc7831e0fbd7b879d5cea3a1cd9,af99ef4b4722ecaf6f9d51dd8f6309b53129d7405a070b470c5b001b9a2c9bb8,Dogs/Mange in Dog::2024-05-13-164224_2,train
Dogs/Mange in Dog/2024-05-13-164224_3_jpg.rf.rOXM2w0GeUD6j10evJB2.jpg,10,Dog - Mange,split_group_efe535702990ca7bf9627fa9,92b58fe3d6cec14a6152e4e5ff208a29fe2f05cc58a34bb6e10f992ff2f614ca,cd9c318a250577bc6bfd271a802a2124d84349bcab2d16f61ea8d63b7db7ef6f,Dogs/Mange in Dog::2024-05-13-164224_3,validation
Dogs/Mange in Dog/2024-05-13-164224_4_jpg.rf.3jBEXK0CQEAqgCS4aDga.jpg,10,Dog - Mange,split_group_8b5fa9ea1e654e228368da37,f0521dd12383dba2c2b9752ce40e96b9deef0fc006a009699d161430c782f075,54dcc10b2e311743430e69fa2861752a6dd8e3ac2033714bf772178eb7acc505,Dogs/Mange in Dog::2024-05-13-164224_4,test
Dogs/Mange in Dog/2024-05-13-164256_1_jpg.rf.07Q50z0w2hCraOwMHN4Q.jpg,10,Dog - Mange,split_group_182c95e950f66449b509a729,06eee6af77ddf1d30a939e866147ccbfea5a63c26ad38ec79bc7b867391a40e6,d36f51084f079abeb57ade586d79fe5cbb9c08a0f6f4d70205587980d7b79ad4,Dogs/Mange in Dog::2024-05-13-164256_1,train
Dogs/Mange in Dog/2024-05-13-164256_2_jpg.rf.QryVUqnuFdPs1umjgI3L.jpg,10,Dog - Mange,split_group_3d32216b9160f8c745e3fc20,60035ce4c7be5d003da3dbdaeeff63effc9d1484b03ac2509ae9f069df139854,3af69d09517a9a8b6a6b55c20d685af4b07a049e3bfb364db601503048f746a1,Dogs/Mange in Dog::2024-05-13-164256_2,validation
Dogs/Mange in Dog/2024-05-13-164325_3_jpg.rf.EeQfUpeQWIkeG4DjsdzJ.jpg,10,Dog - Mange,split_group_489f5acb7acfe22377652cd1,8ef2ebb5efb3c7cc346c4cf47589d6aa6bc1483dcca3052f6a6b6dd7eb761fa0,8633189edaff37eb400f517336aa627d04f4be34e5dd4f97d6a70494a0701dfc,Dogs/Mange in Dog::2024-05-13-164325_3,test
Dogs/Mange in Dog/2024-05-13-164346_1_jpg.rf.yq3k7XTwhzmVEK5Vv5WI.jpg,10,Dog - Mange,split_group_d0a80d667dcba15383516cc2,f1426f4637e36303ddd9877f021d8411948d8419973b6db5e0039ddc1f759dda,1ef65913472d6e1d50fe538745dc16587f0e8ced5823585e7e25c240b4b452d1,Dogs/Mange in Dog::2024-05-13-164346_1,train
Dogs/Mange in Dog/2024-05-13-165025_jpg.rf.4Cc7nhmAd5Dr9U5FWDhs.jpg,10,Dog - Mange,split_group_931ff7e55c7cff0e62640ecf,6b6abdc102d0123e1fdf3e9eda3b0deaa0585bfc0d484af5a07c43d4e74ed943,ede8f9649bc0b9faf13f8c558fae6d92e4d358c7957d5ded26b865ccbef06620,Dogs/Mange in Dog::2024-05-13-165025,validation
Dogs/Mange in Dog/2024-05-13-165037_jpg.rf.Q4bUhijVIXLyNv2kLDZ1.jpg,10,Dog - Mange,split_group_d02ab8c12cfaa842656ac14d,d7b495a0cad61e9c6c01619b24ea9d62c0bd7a733df7a1be84e48b31cfbb3e13,deadf3bab347a9ca5db2d86b0521eb240010f2910b0b805052c0c58dc3af95ab,Dogs/Mange in Dog::2024-05-13-165037,validation
Dogs/Mange in Dog/2024-05-13-165104_jpg.rf.AX76Q2XkD7TqKyGgrLZ8.jpg,10,Dog - Mange,split_group_26a2eb3c1b5eec785ee22820,01f428d3e11e5e7e2a36ff82b114055fba1238756367db5c6710b5cf55623685,c54c0a39bac165ba55ddcd11d3c4d26fa4d646c513a37c25cb6ab8fa0cf71eaa,Dogs/Mange in Dog::2024-05-13-165104,train
Dogs/Mange in Dog/2024-05-13-165130_jpg.rf.QpJKjToA1YvjnFCIshAJ.jpg,10,Dog - Mange,split_group_19115efca8e6bdd8fd1ed6e8,f4075b3269879ed5982c617efb902623c66d52452632f032be912f9c42f39cea,15f0ed61f51013464100774544091d7ed523c34c2c61a304dbb8d84bff63f219,Dogs/Mange in Dog::2024-05-13-165130,train
Dogs/Mange in Dog/2024-05-13-165139_jpg.rf.ER02W4FwIRxsiXA69cxJ.jpg,10,Dog - Mange,split_group_983eec00db8067d414dc923c,809d7f886a87362b69ac1ccedd9fa5acd33c1710bbdc0e655a3e2781409ca431,9d1a93f644d7db49a92a7d7fff89d90805bf74e1b75817ec8fa0e28e10c14463,Dogs/Mange in Dog::2024-05-13-165139,validation
Dogs/Mange in Dog/2024-05-13-165218_jpg.rf.NIDmC8sRuaCiVl81HSLo.jpg,10,Dog - Mange,split_group_2ebd4bde6fd480d4235c2d74,4c746aa6566735511e5fb02a3554bbd0a36125113e00101fb8066106ad29a1cc,648154a333b093161410666b027128f56af3d1241f85819f2b8410ec530dbcc9,Dogs/Mange in Dog::2024-05-13-165218,test
Dogs/Mange in Dog/2024-05-13-165246_jpg.rf.xEdxv2nCgyvorflqLcnP.jpg,10,Dog - Mange,split_group_bfdd5e6d7eccff6fec8973c5,8a6732e7e0ca3e3aa6715682ad5546581ff27529b5d99c7ce4c81318b37bbb03,6eeb4a772715335d7adb432c4731005c88827a7741ee0b31953f0a17ba637618,Dogs/Mange in Dog::2024-05-13-165246,train
Dogs/Mange in Dog/2024-05-13-165349_jpg.rf.5SL1jmTEpQDlvAMjbnU2.jpg,10,Dog - Mange,split_group_5cd85d87967d922d9a3e0197,994745c8a5b6042d5efd2810b067dd12e513adce7cbedfa131360650121d77cb,59fbf5fe01b353140d82321c01425663255d01081e43ef928af3f5ef0f2ad161,Dogs/Mange in Dog::2024-05-13-165349,train
Dogs/Mange in Dog/2024-05-13-165412_jpg.rf.WmvnvByTN0EgpJKRtAsR.jpg,10,Dog - Mange,split_group_eb29fd1f08d215f10073fd24,2c6ff7ea657ef36cb5a07e3859a352fc56dbf888887db6265157a7e2d98a1df6,f9cda904a783f6eaa21b7fa9e045b52c267f2ec6317bace7254dbd0ceccfd06a,Dogs/Mange in Dog::2024-05-13-165412,train
Dogs/Mange in Dog/2024-05-13-165423_jpg.rf.P9W6mXY2JdtUCE8pgIGc.jpg,10,Dog - Mange,split_group_3fac24caaceb92d2d4c74e5b,0baf0deb7bf78c2547e4aa551e5fcdeb2fdc7e62defd86bd6d158a52e57009e9,41ab8b7d22d7a345d780656481b833a8d9c9375484553a719bf032523d2caa40,Dogs/Mange in Dog::2024-05-13-165423,train
Dogs/Mange in Dog/2024-05-13-165432_jpg.rf.QMWti6DQ6wZstZqeoZpr.jpg,10,Dog - Mange,split_group_c1e0fb5435e158fe8e9cae07,73b800377f1cd589ff14a71bcd1757d19645afb46afa9e22522eaae1d4ff8219,73768c01396e9cfd1358b954b6ff13f243b05e392a3333d77e2fca48045b0ef7,Dogs/Mange in Dog::2024-05-13-165432,train
Dogs/Mange in Dog/2024-05-13-165441_jpg.rf.QZnZuXAOrMdugdGwj8Rl.jpg,10,Dog - Mange,split_group_48e8502c100e702ec93c2c9b,7045e3e164b8472e3313834d8d0d94702e2b836f8939ea4b44ebc35a6977f69d,7534acd40d9c676a3eb1b70f0f288237efd22a0dab6c6f050a7a25241f3848d5,Dogs/Mange in Dog::2024-05-13-165441,train
Dogs/Mange in Dog/2024-05-13-165649_jpg.rf.XegVi4nfiecfqmTxpk60.jpg,10,Dog - Mange,split_group_604ac1161d8e8ca0032c8f79,51d9f5ca3e17573496c6ecf8b8b31a094851f02606cc66d0ea6cf1b8094bfbe8,65e14be80da731be7d8dc32c14083435d93f5119d15147be140cb56a7492d7e0,Dogs/Mange in Dog::2024-05-13-165649,train
Dogs/Mange in Dog/30697962-the-dog-skin-disease-sarcoptic-mange_jpg.rf.QKPvGsw8MEJ2eKQydPUK.jpg,10,Dog - Mange,split_group_5d4c46348ad7c3480272a17c,83bc8e7e2852b5facb626abe84c734d5cf018a43d2ee5f0b7c773c910af6ae54,5f5c053007b9992e298d7d011e9b57f794152b8cfe744095de3a577f54999a4e,Dogs/Mange in Dog::30697962-the-dog-skin-disease-sarcoptic-mange,validation
Dogs/Mange in Dog/9624d4ccd492d763ddf0e6832ee38e0c_webp.rf.zX62tLBsmfM5cqrK2uGk.jpg,10,Dog - Mange,split_group_01695b0878a10479fea7ff25,a1166eb45e9bd57848333aaa6e80f113ff8e2f11dd3b33be10e2b311a1c630ac,70fe2963b7a6de7a49607ac236bb1fdbb2644f96617b254328c290e94776cda9,Dogs/Mange in Dog::9624d4ccd492d763ddf0e6832ee38e0c,train
Dogs/Mange in Dog/Causes-Of-Scabies-In-Dogs_jpg.rf.8SXaq0OqMAKwQet3vQsW.jpg,10,Dog - Mange,split_group_e701159bb9fcf52656e19ce1,20ea149b48591e3a9abbb028476814c3cedb5e943696f40a92e22ad9afa05e49,2e7e4b3fe2b2839fca3bd8832bb0f10e2744a39b83e36ff85a49666ddc359be3,Dogs/Mange in Dog::causes-of-scabies-in-dogs,test
Dogs/Mange in Dog/D105_png_jpg.rf.G7Ydymirx6nbMHzQ1XHt.jpg,10,Dog - Mange,split_group_416880311b756de132344fa8,564018305d1cac89b169abd04c38a41a2e0ea6180882c73a7524f010b0a58282,0ec155d55068e17f454acf52192d9d8dec36b6d3e04fd7260dc83af8f0c28742,Dogs/Mange in Dog::d105_png,validation
Dogs/Mange in Dog/D108_png_jpg.rf.CYB7vHejwvCwiQHMh2Vl.jpg,10,Dog - Mange,split_group_7fbc3a23889c5257fd0d5033,4851f5fa66f57c0ad3955e56f69d5a4f951c50aed8a45708adf64bd6a729ab97,fdf1f77bcfaf865b68f382e8d6413198cc53fc70205d6c4f8137e15152aebd03,Dogs/Mange in Dog::d108_png,train
Dogs/Mange in Dog/D110_png_jpg.rf.RMu7mD7wE4vYoZl6couF.jpg,10,Dog - Mange,split_group_336eebaa35016b2b9cd5aa23,4752cedb8a3b91e9797893dd89cac107412534ea54ec3962ce6f369d085a6f82,368b8a8c003a7b3f310632d090b976ee78ca6035dce456be68670e91c9c647ac,Dogs/Mange in Dog::d110_png,train
Dogs/Mange in Dog/D111_png_jpg.rf.nQpue26FhLiLQQ2TtY0D.jpg,10,Dog - Mange,split_group_70f9dedf376e1a16cfe7df16,155293b5384f9f005e2baef64e42b47fe601b645fb60500ff475ee80f58bdd9c,b88d3bd42b1e8e45d2b9286d41d636f95f417a4b212a2ae7c41f613fbf66b4ef,Dogs/Mange in Dog::d111_png,train
Dogs/Mange in Dog/D115_png_jpg.rf.9nCWQrXQvOAi4RVhaSCf.jpg,10,Dog - Mange,split_group_68a81014d49d72d8845ba051,f7904435a1f213f0f353b0df3350fc815e5132f9f58289f02a9c9ea58854748b,78812e93e80f2440a62bfa61be9d0ffe7a9e86d86f5ee21ddaceac6d320ada74,Dogs/Mange in Dog::d115_png,train
Dogs/Mange in Dog/D116_png_jpg.rf.HJ7Yj78ZJQSaJC43Lze6.jpg,10,Dog - Mange,split_group_8ad428411c7088c57aabd061,b9aaff3d5b2244a9a5cf23aa0a634318faa10ce8eb8c658f414db8a5e2fad2ce,856d516fbede90c0c2968cfd4685a9545b8f933d145a2f2f13ab5b5816e6fa97,Dogs/Mange in Dog::d116_png,train
Dogs/Mange in Dog/D120_png_jpg.rf.0GAISyJl5C9bqkCkgf02.jpg,10,Dog - Mange,split_group_aa4dd5e90c3d7572572ab406,d341a1bd200b3b9875a869bca99cc952205fe5ac3d2ea672b8bf23e7e91fcdf6,2f46b0ed683c10559cd670ffb29f7cd13b868efa4e8a832b89d5ddde7d750e1c,Dogs/Mange in Dog::d120_png,train
Dogs/Mange in Dog/D123_png_jpg.rf.SkkhUb8ppw1EAhiUoRvd.jpg,10,Dog - Mange,split_group_4ebebe89d2c3aca00e8b3068,b3fc5a9784e3a85c12834e12ac3e1a070e1ed6cad4f8a0558791da89210dda9e,bc56ed1273f7487aad3ec0d1817991c625b0ce8e3606734b31ab889cc4003aa5,Dogs/Mange in Dog::d123_png,train
Dogs/Mange in Dog/D124_png_jpg.rf.T56e332hxXkuPiYdzlYt.jpg,10,Dog - Mange,split_group_2280819682f468ec0b066d66,aca3f9c2972dd75bcc1e9d09bfba4f6b60e103e6b8dc6e351adb5e745649b11c,04d2d99bf52fbe010a298df4a197a49605aff646d10b972fd6b5a4297b406043,Dogs/Mange in Dog::d124_png,train
Dogs/Mange in Dog/D126_png_jpg.rf.0YQQZd7MwHYbzmsKLLnq.jpg,10,Dog - Mange,split_group_d1829d96a6028654cd569751,3ae8007095206cb1bdd1542f809734820191298e8257512adbde6be6aa1afe91,b08467725d461a3af4f225f6e0eaf2c703d3e8a79617dcbf726acac2ce6f3355,Dogs/Mange in Dog::d126_png,test
Dogs/Mange in Dog/D130_png_jpg.rf.QTobYvyEQ7M6cp1OPKhs.jpg,10,Dog - Mange,split_group_b539088e1dbf892ab0bd0ca7,f3f917b857465af916ab37f90b7ec1c8406a9dc8e2814b7d0b2a8c5f63c484b8,fb5a6880209409bef02a380ece7f05fb5210e457b576f62971b915db20ce33b4,Dogs/Mange in Dog::d130_png,train
Dogs/Mange in Dog/D133_png_jpg.rf.RF4U9K7GhwyCeCFhXGvt.jpg,10,Dog - Mange,split_group_8756e267269b2e1e9c261c0f,4b0a8d925405e601e4bebe74b61ef6253977382fe0ef01153214c69426f49465,c4c892ecbe49965baedbd7ebcac1dcb184b0480f6d0480edb0294917da8dd6f0,Dogs/Mange in Dog::d133_png,train
Dogs/Mange in Dog/D134_png_jpg.rf.GSFYUXW6ppZIEDO3v0cg.jpg,10,Dog - Mange,split_group_915038585622d40f36b2bfb8,274eabcbf4d85f8ff986b81ba204570bb372b8461d4ce4703a11aae518637465,79de0eb838d157e482f8f14029794e35496a7b9a68e9fffa45deb55bb8f9ddab,Dogs/Mange in Dog::d134_png,train
Dogs/Mange in Dog/Dogmangeeee_jpg.rf.CQOgsyyH2EfBXBS1Tpfu.jpg,10,Dog - Mange,split_group_2155b3e437f78ffb9c08e6ac,6291e182e5ab49fe6c05c02024590b154a7bdfc1d3576b5bc3079e2091a8cf9f,056494ac6057a75ee8cc3fa2762e883b5b7ae0c77fd76af11885a055745a5373,Dogs/Mange in Dog::dogmangeeee,train
Dogs/Mange in Dog/FUNGAL-INFECTION_105_jpg.rf.3OHb4WZKp6o83PlUBITM.jpg,10,Dog - Mange,split_group_393b8a3befbf2db7d2f6cb90,abf4d1cf6770a2a3a7c457f4715ae2056fcb8ba861346fb6f50899aef3ee2f9d,6bc5ab1b1472bad44692741f90402093d54dd4456386caf2d2b4e9c2300f69cb,Dogs/Mange in Dog::fungal-infection_105,test
Dogs/Mange in Dog/IMG_5146_jpeg_jpg.rf.TtkvnNQRJF5jS70DgDUb.jpg,10,Dog - Mange,split_group_f1d6b287871c680a6a59420f,3f055a044ee31cab20c11bbdb3c10396c11006259918de9a92e1df522bfdba07,eade1de286974dbcb918041dfd320d277548c037cb5ae55be2f355159997f4ec,Dogs/Mange in Dog::img_5146_jpeg,train
Dogs/Mange in Dog/IMG_5147_jpeg_jpg.rf.iLyaAY5ZvPwbNtcymWVI.jpg,10,Dog - Mange,split_group_e93e69331c8b5c7e3a48f516,fcba916a4daa1f0f26e312e251231267b079e616b1e8ed983610becc3e92c2e2,62635b88870087248bc4ab4a77415ad1eed0ff98ad09931dfaad6574da8aea28,Dogs/Mange in Dog::img_5147_jpeg,train
Dogs/Mange in Dog/IMG_5149_jpeg_jpg.rf.0eDj5CuFJOPJ41aa6YO5.jpg,10,Dog - Mange,split_group_55db88756c0bf6c9e191c4ba,d59277a603a087a22cec37cb53f9467faaaff97442b79b3821feb8d437e3c2e7,ac46209acebca74f118f4bc44c0e9094cf7305d78508cd112ded5ba2fd9291c3,Dogs/Mange in Dog::img_5149_jpeg,train
Dogs/Mange in Dog/IMG_5150_jpeg_jpg.rf.IfY50sczdLNex9MsD4vW.jpg,10,Dog - Mange,split_group_695cce81d80675cd73ecbc4a,15b3c31f10cef84058f5597dcee305e69b380068809929581609bea23efcb154,30d284617a2813d6f90b9696482220df664254d7f9b62d6956f8fb794ff187e8,Dogs/Mange in Dog::img_5150_jpeg,train
Dogs/Mange in Dog/IMG_5151_jpeg_jpg.rf.J1zJc1BNmMjsOEsd762V.jpg,10,Dog - Mange,split_group_9c0396af2bd92df1ec034acd,caadd60ed50cbe1f3fa6a8be194fb22a1ada691d433abffe832f9b619834f8ba,70424d11c30f0703272c69b4b4f31fe66b63ebcba948897c3e6955ca3771fac4,Dogs/Mange in Dog::img_5151_jpeg,train
Dogs/Mange in Dog/IMG_5153_jpeg_jpg.rf.9uzphGYp32a2ClITHtYi.jpg,10,Dog - Mange,split_group_d5803bb6a3a78cb735c341b5,bde89f1ac37792548502a54e453af37580e72f55f75ea6cda26c5411fb07bfc9,fd87d63161268fee81a2f9eda88de6700ebd1f2b2f7be59bbc2b9c2fbc19d979,Dogs/Mange in Dog::img_5153_jpeg,train
Dogs/Mange in Dog/IMG_5156_jpeg_jpg.rf.4O93Gfm9sukbNjMYyih5.jpg,10,Dog - Mange,split_group_4c00387aff3833bdc542b152,1b6aa5029e62f90a78fcc19efdffb60e3f9a0d428567f09f2151140e722bb55a,b01686860dbd9a00034691db789d3a9683be2838d113c615ea8d29872cafc370,Dogs/Mange in Dog::img_5156_jpeg,train
Dogs/Mange in Dog/IMG_5159_jpeg_jpg.rf.TmklsfM29romHYXmaM1d.jpg,10,Dog - Mange,split_group_d4575b90f4425f1928e5ac5e,d450c7fa78313f9e4f93d009fad6b88a27cd4d5ee4c2015c967e2b66477cabb5,a7e9d90b5e2a7edad4429efcc5ee34cd4a41420b648a5f11e872490c8234cc52,Dogs/Mange in Dog::img_5159_jpeg,test
Dogs/Mange in Dog/IMG_5160_jpeg_jpg.rf.hdkl0AU4GMpSkDaUL9xg.jpg,10,Dog - Mange,split_group_484760b3137986060935ff37,b88b068a025c38f9e3c869888f4ffbb442e4bf4289e7fffb978f62c1dced07d8,92965b912de71539031fc7597f0f63eafaf0ee1216645c96ec8cbaa12699f47f,Dogs/Mange in Dog::img_5160_jpeg,test
Dogs/Mange in Dog/IMG_5161_jpeg_jpg.rf.cyvHa0ejvGRio6EMAdWP.jpg,10,Dog - Mange,split_group_e42951cc0e15ec3a37b1dcd5,dab0a9c2f37b313b1f091f8b493b97b23149ba5cec6c7dd46f4e807ddb330511,b14fc430b643047af2f84d6bfcf95a6ca5a31a936142f1d4d79167643ecb2468,Dogs/Mange in Dog::img_5161_jpeg,train
Dogs/Mange in Dog/IMG_5162_jpeg_jpg.rf.oRB5hD4rPhsV3sTnF6oD.jpg,10,Dog - Mange,split_group_4a92a143e73d677725a4bcfe,9c859bcbd59955b81715da2588eeb35682ca2e1c04ccaa30c7f089d3b9ead986,230da4cd450d5eba999b0528201176b86a62e8d3b2e006cbba09588fefbace18,Dogs/Mange in Dog::img_5162_jpeg,train
Dogs/Mange in Dog/IMG_5164_jpeg_jpg.rf.Pp5I7FRODjWUX4vb0bFD.jpg,10,Dog - Mange,split_group_d20258e70a10695fdaa69dbe,5311262a1a2e4fbf19cd2c6a46536227d355c9a308dd857021c81b44e919fd88,1e2a01759c2569de177d461b255722b408309a2b1f720ecd8e272db01f7c3254,Dogs/Mange in Dog::img_5164_jpeg,train
Dogs/Mange in Dog/IMG_5165_jpeg_jpg.rf.OVBsRHkyVKvXfF0Mk0a4.jpg,10,Dog - Mange,split_group_98ece439e1497d9c9030be67,a25ab30f7ad03f214b5c42ecf3936965ce90edc58ce783526abb99004146d182,44a1c8bc54a445ed8ae9d46213184c3f5e2bc15750c96e08f03a99b861e208ac,Dogs/Mange in Dog::img_5165_jpeg,validation
Dogs/Mange in Dog/IMG_5168_jpeg_jpg.rf.b66qJy7EJAJuu0TCZ4xO.jpg,10,Dog - Mange,split_group_3af2da6a9dd3f3f9320a19f9,86fbe4a135ce4971da378223723f49c471321f8870e94a1127aced7bf4f7eef3,1ab36e467b137d5ae69fa78703ee2bbc9d8cd6fec184307030ae71cc4fb936cb,Dogs/Mange in Dog::img_5168_jpeg,train
Dogs/Mange in Dog/IMG_5171_jpeg_jpg.rf.dhYFfghwtYPMdJC2VabC.jpg,10,Dog - Mange,split_group_3e4fee08115072e3fc801a02,e04864e2ce9713f8afdaed87eff15f535bcebde40cee6df0c7d2be5c91c7a458,59668298d6003d3f30fc01ad943c2c88ab51694a76147d3a4c94a828e6bfcf3c,Dogs/Mange in Dog::img_5171_jpeg,train
Dogs/Mange in Dog/IMG_5172_jpeg_jpg.rf.RwjmuHMAKIpJv5WI9Cea.jpg,10,Dog - Mange,split_group_efccbe2be56cc2e4fde55eb0,40349212cf50e42df49f9032099613159131d917ddbe744c9e5e69a52a46aaa4,59a1b70c23b3a6661ab2d9d7a23250e2bfbf184f37905245fa120f7b5d92cd8a,Dogs/Mange in Dog::img_5172_jpeg,train
Dogs/Mange in Dog/IMG_5173_jpeg_jpg.rf.cjJYEKheHanPqYUAUB58.jpg,10,Dog - Mange,split_group_d99582a570d85cb38088a9dd,1fd9eaf86fd7f62f739ebb26bb326142fb3770a9738507a67daf0f0926d94ab2,dceea291091c2c86ba165cef179b2d3e74a31547031ac19447596525f0b8cfca,Dogs/Mange in Dog::img_5173_jpeg,validation
Dogs/Mange in Dog/IMG_5176_jpeg_jpg.rf.rom5U0cPoUQorEDBx9MA.jpg,10,Dog - Mange,split_group_2bc89029e0e934ee7be2f4fa,c398fbca82214cace15989534fd28792ab5630a36b9d3f04bfcd99d8993ff3c3,7b9d5590a9fbd69f26bf9e6abb23b429f08dae284d6f1f81435a8295b42125b3,Dogs/Mange in Dog::img_5176_jpeg,validation
Dogs/Mange in Dog/IMG_5179_jpeg_jpg.rf.Dfw4l6q0sKfqQcBsYdHw.jpg,10,Dog - Mange,split_group_2bc89029e0e934ee7be2f4fa,45a17d1becbd12d01fc368067d7b7a3fb52c421445402554c06a7fbeb94ca4bf,c35469aee1d3b9d62f9af9cf8dec85b31482e7731e39a2987c8de4617acf8d32,Dogs/Mange in Dog::img_5179_jpeg,validation
Dogs/Mange in Dog/IMG_5180_jpeg_jpg.rf.gQklIihzLOFfdf9bzFjR.jpg,10,Dog - Mange,split_group_946dd202b47d50f7bdcc2dc1,59c3122535e7e28d503e8e352986bd45fc3b89323fdaa9f1abf13b75edcf43d3,ad0e82b994950d19fcedb32325341a668823641fc865126e21bba830173ab182,Dogs/Mange in Dog::img_5180_jpeg,train
Dogs/Mange in Dog/IMG_5181_jpeg_jpg.rf.sePAT0bSJwbm8ps2uiHF.jpg,10,Dog - Mange,split_group_0ef0fa274e17479c16dfc640,0d677b00be1e955d8288adb4a17074d7b7aeb7f2d40e5f1eebdb19575312eca3,02da95f9468aa8b6f5f3b472bcbd28f2d0fdcca2f8fd023f7b3f8121555e2ba0,Dogs/Mange in Dog::img_5181_jpeg,train
Dogs/Mange in Dog/IMG_5184_jpeg_jpg.rf.youDVm8IPCJnBzA9hlZI.jpg,10,Dog - Mange,split_group_6a328bed55ec0e70af42e9bb,075b248c5eb55661a0875fad6465041c6a51925ed477bd979dea3b4726a8b648,94748e5d5e93213016e90b429f49b1c0a84e83a81b3a46c6184753615789aa67,Dogs/Mange in Dog::img_5184_jpeg,train
Dogs/Mange in Dog/IMG_5185_jpeg_jpg.rf.QDchfS4X3d2nn2A0Bv1w.jpg,10,Dog - Mange,split_group_a538ce0d459e6d2e7aecd242,c8436f4ffe66e7026ff5a7c34677f1514bedbf2e2b214d88e8ef2baa9d01da4d,dc4cb3830f1392e5a053279453924ebbcc4c0ac65a8dadf8d29b8cbed2197dc1,Dogs/Mange in Dog::img_5185_jpeg,train
Dogs/Mange in Dog/IMG_5186_jpeg_jpg.rf.60SXVxLXessVzPmt5hxN.jpg,10,Dog - Mange,split_group_e6d8a11a767ec324de9e0335,873c4b01d2f7c3cb8a1c0b8f51ef9f8516efc4257270fe72454a2e5c5d530bb9,0caa856268f8da6b5a11a20836605be122ca6cfa72bc3fdc8ab6ec372983b3ff,Dogs/Mange in Dog::img_5186_jpeg,train
Dogs/Mange in Dog/IMG_5188_jpeg_jpg.rf.L1t8qIwycGvKC19sQsg1.jpg,10,Dog - Mange,split_group_0ac48dba46c331c93977a5e6,1e810caedae4de12f9d3685965f203930dd84ca39805e6325e6cf733c61d375c,62d5e1f1ed561ee2d4d41355f4db7084ed30cae98d2381d3fcf35940f1a0b1b1,Dogs/Mange in Dog::img_5188_jpeg,train
Dogs/Mange in Dog/IMG_5195_jpeg_jpg.rf.rdUvXYKfV7hnzaE9V9fu.jpg,10,Dog - Mange,split_group_907d566d242a6385ef338b4f,211ee74f5d03186a9a4fc4e9db35d1e67f8b37862a622e63d4cff71a8c13f0d1,6e3be649c8f629e0b448a5fa5af02a43d5c7220851f20a7a1ba939bbaeecb375,Dogs/Mange in Dog::img_5195_jpeg,train
Dogs/Mange in Dog/IMG_5197_jpeg_jpg.rf.AGNQzmdekh4WDP8xQ3JU.jpg,10,Dog - Mange,split_group_9cfdd1de3c094df8682c8d85,f0568df72f54bb32f624d85c449f342604ec5a0b4d1bb9295c8641566c23fd57,8a9de97e549ee6154a4844f42e5098d4e1f7e958bd2331649bcd17fdb87b1d01,Dogs/Mange in Dog::img_5197_jpeg,test
Dogs/Mange in Dog/IMG_5200_jpeg_jpg.rf.35N8c3Dm6coBrcI5hbBh.jpg,10,Dog - Mange,split_group_54ddb2e21c9a34a9f063d76c,d2822c33b88e247688adf777ed70ebfaff80b6077852a7ecb791fedae9f0b916,5594d0196e51f6e92d99fa75c1ac50833a78b307a1852df2ac232cd67cdf5222,Dogs/Mange in Dog::img_5200_jpeg,validation
Dogs/Mange in Dog/IMG_5214_jpeg_jpg.rf.1cR6pELpABtxBPp8PaV9.jpg,10,Dog - Mange,split_group_5b3fe54ce8c03029a3980c63,dc60cf73ac295316c27eb9041eac2b504fae80aa4eace8fc4787508c67a8aa6e,e95e268de6d5d7cf85a50828173468becfe200acae3549c031028a45f85866df,Dogs/Mange in Dog::img_5214_jpeg,train
Dogs/Mange in Dog/IMG_5215_jpeg_jpg.rf.OElKvoukIdELrf4pIi8K.jpg,10,Dog - Mange,split_group_53e31fa7a5c3ac0edf945d47,38dd4b78ca1f4a02217b9cbe16215bc7ff0bfdb14417ad90fb14ed07e0360f53,d81c7b21037ce6d2a09706ecb4c02a1bd8eeeec8afb7d4cfb55f69e1d115639e,Dogs/Mange in Dog::img_5215_jpeg,test
Dogs/Mange in Dog/IMG_5218_jpeg_jpg.rf.Dn0HeDJ41g1QKsNUIW49.jpg,10,Dog - Mange,split_group_d990f3762c51abb911758486,33fc568557904706275ab8e6462564197dc0b3eaf2f6f9f653d5b6e4ec9bbf4c,ffdb7f766558d07bb323dcc3c3ebaddb211052329171fc0e4b21b3f65dec7f58,Dogs/Mange in Dog::img_5218_jpeg,test
Dogs/Mange in Dog/IMG_5219_jpeg_jpg.rf.joYtn0IX0VywuqVC9PFC.jpg,10,Dog - Mange,split_group_b3790250a3c896183fbd91df,62264b08c1598469bf9e44b543e6bcf13fb7b65718e28345ce57e880a1d49944,714294a606c3176c408e40078bf55624ae64dfbd5518a5330fd66605c188fe2b,Dogs/Mange in Dog::img_5219_jpeg,train
Dogs/Mange in Dog/IMG_5222_jpeg_jpg.rf.SPz2oZ1OVtsdKvOWbcLW.jpg,10,Dog - Mange,split_group_f470a0a9831abd312a5ebfac,17ce80665310974b5fedd6ae9b8e84492c203008f9f45386dbf7792ac203dc63,dc0bd84a50d4d73c1d746edc20ed7b984a7ad513e448cb70b20b8dbe7542a896,Dogs/Mange in Dog::img_5222_jpeg,validation
Dogs/Mange in Dog/IMG_5223_jpeg_jpg.rf.8SuYXcOoItKoyMvEikRF.jpg,10,Dog - Mange,split_group_c9a57e64ae654157a662fb3c,ffece5b1ec80e7e14411a0cada6c6df1c5702616a8b25bea26395b608c901fe5,a67aa28228ca73d64f915a6b470eef0b62bc58104956cb88dfa3f247953d8ad4,Dogs/Mange in Dog::img_5223_jpeg,test
Dogs/Mange in Dog/IMG_5227_jpeg_jpg.rf.IqNmFkb2tf97byOSQZGS.jpg,10,Dog - Mange,split_group_e53cc9a8823295451a1a2609,3c9fcb2f14c0942c1834d4a0ff47f8db89b0079beb83cb12de78f6090274609a,96a77ab65129a034c1df8aa42898e29ab5b469efc9e06e267abedda14e54a9bd,Dogs/Mange in Dog::img_5227_jpeg,train
Dogs/Mange in Dog/IMG_5244_jpeg_jpg.rf.1UNSRowyb5A7xBogmDkD.jpg,10,Dog - Mange,split_group_473a78198eb42d9748f3c13e,1b27c7af300f7b3e9df3b2c6ba302e2237c39104e3ddf142963d7520c5008920,9c123b7fc3e289576117dfa3222fcc853681d5862929f8f1ff7d1475e082257b,Dogs/Mange in Dog::img_5244_jpeg,train
Dogs/Mange in Dog/IMG_5247_jpeg_jpg.rf.AC9oftYrcyAKic65hThr.jpg,10,Dog - Mange,split_group_8dde9ded0af5cfebed94c8d9,d8216a8e177f56d8b61a54e2bd5841b074c6f8f99d75757fde19530f71d63ac9,de5efc5b75a262f4aaa7197164aa38213ba910a2fa2025b756f44adfbf344f48,Dogs/Mange in Dog::img_5247_jpeg,train
Dogs/Mange in Dog/IMG_5257_jpeg_jpg.rf.0kcPnEKq3kSCCUbq99wz.jpg,10,Dog - Mange,split_group_5b5d66605972937916248c35,535b9d52b0564d5a24d63e03f25edcad5b3ba521fe1d594ef21fe19e0763aa67,278980773d261877f940bf1182d78506b00521109f8517eef621dcfbdd38f5d6,Dogs/Mange in Dog::img_5257_jpeg,train
Dogs/Mange in Dog/IMG_5264_jpeg_jpg.rf.cpXY9NqzTjxYlmEaQMZP.jpg,10,Dog - Mange,split_group_97406766d3f858ea9f9b06fa,394088a1ad886dfb10383f86c1c048ebae4aa4b7cb928df6766f272dd3913c19,14606576960c4d354795514695a6ee6539cf1eaec62dd0ccc52ca8c5cff5f0d2,Dogs/Mange in Dog::img_5264_jpeg,train
Dogs/Mange in Dog/IMG_5265_jpeg_jpg.rf.J3cJQj7134MltyzzufrJ.jpg,10,Dog - Mange,split_group_2d18952e811ab1319b0ecffa,68ca5c79e9c581b17ce4ab2febc0123d815ec16ce8fe109394282d059f0aaa91,50ac28ae24966d3180334fbfbacf03a73e321b1c206072baf84140b9c33645d2,Dogs/Mange in Dog::img_5265_jpeg,test
Dogs/Mange in Dog/IMG_5278_jpeg_jpg.rf.e2KwVAGpm5Rm0fRFK8ff.jpg,10,Dog - Mange,split_group_754c0efb62bdce41564c130b,ef2d2b577a660acf2884359ee552e8960ed4915b1d8723ec8c992c1802216d4e,3b9f2d8572feefca725412f20dec2d3a77c919face7f28331511b8ebfd65677d,Dogs/Mange in Dog::img_5278_jpeg,train
Dogs/Mange in Dog/IMG_5286_jpeg_jpg.rf.KTgAif4Eqpwl8cqjjSGd.jpg,10,Dog - Mange,split_group_3565acf6bc43387df2fb3004,0858842de748d77f8c8bf3bbbfcb0333f3d98c6afd2b4f36254af1eeebc95a49,a5eeb95a48d43614a7c7e5fd18188adbb84768a14cadbb45ae6b4c19c4e6fc86,Dogs/Mange in Dog::img_5286_jpeg,validation
Dogs/Mange in Dog/IMG_5291_jpeg_jpg.rf.jd2Zr8yoFnMzQvGZL718.jpg,10,Dog - Mange,split_group_adcf43495379e45775c6ca82,19a6e8d04a44e0f7883b90e6d8f0d517109d026c275dc7fe4bbe24402c097582,b3103f79e52999e33bd561fd516e290ecd95fc2bfca2b28d2deb9d921c24fb1f,Dogs/Mange in Dog::img_5291_jpeg,train
Dogs/Mange in Dog/IMG_5298_jpeg_jpg.rf.Fs7axg26y7C8CTpueo53.jpg,10,Dog - Mange,split_group_d49f8cff337da4552ea41ba6,bc1c3025cedf9e26c1300de69e6c77cafab33ec8f566551498b5c46f35352973,6cfa6da0b49b6498621daafda6403bb1e4fe4144a1e62379fb6ac82ff7dbc41b,Dogs/Mange in Dog::img_5298_jpeg,validation
Dogs/Mange in Dog/IMG_5302_jpeg_jpg.rf.TMFaCTH9jL7P6SUp91Y0.jpg,10,Dog - Mange,split_group_54458c774194440a0d125860,b7f3839c994022dc738321659d108c42b5dffb54221bfadfdbb7f70bf47282b7,e308693b6b90855e2013745e3cb35f7717e76775f597f1e413aad8eed3252f00,Dogs/Mange in Dog::img_5302_jpeg,train
Dogs/Mange in Dog/IMG_5310_jpeg_jpg.rf.5fWGw7QMfKXn05bCrg9G.jpg,10,Dog - Mange,split_group_d8d72be69285d50198f67356,9aea48dcae5e4fbfad8a1487c141d567862070f98ddecb5628d7937d4aa81dea,9e1deb9a0ebb01cec7d7ee1525c7d1423bcd1223892028b7decd704ddf968f2d,Dogs/Mange in Dog::img_5310_jpeg,test
Dogs/Mange in Dog/Image_1.jpg,10,Dog - Mange,split_group_0eacf2af7616706bc30ef561,d91e59b4a67bb60bd39b832b0624b175059600ad742f1bf9a2750a0a23a04020,dbf2953a5303e1202c3bfd74bcdf9e4179e36b02a710d248b6bf69ebd93c50ef,Dogs/Mange in Dog::image_1,train
Dogs/Mange in Dog/Image_10.jpg,10,Dog - Mange,split_group_c39840785ec72e30e747c429,2e403c9d51143e24d6ddbadaf0e606b23620bb5abb419f4aa8d3dc5c14cb4c9d,6fc26807e297650b87863257aef0dded3c8fd62b2fa634b53c0d96ff21f3bbcb,Dogs/Mange in Dog::image_10,train
Dogs/Mange in Dog/Image_12.jpg,10,Dog - Mange,split_group_ac0b855f76445568fcf865e8,b1d5117b1a44a5af8c02aa1fbb10ed92c75dd3eb45fdb28e2a09f3661d711b83,dec8d6564f720617472acd71eb814e9415c309c29ca47fa3cec5dc638d2c8fb4,Dogs/Mange in Dog::image_12,train
Dogs/Mange in Dog/Image_13.jpg,10,Dog - Mange,split_group_bebe3b57bf958395089d9c42,ec8e5aacb363204649060fdc1e4b39111f5117f687d71a54e1dc7cf393d55b38,767e42f49cb7a945645243b4f48ecec5c07ea93fdbad9de4225ec8d322d9617b,Dogs/Mange in Dog::image_13,train
Dogs/Mange in Dog/Image_15.jpg,10,Dog - Mange,split_group_e6e94e60bb21c1d8b1d94a6d,6d2bc4c82144b73e3363584351ce38c16c2866198b20a4084b04957c899f2e78,0048f15d36024728e55db3ef0cb48d5c3f47a7692e46bbd55f0d6ba79726db7f,Dogs/Mange in Dog::image_15,train
Dogs/Mange in Dog/Image_16.jpg,10,Dog - Mange,split_group_83e6785fe3fe33568bcd6976,cef8bcccc81de36ae8566ca1870e83d6cb812fcc663f7040658af0406569878f,6ca4c49080657ef2bdd82419f6822946e7ee929010dbe7a1f7a52a040bdb1e09,Dogs/Mange in Dog::image_16,train
Dogs/Mange in Dog/Image_17.jpg,10,Dog - Mange,split_group_9a44af8ade3328bf636c0a89,b0fdc481986cd47f9239650ac9e55fa3a456e47d65d8a7131d37340a6afe6167,1816c6e0c29cde32a7c204320701aa6252d57ade3f1d115f32be91cbae468daf,Dogs/Mange in Dog::image_17,validation
Dogs/Mange in Dog/Image_18.jpg,10,Dog - Mange,split_group_423e8d481b830dac11d8b111,0c48717cd13ad9dfb08b844d4dfdd75133579efc61585bbb0adde0359270bec8,eddc92704c4924cf8beee86f9d7506456cf505af27f1e9d2cc0fcd0509288f06,Dogs/Mange in Dog::image_18,test
Dogs/Mange in Dog/Image_19.jpg,10,Dog - Mange,split_group_ac7851b7c3d6b77134e900f2,51bc409e546eaadf7cd131ce0559177c41675dec60635ac4f72e04f6ff800f91,3bed02fb233cf2ec9365b943a76afc4e3116feff72e87963d1923fe890436b8c,Dogs/Mange in Dog::image_19,train
Dogs/Mange in Dog/Image_2.jpg,10,Dog - Mange,split_group_5328c809ce3579aa78b7261e,e2d99f9e2473472881a0bb0939e04fa6d99f0cc26e4e2cbc0dbe05ef9f02fbef,9846e70e05069be954575e1e66cec2cc6a68d72f8f9dda0138d6152aaccb3c4d,Dogs/Mange in Dog::image_2,train
Dogs/Mange in Dog/Image_20.jpg,10,Dog - Mange,split_group_eedafc23b3c706279efe2d93,ab0cbd06d4ca7de7dc0910e3253eda290d326e89842412c40250c52ec02aa6ca,143c714c4bd7300ef985d053c11921d4cd169a8e55513b53596c9cb22f67d5a7,Dogs/Mange in Dog::image_20,train
Dogs/Mange in Dog/Image_21.jpg,10,Dog - Mange,split_group_2966c23ffd22bc8129328397,446f417cce895472740f15c7b0f6f014148fbe52400d96903254351b6401a06f,7b19729fceee769962a525fd482776fb1d8f44b598b0aa9343bb94167d74f99c,Dogs/Mange in Dog::image_21,train
Dogs/Mange in Dog/Image_22.jpg,10,Dog - Mange,split_group_668fc12d460559f98f335200,986ed24e09cf77ede8662f4b2f85a27157ea439a6beb5fbf66a935ca05a91a1e,4aa74ffa55436329927549d7e7fe8702c3d3bcbe75dba7264e2275c02adba69c,Dogs/Mange in Dog::image_22,train
Dogs/Mange in Dog/Image_23.jpg,10,Dog - Mange,split_group_ec3366451ba64049ecfd2631,2a18c04d5db3e06cbe1d8386039ce2fdbef58139a009764eb8cb9d0798229fc5,597f6e21a554af933aa22ef13391d235801597624d675c016bebdff08f4ce471,Dogs/Mange in Dog::image_23,train
Dogs/Mange in Dog/Image_24.jpg,10,Dog - Mange,split_group_9da88ec90a6a017430c95cce,303a071da88d657753ccdd1583ee1c6fc13ff70f1f6beb8fe770017abfe07b19,c3e72d122b36d3cdd2d4a49cfe616ca40eb48b9d624b021bf932642a20e6b276,Dogs/Mange in Dog::image_24,test
Dogs/Mange in Dog/Image_26.jpg,10,Dog - Mange,split_group_2e4e85487b57c550991f4ca8,d7de6ea34c06bd5c74c4ece7a8569f9ae40335b048ffa49dfc7080a603264ba3,b5efefad56309387aadf7160656a3d39102281d4eb83a7c0712b74152d4510de,Dogs/Mange in Dog::image_26,train
Dogs/Mange in Dog/Image_27.jpg,10,Dog - Mange,split_group_cbfb848805bd6fc1084ac868,fc0b497fe0e872e3d964890e699f2f60877243b8524f88e073804fe27e01193d,7c4b6185ca7e8f06d05e3e195760073919a6765579df9db5c7a15a3036d68733,Dogs/Mange in Dog::image_27,train
Dogs/Mange in Dog/Image_28.jpg,10,Dog - Mange,split_group_c16cb7d5a51b3ac0b108efeb,7ff973047d61e63053035dee411889d598f1374a1f03dfcff244520887ac751d,11e60ab625ae0460275a400ec97e6508471634c192f35662a43d40ebc141f6dd,Dogs/Mange in Dog::image_28,test
Dogs/Mange in Dog/Image_29.jpg,10,Dog - Mange,split_group_7c7ec3b31b26aaaf5fa16d50,55286b6624b6b1917e9962547de123faf84b8c9ebb3ac6de1e0eb58238e3ddb0,b7b6ed97d54215a57f5f5d86768e6aa3bafdd521162cc807e2aa2b15c3deb940,Dogs/Mange in Dog::image_29,test
Dogs/Mange in Dog/Image_3.jpg,10,Dog - Mange,split_group_470187414fd127a5b21032cc,4dc081b695edb05e5951f8402d1efeaf6d83b270fa07195a509b47f5879add9e,99058968f13c81b49cfa8be60d0af55e1041380e1503da3cc61c2162f0367ff0,Dogs/Mange in Dog::image_3,train
Dogs/Mange in Dog/Image_31.jpg,10,Dog - Mange,split_group_d70f81e9381fe800c80992b7,20ddffc8aebfc8636924b8bf9e871cdfa69271b2ff84a9f7ebe8dbdb43e01e9f,17912d0ead38c15ac57f869221b5284fb3ca38e2256b471433afbad25c771554,Dogs/Mange in Dog::image_31,train
Dogs/Mange in Dog/Image_32.jpg,10,Dog - Mange,split_group_fcbab61067426c56072e6fbd,86724326a7e7540eef074531801843a02e23b39ae4c9d539b39dbad004759d61,ff7f90518642fa243696dde06d5aafa53ba3aaf86dd5870d80676c11989b6d24,Dogs/Mange in Dog::image_32,train
Dogs/Mange in Dog/Image_35.jpg,10,Dog - Mange,split_group_5328c809ce3579aa78b7261e,a5ba28be5d39d1d73379acedd50a8bb322d50b216f736349646c763999cffc09,7d79fa70e3020e69a81871bfed717074cbd6b7f5bb7b3248c7855ece98e4b648,Dogs/Mange in Dog::image_35,train
Dogs/Mange in Dog/Image_36.jpg,10,Dog - Mange,split_group_3354e8ca9f93493e2a3e88c3,592e2742ebb53392c3a1add0093a683f7d62e41ea8df13e0064c4a2312b58ebd,a0034b009c84f85d084473d1b2d70c775c8133397959b50210c1a9571cfa6575,Dogs/Mange in Dog::image_36,train
Dogs/Mange in Dog/Image_37.jpg,10,Dog - Mange,split_group_33ee7428525483d90d9d20ab,3f99cb84c31bc62aea0867894c3a46eb87583911210ddd1d4869479ad5b742ad,c031810155bcbd3f8d2c28e8c1ccd5525f85696adf878df95eb22cbbdcd8f261,Dogs/Mange in Dog::image_37,train
Dogs/Mange in Dog/Image_38.jpg,10,Dog - Mange,split_group_707f36b77ed1e13f2e0d566c,7a6e0c30397e57b75576354913924f9d17b27d76edbc112dbc58ba8ba640c0cd,eafa569b1fd234d93abb60d771be6ecbd59364f142dfaddb19390fdb62f5273e,Dogs/Mange in Dog::image_38,train
Dogs/Mange in Dog/Image_39.jpg,10,Dog - Mange,split_group_ed18042fee11c01a908a2f08,ccfffc8d89e10982fc4bfb2d210170bf03ff7e19d1fcd55217c9b9b3500301af,1fe391e48840b25e1b82643bce7cc7447763cfd767b3dc4924e4c732a5f1eec5,Dogs/Mange in Dog::image_39,validation
Dogs/Mange in Dog/Image_4.jpg,10,Dog - Mange,split_group_707f36b77ed1e13f2e0d566c,90ef4c86b6b06a08feeccac80a7e744405cd575219b1a8054f8c70abda960dc3,a31bd8b6e77635184ee46876172cda24dd97629ec3a79a23fc81eda45281a160,Dogs/Mange in Dog::image_4,train
Dogs/Mange in Dog/Image_40.jpg,10,Dog - Mange,split_group_010951e3f8e8a499594ff6fe,b4f93e35d675a2db47d72b2533b290eefe458d5b7d5cf88d895ceff92e86605e,c82cccd54c57cd122c35edce62c7dda1825ba60998ee8938ee12f086813e99be,Dogs/Mange in Dog::image_40,train
Dogs/Mange in Dog/Image_43.jpg,10,Dog - Mange,split_group_7cc7216ea7df83316cd4b522,2142c60435c6021f844849a01890cd922edaf510ccc4e37c7bf2864a12d5133b,ad9fee37bc43a57ba67bb67fee274579cd021b79025e36b2b34d25a302c83d42,Dogs/Mange in Dog::image_43,train
Dogs/Mange in Dog/Image_45.jpg,10,Dog - Mange,split_group_2025278614190c46e45ebeb2,38244a5b6ff71ad61603b3d88b167b7b4a484e2c47da1139901490e8f1ab56e1,2543fcacdc726ae57f80091844ee8d2870599f41bbcc5577fc8fc918c841a720,Dogs/Mange in Dog::image_45,validation
Dogs/Mange in Dog/Image_46.jpg,10,Dog - Mange,split_group_934ab0221895c8fd4f51fe4f,c44a83327f53d17bb22b969537f136a90870bc4562b67538694a5fbbc30c5de6,d33d9cd1796b30c63f0ebe31e105a94a80ac886ecb210694940707575dfcedf1,Dogs/Mange in Dog::image_46,train
Dogs/Mange in Dog/Image_47.jpg,10,Dog - Mange,split_group_a12dc5d81e0843d795142c15,5be76104902be77e875dd38a47f0c6a132b6f840a80b6eed8ad782cca90615a6,25d534739772621d76b8fc452d58f50a67e84f3033a7cf72e856ababc6399f09,Dogs/Mange in Dog::image_47,train
Dogs/Mange in Dog/Image_49.jpg,10,Dog - Mange,split_group_3e3ff367c42b48038b221f92,0dde5880f04fe21e367da25ba042437e3ec10bd122a8026483bd5adf2433d16f,096b1a5f06776ba0082a59996083f8b48dd90aee8e105012f340bfb90d3c1a4a,Dogs/Mange in Dog::image_49,train
Dogs/Mange in Dog/Image_5.jpg,10,Dog - Mange,split_group_9f2e1b3c095ade0047ee230c,a074e7252472482aa4594b5bafd87fad44693a6f61267251e1c9dd45646f7679,98ea3c26611ae43c51b30fdb07ead3b76cd2d670b5364030806a48214893938a,Dogs/Mange in Dog::image_5,train
Dogs/Mange in Dog/Image_50.jpg,10,Dog - Mange,split_group_e98eed6b535402f2da187488,161b0574218867c95179f82af844b98e0c2e84186e31d1327a9c375a34e8b06f,a3e9ea26571c9bf3845f2600a2d793629eb86d9d818b76095605831611ea4ae1,Dogs/Mange in Dog::image_50,train
Dogs/Mange in Dog/Image_51.jpg,10,Dog - Mange,split_group_f099f4ab809debb387cd5f25,ebe627217ce0caabba478384308ea54302d930ba86ba167960a05a2c4e3e5db3,15c436a44dea13dc406ceb399825d2eec964871a8a180b6f6061e59e4a3697cf,Dogs/Mange in Dog::image_51,train
Dogs/Mange in Dog/Image_52.jpg,10,Dog - Mange,split_group_d75f7027c4d5c2602d336a42,c43443618643b9c4b1d8bf62d712d79ce50abd5701725b295749a559304c9084,20100f0ddefa94a933db89c409e34beb9c948a19088a8f30f7c92cc1f78ea8b4,Dogs/Mange in Dog::image_52,train
Dogs/Mange in Dog/Image_57.jpg,10,Dog - Mange,split_group_534916a8baf8e8abd3c41ebd,2fbd71762c500c291031ab60c346bb37e073a94801c696142f733dd8be165dc7,44ea4caf6aaef6f37e257191ff78aae5072e9da5efeeeda4a41b4875b3e2fd03,Dogs/Mange in Dog::image_57,validation
Dogs/Mange in Dog/Image_6.jpg,10,Dog - Mange,split_group_c5e12e9f2fa4c516fa336f10,f7bf758b641a14cf91014e643a20bd3cdfe537ed668c60d821eef1850a73c61b,d84964ca2833dbacd7fdeea6f243e23f30e2a2d9b9000b40581b1500298f1963,Dogs/Mange in Dog::image_6,train
Dogs/Mange in Dog/Image_61.jpg,10,Dog - Mange,split_group_4257a2887e5d8bbecd8e343c,656e9d24c220c329b9de11cd2bff6772170458f4cf5f85c3a40b9e19581babc7,fafc03b038f04a1f7cc7398b9f4f0d42f415f06ce490cee853cdb1babc6188ed,Dogs/Mange in Dog::image_61,validation
Dogs/Mange in Dog/Image_62.jpg,10,Dog - Mange,split_group_b24047a5911a60a159800226,31737b56e4e72f6dc3c310145f31fe59e83b04a0eafcae0943499fd2b086cd85,0871e30c63d1e74f2eab803974f4633e8fe582be37c2afaa8517c75bf494feb9,Dogs/Mange in Dog::image_62,train
Dogs/Mange in Dog/Image_64.jpg,10,Dog - Mange,split_group_a287a73bdc605bdb66fd52cd,70939814b071b7cc1ae05c9d4c0299b74ce629a8a54065d34e99f5e7c73cae2a,4c5759fb2d0927e0a77f6f5493b4618bfddebc34f2570ca23a748569c1592219,Dogs/Mange in Dog::image_64,validation
Dogs/Mange in Dog/Image_65.jpg,10,Dog - Mange,split_group_9da88ec90a6a017430c95cce,d652d28430d8a314cf6aac492c7cd9230be1a2db1a23cf21bf589bc5294f8744,6d3f8276bdbf8b34378185b83ff3e7b3072cdc5de360b47a37ab5bb05074bf7e,Dogs/Mange in Dog::image_65,test
Dogs/Mange in Dog/Image_66.jpg,10,Dog - Mange,split_group_784b2934d10f7099c00707c7,13f7ff3b24f05d831e9986ffa147d0defc9030c9ed3c51638f1ed9b138755da0,cd1a6fe8471f61acbdde56d9edcd5b5a74c38c4a5917c076b41c17936c4302c6,Dogs/Mange in Dog::image_66,train
Dogs/Mange in Dog/Image_68.jpeg,10,Dog - Mange,split_group_40e6548b22f63d15357ce2ce,f823e4a6affb71f008e03e1f344e79cf53618605912c838aee8f4965d45e7503,aa80f19728422ab980a80b54323586746bc6899c4b3841a36ebcc0ffb9583ac3,Dogs/Mange in Dog::image_68,validation
Dogs/Mange in Dog/Image_7.jpg,10,Dog - Mange,split_group_12ce126a54969401a669e499,e4c799df041c88eda0c0698bfac6c6a1043bb4f2951efa4b55fb04753b5e14c7,7c72d02132799c073861f3d77854c306c14a1a067c7ca4333930b8d21470f55d,Dogs/Mange in Dog::image_7,train
Dogs/Mange in Dog/Image_71.jpg,10,Dog - Mange,split_group_10f74df8c94bd11db75b118d,e9f8a86d04f1225d2efffbdea66506d11ad0eae74e1c1bd95dcc840ea9092aea,742de41a0d90a62ddab27df91403626ce902ea8c7737b4bb58f89d1783d06d2a,Dogs/Mange in Dog::image_71,train
Dogs/Mange in Dog/Image_77.png,10,Dog - Mange,split_group_e8f1fc0097e2cfcbc3b450b7,de68206c66ceac39c69f9ccd6c48cae9699d94301b40d47a7ebe7e2e500dab5f,2fdad753e39ec075e13fa46031e96f55c339b544c7680725312a65af741de567,Dogs/Mange in Dog::image_77,validation
Dogs/Mange in Dog/Image_8.jpg,10,Dog - Mange,split_group_dfc37bdd2c7fea9760fd0a37,033891664694c92cf8667124fe38c0a70e6ecbf670a8a1f9e9406cbf94bbcf36,c7ab992273163d9be24820182b3c8cee2a05bfd9e08754e0e6a029c60665a031,Dogs/Mange in Dog::image_8,train
Dogs/Mange in Dog/Image_85.jpg,10,Dog - Mange,split_group_0cf615de8e97d871a88de7b9,fa98126fb588dc70920ec2686d05e74249de9ee077912b68a1f67dd28f5fa59d,ea17c8535864fd7b44cea87e32aecaf490378f94bc95109f91b847e58783ff80,Dogs/Mange in Dog::image_85,train
Dogs/Mange in Dog/Image_88.jpg,10,Dog - Mange,split_group_bebe3b57bf958395089d9c42,dde271af193f5067ef02990d4db7eea885441ff019d2e4f56958538d80780c3e,15596d12f7bec3a8ebe8985a25777b095b05b2b30623d8ae8ff6280c0bbf8533,Dogs/Mange in Dog::image_88,train
Dogs/Mange in Dog/Image_9.jpg,10,Dog - Mange,split_group_1f82b643f30a0a5d06754775,1e98901ea250723eba56e7cb5c9bbcd4cd59bb4bb6344862bc2899e3be566c13,213837592d459a0de9e255f3409c164352471ad977b55da3421aa5d34918281b,Dogs/Mange in Dog::image_9,test
Dogs/Mange in Dog/Image_94.png,10,Dog - Mange,split_group_252cc924af6109eb8d4ffa3a,31dcc3b28e2140486871007772aaa43d0ca5d7366f18ee978280d06d50178685,9e9dad9cf7aee6ab9787e2b349af198ac33b50562aa4d4fc99712ccb31beb9a3,Dogs/Mange in Dog::image_94,train
Dogs/Mange in Dog/MANGE-horoscope-IMG_9146_jpg.rf.F9nA0DjDSjWEtI0QTflv.jpg,10,Dog - Mange,split_group_e729ca69bc04d3d676abd272,eeac3a175abb584753618bcdc6f0b80cca1101cdf0d77e252e97d507739f619c,128dc1c02dc1b6a6ca613a41f3771b592007b46e6d4bf5d095ec7ef72047a3e4,Dogs/Mange in Dog::mange-horoscope-img_9146,train
Dogs/Mange in Dog/MedVet-Website-BlogFeaturedImage-DogWithMange_jpg.rf.axZlMMPSjI4ETe81eWt7.jpg,10,Dog - Mange,split_group_ef33c7c41f57b1ec97c34e63,eabe403f6673e3741c59e763ec721e86593ccbfa354f3a3da6e001f8bd298848,ac22a6ed7f8ce91cddb96aa497d27c005d9c48615bad875a695778c289c9a470,Dogs/Mange in Dog::medvet-website-blogfeaturedimage-dogwithmange,validation
Dogs/Mange in Dog/P10_png_jpg.rf.gvPHiv2gDOyJbmTmyZcC.jpg,10,Dog - Mange,split_group_0e542fbbe924e941ff6664fd,9b13a2a23df0c297b9037e6c6dc47d7e42e182fed5d7457bf9ba0fd7defe76ed,516bc50832bdb59598827c59359dc671e3018764c6437d15cca226cd5e0250d3,Dogs/Mange in Dog::p10_png,train
Dogs/Mange in Dog/P11_png_jpg.rf.W9y2oBT7Iqp74qsVRG6g.jpg,10,Dog - Mange,split_group_dbe0f2e649ec4cb6277cce03,c2a595b42a42e20005324cfeed69cf9d20b106b5455be1b5613fd410a54779e4,093cad61368b4022a1429b13d46ce8e147c8ce45fb7ae190c14272e370eff418,Dogs/Mange in Dog::p11_png,validation
Dogs/Mange in Dog/P12_png_jpg.rf.Oshxu1JYLu1OS38t1NEM.jpg,10,Dog - Mange,split_group_04d9bc819b73d005fad24583,c6375f9c7fc68f45fa413fdce255d25622ce5520ac3bb8fa97c2c1bb4a00fd6d,1a2ffcbd6096727dd5a9248b4acfaa8aa4eac01b37a87d80a39dab4a0338f47a,Dogs/Mange in Dog::p12_png,train
Dogs/Mange in Dog/P13_png_jpg.rf.UJtuIQfGflk0gFkXwedc.jpg,10,Dog - Mange,split_group_29c522b83f0a65dee78eacfd,d31e8f55a4084a9c3accb831ec2291abcd6eb29592e6a171774afc246eec78b3,82e3441692d7acec329a47c0477dca632a740bcd66a858180c9f39860ee838a2,Dogs/Mange in Dog::p13_png,validation
Dogs/Mange in Dog/P15_png_jpg.rf.wSPBnkct9F4I0QtKyD1E.jpg,10,Dog - Mange,split_group_d029fc8c9fc2890d5df197d4,2cd02c83bd6e96d474b87d57799007088055d47f5160b94f340bb72e4d46d8e7,1764b66a4d99e7c9307815a275c15fd8de122ed2858550f699855fffb2c0fe8f,Dogs/Mange in Dog::p15_png,train
Dogs/Mange in Dog/P20_png_jpg.rf.17nl4dmSnrEkEmm2tTgj.jpg,10,Dog - Mange,split_group_bf371bf3e934cfd94be13ff9,e1650a92fb99b61eff37d51b91b3de46fb026f6b3a671b4fbc23b764fcc210dd,4255c80b0b8755f51a08c30857fe8701ea20c3f2536bbc5822f9b4d3ab963301,Dogs/Mange in Dog::p20_png,train
Dogs/Mange in Dog/P23_png_jpg.rf.7sDKLuuBKfLhqT9pF6sk.jpg,10,Dog - Mange,split_group_7657083f9d0542570c774638,daaf7b17020385b8c8d4dc9cccae4f2f58b6df21a0f2d33d4602fb45b29f5b21,26d47c4b3b0f97e449d3b675bd9d1c65c9aa39080bcb2da74141c238a80ae29f,Dogs/Mange in Dog::p23_png,train
Dogs/Mange in Dog/P24_png_jpg.rf.ORS3piyKStEM0505FBtT.jpg,10,Dog - Mange,split_group_136f76a06e26423d35b44c09,d241dd3c0e267463815e36309536f56b929c8f95999b9d3fb60eb811065c5a79,979578a55c76731180e153a03bf878a66729cedc3cf056351a729e77d4219361,Dogs/Mange in Dog::p24_png,test
Dogs/Mange in Dog/P26_png_jpg.rf.yWGnJ679LLnCFFDUirO9.jpg,10,Dog - Mange,split_group_9596edbd0491f8d1222bfeca,9296c62838346a1564ba922537de1060cb957b7879114f3204ba72491063f3cb,bc6ba16e1c8df85ad221dc6b6b7e05e92bfb4fbdc04666e8cb36c34d53f1ba79,Dogs/Mange in Dog::p26_png,train
Dogs/Mange in Dog/P30_png_jpg.rf.Mj0mTu77TqNOF3TnwjsJ.jpg,10,Dog - Mange,split_group_5181035dd15bbdfd80454b5b,d9bf8c0f0a35e536b964a80b0624a2390f8427435c6d4cd2f3072a16989ee5d9,ade1004e2fd443a3d221469cd4688e5f572dd769304c6a3a645946314c3216ce,Dogs/Mange in Dog::p30_png,train
Dogs/Mange in Dog/P33_png_jpg.rf.JPd4hwHwrZAbSaQUAfoZ.jpg,10,Dog - Mange,split_group_e5ca4f0036e46ac371554488,95db68d41e069271fca6e4af18729b4642f96c2c6a8a258e3cef0600278d5529,eed19f01842a208c318528867fc26fd4a31b8c8253111ae79bba08f7fb9ded02,Dogs/Mange in Dog::p33_png,train
Dogs/Mange in Dog/P34_png_jpg.rf.0GAfVntljIQQPUXuHEfh.jpg,10,Dog - Mange,split_group_c0ac70dd8e826d50ec22023b,3e1bc9470771b47a25e3b47ff6408af71e7f5826af3835791dbfd09bc80b5dfc,6404ea7b9c82e37d5e02d839a3a5154e0baf4879ae4c2bf41bd704b1e1c00ebc,Dogs/Mange in Dog::p34_png,train
Dogs/Mange in Dog/P44_jpg.rf.576tUsPAEMWsppdmGeR3.jpg,10,Dog - Mange,split_group_35d7931807ab73fa07bd8a1c,b15cad84733e411ddec6acf46e8dff500e25ea049d9f00f29e3610cae6a9d5b4,b0de32be8684c20235063f3f30cc0f80e86c804dbf59c7375178f30372d28497,Dogs/Mange in Dog::p44,train
Dogs/Mange in Dog/P47_jpg.rf.8TUwgQh3fPcZJUphEluA.jpg,10,Dog - Mange,split_group_f4d7251a20d0eaf1b5c6f0c8,cfca2ee3e0f16572ad10c5fe5464d3736f4fb1ae253b075e8c333e0430d296fc,23f8226c08f827574b0a28f6b6f76d1185a7e9044d6db73b39eca409eec2526c,Dogs/Mange in Dog::p47,train
Dogs/Mange in Dog/P50_jpg.rf.nUH3KBaOIk4qVTbHPqK0.jpg,10,Dog - Mange,split_group_536f65ff09ee2ec9b7599ce9,1bcc83d0065bc0118aab3ba18f20a61877270839debc82389ab0a38f37f60847,708bf593db6602c2c7f3ff0d8f5dc058f73f1f40dc818614e4ff83df5982208e,Dogs/Mange in Dog::p50,test
Dogs/Mange in Dog/P52_jpg.rf.s7Panf50dkEElUK6XozN.jpg,10,Dog - Mange,split_group_4f7d81c6897938d619fc497a,139270cff8c2461049637cbee52c8f2d9c0dfeca346039e81626886a3ed043ce,fe32fab85d74d00a29f11130247de47722a65a743c2ce2abeb2a9be219c3dfe9,Dogs/Mange in Dog::p52,train
Dogs/Mange in Dog/P5_png_jpg.rf.Ch6da7PYWIo702ir1Wko.jpg,10,Dog - Mange,split_group_61e96a7f5bf4889138a75f03,932aa733c64e8eaa7acff921ea2844a3d1a2fd4f2f43e54ad4b8d61b43b6ae70,c726e71da85581100b955cc2323f0a0efb765504852bcf1680aca8b6ec5a8bfe,Dogs/Mange in Dog::p5_png,train
Dogs/Mange in Dog/demodectic-mange-in-dogs_avif.rf.DlBIRVpEkED9Vz2aUTvZ.jpg,10,Dog - Mange,split_group_9c79970c49ca27aa7b4271b2,67eacd5fb280f5c0454f1d70a4a3d2b2fe3ead1c4354a5648d44d4b370860f59,a4b6e7d4942e585ed2dc52e778ae99eeeaf246e6b10a8d215f571853668cea80,Dogs/Mange in Dog::demodectic-mange-in-dogs_avif,train
Dogs/Mange in Dog/dog-mange-infestation-1024x683_jpg.rf.9xNldEr6pcinIwCgerxQ.jpg,10,Dog - Mange,split_group_63cae85e8472b054a9828901,dc981e04690597d8912bc5b60689f65c45335873e130a5337a7f83801c24838b,6b6b6039b3ec7cbcd46f8f8b90f5645193c1a3165082ae253a918f767c005c20,Dogs/Mange in Dog::dog-mange-infestation-1024x683,train
Dogs/Mange in Dog/dog-patchy-mange-505072102-2000-7465de4bd8054207bdf7e6ee2f1d0155-1-_jpg.rf.zOBRoHUZwwQ4KgdoUMKq.jpg,10,Dog - Mange,split_group_02d0cf4cc0a4056fc8477cc9,eadb86392e47ee37d340908a41106b5268eb917a95d62ef1489f52784afbb306,d8f9378c52553cd8a4375433a3eba89f06a3df3c0d103e57dea694c9f322622b,Dogs/Mange in Dog::dog-patchy-mange-505072102-2000-7465de4bd8054207bdf7e6ee2f1d0155-1-,train
Dogs/Mange in Dog/dog-with-mange-copy_jpg.rf.EUsWxpID6ram4U4c3ocF.jpg,10,Dog - Mange,split_group_b8cadcc14f81d7716cc1a3ed,523a538e6ebc5a16543a95eea4804dc5b63dc6a733f98d75d9407707da925100,7148144e10daae20dff1277cf3febdfa11ac40c39391b7760b8283472c0ba6a5,Dogs/Mange in Dog::dog-with-mange-copy,train
Dogs/Mange in Dog/istockphoto-1130760725-612x612_jpg.rf.pHd0lihJs3xvdhXOQ0Me.jpg,10,Dog - Mange,split_group_9ac63099de0d6b54d8de3b8d,a89b7a6a7056210d0124c53b5b059c796dc670298cbb81fd902c32b5f7744576,d6baa3b0916a357eab1b144027eebdea5b60eab5997e547c6e1a9271001ba4f9,Dogs/Mange in Dog::istockphoto-1130760725-612x612,train
Dogs/Mange in Dog/istockphoto-1130760732-612x612_jpg.rf.4I0niXheDL2C57eEHRnV.jpg,10,Dog - Mange,split_group_934ab0221895c8fd4f51fe4f,598bf916f376756cc264dd3d5e58f6896d586e5b078c4f4c63f7e52fa69d2dab,a132af92aba0e254e42f3d4fe1a5bc938b4e1f89b98481731341b2ba215e17c2,Dogs/Mange in Dog::istockphoto-1130760732-612x612,train
Dogs/Mange in Dog/istockphoto-1174560620-640x640_jpg.rf.OEdtVprNQ3UtPqFBcFbG.jpg,10,Dog - Mange,split_group_821e1a40f0dbc2d29db2bf0a,d795aeef9563a8a61ea2f9efcd6d866bbcabeac7304e86251e8f502271fdc22d,317d2fc8c743a598e5f2e057e4726ec7c9cd8d8e6260d4f08fda89b01cec78e0,Dogs/Mange in Dog::istockphoto-1174560620-640x640,train
Dogs/Mange in Dog/istockphoto-1339051472-612x612_jpg.rf.2vIYJF3gobmc8a4VnDar.jpg,10,Dog - Mange,split_group_547400579177ae96ea0e7b01,c18b9df8ea197f33f68eb86f8e8785375742f9f9a66422b19d36b69e76ad773c,e1f48719dfec80cc6b04dc8d02546b3115c5c985085f38925406ed969dcbe961,Dogs/Mange in Dog::istockphoto-1339051472-612x612,train
Dogs/Mange in Dog/istockphoto-1388886348-640x640_jpg.rf.XeQEz8E4IrF2HD8Dcl2F.jpg,10,Dog - Mange,split_group_fbf45d31036913a1bad53d84,d84e34d7fd42b676719e73e97bdf6a7dcdd2a309445159867f1575812671d92e,a0877e04bfc0f383fea715c8b42fbd0d1f134a4117b51c3c85af15341670769e,Dogs/Mange in Dog::istockphoto-1388886348-640x640,test
Dogs/Mange in Dog/istockphoto-1441346600-612x612_jpg.rf.6KLYt8zixUNZGfFKxQsT.jpg,10,Dog - Mange,split_group_7e1f3a3aec0904c59fb4f5b7,a395758aeb64d32409392735a1ddb6304b593d9f5e973a873c48dade863ec226,ea6b0eab11482c54350d8d124cc2b7fd6d4e8383824ae48be71ed36ac49ea9c1,Dogs/Mange in Dog::istockphoto-1441346600-612x612,train
Dogs/Mange in Dog/istockphoto-494039113-612x612_jpg.rf.9CrHYEtnsSGbSBDOBTXT.jpg,10,Dog - Mange,split_group_9991d83e098eee9020903d64,9dd604d4446750638be78501f7b4840ed0e6af518caf20d7e677bc2e24b51378,6ee9e1b5e7b55a48ec8344779b0372d74907704a19417939588f2de7e8bb2014,Dogs/Mange in Dog::istockphoto-494039113-612x612,validation
Dogs/Mange in Dog/istockphoto-636370750-612x612_jpg.rf.bfaC7gS7qH8Sralqv4tC.jpg,10,Dog - Mange,split_group_18829e5aa23c60a03033316c,a10605e45245bfb850d8d56097247586ec35e6123040d49b9eab113f0cbf0cdf,4a5c106ca19b0643ce026e0ce72aa297927b19dc458d97234244e3f0736c2dba,Dogs/Mange in Dog::istockphoto-636370750-612x612,test
Dogs/Mange in Dog/istockphoto-894318642-640x640_jpg.rf.QAVHQd2M3e9C6nUODK8u.jpg,10,Dog - Mange,split_group_66063b637acf53584dc0e829,0056a638618620dab7420dcada557df840fa3355b5ac14338406b5e744d59bc4,39957a2bef74cd976e5f13d35d62b733b1ed0596a14516b9320ffb6efb5b4991,Dogs/Mange in Dog::istockphoto-894318642-640x640,test
Dogs/Mange in Dog/istockphoto-964940988-612x612_jpg.rf.yfBx7ec4d86ueLRsByqc.jpg,10,Dog - Mange,split_group_c0484c48d42b757fba31c8e2,cd1b3fa862e591402db77fc6a08169432184346aa7567db820462b30bd02f094,2a0e2ab5e66a5253d42a23f720663522d828d40be5c14846536db1ac9bb57bd2,Dogs/Mange in Dog::istockphoto-964940988-612x612,train
Dogs/Mange in Dog/mange-1-_jpg.rf.6QhhK5hhncUP2z7KUuFP.jpg,10,Dog - Mange,split_group_776a26197950c0e3c2074903,f620cd330f430cdf44064a1cf8ba3ff239abec91fd1eb3c8553802311c61d0d7,47dbbf434a5c562dc9e2ec84cbb372e416e013a1b67298a1e9da4f87481d2bf5,Dogs/Mange in Dog::mange-1-,train
Dogs/Mange in Dog/mange-11-_jpg.rf.abKX9wigwyyoyZ5pFXJB.jpg,10,Dog - Mange,split_group_6ec0f808af69d18b62af8e64,3c0562e79fb6b8f382557f2b1ad316fc000ccf6f4adf8b040feefad1256cc279,5fef7c21b816812dacb9f401e112fc5e5dc7dd7aecfd882a12a361d1a74aac44,Dogs/Mange in Dog::mange-11-,train
Dogs/Mange in Dog/mange-12-_jpg.rf.75WK68O5BDpea7w8U2L6.jpg,10,Dog - Mange,split_group_c05a15fedc7af874885f4698,337769b92736f8d7b4b189439e41add9d63b7edb7ae6aab1f426b57a93e99faa,0304388fdc4637e3c550f0f85f06b38f0326c357fd9ba2a19bbf2fd7e13910d2,Dogs/Mange in Dog::mange-12-,validation
Dogs/Mange in Dog/mange-13-_jpg.rf.5pHWLAPr9gt1oT3Zj2jr.jpg,10,Dog - Mange,split_group_687f61294ddc6e97d8212181,73a059bd698ed1e750828ac4b3a6456459a6ea1a74e235992cfec75a7495c211,aed5fda8f36d2e355032c21621d39c74341366d83dd9d9c7d6c2c347b274c9ab,Dogs/Mange in Dog::mange-13-,validation
Dogs/Mange in Dog/mange-16-_jpg.rf.KK35znDy2nnR3bUORaIs.jpg,10,Dog - Mange,split_group_2b965d48fff7113735350c82,f3078b80b00fcbea38fc045a66bf35450d6f80a681d886738ac54622afe18a0a,939c47e0467a955816224fd7cb11ce225c8616d1f074db07ab456bb126892a5a,Dogs/Mange in Dog::mange-16-,train
Dogs/Mange in Dog/mange-17-_jpg.rf.ZMh5PnPoP6vKo3gktquz.jpg,10,Dog - Mange,split_group_f343775d26cf0cdb459c82c2,40668fcb511015cb2bd634b43d6e278c0d90d9ba42fed5efbb99a136ea1561e1,d91b4302acde288bc9ef6fd9074775f9e598be83f739530b23aa2984ab1309bd,Dogs/Mange in Dog::mange-17-,train
Dogs/Mange in Dog/mange-18-_jpg.rf.26rvoAXItC7BjS7vYv4W.jpg,10,Dog - Mange,split_group_01629f696167d8bb8b71f2d4,1873733adaa9ae3dd97b525b49cd5a709dc13d72282523003a9becf4c2d3a751,8666f4d8895b4111032eff06e26ece15e075aae7714015c856fd6150eb8d587d,Dogs/Mange in Dog::mange-18-,train
Dogs/Mange in Dog/mange-19-_jpg.rf.tvE3L2WGVmcA54RSsiRH.jpg,10,Dog - Mange,split_group_74fc8f2ab8f5c0106aca7fe1,5c6c818e6b668ec352b41d6fce2a810db77acf5b1a98ffff7c6d2c53072bac20,2657fbe6cb311a409c531309b4f5505aba5c1ca68b7661884cfbc26459c97290,Dogs/Mange in Dog::mange-19-,train
Dogs/Mange in Dog/mange-21-_jpg.rf.IYDENLW9RdSjADqGNBDa.jpg,10,Dog - Mange,split_group_84add6d5e0503d8a6d2e42fc,f32f9c595f29aab6127a38da9248a25f4eb1f75d4be1084e878c79f13cdbbe56,82897ecfc324e4238014d0a70d686461afa7ebf59cb4d5d30b27287d2f156b06,Dogs/Mange in Dog::mange-21-,train
Dogs/Mange in Dog/mange-22-_jpg.rf.MztARtuh0L0bZUN5PIhT.jpg,10,Dog - Mange,split_group_b4173c5ae9efe37f412d193d,0d46aae2838b37a0373bbc986421d6fc8c122be59ff9dafb8063e704d3102ec0,fc9fa1a0a0d94bef1a6f99f879392ee418a744ddf86dfd299014453d9464542a,Dogs/Mange in Dog::mange-22-,train
Dogs/Mange in Dog/mange-24-_jpg.rf.IlX9dTIWmHZn6lW0QrPi.jpg,10,Dog - Mange,split_group_230d6dbfdba3f8b258cefbc0,a5d7f8865dd4ad1b107a9cb8a340ad8a3070de5cc025deb2284f913d9e442282,2dad765855deb9f07166a419abeeda8d561e14129e286c45ca24fede0a0aa1c1,Dogs/Mange in Dog::mange-24-,train
Dogs/Mange in Dog/mange-25-_jpg.rf.AgRh9KQfbsddJ1H7eqXa.jpg,10,Dog - Mange,split_group_01efc7e1d5c2c375665f2891,7051fde1ac2dc5ce81e4b56e9891fff43940f984e639b50beb6bf202cf4c36e4,efbaf93116464fc2028e3414dfb82595e05eff123fbddbebfd8fb14d4b6acd3f,Dogs/Mange in Dog::mange-25-,train
Dogs/Mange in Dog/mange-26-_jpg.rf.d8lBKVQS3VITkkyLQgYw.jpg,10,Dog - Mange,split_group_55c66f90b341685ad035de49,d22d9f5bdc9bb842f49e4d95327cc59cb54623a2330e3525cff1f7422f9a78da,a0ee0805c230d54735a824a308d5be7ccf2348652a2c23ba5a1abd3c02d62fd2,Dogs/Mange in Dog::mange-26-,test
Dogs/Mange in Dog/mange-27-_jpg.rf.1AGahKgcvOoWClGmWAGv.jpg,10,Dog - Mange,split_group_cae0c765b0034aeeaa42fe2b,839b8db6f0c9e323ae3b3f164c0362632ea0820bf1a34055890c0d2d2fb7560e,d8c6c54ee20fb7ba49369774c4a3f4f086cd67acbdb765bb6eee402b27080528,Dogs/Mange in Dog::mange-27-,test
Dogs/Mange in Dog/mange-28-_jpg.rf.4SPm8w3uWQIXeW51DTdk.jpg,10,Dog - Mange,split_group_f8b2c1dbf563491489955e12,260880dc325199eac38a54539b4b1b5580db527fcfc080943089a97b08249a40,19afb56f2ee46ad23f206e4b39a5de5fa5487f22494a9d2cc27f441f243b9447,Dogs/Mange in Dog::mange-28-,train
Dogs/Mange in Dog/mange-29-_jpg.rf.9gZPUKVgvENYUp2gX8EH.jpg,10,Dog - Mange,split_group_85c67e209b148ecb15fd84d8,80f82e2ba03724b1fd86ecdc8692adc136ac9432b64d59392728bddace10ba26,3b228a43753c6ed561724324f1b3b1a8274e0f2b2c928d7e8daa0880e9d7a09d,Dogs/Mange in Dog::mange-29-,validation
Dogs/Mange in Dog/mange-3-_jpg.rf.1RWAjX2jQiRkHnRyt5Gs.jpg,10,Dog - Mange,split_group_a1d423978372ed9682ee0f92,5454a5640ba9b08b380151ccc4cdfed719847dcd71cc8d599390f3a526d6749c,70d58b45867f6c708d963edb9b468d77370ee02c1ea32b35aa091635c0297381,Dogs/Mange in Dog::mange-3-,train
Dogs/Mange in Dog/mange-31-_jpg.rf.JNmdYE0PVnBPwTgzi4IX.jpg,10,Dog - Mange,split_group_a9776a138ad9a38932974954,1a5c3d6096da187bd5d39f30fb303ac8154babd30d783bf49fa61de17eb480a4,7274e501722b06507cfe866280482f5574819e20b58a8fe2b2ec112fbc7c459d,Dogs/Mange in Dog::mange-31-,train
Dogs/Mange in Dog/mange-32-_jpg.rf.ZNvZTS9tTriMVbUG09o9.jpg,10,Dog - Mange,split_group_f5aaf3c9e7a99187f81c3793,7318bceceeda6e2ec6690efeb00be0ca78abaf2f8136769741173bf8109ac99a,3bd4fe7b9041f8ca151f9e0cc2157126c9a680b69d60e2bb73dff7a4809eb448,Dogs/Mange in Dog::mange-32-,train
Dogs/Mange in Dog/mange-35-_jpg.rf.KZyEtPmggSeEN8tNxSoG.jpg,10,Dog - Mange,split_group_60cbd8693facef1c78e73f00,d77f67d460af0d3d7c8228e4c11707fb6f2c48b70d7643c8dbfd7297cd4aaa25,b67cee41b1775fa9861b0c91d2430a6c5006a5a9fa61be13c9c768c774cc2e04,Dogs/Mange in Dog::mange-35-,test
Dogs/Mange in Dog/mange-37-_jpg.rf.FUaNRAktlnM1TmYkibo9.jpg,10,Dog - Mange,split_group_f07b2212134fcc0443dbe711,4329e1a7942f72041adc17ff730596981a231dbc960dbc0792b439f5f1183b8e,8ab3f708dc0ab91b07215a5f7a5107df9acfe94e6c34fb02b9bcb9f64ef86450,Dogs/Mange in Dog::mange-37-,validation
Dogs/Mange in Dog/mange-4-_jpg.rf.DHasKt3lXZwPZoepIEHG.jpg,10,Dog - Mange,split_group_fa80ec41528471e6694e48e8,a42cf1b38271cc8ec3d76bb5cf626444819d6600b45683c34f2180ecc669a69c,3d61ce54721dd7b5aed850d5f5d7e2e2c1d3227e1608997665084816d5260066,Dogs/Mange in Dog::mange-4-,validation
Dogs/Mange in Dog/mange-41-_jpg.rf.ttEdUkou3hozGa7O81wL.jpg,10,Dog - Mange,split_group_01865c01870c2410aee0502a,35b1e438bdb6bed583a2665d9f73272a0b4823d48d05ceba201a534f50e75fda,71dcb3fa906b3c5e2df88cec52da1125a8e926257dc0a6f61204ce0558014d3a,Dogs/Mange in Dog::mange-41-,test
Dogs/Mange in Dog/mange-43-_jpg.rf.5YHeCEkMV7lA4YfYHPln.jpg,10,Dog - Mange,split_group_f718fccb55e0e0486bf1bb70,99143399c6e0aabc425693e65da6590bbd09a7dba2486cc7a490123a2fb8e8fb,873f8499ef375be343ef8afb0908157f04fdc6b1a0f15eab0552e700ce937b10,Dogs/Mange in Dog::mange-43-,train
Dogs/Mange in Dog/mange-44-_jpg.rf.lIPIwphs2gHGsLncZZXZ.jpg,10,Dog - Mange,split_group_08d21c2464a4255aa56f2f94,358a8f8077ed766138ab21a2a294f60ad07e90851edf04ab65d7825cc0e31368,438bcb73fe659b62989c912e14aa3cd945be508a26ee5f95d0cfa7c227f5faed,Dogs/Mange in Dog::mange-44-,train
Dogs/Mange in Dog/mange-46-_jpg.rf.M70Rn4PRrr9FNuJGQmp8.jpg,10,Dog - Mange,split_group_8f65ee92e80b15108b0dea32,081ac0b7c30d05b5e5a7f7aebce0a43d0877d5cf75efc804d29d50602bbd0415,fc6322b75b89a16bcadadbd3fa5e0d713741338c3d773eb6a5177b286ac94e00,Dogs/Mange in Dog::mange-46-,train
Dogs/Mange in Dog/mange-47-_jpg.rf.7Hqr63pskI8qIH8jXYK5.jpg,10,Dog - Mange,split_group_930a60473ac798861755405e,f2cf232d4cc644101c0576733d7f0d859b0c9a31578b181a62c51785cbbada7a,261cdb1b996466de5f088a255116ea3b6e02ecdcce2e7ce268d9b3f528d42614,Dogs/Mange in Dog::mange-47-,test
Dogs/Mange in Dog/mange-52-_jpg.rf.OzEZnYtMlvOBkDyQ2r6Y.jpg,10,Dog - Mange,split_group_4b2a6b974f32c709e108247e,55ac97f44d8dbd43c05326ab662d4527f0d7d2ab360b790f3eda54843437aa4c,82a82975c8fa825c15ae6daadc62311757e29cd56d7cd9d3275edcb452fcb78d,Dogs/Mange in Dog::mange-52-,train
Dogs/Mange in Dog/mange-55-_jpg.rf.w41TPgFs9S4UKk7KYXsA.jpg,10,Dog - Mange,split_group_765a9c4723f434e3b7ee4e13,09296f6d8a7a246da7452d495fdae5822fa7f39861940f3e28af4d93d923d155,7ba9f2c9039e6504efbef0be1baa912a2bc126abdaec37258c702d881d7e724b,Dogs/Mange in Dog::mange-55-,validation
Dogs/Mange in Dog/mange-58-_jpg.rf.0pNOIUmBCnyaE5CxkiKn.jpg,10,Dog - Mange,split_group_5f3f74c6252a8e7560549de2,d1195ba1bc96bb68a30a6190631dfb7addd65fb6c9f1d84d8101b01d1ca8a3ba,1731b6289ae18d058aa33688e99469cd630a3e9e57ab2c8be086d938583ca1eb,Dogs/Mange in Dog::mange-58-,test
Dogs/Mange in Dog/mange-59-_jpg.rf.XQhHzEuiR4lqULliZ3mP.jpg,10,Dog - Mange,split_group_14183d90450ff678b753de19,c1054590a3212b94363c5ebb6872f78af6d9490378fb9f9eb143a316c6df7936,ec293e77768352e885e34469659b70cb50dc356a1783d894d49e8f5b841354e1,Dogs/Mange in Dog::mange-59-,train
Dogs/Mange in Dog/mange-60-_jpg.rf.TQ1ROFJC2y6Whengporr.jpg,10,Dog - Mange,split_group_a65741df118feec6e19e83bc,994b87d5a6b979b5ba7ba00f144584832d9782fff4a7792d42a1f44563cea9cf,c0c24ea44f7b4f6507dfe36ec92b794661d53c4787d921fe9b833b8b91737a2f,Dogs/Mange in Dog::mange-60-,train
Dogs/Mange in Dog/mange-62-_jpg.rf.hbLCgRcYchsljUL5qpkG.jpg,10,Dog - Mange,split_group_46ba644dec3ef384f689c0d9,89bd617be534d3ba3c8fc7ed48e322420439996aea219f33be6d1914b89fa3f3,b2c62f54aaa94db511735e71e2e23166f66c8e6c9f1c53538c1ff8139ed748b2,Dogs/Mange in Dog::mange-62-,train
Dogs/Mange in Dog/mange-7-_jpg.rf.lwx7W7993c3ngbwC4bv9.jpg,10,Dog - Mange,split_group_0257dfdebb57a0be730272ad,c24b0d1cb2001616573c769152cbe68d1b8683a9374bfa965c203c987bc95427,cd4d6393ec29cf0120590d6e8c5ba9378f3a079a3d7270ba4e13543a37caaf1e,Dogs/Mange in Dog::mange-7-,train
Dogs/Mange in Dog/mange-9-_jpg.rf.lc6uhyYhzj322WyvYugi.jpg,10,Dog - Mange,split_group_15b02a0decf72a9bfd80a47e,9eaed3bebe5c9ea6daf96489a68f83d7730116a2400fb72182e663c35b1da045,d4f2de47ec3d7a2f7633a994b4b1e86c59a8a29dd93a166030d7c09946b3640f,Dogs/Mange in Dog::mange-9-,train
Dogs/Mange in Dog/mange-in-dogs-1_jpg.rf.ELJH8kPZ71fdxbsKfxRI.jpg,10,Dog - Mange,split_group_9895a61684711c3f21246725,fe7e5fc92c3d5003e332bfac13826af9891d98cc6e24bcb8e6afcc2f3ef701c3,66c32608974c4b8fd193b6dc678847f53e7cf53ceaa34ca487468f2738dff5a1,Dogs/Mange in Dog::mange-in-dogs-1,test
Dogs/Mange in Dog/mange-in-puppies-1-_jpg.rf.ZpabFUgs5i19PgBfrnij.jpg,10,Dog - Mange,split_group_68b6826e106973842c1c4260,9757779627c54919c4eae107798fc7fe040a3be7414d856a3b9b5ea107697636,fbebe7e3c98c28f5eeb950695651de8b41bdd25d6eecced125deaa6ff87e96a8,Dogs/Mange in Dog::mange-in-puppies-1-,validation
Dogs/Mange in Dog/n02085782_2922_jpg.rf.udOfoxFBewDlHjrtxA6h.jpg,10,Dog - Mange,split_group_74e98e93861e221217c5e20b,ae3b9adab8501d74da45b7578b1f898cac0e5779092abedaea3dbb755669360a,78e0afeba08026edaa59e3d70826dc96f068324d3dadf9e1a1a7a1877fba8285,Dogs/Mange in Dog::n02085782_2922,validation
Dogs/Mange in Dog/old-dog-with-dermatitis-at-the-veterinary-clinic-R3EYP6_jpg.rf.lao1DKrGmFoFx3DeV4p7.jpg,10,Dog - Mange,split_group_bf9946469e72b7f6b833eb28,29f006807830d690884c3fadf44563fb8355629ad9723c04510336914454c753,98b89257ab28ec0746a63c16130f1c9a0c9658e4dc9fa3d7a804f4a580f07073,Dogs/Mange in Dog::old-dog-with-dermatitis-at-the-veterinary-clinic-r3eyp6,train
Dogs/Mange in Dog/scabies-in-dogs_jpg.rf.dJkNu0RSlAwnt6E6soyG.jpg,10,Dog - Mange,split_group_a65741df118feec6e19e83bc,7c3c4e92b2db4e83f69d15645121e39f7a2dde90ddd6f1748207443c17b49d34,dc4369617ff3e632e9dac38e5eba7a28421d2fc1ae42896d6f9b93b6eb0f3700,Dogs/Mange in Dog::scabies-in-dogs,train
Dogs/Mange in Dog/scabies_102_png_jpg.rf.8lOVAAWFrFInW0uNRtp1.jpg,10,Dog - Mange,split_group_b35bc0df7ae5d30bebd4eb60,a2931e9b75487f9604b0532617da64fdb98b96fff4ab337577553d14af7dcfae,3b51ab63aaa11be04dd9bd95f0b6de474cb8093c1685b407b5bcae466f6bebb4,Dogs/Mange in Dog::scabies_102_png,train
Dogs/Mange in Dog/scabies_109_png_jpg.rf.mzatEDr8g2axFgqbKWje.jpg,10,Dog - Mange,split_group_b8cddd1d5a57f300c2f646be,532bbe5191ad8e601a63597a0f5df8348394f2f78ec24e661909dfedf5355866,0ec76ea28e1719b01a8ce5cd5ed7a513247cb7bbd2a361fa57523701ae0bfefe,Dogs/Mange in Dog::scabies_109_png,train
Dogs/Mange in Dog/scabies_110_png_jpg.rf.3tntLC3Qu55dydkIImSJ.jpg,10,Dog - Mange,split_group_139ecbf59bb8a72d03102dd7,930b0e56f92063847c19ccb2eba595bfb1654a5223529bf84692e1e6e650ecd0,086da9b5db2c1b6b6df37f91c765bce5c5b5825269fe596d243e1220dc6cd1c9,Dogs/Mange in Dog::scabies_110_png,train
Dogs/Mange in Dog/scabies_111_png_jpg.rf.bSyRJmSbVN0qg5DXlpFV.jpg,10,Dog - Mange,split_group_fcd951a32353c719a9c637b0,f3858bf1035cad031a9aa20a44a57655d8bbefd2515053ba20b8dbc51402d142,5ad15fa4f05b3073b33be8395218be6ec53bf02368d72a0ec3905e6595200ec7,Dogs/Mange in Dog::scabies_111_png,train
Dogs/Mange in Dog/scabies_112_png_jpg.rf.isDdoaftl4qta8cm0ksr.jpg,10,Dog - Mange,split_group_9c04c8e9ced77025e0721c8f,ed9b3167ea299a2ef58d3b9dcee9e128c4fde5bbc9374124f04a0f8de9034dea,d6fce35f04743992d8b8fc45b63bb1b8ccc728792ba711caec8597a6ff1f8709,Dogs/Mange in Dog::scabies_112_png,train
Dogs/Mange in Dog/scabies_113_png_jpg.rf.vydJNQIU9DWBY3B9r88c.jpg,10,Dog - Mange,split_group_a8d586661df54fac02c3ac63,f6ec018e0cc1b4019d2ec8533df38d028005fb2b354bdc17b4db225ad14c9403,734b76656b9fbafa24db3687034b88b14cc1f39d14f1235f0d41d3698cbdf0d5,Dogs/Mange in Dog::scabies_113_png,train
Dogs/Mange in Dog/scabies_114_png_jpg.rf.2JqBXN7wNFw1sDzoxjZF.jpg,10,Dog - Mange,split_group_3b9d6b528ccbb02fabad69cf,90a8ae7e16172c63785c2dd2ff270b3d5301dbc90503437d309f3dc502f0a553,b7c16ad26175aee3483d3e1ce3c00d8d4343eff33d175adbf59b1e3363dd1483,Dogs/Mange in Dog::scabies_114_png,train
Dogs/Mange in Dog/scabies_115_png_jpg.rf.lQxwC2qMUZURnHrwR9VF.jpg,10,Dog - Mange,split_group_285f5f719fde3c27abbe9fbb,5b96c6247873e4a1854e06c9b711b04fc87b71b40a95fca45b8150ccb971c271,e3ef42cd6520859bdbe65a31256e5569b845c01cafb97edaad69f0e4e29d8095,Dogs/Mange in Dog::scabies_115_png,train
Dogs/Mange in Dog/scabies_118_png_jpg.rf.QxEJ2tUho5l4gfemcq69.jpg,10,Dog - Mange,split_group_8caec540d47177a84bf8003f,3fbae9f72c6bd24add3457e4cb198a0b75abc5cd2089e55c913989d82e76c437,345f4116176bd45899e6dc0c05db24a3a9233003ef7af3a751aae888aa6ca6b5,Dogs/Mange in Dog::scabies_118_png,validation
Dogs/Mange in Dog/scabies_120_png_jpg.rf.XIlekTF5yinJDZKmrlLb.jpg,10,Dog - Mange,split_group_dd829296be164fd4103b2ff3,e59a9ef83fdcd3c04972b7353052ea112694155cb7dc2fcc028117476132228f,8ba92523807ad3420e49c345e4ecc5f545e3943700e8f2397b3bc6b910afd566,Dogs/Mange in Dog::scabies_120_png,test
Dogs/Mange in Dog/scabies_121_png_jpg.rf.GWx0j9oSEvVCQL6mq2sI.jpg,10,Dog - Mange,split_group_c82b6184a7b55ebb253d6483,f3351b96d50ce28a58799bdb8c57bb27dfd4c712bc7167f5158286e72d468126,7e64134914299249593c14fd9ea2e5e5196526bdc6adccadd095fd41c95f048c,Dogs/Mange in Dog::scabies_121_png,train
Dogs/Mange in Dog/scabies_123_png_jpg.rf.l9yJpPR4fyOrxr9y0oOv.jpg,10,Dog - Mange,split_group_eed84bb086b287b8fbd09eda,c4c32a98f5ddc9d2010c357126f70a88ae120aecf989356133ef59bd9d987cf3,3c52c56597476b2a0bcff6af3c8c2913498ce743604415f88b260634062668cb,Dogs/Mange in Dog::scabies_123_png,test
Dogs/Mange in Dog/scabies_126_png_jpg.rf.0BSHgpaxFUPAxg0nlDCf.jpg,10,Dog - Mange,split_group_46e654c5f46162e110b5522c,7505bc96f37b694694ebd94ef729add6bdf588f61a469810194716a55fedd7d6,5fee779e4921d1040cff38ecb7f9c0a9d42eb33b05830134d7518d097b2b7c19,Dogs/Mange in Dog::scabies_126_png,train
Dogs/Mange in Dog/scabies_128_png_jpg.rf.7ibmgHZdkiEtQFniMiLj.jpg,10,Dog - Mange,split_group_a95c9693281357857b482850,8d8ea0d79c37dfc69db93a92c7692a80a7fe27f0fb6e770a4d368f66adec492d,17e65e2c82adbb167a99321b4ea9cfc6a52b1d8ba418b4dae447784ad8a54cee,Dogs/Mange in Dog::scabies_128_png,train
Dogs/Mange in Dog/scabies_131_png_jpg.rf.17wH3SB7vCpcfIyDNt05.jpg,10,Dog - Mange,split_group_6a15bd7207b6468e22de2706,2df2cf125e3291afeb2f36baed76e6b61f66e436019d377f353bc01f67578a97,97f04e49171e45ced42dfba9d8f285b8d650fc6e3338327a9329bc224bb0be2b,Dogs/Mange in Dog::scabies_131_png,train
Dogs/Mange in Dog/scabies_132_png_jpg.rf.IifLOhOrFuP86LeNdCQX.jpg,10,Dog - Mange,split_group_8af2da523cc2ccac4dc013d1,986a1ce54b0df0851869c3192b48e5ec566aaba1619cae4b44015d0690d64670,6640dd242235aa256c0fae709779e8f31a0d5e490596126f5c423558b7006a72,Dogs/Mange in Dog::scabies_132_png,train
Dogs/Mange in Dog/scabies_135_png_jpg.rf.tmwsAnlowR0UuoySMC90.jpg,10,Dog - Mange,split_group_5acfcfcc8ae3c09097dd29ca,c2eb9638bc61552b177c504a8a2d8a6e91cdc38a547338f50f599db969c28644,9d7ec59a3592d78c76e00bf54ab582cae7cdc82aa6babd212c91b7375ea54a92,Dogs/Mange in Dog::scabies_135_png,validation
Dogs/Mange in Dog/scabies_136_png_jpg.rf.P8k4lMnz3ko5IcC1uVlj.jpg,10,Dog - Mange,split_group_efe58a63569da86843834e9b,85c82518a96fa96e5ff37524e1c3a6335af747aff0bfa2de948ab9fc6106130a,e79bd31bc9f6b2d8a74df7b354cf8688a99da8af027b5ab7c6c6ceb94949a00e,Dogs/Mange in Dog::scabies_136_png,train
Dogs/Mange in Dog/scabies_88_png_jpg.rf.Eg5mMzGFujU59oJ5UZ0Q.jpg,10,Dog - Mange,split_group_033ad1c76c67fd975f800a98,27290a799a0da66d2823ea60696834e4bea48fc5e3192662f71d618fbb2edcfe,74aac19dd901f28a3abe1f3a741a570f047a6c872d421837df250065c0cc9fe4,Dogs/Mange in Dog::scabies_88_png,train
Dogs/Mange in Dog/scabies_89_png_jpg.rf.KEgD7V6feKvhCDpCusNw.jpg,10,Dog - Mange,split_group_b885372c667d8c5b8dc1804d,815d28a5c31df50a279b82d35a2b95dba52ac6f62c71991d103f336472ac8e27,078144d7dffcaaca959bda85b4b4ee6e5f94221dc05d83f12b62cda5fe57da19,Dogs/Mange in Dog::scabies_89_png,train
Dogs/Mange in Dog/scabies_90_png_jpg.rf.vga9kfO9ZIjrvDjvm5Y6.jpg,10,Dog - Mange,split_group_58c6862d126cdffe0aede2ba,558518694b30e59fd37d1e0632a94352d1b5fbe5236fb75e4af7fe22b7ce26ac,8f9e65f496ea592ce58299f31c6482f32c627f57fa551c9780a71b3bcebe8e8e,Dogs/Mange in Dog::scabies_90_png,train
Dogs/Mange in Dog/scabies_97_png_jpg.rf.HknHUboYu7ZqukrznWid.jpg,10,Dog - Mange,split_group_b9727790f8cd69b88fc560d1,b73b1a460e1ec99be71810def0898e86c51e5f3bb9be393b77eabda790df3aae,b5fb38a510e02e195dff78b14c7b44ccd4b4ebd7dbe92e825ccd80a26d7af4aa,Dogs/Mange in Dog::scabies_97_png,test
Dogs/Mange in Dog/sick-big-dog-dermatitis-and-disease-on-dog-skinbald-patchy-area-of-the-skin-in-dogs-alopecia-2B9PDTR_jpg.rf.QEWsZDN3fjyZRkrCTt4i.jpg,10,Dog - Mange,split_group_8f96ef63e4ad2d75b0720d63,14aa400ee1e7c3bfc7d1591c4c4958bf498733eed8084c3c8600b1a99e086ee0,c55608e53b52ff43b963df58ac647daed3bfc1daa5704c9d256baa2e42472237,Dogs/Mange in Dog::sick-big-dog-dermatitis-and-disease-on-dog-skinbald-patchy-area-of-the-skin-in-dogs-alopecia-2b9pdtr,train
Dogs/Mange in Dog/small-puppy-mange-1130760778-2000-49d8c33cba4c4678a71b92e10af88f70_jpg.rf.vlfDEMidnYG4oZYH1HFy.jpg,10,Dog - Mange,split_group_eef0de510d796899f9344fb2,e65881a435125c0aacc9334b5945b04a110258d1f218324e08f0e795998e09c6,856a003db53d28ee327b01eec1d976e337f29adb64120414d7a2841d3bb0e292,Dogs/Mange in Dog::small-puppy-mange-1130760778-2000-49d8c33cba4c4678a71b92e10af88f70,test
Dogs/Mange in Dog/unnamed_jpeg.rf.iWfVVJsmcq1dGODqtPba.jpg,10,Dog - Mange,split_group_97ef1b4d8458a597f8a01306,e703bd9e389a5eb63a254cd7eff7721ad461f7c4e13a8bef932e66291908aca4,60becd2933a0b30401c65bd2500cb38411408eec196a2376ee2c6e20fa4c354d,Dogs/Mange in Dog::unnamed,train
Dogs/Mange in Dog/zelda1-1024x861-1_jpg.rf.bFmok9kVZzaAiYC9Vgs8.jpg,10,Dog - Mange,split_group_c88fbe21516530ddb605e1d5,badf21466e6ba2ae9fc1bb7dfa43951d2e6aee5c51d3e1a1f3a9234d4af73bfd,e758836c0610730a04e7214129fd8408f3dc0dd2881a706f427883de0f781889,Dogs/Mange in Dog::zelda1-1024x861-1,train
