relative_path,original_label,label,class_name,image_family_id,action,reason,review_action,review_reason,group_id
Cats/Dental Disease in Cat/10A_jpg.rf.DRkSCELcavXeWZQAFpbI.jpg,0,0,Cat - Dental Disease,image_family_60109b896c24ffd4317d01dc,retain,readable; no cleaning exclusion,,,split_group_8c4b58cdeac5d0779ec253c0
Cats/Dental Disease in Cat/10D_jpg.rf.TgPOSBEkaYIOtnYrdnXP.jpg,0,0,Cat - Dental Disease,image_family_e77a48169cbd80e2529f144c,retain,readable; no cleaning exclusion,,,split_group_8c4b58cdeac5d0779ec253c0
Cats/Dental Disease in Cat/10I_jpg.rf.qEUrWSWhJn7VXbtxi0su.jpg,0,0,Cat - Dental Disease,image_family_7d1c7a2b89c44e03fa97a68a,retain,readable; no cleaning exclusion,,,split_group_8c4b58cdeac5d0779ec253c0
Cats/Dental Disease in Cat/10_jpg.rf.Pq7Tqb8Fmd0ff5GOWoGR.jpg,0,0,Cat - Dental Disease,image_family_ff7dbbe73f3dc17e793a827d,retain,readable; no cleaning exclusion,,,split_group_8c4b58cdeac5d0779ec253c0
Cats/Dental Disease in Cat/11D_jpg.rf.6EZTL1QGMSSD8e6aVeow.jpg,0,0,Cat - Dental Disease,image_family_fb21b8257c81797f5526815e,retain,readable; no cleaning exclusion,,,split_group_d8ff330c194c0b98159eede1
Cats/Dental Disease in Cat/11I_jpg.rf.77EiMl6kt7LJ0gWLUQJm.jpg,0,0,Cat - Dental Disease,image_family_2ba5434efdc1bb3c47d7825f,retain,readable; no cleaning exclusion,,,split_group_d8ff330c194c0b98159eede1
Cats/Dental Disease in Cat/11_jpg.rf.PXP1uJ3h9Xu75gna9ewo.jpg,0,0,Cat - Dental Disease,image_family_4348837eafcfe767fbf9b8d4,retain,readable; no cleaning exclusion,,,split_group_d8ff330c194c0b98159eede1
Cats/Dental Disease in Cat/12A_jpg.rf.9fpW66UURH1o9fJYOtht.jpg,0,0,Cat - Dental Disease,image_family_317c9dc7ff2dad0dc9b8fb06,retain,readable; no cleaning exclusion,,,split_group_317c9dc7ff2dad0dc9b8fb06
Cats/Dental Disease in Cat/12D_jpg.rf.BDMW3v7GZj9W3kLpp2cG.jpg,0,0,Cat - Dental Disease,image_family_910e5ddb366b205d56257ff6,retain,readable; no cleaning exclusion,,,split_group_629f1d1fa490e44d0f11a1c8
Cats/Dental Disease in Cat/12_jpg.rf.nyBKwvogZyeAKkR6RNAe.jpg,0,0,Cat - Dental Disease,image_family_0e9a8276a8146a1c6ec7c938,retain,readable; no cleaning exclusion,,,split_group_629f1d1fa490e44d0f11a1c8
Cats/Dental Disease in Cat/13A_jpg.rf.93csRnMkhdXHAzC6M8rf.jpg,0,0,Cat - Dental Disease,image_family_62f16c4ea2ac262a153354bf,retain,readable; no cleaning exclusion,,,split_group_9c22e79f8038aeea266a9569
Cats/Dental Disease in Cat/13D_jpg.rf.vpyO8qomyWZl7VhXnE3j.jpg,0,0,Cat - Dental Disease,image_family_e747576ac65eb768dc9b41b3,retain,readable; no cleaning exclusion,,,split_group_9c22e79f8038aeea266a9569
Cats/Dental Disease in Cat/13I_jpg.rf.BQQcvXSkoESTc4Jtc8Qq.jpg,0,0,Cat - Dental Disease,image_family_55863696c8f2b0f85d5292de,retain,readable; no cleaning exclusion,,,split_group_9c22e79f8038aeea266a9569
Cats/Dental Disease in Cat/13_jpg.rf.e9KduuRowSFS5Uf8G9WG.jpg,0,0,Cat - Dental Disease,image_family_9be3fe6a16efb40026e05c59,retain,readable; no cleaning exclusion,,,split_group_9c22e79f8038aeea266a9569
Cats/Dental Disease in Cat/1488277_jpg.rf.LCzpnhw8izXJNeFHVVLZ.jpg,0,0,Cat - Dental Disease,image_family_473b522db3a051cce826d3e4,retain,readable; no cleaning exclusion,,,split_group_473b522db3a051cce826d3e4
Cats/Dental Disease in Cat/14A_jpg.rf.DhmywUN66JLlXuWdnt6d.jpg,0,0,Cat - Dental Disease,image_family_7d1277f83933fce61efa8b9e,retain,readable; no cleaning exclusion,,,split_group_339cf326eef1f5dcc4e05cd1
Cats/Dental Disease in Cat/14I_jpg.rf.IcIvBXZhK6CXtfrF044a.jpg,0,0,Cat - Dental Disease,image_family_4a15043ed0be69c8e829543a,retain,readable; no cleaning exclusion,,,split_group_339cf326eef1f5dcc4e05cd1
Cats/Dental Disease in Cat/14_jpg.rf.1VQaqK2ESjiTDrweiBdJ.jpg,0,0,Cat - Dental Disease,image_family_d02b57cb43da125f616803bf,retain,readable; no cleaning exclusion,,,split_group_339cf326eef1f5dcc4e05cd1
Cats/Dental Disease in Cat/15A_jpg.rf.Ym3PZEAx1ZXM3IosIfA1.jpg,0,0,Cat - Dental Disease,image_family_ec025e523fec08650a24eb31,retain,readable; no cleaning exclusion,,,split_group_873e000476b8a976022f823e
Cats/Dental Disease in Cat/15D_jpg.rf.K4PA2VXhNrvlcMghuuoD.jpg,0,0,Cat - Dental Disease,image_family_306324a0de2b657d550d763b,retain,readable; no cleaning exclusion,,,split_group_a63d3a5d4cb2d7a8a61a45c7
Cats/Dental Disease in Cat/15I_jpg.rf.RMr7HVHiY3UexCBMTAsV.jpg,0,0,Cat - Dental Disease,image_family_721431f09ef587901362dd0b,retain,readable; no cleaning exclusion,,,split_group_873e000476b8a976022f823e
Cats/Dental Disease in Cat/15_jpg.rf.fWFZA4y9ntrVIVS3iOh4.jpg,0,0,Cat - Dental Disease,image_family_0e11406b41d6122fe007031d,retain,readable; no cleaning exclusion,,,split_group_a63d3a5d4cb2d7a8a61a45c7
Cats/Dental Disease in Cat/16A_jpg.rf.vBTRvpgpQR4DM3guTvg8.jpg,0,0,Cat - Dental Disease,image_family_d24beacad52676c5c1ab29ad,retain,readable; no cleaning exclusion,,,split_group_b7111436717387198f9fe9ae
Cats/Dental Disease in Cat/16D_jpg.rf.6l9Zu1M51g6gWfYGIIYc.jpg,0,0,Cat - Dental Disease,image_family_0d93f3254fd377ad63f0dfca,retain,readable; no cleaning exclusion,,,split_group_b7111436717387198f9fe9ae
Cats/Dental Disease in Cat/16I_jpg.rf.4FnRgP2zcq3WnD7Mly36.jpg,0,0,Cat - Dental Disease,image_family_a145325e46063eae9ec2b74c,retain,readable; no cleaning exclusion,,,split_group_b7111436717387198f9fe9ae
Cats/Dental Disease in Cat/16_jpg.rf.qPgbtGpsQhDYs9ZB85XJ.jpg,0,0,Cat - Dental Disease,image_family_e754379405da434eac2ed4ff,retain,readable; no cleaning exclusion,,,split_group_b7111436717387198f9fe9ae
Cats/Dental Disease in Cat/17A_jpg.rf.Aq4MmHn0xRbnS1q7cxKn.jpg,0,0,Cat - Dental Disease,image_family_e84590439f21792314e0740b,retain,readable; no cleaning exclusion,,,split_group_5040946a480ba361d5904da1
Cats/Dental Disease in Cat/17D_jpg.rf.Yc38Bh0XR80ebTbMb8bW.jpg,0,0,Cat - Dental Disease,image_family_f887b249a0a6d422f11f0883,retain,readable; no cleaning exclusion,,,split_group_51ee275bfd0ddcf7bfeb1c11
Cats/Dental Disease in Cat/17I_jpg.rf.KsDJP2DP4xiZ3NWG8tQT.jpg,0,0,Cat - Dental Disease,image_family_9163796f20f9ac434b2eef98,retain,readable; no cleaning exclusion,,,split_group_5040946a480ba361d5904da1
Cats/Dental Disease in Cat/17_jpg.rf.gr8xeruI6syWxucarDei.jpg,0,0,Cat - Dental Disease,image_family_b51db053460604ece12d20bb,retain,readable; no cleaning exclusion,,,split_group_51ee275bfd0ddcf7bfeb1c11
Cats/Dental Disease in Cat/18D_jpg.rf.95u8WSfZkaVPtHs7viAm.jpg,0,0,Cat - Dental Disease,image_family_6b91f6611219b5cfca5e9b92,retain,readable; no cleaning exclusion,,,split_group_19aeed6dc83df5f47b614bc1
Cats/Dental Disease in Cat/18I_jpg.rf.bZXMQVFLdCEmF58CAIQE.jpg,0,0,Cat - Dental Disease,image_family_07fd4d92d4697f6e13523773,retain,readable; no cleaning exclusion,,,split_group_19aeed6dc83df5f47b614bc1
Cats/Dental Disease in Cat/19A_jpg.rf.NNmmdka9IGL42oFJCPbx.jpg,0,0,Cat - Dental Disease,image_family_05b6a53331e3eecd13195566,retain,readable; no cleaning exclusion,,,split_group_7e89c0605f6dec3a86611129
Cats/Dental Disease in Cat/19D_jpg.rf.gPODbBflvULotTfpa4H6.jpg,0,0,Cat - Dental Disease,image_family_90f57509d9e33b9371897d1f,retain,readable; no cleaning exclusion,,,split_group_7e89c0605f6dec3a86611129
Cats/Dental Disease in Cat/1A_jpg.rf.BDMcNF7javZqm25RSh6g.jpg,0,0,Cat - Dental Disease,image_family_78ee3bfe2600c2e101bc59b7,retain,readable; no cleaning exclusion,,,split_group_a6fcd3b076ce1583848f8431
Cats/Dental Disease in Cat/1I_jpg.rf.qCbxe1Mb2LBn1p0xgSvG.jpg,0,0,Cat - Dental Disease,image_family_c611cfafc33f05c62dc64a1d,retain,readable; no cleaning exclusion,,,split_group_a6fcd3b076ce1583848f8431
Cats/Dental Disease in Cat/1_jpg.rf.g6Ge1LPfs941lFbj0Uti.jpg,0,0,Cat - Dental Disease,image_family_dff0143fbc4f88e0c9f2d89c,retain,readable; no cleaning exclusion,,,split_group_39e180d6191ec843b3583779
Cats/Dental Disease in Cat/1_jpg.rf.iyTxi52rR2gk2CsRKdKN.jpg,0,0,Cat - Dental Disease,image_family_dff0143fbc4f88e0c9f2d89c,exclude_additional_source_family_member,one source-family representative policy; retained Cats/Dental Disease in Cat/1_jpg.rf.g6Ge1LPfs941lFbj0Uti.jpg; original/animal identity not verified,,,split_group_39e180d6191ec843b3583779
Cats/Dental Disease in Cat/20D_png_jpg.rf.ENgatT3ErrhtiIN3ADKM.jpg,0,0,Cat - Dental Disease,image_family_0c3edbee4b6cad7b0da2888f,retain,readable; no cleaning exclusion,,,split_group_0c3edbee4b6cad7b0da2888f
Cats/Dental Disease in Cat/21A_png_jpg.rf.fusc8GWHe2ZYXKU6p8Yu.jpg,0,0,Cat - Dental Disease,image_family_fb54085368dea3bfc1ec9b22,retain,readable; no cleaning exclusion,,,split_group_c8d325e08387cb47298194a1
Cats/Dental Disease in Cat/21I_jpg.rf.sjHLyuJTZFHgzYH5NBGw.jpg,0,0,Cat - Dental Disease,image_family_8ac43240bca121d49c115b03,retain,readable; no cleaning exclusion,,,split_group_f1d39e9cc8e2b2787ec72ec8
Cats/Dental Disease in Cat/21_jpg.rf.hJ95fhaIHkr0Pp96a8La.jpg,0,0,Cat - Dental Disease,image_family_6168848020a844a77da906f1,retain,readable; no cleaning exclusion,,,split_group_f1d39e9cc8e2b2787ec72ec8
Cats/Dental Disease in Cat/22D_png_jpg.rf.4FwRombX0ttHc0G7yjuk.jpg,0,0,Cat - Dental Disease,image_family_ea876f8e467ed73d7ae94013,retain,readable; no cleaning exclusion,,,split_group_c8d325e08387cb47298194a1
Cats/Dental Disease in Cat/22_png_jpg.rf.0RolKEbBpJxJoD7pHqd4.jpg,0,0,Cat - Dental Disease,image_family_158c5dafe3c16994c5c1f739,retain,readable; no cleaning exclusion,,,split_group_c8d325e08387cb47298194a1
Cats/Dental Disease in Cat/23A_jpg.rf.1Vzvdgpwemwcy8JoL5NV.jpg,0,0,Cat - Dental Disease,image_family_be047cd548ef623e8fa57ac5,retain,readable; no cleaning exclusion,,,split_group_c606822ca5208f5f293df5ea
Cats/Dental Disease in Cat/23D_jpg.rf.0J5JeMpN4zOdUq73IDPt.jpg,0,0,Cat - Dental Disease,image_family_170837a6697bd8bb9fa741a7,retain,readable; no cleaning exclusion,,,split_group_c606822ca5208f5f293df5ea
Cats/Dental Disease in Cat/23_jpg.rf.zSCn0K7fQyzXwMLcE9hA.jpg,0,0,Cat - Dental Disease,image_family_8fb1eba5ce59db4cd92eb985,retain,readable; no cleaning exclusion,,,split_group_c606822ca5208f5f293df5ea
Cats/Dental Disease in Cat/25A_jpg.rf.el3ndLpOeQAmG3NpjikV.jpg,0,0,Cat - Dental Disease,image_family_72f3b63a827e51670c216639,retain,readable; no cleaning exclusion,,,split_group_138079aed8e47129269fc01b
Cats/Dental Disease in Cat/25D_jpg.rf.xThSaIPVcThRkiuUfeFR.jpg,0,0,Cat - Dental Disease,image_family_c59226675fe1a256096a3bf8,retain,readable; no cleaning exclusion,,,split_group_138079aed8e47129269fc01b
Cats/Dental Disease in Cat/25I_jpg.rf.kKP9iRareIVAEt5MSTNY.jpg,0,0,Cat - Dental Disease,image_family_d5c1d406c09966bfd26feb61,retain,readable; no cleaning exclusion,,,split_group_138079aed8e47129269fc01b
Cats/Dental Disease in Cat/25_jpg.rf.BZtkb2TmfYzgBfr4H7Rf.jpg,0,0,Cat - Dental Disease,image_family_1aefc9b1707744996f835d69,retain,readable; no cleaning exclusion,,,split_group_138079aed8e47129269fc01b
Cats/Dental Disease in Cat/26A_jpg.rf.5PPbyyCrkPU4r5YLoxmK.jpg,0,0,Cat - Dental Disease,image_family_15cf2eac6ea007411f8f7318,retain,readable; no cleaning exclusion,,,split_group_bd8b7b3ffcb58250f63f8b9b
Cats/Dental Disease in Cat/26D_jpg.rf.GbH5kJpVQo4v7gJhA5eK.jpg,0,0,Cat - Dental Disease,image_family_201e8f2201c2e02168fd2eef,retain,readable; no cleaning exclusion,,,split_group_201e8f2201c2e02168fd2eef
Cats/Dental Disease in Cat/26I_jpg.rf.DSDrWYHkgFW5zFJ8SVi4.jpg,0,0,Cat - Dental Disease,image_family_16c5cafb1cdfef3d0e71599a,retain,readable; no cleaning exclusion,,,split_group_bd8b7b3ffcb58250f63f8b9b
Cats/Dental Disease in Cat/26_jpg.rf.2e8Tjcl1GUVjjAOVFqvB.jpg,0,0,Cat - Dental Disease,image_family_0f91314e4484582479fe2428,retain,readable; no cleaning exclusion,,,split_group_0f91314e4484582479fe2428
Cats/Dental Disease in Cat/28A_jpg.rf.P2ncMNZ9ARRMgf1zHnKK.jpg,0,0,Cat - Dental Disease,image_family_482e96fe00c5b2dc39997edf,retain,readable; no cleaning exclusion,,,split_group_55ba0740f15bf92428bbb484
Cats/Dental Disease in Cat/28D_jpg.rf.efgS3jzr4VHbyFgW5KRG.jpg,0,0,Cat - Dental Disease,image_family_91036fbc307be404836f4f46,retain,readable; no cleaning exclusion,,,split_group_55ba0740f15bf92428bbb484
Cats/Dental Disease in Cat/28I_jpg.rf.7zgCHLzHb0ANuzNExqVV.jpg,0,0,Cat - Dental Disease,image_family_4d1ebd742e729a5dc1dfac9b,retain,readable; no cleaning exclusion,,,split_group_55ba0740f15bf92428bbb484
Cats/Dental Disease in Cat/28_jpg.rf.DKTDniClxKf17mLST5RH.jpg,0,0,Cat - Dental Disease,image_family_bc64d8d6f88dc144422e1a9b,retain,readable; no cleaning exclusion,,,split_group_55ba0740f15bf92428bbb484
Cats/Dental Disease in Cat/29A_jpg.rf.CG6zv2GM2t10BwiUnfPV.jpg,0,0,Cat - Dental Disease,image_family_590edc5179a6bec036d78f16,retain,readable; no cleaning exclusion,,,split_group_590edc5179a6bec036d78f16
Cats/Dental Disease in Cat/2A_jpg.rf.Q5KSdQfW5Ko86iau3PXZ.jpg,0,0,Cat - Dental Disease,image_family_e7b58d36897aca8e64451174,retain,readable; no cleaning exclusion,,,split_group_275bf4897e11f5efffe39d8d
Cats/Dental Disease in Cat/2D_jpg.rf.4dFbDgHaEIeWT7jZtrhw.jpg,0,0,Cat - Dental Disease,image_family_b1f325d46f9b1c3df5feb3aa,retain,readable; no cleaning exclusion,,,split_group_b1f325d46f9b1c3df5feb3aa
Cats/Dental Disease in Cat/2I_jpg.rf.9x8MYxiMP6pLH2uoOQ9Q.jpg,0,0,Cat - Dental Disease,image_family_0701609bac16281ab0d2aa21,retain,readable; no cleaning exclusion,,,split_group_275bf4897e11f5efffe39d8d
Cats/Dental Disease in Cat/2_jpg.rf.9HiHFb9B02Q3SZlNHQHb.jpg,0,0,Cat - Dental Disease,image_family_5231754059dbc86507dbef59,retain,readable; no cleaning exclusion,,,split_group_b420b66ee21f43e5794458d2
Cats/Dental Disease in Cat/31D_jpg.rf.RhmUMbLgqV2Cuy0hQlaN.jpg,0,0,Cat - Dental Disease,image_family_13fe746614063fd4427670a5,retain,readable; no cleaning exclusion,,,split_group_9bb260ba95a03b94aee4e14f
Cats/Dental Disease in Cat/31I_jpg.rf.mJplPbGJ0GwBUZw9nCt0.jpg,0,0,Cat - Dental Disease,image_family_2569028c7749a9aa784a9e87,retain,readable; no cleaning exclusion,,,split_group_9bb260ba95a03b94aee4e14f
Cats/Dental Disease in Cat/31_jpg.rf.2VPlpAQRavdybRo617HG.jpg,0,0,Cat - Dental Disease,image_family_e02128248825ab761aa20afa,retain,readable; no cleaning exclusion,,,split_group_9bb260ba95a03b94aee4e14f
Cats/Dental Disease in Cat/32A_png_jpg.rf.uOtBwCTsmthc6hpVVEXn.jpg,0,0,Cat - Dental Disease,image_family_3c7c05bcc8b2b7136e55c072,retain,readable; no cleaning exclusion,,,split_group_7cf03b11a0fe1d679e0b0688
Cats/Dental Disease in Cat/32I_png_jpg.rf.JMduB2xIvbHssXzpl60M.jpg,0,0,Cat - Dental Disease,image_family_1184889d9f96260b34b209d7,retain,readable; no cleaning exclusion,,,split_group_7cf03b11a0fe1d679e0b0688
Cats/Dental Disease in Cat/34A_jpg.rf.y3dLUplUSznMHdAemARD.jpg,0,0,Cat - Dental Disease,image_family_ce3bd6a2662d53c1fa381c6d,retain,readable; no cleaning exclusion,,,split_group_b950bee2724f11da0b7bb571
Cats/Dental Disease in Cat/34I_jpg.rf.cUKlrdvoAnJ1tCGim63P.jpg,0,0,Cat - Dental Disease,image_family_e7c67e06082c45accf90ceda,retain,readable; no cleaning exclusion,,,split_group_b950bee2724f11da0b7bb571
Cats/Dental Disease in Cat/34_jpg.rf.2LyCsNZhbyNCr6Gpu247.jpg,0,0,Cat - Dental Disease,image_family_8e9549682e7837240a90367c,retain,readable; no cleaning exclusion,,,split_group_b950bee2724f11da0b7bb571
Cats/Dental Disease in Cat/35A_jpg.rf.ML4ZZW9udnz7yMqFPZCv.jpg,0,0,Cat - Dental Disease,image_family_5ea3db38f12bb602c7306b8c,retain,readable; no cleaning exclusion,,,split_group_fa422bf697e4ce325018582d
Cats/Dental Disease in Cat/35D_jpg.rf.EhaPLz1FrVKM4390nTp1.jpg,0,0,Cat - Dental Disease,image_family_3b6f7ad7318f5ea40ddc41a8,retain,readable; no cleaning exclusion,,,split_group_fa422bf697e4ce325018582d
Cats/Dental Disease in Cat/35I_jpg.rf.aMXU9iAdVSdoTHxgvmGW.jpg,0,0,Cat - Dental Disease,image_family_cbb66881c66fc235828d7b13,retain,readable; no cleaning exclusion,,,split_group_fa422bf697e4ce325018582d
Cats/Dental Disease in Cat/36A_jpg.rf.3K66dHoZwsOEA3MK9UEB.jpg,0,0,Cat - Dental Disease,image_family_99ff2406ebede3877365200a,retain,readable; no cleaning exclusion,,,split_group_ac5dffc27b9bf0812a2dac7c
Cats/Dental Disease in Cat/36I_jpg.rf.bwmDWOudDmJ7xeUTOMf8.jpg,0,0,Cat - Dental Disease,image_family_64905205914d799843a91fe5,retain,readable; no cleaning exclusion,,,split_group_ac5dffc27b9bf0812a2dac7c
Cats/Dental Disease in Cat/36_jpg.rf.LktHSI81324xaZW2nBSO.jpg,0,0,Cat - Dental Disease,image_family_2eaf5c4933967f53a637d554,retain,readable; no cleaning exclusion,,,split_group_ac5dffc27b9bf0812a2dac7c
Cats/Dental Disease in Cat/37A_jpg.rf.uXhcs1C1sElgzz1m1lNp.jpg,0,0,Cat - Dental Disease,image_family_051a962aec398c10d4e8f131,retain,readable; no cleaning exclusion,,,split_group_96390fa4c154fcdd58c32d9e
Cats/Dental Disease in Cat/37D_jpg.rf.62iVGOpwI5nSLwW4AeDG.jpg,0,0,Cat - Dental Disease,image_family_13e01b1b94177d8571237b04,retain,readable; no cleaning exclusion,,,split_group_96390fa4c154fcdd58c32d9e
Cats/Dental Disease in Cat/37I_jpg.rf.3InFCBCl2CNGd8A2WxPg.jpg,0,0,Cat - Dental Disease,image_family_14dc126daad7a46323e4d94b,retain,readable; no cleaning exclusion,,,split_group_96390fa4c154fcdd58c32d9e
Cats/Dental Disease in Cat/37_jpg.rf.t8d1qN9cCMt1Yrnc64yW.jpg,0,0,Cat - Dental Disease,image_family_54a36e2f43446bf96ba6d4ff,retain,readable; no cleaning exclusion,,,split_group_96390fa4c154fcdd58c32d9e
Cats/Dental Disease in Cat/38A_jpg.rf.IyxtnXxkK955aLejNkYf.jpg,0,0,Cat - Dental Disease,image_family_aa2812d76438dd891cea0719,retain,readable; no cleaning exclusion,,,split_group_b5993f8ed1c869b5c22a9b85
Cats/Dental Disease in Cat/38D_jpg.rf.YXUJ3wspp31rpdndrXIP.jpg,0,0,Cat - Dental Disease,image_family_62bb3bbffe99d7031baa5da0,retain,readable; no cleaning exclusion,,,split_group_b5993f8ed1c869b5c22a9b85
Cats/Dental Disease in Cat/38I_jpg.rf.nazEhpMC77UczKIlXlER.jpg,0,0,Cat - Dental Disease,image_family_e69e6962b51432d321a84d2c,retain,readable; no cleaning exclusion,,,split_group_b5993f8ed1c869b5c22a9b85
Cats/Dental Disease in Cat/38_jpg.rf.Lc1lv8d0VI9xVt71SSLH.jpg,0,0,Cat - Dental Disease,image_family_ab7ce56fc54d5c82898240b8,retain,readable; no cleaning exclusion,,,split_group_b5993f8ed1c869b5c22a9b85
Cats/Dental Disease in Cat/39A_jpg.rf.4PYuFcJCeVeKjTpND3Y0.jpg,0,0,Cat - Dental Disease,image_family_a83e2baef871a10234aa3dc7,retain,readable; no cleaning exclusion,,,split_group_83dc75dae925de74dc9ee489
Cats/Dental Disease in Cat/39D_jpg.rf.f8GvQTjAsXMgno25PAIE.jpg,0,0,Cat - Dental Disease,image_family_53b1f75a09256c72079e0d45,retain,readable; no cleaning exclusion,,,split_group_83dc75dae925de74dc9ee489
Cats/Dental Disease in Cat/39I_jpg.rf.QDUptiCDfrzLapptXbxf.jpg,0,0,Cat - Dental Disease,image_family_61b9a645a0f1229d48d77683,retain,readable; no cleaning exclusion,,,split_group_83dc75dae925de74dc9ee489
Cats/Dental Disease in Cat/39_jpg.rf.rtfjzbaGM7XMEmLOqyqB.jpg,0,0,Cat - Dental Disease,image_family_4ab19feb6edbd89dfe2ce7d8,retain,readable; no cleaning exclusion,,,split_group_83dc75dae925de74dc9ee489
Cats/Dental Disease in Cat/3A_jpeg_jpg.rf.Yrg8J2mDOUjhBQSjQs6V.jpg,0,0,Cat - Dental Disease,image_family_8e4c66df5ccb852c0297fc1f,retain,readable; no cleaning exclusion,,,split_group_e5a3017f9191954db340c95c
Cats/Dental Disease in Cat/3A_jpg.rf.ZvkiUaFsJpNJBazmSXjC.jpg,0,0,Cat - Dental Disease,image_family_da4013594f45e4a9cfbed073,retain,readable; no cleaning exclusion,,,split_group_e5a3017f9191954db340c95c
Cats/Dental Disease in Cat/3D_jpg.rf.dtMOOxrXqmWe24UVrpJ7.jpg,0,0,Cat - Dental Disease,image_family_976d7ce82cb696053bba5e74,quarantine_exact_label_conflict,identical EXIF-oriented RGB pixels occur under conflicting class labels; human label resolution required,,,split_group_e5a3017f9191954db340c95c
Cats/Dental Disease in Cat/3_jpeg_jpg.rf.hC1ixlxmU1ZxCukR5C2M.jpg,0,0,Cat - Dental Disease,image_family_391164720647adfeccfb577c,quarantine_exact_label_conflict,identical EXIF-oriented RGB pixels occur under conflicting class labels; human label resolution required,,,split_group_e5a3017f9191954db340c95c
Cats/Dental Disease in Cat/40A_jpg.rf.5suESHr9mEQzktEIe0Of.jpg,0,0,Cat - Dental Disease,image_family_f11d17105634a923392b66d3,retain,readable; no cleaning exclusion,,,split_group_9321d46d33b22ca1d995ff97
Cats/Dental Disease in Cat/40D_jpg.rf.JlWWXiPTO16euZTzymkh.jpg,0,0,Cat - Dental Disease,image_family_2f37370e937329136aae6312,retain,readable; no cleaning exclusion,,,split_group_9321d46d33b22ca1d995ff97
Cats/Dental Disease in Cat/40I_jpg.rf.jeHK5nZOOx9UAvAoa4F6.jpg,0,0,Cat - Dental Disease,image_family_9ea880649122d2b994587c3f,retain,readable; no cleaning exclusion,,,split_group_9321d46d33b22ca1d995ff97
Cats/Dental Disease in Cat/40_jpg.rf.y6XgtNANuhimRkjZOKLF.jpg,0,0,Cat - Dental Disease,image_family_d9a8d4b06445da879df52368,retain,readable; no cleaning exclusion,,,split_group_9321d46d33b22ca1d995ff97
Cats/Dental Disease in Cat/42A_png_jpg.rf.4T8WyuM2mBR4e9CJazfS.jpg,0,0,Cat - Dental Disease,image_family_4c84a34f975021948642a62e,retain,readable; no cleaning exclusion,,,split_group_6dc98420bdbee37f483ed683
Cats/Dental Disease in Cat/42_png_jpg.rf.H0ajalb0swb6fUXH3yep.jpg,0,0,Cat - Dental Disease,image_family_2914b703a3ed640ab9802a99,retain,readable; no cleaning exclusion,,,split_group_6dc98420bdbee37f483ed683
Cats/Dental Disease in Cat/44A_jpg.rf.ManAxn2BMJWz8FnhNNca.jpg,0,0,Cat - Dental Disease,image_family_c846df73d07301e8d5bec9e7,retain,readable; no cleaning exclusion,,,split_group_7f50f2ed7640eab1077a3a80
Cats/Dental Disease in Cat/44D_jpg.rf.FGM2j3IaQpPOaT3KSAjq.jpg,0,0,Cat - Dental Disease,image_family_20453ba07e8a526333163148,retain,readable; no cleaning exclusion,,,split_group_7f50f2ed7640eab1077a3a80
Cats/Dental Disease in Cat/44_jpg.rf.FLuHmEw1zLM0MzvPv6Ca.jpg,0,0,Cat - Dental Disease,image_family_e98f288dfa4aa513f9ebbd40,retain,readable; no cleaning exclusion,,,split_group_7f50f2ed7640eab1077a3a80
Cats/Dental Disease in Cat/45A_jpg.rf.HVW60EM05uZgJYkyUHIN.jpg,0,0,Cat - Dental Disease,image_family_7d80d7bbaf5d639f037107a5,retain,readable; no cleaning exclusion,,,split_group_d207a416e06a3842089200d4
Cats/Dental Disease in Cat/45D_jpg.rf.gbBPKzkE0IemQ4Q9G4T9.jpg,0,0,Cat - Dental Disease,image_family_ae16e17b6a0886840603fa09,retain,readable; no cleaning exclusion,,,split_group_d207a416e06a3842089200d4
Cats/Dental Disease in Cat/45_jpg.rf.EEsX556lVeE80w9LqDn8.jpg,0,0,Cat - Dental Disease,image_family_90dcea7bc6b154304ea748b7,retain,readable; no cleaning exclusion,,,split_group_d207a416e06a3842089200d4
Cats/Dental Disease in Cat/46A_jpg.rf.DuGOPB77KGoLMeNNL0YT.jpg,0,0,Cat - Dental Disease,image_family_aa6f2243c5d85f342b96a905,retain,readable; no cleaning exclusion,,,split_group_638f8fc9553402ed7f86493e
Cats/Dental Disease in Cat/46D_jpg.rf.8XHrwjo7nDGcS7tS70jc.jpg,0,0,Cat - Dental Disease,image_family_a6dbe5f07972dc4ec2ab3c4a,retain,readable; no cleaning exclusion,,,split_group_638f8fc9553402ed7f86493e
Cats/Dental Disease in Cat/48A_jpg.rf.3zYDEpjjnATfq5dImsCk.jpg,0,0,Cat - Dental Disease,image_family_632e3393c48e338fe4042312,retain,readable; no cleaning exclusion,,,split_group_2b78d602ed85802376f8a76e
Cats/Dental Disease in Cat/48D_jpg.rf.AMBytZwbe1gQrv8mcdpl.jpg,0,0,Cat - Dental Disease,image_family_0afa625429aaf37141f0d539,retain,readable; no cleaning exclusion,,,split_group_2b78d602ed85802376f8a76e
Cats/Dental Disease in Cat/48_jpg.rf.LK0N2Aalb2iN53pSqpBh.jpg,0,0,Cat - Dental Disease,image_family_525a0675e33032f1e1fef17f,retain,readable; no cleaning exclusion,,,split_group_2b78d602ed85802376f8a76e
Cats/Dental Disease in Cat/49A_jpg.rf.mv2SybZb07iEZzVGaCwi.jpg,0,0,Cat - Dental Disease,image_family_2359f3070072c8e77746b96b,retain,readable; no cleaning exclusion,,,split_group_4b020d31be25c972780c3e50
Cats/Dental Disease in Cat/49_jpeg_jpg.rf.BGuQduU2GPAoVsqXVNtX.jpg,0,0,Cat - Dental Disease,image_family_007b8e850a7348ce0e0e0d0c,retain,readable; no cleaning exclusion,,,split_group_4b020d31be25c972780c3e50
Cats/Dental Disease in Cat/49_jpg.rf.uvvrXsJ4VS9PEq5ukX3V.jpg,0,0,Cat - Dental Disease,image_family_cfe6f851059cf2c85344a558,retain,readable; no cleaning exclusion,,,split_group_4b020d31be25c972780c3e50
Cats/Dental Disease in Cat/4A_jpg.rf.leCwSPdUqT7UoDtlIycM.jpg,0,0,Cat - Dental Disease,image_family_2c94ba61c256d9b5d9a19722,retain,readable; no cleaning exclusion,,,split_group_f57e0500adcd2fb4c2ac709e
Cats/Dental Disease in Cat/4D_jpg.rf.ywnVwQ3kdLyAPR6sFC2i.jpg,0,0,Cat - Dental Disease,image_family_b282ef3579d64f0af911d181,retain,readable; no cleaning exclusion,,,split_group_f57e0500adcd2fb4c2ac709e
Cats/Dental Disease in Cat/4_jpg.rf.PyW43JDO8LSBq6F3qKpK.jpg,0,0,Cat - Dental Disease,image_family_912daaeb9f40a00cad10ad7c,retain,readable; no cleaning exclusion,,,split_group_f57e0500adcd2fb4c2ac709e
Cats/Dental Disease in Cat/50A_jpg.rf.BwjtA7gJTJMuWkbC3ae0.jpg,0,0,Cat - Dental Disease,image_family_735ccc58391f30582abaab5e,retain,readable; no cleaning exclusion,,,split_group_58877aba1f404e4b43638bfb
Cats/Dental Disease in Cat/50D_jpg.rf.PARlK1ZCOujIRbIRZFmx.jpg,0,0,Cat - Dental Disease,image_family_16c074d4dbe74ec76152b2f8,retain,readable; no cleaning exclusion,,,split_group_58877aba1f404e4b43638bfb
Cats/Dental Disease in Cat/50I_jpg.rf.Iek9EHURIWnCfmDjgPJ5.jpg,0,0,Cat - Dental Disease,image_family_14f4e9470a23c32745c7f9ea,retain,readable; no cleaning exclusion,,,split_group_58877aba1f404e4b43638bfb
Cats/Dental Disease in Cat/50_jpg.rf.PiTeFMSrOuzFDcR3H1It.jpg,0,0,Cat - Dental Disease,image_family_924c56741ad958d8eae392c3,retain,readable; no cleaning exclusion,,,split_group_58877aba1f404e4b43638bfb
Cats/Dental Disease in Cat/51A_jpg.rf.UphztdaIcCK2NxZBnvjV.jpg,0,0,Cat - Dental Disease,image_family_f1371c994d7277ea8ce8b58e,retain,readable; no cleaning exclusion,,,split_group_3e0482adcb5e68ebe82d3a2d
Cats/Dental Disease in Cat/51I_jpg.rf.YKYsjWoPmEqspO8v8yHx.jpg,0,0,Cat - Dental Disease,image_family_12be94be59823289bd93f17b,retain,readable; no cleaning exclusion,,,split_group_3e0482adcb5e68ebe82d3a2d
Cats/Dental Disease in Cat/52A_jpg.rf.3xyvFYIN1fHrIFdL9uda.jpg,0,0,Cat - Dental Disease,image_family_cf77828adc4128a690cf3a45,retain,readable; no cleaning exclusion,,,split_group_53d71c678229fc47b20f0942
Cats/Dental Disease in Cat/52I_jpg.rf.Da9rRg7OSvRjLOEjTc07.jpg,0,0,Cat - Dental Disease,image_family_ebcbb19cb4dfbdff1b00e21b,retain,readable; no cleaning exclusion,,,split_group_53d71c678229fc47b20f0942
Cats/Dental Disease in Cat/52_jpg.rf.Jc0E37lVH1nCNKjLHfmZ.jpg,0,0,Cat - Dental Disease,image_family_da5e759c3a8b12bc6ef70fcd,retain,readable; no cleaning exclusion,,,split_group_53d71c678229fc47b20f0942
Cats/Dental Disease in Cat/53A_jpg.rf.H75HCXBOFFY54Cetzr1a.jpg,0,0,Cat - Dental Disease,image_family_5bc68d887de50d03b09097f5,retain,readable; no cleaning exclusion,,,split_group_9affb81fd4ce6c2246eb89a0
Cats/Dental Disease in Cat/53D_jpg.rf.A4HZPMW8CQyoYSGePBhu.jpg,0,0,Cat - Dental Disease,image_family_f03bb1563dc76b7b0196f891,retain,readable; no cleaning exclusion,,,split_group_9affb81fd4ce6c2246eb89a0
Cats/Dental Disease in Cat/53_jpg.rf.B2cDrWgrlbu681TamaYx.jpg,0,0,Cat - Dental Disease,image_family_41027a93713eede40bf5381b,retain,readable; no cleaning exclusion,,,split_group_9affb81fd4ce6c2246eb89a0
Cats/Dental Disease in Cat/54A_jpg.rf.fG1ggMqjZpgdOmZTdT5i.jpg,0,0,Cat - Dental Disease,image_family_f5f76978eec6486d7283546e,retain,readable; no cleaning exclusion,,,split_group_6f93883e97accfe716d8547e
Cats/Dental Disease in Cat/54I_jpg.rf.ILNe3SPythonGnqxNGl2.jpg,0,0,Cat - Dental Disease,image_family_df3b826a8cd8d3f0f7aa02c3,retain,readable; no cleaning exclusion,,,split_group_6f93883e97accfe716d8547e
Cats/Dental Disease in Cat/55A_jpg.rf.GwSmZMfAjWGPg7iQrS61.jpg,0,0,Cat - Dental Disease,image_family_594296f25dae6d70977319c6,retain,readable; no cleaning exclusion,,,split_group_432b7f7328b90d7e37024f03
Cats/Dental Disease in Cat/55D_jpg.rf.sho9XFgMwo7KVgwOsOuK.jpg,0,0,Cat - Dental Disease,image_family_a5e768ee366ae77e9612d926,retain,readable; no cleaning exclusion,,,split_group_432b7f7328b90d7e37024f03
Cats/Dental Disease in Cat/55_jpg.rf.OsXk1RD7fUmdKEx2YgXN.jpg,0,0,Cat - Dental Disease,image_family_bd4bd18975f3894b80ec9856,retain,readable; no cleaning exclusion,,,split_group_432b7f7328b90d7e37024f03
Cats/Dental Disease in Cat/56A_jpg.rf.UI2UwAG55UwzpdNhyT3f.jpg,0,0,Cat - Dental Disease,image_family_827697a6377b764fc0a88b7e,retain,readable; no cleaning exclusion,,,split_group_513c44fc5e0458e8b7fabfe6
Cats/Dental Disease in Cat/56D_jpg.rf.h9VFDYANsVbdLiTgPBwG.jpg,0,0,Cat - Dental Disease,image_family_82e66ff83e3e701478a92748,retain,readable; no cleaning exclusion,,,split_group_513c44fc5e0458e8b7fabfe6
Cats/Dental Disease in Cat/56_jpeg_jpg.rf.yaEA7DRVRiDfFziiYn4p.jpg,0,0,Cat - Dental Disease,image_family_d24814f483ab690ed2694606,retain,readable; no cleaning exclusion,,,split_group_513c44fc5e0458e8b7fabfe6
Cats/Dental Disease in Cat/56_jpg.rf.8XyPCGhNiNtXnwdUakk5.jpg,0,0,Cat - Dental Disease,image_family_b8f9e0e1c917452004891611,retain,readable; no cleaning exclusion,,,split_group_513c44fc5e0458e8b7fabfe6
Cats/Dental Disease in Cat/58A_jpg.rf.7bqXlDSCmJGC2hB61gXo.jpg,0,0,Cat - Dental Disease,image_family_b0da67c56353f54c47fd3ee1,retain,readable; no cleaning exclusion,,,split_group_0834749e1115601038f82ad8
Cats/Dental Disease in Cat/58D_jpg.rf.9pwSgP42pm05fvMXL9VX.jpg,0,0,Cat - Dental Disease,image_family_2db9af664b42faabb522f1e5,retain,readable; no cleaning exclusion,,,split_group_0834749e1115601038f82ad8
Cats/Dental Disease in Cat/58_jpeg_jpg.rf.Hrq3gAk0d2JG06iFxQCX.jpg,0,0,Cat - Dental Disease,image_family_9db47ce9e2f5db824da9c4d5,retain,readable; no cleaning exclusion,,,split_group_0834749e1115601038f82ad8
Cats/Dental Disease in Cat/59_jpg.rf.arpw5vTwGDOPi1zmqlxJ.jpg,0,0,Cat - Dental Disease,image_family_befbe3002732c533d92281e6,retain,readable; no cleaning exclusion,,,split_group_befbe3002732c533d92281e6
Cats/Dental Disease in Cat/61A_jpg.rf.uglKQtjy0hUxoIlRxcV8.jpg,0,0,Cat - Dental Disease,image_family_edf35b7f70528d2b4b1af9dc,retain,readable; no cleaning exclusion,,,split_group_81c8aea031fb2493362de330
Cats/Dental Disease in Cat/61_jpeg_jpg.rf.3H4jaGJN1dxu4Tt7uCd6.jpg,0,0,Cat - Dental Disease,image_family_6a4a1298eeacf2fd209026b9,retain,readable; no cleaning exclusion,,,split_group_81c8aea031fb2493362de330
Cats/Dental Disease in Cat/61_jpg.rf.Dt36iQ3XID6n77AVBKC0.jpg,0,0,Cat - Dental Disease,image_family_21e9ef810c7fd224ae0da352,retain,readable; no cleaning exclusion,,,split_group_81c8aea031fb2493362de330
Cats/Dental Disease in Cat/6264658419600002422123_jpg.rf.X6MHvK179tJBwh39ktr6.jpg,0,0,Cat - Dental Disease,image_family_fdaee972ac47b6d950615a33,retain,readable; no cleaning exclusion,,,split_group_779c413b5c8e566fc9a52533
Cats/Dental Disease in Cat/62646584196000024221_jpg.rf.SIatIwzw3f7Hz0eJ4WBe.jpg,0,0,Cat - Dental Disease,image_family_807fa49d3cdb202f0046e53a,retain,readable; no cleaning exclusion,,,split_group_779c413b5c8e566fc9a52533
Cats/Dental Disease in Cat/6264658419600002422_jpg.rf.v626JVqJrfZ55l6CAVGo.jpg,0,0,Cat - Dental Disease,image_family_0c9e4df2ba0d9a5413e56e40,retain,readable; no cleaning exclusion,,,split_group_779c413b5c8e566fc9a52533
Cats/Dental Disease in Cat/6264658419600002423123_jpg.rf.AN78OGiPrjcnWWhf2gIV.jpg,0,0,Cat - Dental Disease,image_family_901dd15875f1f21a0f332c47,retain,readable; no cleaning exclusion,,,split_group_4db756f0ed35fb409619ebef
Cats/Dental Disease in Cat/626465841960000242312_jpg.rf.DvL8WKaEbLPfY8qDzJ9K.jpg,0,0,Cat - Dental Disease,image_family_0eb81bded8a8c9c2a7291c43,retain,readable; no cleaning exclusion,,,split_group_4db756f0ed35fb409619ebef
Cats/Dental Disease in Cat/62646584196000024231_jpg.rf.HcUl5ZhNdB4QWBaGy5oQ.jpg,0,0,Cat - Dental Disease,image_family_d57c01ea8debadc19bc83574,retain,readable; no cleaning exclusion,,,split_group_4db756f0ed35fb409619ebef
Cats/Dental Disease in Cat/6264658419600002423_jpg.rf.PdjoRfNgoCeDW6yfCjL4.jpg,0,0,Cat - Dental Disease,image_family_75c6169fba0957b0876c1922,retain,readable; no cleaning exclusion,,,split_group_4db756f0ed35fb409619ebef
Cats/Dental Disease in Cat/62739718113682428081_jpg.rf.jK8Rhu4jDCbmLZTp7Sdq.jpg,0,0,Cat - Dental Disease,image_family_3dde3bf43992ed5a1c85e095,retain,readable; no cleaning exclusion,,,split_group_bb9187b323939e38f3454e27
Cats/Dental Disease in Cat/62739718113682428082_jpg.rf.xVLjRNKcgAlHhUFxyDYV.jpg,0,0,Cat - Dental Disease,image_family_985ac6d09d11e5321f6c0673,retain,readable; no cleaning exclusion,,,split_group_bb9187b323939e38f3454e27
Cats/Dental Disease in Cat/6273971811368242808_jpg.rf.aVucf23GOS8RgxXYfd86.jpg,0,0,Cat - Dental Disease,image_family_11881ac922168566292f4bbd,retain,readable; no cleaning exclusion,,,split_group_bb9187b323939e38f3454e27
Cats/Dental Disease in Cat/6280629229720375018_jpg.rf.45qKTW8LeEJOhLALQmVP.jpg,0,0,Cat - Dental Disease,image_family_55f0e429329e861c15edde47,retain,readable; no cleaning exclusion,,,split_group_55f0e429329e861c15edde47
Cats/Dental Disease in Cat/6280629229720375021_jpg.rf.EiocCdY8RJgxlJdVS0Uy.jpg,0,0,Cat - Dental Disease,image_family_96aa88f5d14f34fe18052ccd,retain,readable; no cleaning exclusion,,,split_group_96aa88f5d14f34fe18052ccd
Cats/Dental Disease in Cat/6280629229720375022_jpg.rf.q7KfLq27ZGNIGhn2b1YY.jpg,0,0,Cat - Dental Disease,image_family_60808536c6f4698b471e031c,retain,readable; no cleaning exclusion,,,split_group_60808536c6f4698b471e031c
Cats/Dental Disease in Cat/6280629229720375023_jpg.rf.hZ0Bvqo6pxNsxbrlkmwA.jpg,0,0,Cat - Dental Disease,image_family_e74c9dae87feff0252170909,retain,readable; no cleaning exclusion,,,split_group_e74c9dae87feff0252170909
Cats/Dental Disease in Cat/6280629229720375024_jpg.rf.NEy8WAYKZKfCYdRxeAFW.jpg,0,0,Cat - Dental Disease,image_family_a8d370deacf07664c9099e40,retain,readable; no cleaning exclusion,,,split_group_a8d370deacf07664c9099e40
Cats/Dental Disease in Cat/6280629229720375025_jpg.rf.casVigo7sIm8Yoblo2qi.jpg,0,0,Cat - Dental Disease,image_family_1c65dd5874fe75819f49e2b1,retain,readable; no cleaning exclusion,,,split_group_1c65dd5874fe75819f49e2b1
Cats/Dental Disease in Cat/63D_jpg.rf.nMUtjIP9wNO1LBuZbaui.jpg,0,0,Cat - Dental Disease,image_family_7f0dd57961b84da740f6d335,retain,readable; no cleaning exclusion,,,split_group_dbbeefc2fb9f75b8f525e769
Cats/Dental Disease in Cat/63I_jpg.rf.x1kQrOKEaxbB4CjxYx1V.jpg,0,0,Cat - Dental Disease,image_family_3b2297fd3ea417424aacc78c,retain,readable; no cleaning exclusion,,,split_group_dbbeefc2fb9f75b8f525e769
Cats/Dental Disease in Cat/63_jpg.rf.1QkCahaywrepP5uf5wBa.jpg,0,0,Cat - Dental Disease,image_family_7603037999e9e007d67300cd,retain,readable; no cleaning exclusion,,,split_group_dbbeefc2fb9f75b8f525e769
Cats/Dental Disease in Cat/64A_jpg.rf.Hs8SZYRyNt5faIeN0SRk.jpg,0,0,Cat - Dental Disease,image_family_08fa5f66834dec0eaa33c595,retain,readable; no cleaning exclusion,,,split_group_0134356ec6c5901d51333c56
Cats/Dental Disease in Cat/64D_jpg.rf.HpoJJRBNdHMsNU5yhqEL.jpg,0,0,Cat - Dental Disease,image_family_acd9a290ae1322344b64f685,retain,readable; no cleaning exclusion,,,split_group_0134356ec6c5901d51333c56
Cats/Dental Disease in Cat/64_jpg.rf.ZWHFccLMESqM8meHArnd.jpg,0,0,Cat - Dental Disease,image_family_f1bcb3e5f7ce71bec32cd238,retain,readable; no cleaning exclusion,,,split_group_0134356ec6c5901d51333c56
Cats/Dental Disease in Cat/66D_png_jpg.rf.ZPIfkvpUIulamLWgmSum.jpg,0,0,Cat - Dental Disease,image_family_56c76bbed27a5415b4146763,retain,readable; no cleaning exclusion,,,split_group_ceccb929d7b4cd6dcde5c223
Cats/Dental Disease in Cat/66_png_jpg.rf.fgdL7kRHXjMZdOJee5JY.jpg,0,0,Cat - Dental Disease,image_family_22eea7784e8d87859af17342,retain,readable; no cleaning exclusion,,,split_group_ceccb929d7b4cd6dcde5c223
Cats/Dental Disease in Cat/68A_jpg.rf.cHle2zaspzV0e8CjSQ5b.jpg,0,0,Cat - Dental Disease,image_family_4266cb38989e9c043d915661,retain,readable; no cleaning exclusion,,,split_group_cda02574450c9873631d0086
Cats/Dental Disease in Cat/68I_jpg.rf.Qjh2axTu79P9qI9MvJbF.jpg,0,0,Cat - Dental Disease,image_family_df3681bfc4693ea8ddccbcc5,retain,readable; no cleaning exclusion,,,split_group_cda02574450c9873631d0086
Cats/Dental Disease in Cat/69A_JPG_jpg.rf.aggYz7MymfGbMIJg2L0Z.jpg,0,0,Cat - Dental Disease,image_family_da29917e9b1a3f5225eca365,retain,readable; no cleaning exclusion,,,split_group_68028281eedaab1316278727
Cats/Dental Disease in Cat/69D_JPG_jpg.rf.wqCD4aOQwCzeNqKEfVPP.jpg,0,0,Cat - Dental Disease,image_family_fc3305eb182468b7b442d243,retain,readable; no cleaning exclusion,,,split_group_68028281eedaab1316278727
Cats/Dental Disease in Cat/69I_JPG_jpg.rf.wkQ1Aq6xlxSFqczkmfZr.jpg,0,0,Cat - Dental Disease,image_family_6710cbfbe8967f2c0bce528f,retain,readable; no cleaning exclusion,,,split_group_68028281eedaab1316278727
Cats/Dental Disease in Cat/69_JPG_jpg.rf.kGuhjO8dS0X5dyKFMvyG.jpg,0,0,Cat - Dental Disease,image_family_9ea12bfcc070b3feb9f76072,retain,readable; no cleaning exclusion,,,split_group_68028281eedaab1316278727
Cats/Dental Disease in Cat/6D_jpg.rf.qmSHj5TIZaz7pBibV4TE.jpg,0,0,Cat - Dental Disease,image_family_56dd7b8aacee7a326f9161b1,retain,readable; no cleaning exclusion,,,split_group_166de0fdf30917f164c50eda
Cats/Dental Disease in Cat/6I_jpg.rf.ZZZq71ea8cAiUJO3l9Da.jpg,0,0,Cat - Dental Disease,image_family_dbd861133c04b2916570fc96,retain,readable; no cleaning exclusion,,,split_group_166de0fdf30917f164c50eda
Cats/Dental Disease in Cat/6_jpg.rf.2FcpZaIt62hfuSwPS0tR.jpg,0,0,Cat - Dental Disease,image_family_fa15e001394f893dee1668b3,retain,readable; no cleaning exclusion,,,split_group_166de0fdf30917f164c50eda
Cats/Dental Disease in Cat/70A_JPG_jpg.rf.qgZT0fEAHCAzLmgHc1Tq.jpg,0,0,Cat - Dental Disease,image_family_549c496dd2162fec1baafbc7,retain,readable; no cleaning exclusion,,,split_group_50e0fea00e587a72a657e2fd
Cats/Dental Disease in Cat/70D_JPG_jpg.rf.8R3qicT0yu1F2sIC7qu2.jpg,0,0,Cat - Dental Disease,image_family_ff38f360580679b84c5b6437,retain,readable; no cleaning exclusion,,,split_group_50e0fea00e587a72a657e2fd
Cats/Dental Disease in Cat/70I_JPG_jpg.rf.jIm12NJEgADU838PHXfM.jpg,0,0,Cat - Dental Disease,image_family_e78ce73c13b1f0b1fb830812,retain,readable; no cleaning exclusion,,,split_group_50e0fea00e587a72a657e2fd
Cats/Dental Disease in Cat/70_JPG_jpg.rf.SIwvTN52VC9LtOGnHxK1.jpg,0,0,Cat - Dental Disease,image_family_e083ba376c8f4dbe5192675d,retain,readable; no cleaning exclusion,,,split_group_50e0fea00e587a72a657e2fd
Cats/Dental Disease in Cat/72D_jpg.rf.UljYJFtNamJte0bF0wIa.jpg,0,0,Cat - Dental Disease,image_family_6f3434d89ff6f6f7c1960716,retain,readable; no cleaning exclusion,,,split_group_57be320d4868a724f8f35f69
Cats/Dental Disease in Cat/72I_jpg.rf.GxwNceEZ1VL6jQ3uJQ9d.jpg,0,0,Cat - Dental Disease,image_family_311c0ed6d5eb721c7bce1bad,retain,readable; no cleaning exclusion,,,split_group_57be320d4868a724f8f35f69
Cats/Dental Disease in Cat/74A_jpg.rf.0MzyJgm1nHCBU31Lv1hb.jpg,0,0,Cat - Dental Disease,image_family_cbc77036d36efd01da232cca,retain,readable; no cleaning exclusion,,,split_group_27de806c5f093b01d1c716db
Cats/Dental Disease in Cat/74D_jpg.rf.IAgvUHJ1JxR3dsiPYaXd.jpg,0,0,Cat - Dental Disease,image_family_b3c2ddae91e50c00f83d4c72,retain,readable; no cleaning exclusion,,,split_group_27de806c5f093b01d1c716db
Cats/Dental Disease in Cat/74I_jpg.rf.FrJmWo6wFOImbyhN4rhI.jpg,0,0,Cat - Dental Disease,image_family_1bfdd922a53ee919662c58bd,retain,readable; no cleaning exclusion,,,split_group_27de806c5f093b01d1c716db
Cats/Dental Disease in Cat/74_jpg.rf.6lPNz5OXD3FTHDDYq0Yq.jpg,0,0,Cat - Dental Disease,image_family_a9b264e9b1266acb7d5eca55,retain,readable; no cleaning exclusion,,,split_group_27de806c5f093b01d1c716db
Cats/Dental Disease in Cat/75_jpg.rf.a7XAoFlMIwSYX1JImVnk.jpg,0,0,Cat - Dental Disease,image_family_e37495ca556aade4ac8102b9,retain,readable; no cleaning exclusion,,,split_group_fcf025963217b630a058cf1e
Cats/Dental Disease in Cat/75_png_jpg.rf.P3WfjPqAQ9jQOhZaX2H0.jpg,0,0,Cat - Dental Disease,image_family_5c4369f7bd1d9c561ec47168,retain,readable; no cleaning exclusion,,,split_group_fcf025963217b630a058cf1e
Cats/Dental Disease in Cat/76A_jpg.rf.llAtZFygs2vUSG8foWbg.jpg,0,0,Cat - Dental Disease,image_family_67e2897cb0686b1c295882b5,retain,readable; no cleaning exclusion,,,split_group_5cefa6ab74f6707a3122dc2c
Cats/Dental Disease in Cat/76D_jpg.rf.o5C2fE4O75utd0fJEnHy.jpg,0,0,Cat - Dental Disease,image_family_878d18ea3b673ef2bf0e1087,retain,readable; no cleaning exclusion,,,split_group_5cefa6ab74f6707a3122dc2c
Cats/Dental Disease in Cat/76I_jpg.rf.j8DYVNa1huLt3h8v0XFL.jpg,0,0,Cat - Dental Disease,image_family_9d936e6c8c789579d35ba457,retain,readable; no cleaning exclusion,,,split_group_5cefa6ab74f6707a3122dc2c
Cats/Dental Disease in Cat/76_jpg.rf.D6hLuQNs7275YDEeP7tZ.jpg,0,0,Cat - Dental Disease,image_family_8d27c534f5edaf66f9e08b58,retain,readable; no cleaning exclusion,,,split_group_5cefa6ab74f6707a3122dc2c
Cats/Dental Disease in Cat/77D_jpg.rf.2R7JdGskXpRlVTfoqLDs.jpg,0,0,Cat - Dental Disease,image_family_f457955ff464315b99b0aae1,retain,readable; no cleaning exclusion,,,split_group_f457955ff464315b99b0aae1
Cats/Dental Disease in Cat/78A_jpg.rf.bmdrEoctOYZEPsvw1SLK.jpg,0,0,Cat - Dental Disease,image_family_686a3f5846ec5a2d5118ac0a,retain,readable; no cleaning exclusion,,,split_group_b10e43cc93c9cb4ea73bb971
Cats/Dental Disease in Cat/78_jpg.rf.cNJpsZlxCtPGkRvaOrWb.jpg,0,0,Cat - Dental Disease,image_family_963fa3f9f2d928de15cb3941,retain,readable; no cleaning exclusion,,,split_group_b10e43cc93c9cb4ea73bb971
Cats/Dental Disease in Cat/79A_jpg.rf.JFfsKX3ktFS7S103HcVJ.jpg,0,0,Cat - Dental Disease,image_family_44870023269f594378a65f97,retain,readable; no cleaning exclusion,,,split_group_fbe2b0fc7bcbb0e0cea71882
Cats/Dental Disease in Cat/79D_jpg.rf.CTvWEJTUWyomMgAuhmVn.jpg,0,0,Cat - Dental Disease,image_family_9f396f31539043181d77e283,retain,readable; no cleaning exclusion,,,split_group_fbe2b0fc7bcbb0e0cea71882
Cats/Dental Disease in Cat/79I_jpg.rf.SWVfNDx1YvhS1DB8d6OV.jpg,0,0,Cat - Dental Disease,image_family_b49513d0a98b7b7e585472f9,retain,readable; no cleaning exclusion,,,split_group_fbe2b0fc7bcbb0e0cea71882
Cats/Dental Disease in Cat/79_jpg.rf.1HQXELTymm3tFMNcHpcL.jpg,0,0,Cat - Dental Disease,image_family_2729947c6f6cffb2e0800a6d,retain,readable; no cleaning exclusion,,,split_group_fbe2b0fc7bcbb0e0cea71882
Cats/Dental Disease in Cat/7_jpg.rf.BDae41EGWuiz83KDqbZa.jpg,0,0,Cat - Dental Disease,image_family_5c2fab54d22b6b3c237dc123,retain,readable; no cleaning exclusion,,,split_group_97b6287a686045470288f43c
Cats/Dental Disease in Cat/80A_jpg.rf.BEgJjkM6ZbCwYW7zTIyg.jpg,0,0,Cat - Dental Disease,image_family_85b2b20f4745e4e03f998e14,retain,readable; no cleaning exclusion,,,split_group_fb69b77ca05639af115c0a3a
Cats/Dental Disease in Cat/80D_jpg.rf.QZQtAp8Xvy5ulFzCMmtr.jpg,0,0,Cat - Dental Disease,image_family_2841678cf366e483e141b449,retain,readable; no cleaning exclusion,,,split_group_fb69b77ca05639af115c0a3a
Cats/Dental Disease in Cat/80_jpeg_jpg.rf.AoAeWNZHO1e3zdxd1Cz2.jpg,0,0,Cat - Dental Disease,image_family_7cb987770d337fc000c65c22,retain,readable; no cleaning exclusion,,,split_group_fb69b77ca05639af115c0a3a
Cats/Dental Disease in Cat/81A_jpg.rf.zkcgg0swp5RKUZoZoxVn.jpg,0,0,Cat - Dental Disease,image_family_1fc55e69da4747b1581b9424,retain,readable; no cleaning exclusion,,,split_group_ce07c74a5b5d67d78d506f2f
Cats/Dental Disease in Cat/81D_jpg.rf.TVrQEAWQxxwd4SGR6qjJ.jpg,0,0,Cat - Dental Disease,image_family_0b8099daa25d35bd5ac07fe6,retain,readable; no cleaning exclusion,,,split_group_ce07c74a5b5d67d78d506f2f
Cats/Dental Disease in Cat/81I_jpg.rf.eZo81x3Ny1QksA6MZn1Q.jpg,0,0,Cat - Dental Disease,image_family_f34cce299ca22b99b217716f,retain,readable; no cleaning exclusion,,,split_group_ce07c74a5b5d67d78d506f2f
Cats/Dental Disease in Cat/81_jpg.rf.qKkEk3WUvOyeCchSYkKS.jpg,0,0,Cat - Dental Disease,image_family_255cec2831e5432cbf7114c6,retain,readable; no cleaning exclusion,,,split_group_ce07c74a5b5d67d78d506f2f
Cats/Dental Disease in Cat/82A_png_jpg.rf.Fd1dktIMMtqKzahlJ29X.jpg,0,0,Cat - Dental Disease,image_family_0b70c4fed3a46e0773cba983,retain,readable; no cleaning exclusion,,,split_group_0b70c4fed3a46e0773cba983
Cats/Dental Disease in Cat/83A_png_jpg.rf.eUXNoEHHnApN58NjUSPU.jpg,0,0,Cat - Dental Disease,image_family_44d6aab523806ef8b62b4739,retain,readable; no cleaning exclusion,,,split_group_be3d0d5b751716cf4102d718
Cats/Dental Disease in Cat/83D_png_jpg.rf.BZsZvfNF2dm0FYskN1Ef.jpg,0,0,Cat - Dental Disease,image_family_e8c23cf3f98599e026188a72,retain,readable; no cleaning exclusion,,,split_group_be3d0d5b751716cf4102d718
Cats/Dental Disease in Cat/83I_png_jpg.rf.Tz2sU5uwUekvpht3ePhx.jpg,0,0,Cat - Dental Disease,image_family_be71ad6fb56b685252780c6d,retain,readable; no cleaning exclusion,,,split_group_be3d0d5b751716cf4102d718
Cats/Dental Disease in Cat/83_png_jpg.rf.03FVCGgnMDOfGrzHc8cq.jpg,0,0,Cat - Dental Disease,image_family_9c70926256ead9b6aaecc43f,retain,readable; no cleaning exclusion,,,split_group_be3d0d5b751716cf4102d718
Cats/Dental Disease in Cat/84A_png_jpg.rf.c1pCDONm8F8fmtAEm7Wb.jpg,0,0,Cat - Dental Disease,image_family_aec5c1e1d929477dd7699a54,retain,readable; no cleaning exclusion,,,split_group_84b1d80880d5503bd9c932ef
Cats/Dental Disease in Cat/84D_png_jpg.rf.muaQJuGfzX2jtgsr8t9Q.jpg,0,0,Cat - Dental Disease,image_family_3f61b90d7b7d3821dbd89c16,retain,readable; no cleaning exclusion,,,split_group_84b1d80880d5503bd9c932ef
Cats/Dental Disease in Cat/84I_png_jpg.rf.WrwpaU9t9mtOyFVuSekY.jpg,0,0,Cat - Dental Disease,image_family_766542e51de76cf180c4bcf8,retain,readable; no cleaning exclusion,,,split_group_84b1d80880d5503bd9c932ef
Cats/Dental Disease in Cat/84_png_jpg.rf.rsQAQbp2HAYqQdIDtohL.jpg,0,0,Cat - Dental Disease,image_family_21014cada2a4444831c2c454,retain,readable; no cleaning exclusion,,,split_group_84b1d80880d5503bd9c932ef
Cats/Dental Disease in Cat/85A_jpg.rf.phAHr4sdhpnkoqmgMr2q.jpg,0,0,Cat - Dental Disease,image_family_001b9588d3ae557cf0bac93f,retain,readable; no cleaning exclusion,,,split_group_2f73e38d5cf42e06723f4812
Cats/Dental Disease in Cat/85I_jpg.rf.SWh3rvD88lrp66DTNYgb.jpg,0,0,Cat - Dental Disease,image_family_af090bc365d9ce3610684cde,retain,readable; no cleaning exclusion,,,split_group_2f73e38d5cf42e06723f4812
Cats/Dental Disease in Cat/85_jpg.rf.U9CdYZpTqlBE90ZshTvH.jpg,0,0,Cat - Dental Disease,image_family_ab85bebeadaaf19cb513be39,retain,readable; no cleaning exclusion,,,split_group_2f73e38d5cf42e06723f4812
Cats/Dental Disease in Cat/86A_png_jpg.rf.f28vlvtl4Snh85kVidvN.jpg,0,0,Cat - Dental Disease,image_family_88a1dd47cb69f09bdf236f41,retain,readable; no cleaning exclusion,,,split_group_27aac9b26f47bc181605fd6e
Cats/Dental Disease in Cat/86D_png_jpg.rf.6bcGYwoHSFPZRuaBEO2r.jpg,0,0,Cat - Dental Disease,image_family_33a1d2b6fd21ca552da8cebe,retain,readable; no cleaning exclusion,,,split_group_27aac9b26f47bc181605fd6e
Cats/Dental Disease in Cat/86I_png_jpg.rf.eE940eZXPJv1RXrtRHrk.jpg,0,0,Cat - Dental Disease,image_family_84a52a2eb48c6fda342d9394,retain,readable; no cleaning exclusion,,,split_group_27aac9b26f47bc181605fd6e
Cats/Dental Disease in Cat/87A_png_jpg.rf.b4pAWSzW4QvZ7JCJ0PQt.jpg,0,0,Cat - Dental Disease,image_family_8d40220b0b9de257eb9616d0,retain,readable; no cleaning exclusion,,,split_group_4672028f5e9e4c463b6c4842
Cats/Dental Disease in Cat/87I_png_jpg.rf.0BOyXuCZmtwKqdvClFoe.jpg,0,0,Cat - Dental Disease,image_family_493bfcfbe7185c9539e88207,retain,readable; no cleaning exclusion,,,split_group_4672028f5e9e4c463b6c4842
Cats/Dental Disease in Cat/88D_png_jpg.rf.2LpwAl6i1jMZEAcyLhOz.jpg,0,0,Cat - Dental Disease,image_family_a25c2465c1f8084ae86a3825,retain,readable; no cleaning exclusion,,,split_group_97b5186df5b95c105a7d23e4
Cats/Dental Disease in Cat/88_png_jpg.rf.D2pE4SDA5DytXmIS6LYh.jpg,0,0,Cat - Dental Disease,image_family_fdcbe1559a9f733fb0366a40,retain,readable; no cleaning exclusion,,,split_group_97b5186df5b95c105a7d23e4
Cats/Dental Disease in Cat/89A_jpg.rf.cTbUi1TusDz7tNWooADQ.jpg,0,0,Cat - Dental Disease,image_family_9bb3a3cd50267074701a985a,retain,readable; no cleaning exclusion,,,split_group_3d2e8173cd4fe96e99bc0dcf
Cats/Dental Disease in Cat/89_jpg.rf.6h6ekfZUwDiLnhj8c6R3.jpg,0,0,Cat - Dental Disease,image_family_3c513b49fb6346830ca4af67,retain,readable; no cleaning exclusion,,,split_group_3d2e8173cd4fe96e99bc0dcf
Cats/Dental Disease in Cat/8A_jpg.rf.0fZRTGjCu7P4PlJ58x1A.jpg,0,0,Cat - Dental Disease,image_family_4b5f13677cc70aedd7f44d19,retain,readable; no cleaning exclusion,,,split_group_28395512bf14c51cf9fa0825
Cats/Dental Disease in Cat/8D_jpg.rf.HDRWxpsTjaoScJ3xpLix.jpg,0,0,Cat - Dental Disease,image_family_ab3e418b0a296450b003b4ea,retain,readable; no cleaning exclusion,,,split_group_8401f4222bcdd7a4f08c8d39
Cats/Dental Disease in Cat/8I_jpg.rf.13wLhGJYo66bZhbvU1wH.jpg,0,0,Cat - Dental Disease,image_family_fe88d77c6c054f0fbb371083,retain,readable; no cleaning exclusion,,,split_group_28395512bf14c51cf9fa0825
Cats/Dental Disease in Cat/90A_jpg.rf.uYTy2Bc6Axu3LwlGlRi2.jpg,0,0,Cat - Dental Disease,image_family_abce7329dbadf5607607ecfe,retain,readable; no cleaning exclusion,,,split_group_be4721988051e55e43e7c387
Cats/Dental Disease in Cat/90D_jpg.rf.wVYqeHbFSSOl4gLPcUyC.jpg,0,0,Cat - Dental Disease,image_family_50727586a0f0a90d822a1c5d,retain,readable; no cleaning exclusion,,,split_group_be4721988051e55e43e7c387
Cats/Dental Disease in Cat/90_jpg.rf.2G3zaxL7g5MI5vkXp3Ei.jpg,0,0,Cat - Dental Disease,image_family_83ae7e9a1222e17d3df6f980,retain,readable; no cleaning exclusion,,,split_group_be4721988051e55e43e7c387
Cats/Dental Disease in Cat/9A_jpg.rf.qtwnJ5XPe2qUbEhIJyGL.jpg,0,0,Cat - Dental Disease,image_family_c4cd9cc74f8c73274f099e3c,retain,readable; no cleaning exclusion,,,split_group_c9fe544d5664c6f4801cf7a3
Cats/Dental Disease in Cat/9D_jpg.rf.U3gXYK24LzxE3vwvpFMl.jpg,0,0,Cat - Dental Disease,image_family_79a03275c80dfe19fa39a184,retain,readable; no cleaning exclusion,,,split_group_c9fe544d5664c6f4801cf7a3
Cats/Dental Disease in Cat/9I_jpg.rf.bPvqM6cF72p3CC3Wixsa.jpg,0,0,Cat - Dental Disease,image_family_7de2a31d47b8d04601790da9,retain,readable; no cleaning exclusion,,,split_group_c9fe544d5664c6f4801cf7a3
Cats/Dental Disease in Cat/9_jpg.rf.NyOVhbtlVx7vgFvFXFgT.jpg,0,0,Cat - Dental Disease,image_family_ba86761af84b722263904a14,retain,readable; no cleaning exclusion,,,split_group_c9fe544d5664c6f4801cf7a3
Cats/Dental Disease in Cat/Image_1.jpg,0,0,Cat - Dental Disease,image_family_c8b6368ccc3ade4a1c909ce7,retain,readable; no cleaning exclusion,,,split_group_c8b6368ccc3ade4a1c909ce7
Cats/Dental Disease in Cat/Image_10.jpg,0,0,Cat - Dental Disease,image_family_dd199c240344bbf5d1a8a996,retain,readable; no cleaning exclusion,,,split_group_fdedee1047384a199a67434d
Cats/Dental Disease in Cat/Image_11.jpeg,0,0,Cat - Dental Disease,image_family_59486e0fb5a43ff843505f61,retain,readable; no cleaning exclusion,,,split_group_59486e0fb5a43ff843505f61
Cats/Dental Disease in Cat/Image_12.jpg,0,0,Cat - Dental Disease,image_family_50c2c9a536f943509973aa13,retain,readable; no cleaning exclusion,,,split_group_50c2c9a536f943509973aa13
Cats/Dental Disease in Cat/Image_14.jpg,0,0,Cat - Dental Disease,image_family_c517418d8266c925f7897dc5,retain,readable; no cleaning exclusion,,,split_group_a6aead43603da564f1f16188
Cats/Dental Disease in Cat/Image_15.jpg,0,0,Cat - Dental Disease,image_family_43c6916411b35bfb3a3bcb6e,retain,readable; no cleaning exclusion,,,split_group_43c6916411b35bfb3a3bcb6e
Cats/Dental Disease in Cat/Image_16.jpg,0,0,Cat - Dental Disease,image_family_18112af8ddb7a5ab49fc283d,retain,readable; no cleaning exclusion,,,split_group_18112af8ddb7a5ab49fc283d
Cats/Dental Disease in Cat/Image_17.jpg,0,0,Cat - Dental Disease,image_family_c0b8ebb1b65148b8b688c0ae,retain,readable; no cleaning exclusion,,,split_group_0834749e1115601038f82ad8
Cats/Dental Disease in Cat/Image_18.jpg,0,0,Cat - Dental Disease,image_family_f9466bbfbd1dfe661e78d424,retain,readable; no cleaning exclusion,,,split_group_f9466bbfbd1dfe661e78d424
Cats/Dental Disease in Cat/Image_19.jpg,0,0,Cat - Dental Disease,image_family_ee46cac3bb8f9f71b772ce84,retain,readable; no cleaning exclusion,,,split_group_9f31a833474af494f1d69409
Cats/Dental Disease in Cat/Image_2.jpg,0,0,Cat - Dental Disease,image_family_674b59c4b570ab075d8be77d,retain,readable; no cleaning exclusion,,,split_group_674b59c4b570ab075d8be77d
Cats/Dental Disease in Cat/Image_20.jpg,0,0,Cat - Dental Disease,image_family_e1bb5c0428f6e14d4e54f8fe,retain,readable; no cleaning exclusion,,,split_group_e1bb5c0428f6e14d4e54f8fe
Cats/Dental Disease in Cat/Image_21.jpg,0,0,Cat - Dental Disease,image_family_10355d7ad33a24f1fc53bcc1,retain,readable; no cleaning exclusion,,,split_group_10355d7ad33a24f1fc53bcc1
Cats/Dental Disease in Cat/Image_22.jpg,0,0,Cat - Dental Disease,image_family_59ee1dc23afe38631a6d647e,retain,readable; no cleaning exclusion,,,split_group_59ee1dc23afe38631a6d647e
Cats/Dental Disease in Cat/Image_23.jpg,0,0,Cat - Dental Disease,image_family_a3da5a9eca9a723ad2cfc24b,retain,readable; no cleaning exclusion,,,split_group_a3da5a9eca9a723ad2cfc24b
Cats/Dental Disease in Cat/Image_24.jpg,0,0,Cat - Dental Disease,image_family_f3033757e4f71c37d6474ffa,retain,readable; no cleaning exclusion,,,split_group_f3033757e4f71c37d6474ffa
Cats/Dental Disease in Cat/Image_24.png,0,0,Cat - Dental Disease,image_family_951af523cdef70aa5f4e526d,retain,readable; no cleaning exclusion,,,split_group_951af523cdef70aa5f4e526d
Cats/Dental Disease in Cat/Image_25.jpg,0,0,Cat - Dental Disease,image_family_b11a8701340162df483bbce1,retain,readable; no cleaning exclusion,,,split_group_b11a8701340162df483bbce1
Cats/Dental Disease in Cat/Image_26.jpg,0,0,Cat - Dental Disease,image_family_427d55fb055a9234a39b125a,retain,readable; no cleaning exclusion,,,split_group_427d55fb055a9234a39b125a
Cats/Dental Disease in Cat/Image_27.jpg,0,0,Cat - Dental Disease,image_family_70f2973e327954720d4e72ed,retain,readable; no cleaning exclusion,,,split_group_70f2973e327954720d4e72ed
Cats/Dental Disease in Cat/Image_28.jpg,0,0,Cat - Dental Disease,image_family_50943826a0c1b44d01fe1fa4,retain,readable; no cleaning exclusion,,,split_group_50943826a0c1b44d01fe1fa4
Cats/Dental Disease in Cat/Image_29.jpg,0,0,Cat - Dental Disease,image_family_6f7d5e4908ea03fcb6a563f9,retain,readable; no cleaning exclusion,,,split_group_8f4c9b64910f22ad2a93b2de
Cats/Dental Disease in Cat/Image_3.jpg,0,0,Cat - Dental Disease,image_family_54dafbeb3f8547523ed2995d,retain,readable; no cleaning exclusion,,,split_group_e4efa0b1d23946a9d002245d
Cats/Dental Disease in Cat/Image_30.jpg,0,0,Cat - Dental Disease,image_family_92d182d562625eeb36add176,retain,readable; no cleaning exclusion,,,split_group_92d182d562625eeb36add176
Cats/Dental Disease in Cat/Image_31.jpg,0,0,Cat - Dental Disease,image_family_b7927d4788085f7dfef5f73d,retain,readable; no cleaning exclusion,,,split_group_b7927d4788085f7dfef5f73d
Cats/Dental Disease in Cat/Image_32.jpg,0,0,Cat - Dental Disease,image_family_8db9a916508985fc3be2fe91,retain,readable; no cleaning exclusion,,,split_group_8db9a916508985fc3be2fe91
Cats/Dental Disease in Cat/Image_33.jpg,0,0,Cat - Dental Disease,image_family_b033bc4fcab56a19fdcb3c30,retain,readable; no cleaning exclusion,,,split_group_b033bc4fcab56a19fdcb3c30
Cats/Dental Disease in Cat/Image_34.jpg,0,0,Cat - Dental Disease,image_family_8bdad7ec889eb58937d01e57,retain,readable; no cleaning exclusion,,,split_group_0ff83a99c97b0f1b91fde995
Cats/Dental Disease in Cat/Image_35.jpg,0,0,Cat - Dental Disease,image_family_800f1d68d49dc459375e3dca,retain,readable; no cleaning exclusion,,,split_group_800f1d68d49dc459375e3dca
Cats/Dental Disease in Cat/Image_36.jpg,0,0,Cat - Dental Disease,image_family_6b7f1eae72278f44b12a71ac,retain,readable; no cleaning exclusion,,,split_group_6b7f1eae72278f44b12a71ac
Cats/Dental Disease in Cat/Image_37.jpg,0,0,Cat - Dental Disease,image_family_8bdad7ec889eb58937d01e57,exclude_same_class_exact_duplicate,same-class exact RGB duplicate; retained representative Cats/Dental Disease in Cat/Image_34.jpg,,,split_group_0ff83a99c97b0f1b91fde995
Cats/Dental Disease in Cat/Image_38.jpg,0,0,Cat - Dental Disease,image_family_17017d6486e778d5d0d67735,retain,readable; no cleaning exclusion,,,split_group_17017d6486e778d5d0d67735
Cats/Dental Disease in Cat/Image_38.webp,0,0,Cat - Dental Disease,image_family_cf41e95bbeb747d40bf4f8bd,retain,readable; no cleaning exclusion,,,split_group_cf41e95bbeb747d40bf4f8bd
Cats/Dental Disease in Cat/Image_39.png,0,0,Cat - Dental Disease,image_family_c1c990af76e8f5d4d86ffb92,retain,readable; no cleaning exclusion,,,split_group_c1c990af76e8f5d4d86ffb92
Cats/Dental Disease in Cat/Image_4.jpg,0,0,Cat - Dental Disease,image_family_602cbeba79d9191f9e3bda19,retain,readable; no cleaning exclusion,,,split_group_0ff83a99c97b0f1b91fde995
Cats/Dental Disease in Cat/Image_41.jpg,0,0,Cat - Dental Disease,image_family_0731c837739894b2246d2a34,retain,readable; no cleaning exclusion,,,split_group_e4efa0b1d23946a9d002245d
Cats/Dental Disease in Cat/Image_42.webp,0,0,Cat - Dental Disease,image_family_60ed4f2176b6ad27c45eb8e1,retain,readable; no cleaning exclusion,,,split_group_60ed4f2176b6ad27c45eb8e1
Cats/Dental Disease in Cat/Image_43.jpg,0,0,Cat - Dental Disease,image_family_3f96e2fdf90f53c4ac0e5b5a,retain,readable; no cleaning exclusion,,,split_group_8f4c9b64910f22ad2a93b2de
Cats/Dental Disease in Cat/Image_44.webp,0,0,Cat - Dental Disease,image_family_ce3336edb13dcf78e34f1ea8,retain,readable; no cleaning exclusion,,,split_group_9f31a833474af494f1d69409
Cats/Dental Disease in Cat/Image_45.png,0,0,Cat - Dental Disease,image_family_c1c990af76e8f5d4d86ffb92,exclude_same_class_exact_duplicate,same-class exact RGB duplicate; retained representative Cats/Dental Disease in Cat/Image_39.png,,,split_group_c1c990af76e8f5d4d86ffb92
Cats/Dental Disease in Cat/Image_46.jpg,0,0,Cat - Dental Disease,image_family_497fd236a33c4065f62efe5b,retain,readable; no cleaning exclusion,,,split_group_b330f827e9ddaadce4fe6833
Cats/Dental Disease in Cat/Image_47.jpg,0,0,Cat - Dental Disease,image_family_3d4b37d3ebe13ead6cf2bd15,retain,readable; no cleaning exclusion,,,split_group_3d4b37d3ebe13ead6cf2bd15
Cats/Dental Disease in Cat/Image_48.jpg,0,0,Cat - Dental Disease,image_family_b8469cea0cc4c38c0a12453b,retain,readable; no cleaning exclusion,,,split_group_b8469cea0cc4c38c0a12453b
Cats/Dental Disease in Cat/Image_49.jpg,0,0,Cat - Dental Disease,image_family_b3da73b79140d545346e2696,retain,readable; no cleaning exclusion,,,split_group_a6aead43603da564f1f16188
Cats/Dental Disease in Cat/Image_5.png,0,0,Cat - Dental Disease,image_family_74eddf883aa7af9ce9bc7f96,retain,readable; no cleaning exclusion,,,split_group_74eddf883aa7af9ce9bc7f96
Cats/Dental Disease in Cat/Image_50.jpg,0,0,Cat - Dental Disease,image_family_545c87dcb6edf5c1f5aa140b,retain,readable; no cleaning exclusion,,,split_group_fdedee1047384a199a67434d
Cats/Dental Disease in Cat/Image_51.jpg,0,0,Cat - Dental Disease,image_family_f8cf2d52828e2596fbd58d9f,retain,readable; no cleaning exclusion,,,split_group_f8cf2d52828e2596fbd58d9f
Cats/Dental Disease in Cat/Image_51.png,0,0,Cat - Dental Disease,image_family_76e13a3091029cdaf5fca54c,retain,readable; no cleaning exclusion,,,split_group_76e13a3091029cdaf5fca54c
Cats/Dental Disease in Cat/Image_52.jpg,0,0,Cat - Dental Disease,image_family_324109c5d1f263b418ad7644,retain,readable; no cleaning exclusion,,,split_group_324109c5d1f263b418ad7644
Cats/Dental Disease in Cat/Image_53.jpg,0,0,Cat - Dental Disease,image_family_6116f3008a5fa2701f10a14e,retain,readable; no cleaning exclusion,,,split_group_6116f3008a5fa2701f10a14e
Cats/Dental Disease in Cat/Image_54.jpg,0,0,Cat - Dental Disease,image_family_e6607f2c0874b741f8a1ad0a,retain,readable; no cleaning exclusion,,,split_group_0834749e1115601038f82ad8
Cats/Dental Disease in Cat/Image_55.png,0,0,Cat - Dental Disease,image_family_5a048288f249bcb552c92746,retain,readable; no cleaning exclusion,,,split_group_d57f805c85ae2c1d4afa438b
Cats/Dental Disease in Cat/Image_56.jpg,0,0,Cat - Dental Disease,image_family_876f8f1d216e72822d30de0f,retain,readable; no cleaning exclusion,,,split_group_876f8f1d216e72822d30de0f
Cats/Dental Disease in Cat/Image_57.jpg,0,0,Cat - Dental Disease,image_family_d3872810f0988e9712ff782d,retain,readable; no cleaning exclusion,,,split_group_b330f827e9ddaadce4fe6833
Cats/Dental Disease in Cat/Image_58.png,0,0,Cat - Dental Disease,image_family_86b99e72dad00784e4e43960,retain,readable; no cleaning exclusion,,,split_group_86b99e72dad00784e4e43960
Cats/Dental Disease in Cat/Image_59.jpg,0,0,Cat - Dental Disease,image_family_76ae6fadad22a860ad4ef311,retain,readable; no cleaning exclusion,,,split_group_76ae6fadad22a860ad4ef311
Cats/Dental Disease in Cat/Image_6.jpg,0,0,Cat - Dental Disease,image_family_c3ca7b2474381258f3fd34bb,retain,readable; no cleaning exclusion,,,split_group_c3ca7b2474381258f3fd34bb
Cats/Dental Disease in Cat/Image_60.jpg,0,0,Cat - Dental Disease,image_family_d52cd86bc77c52b8efc20fd0,retain,readable; no cleaning exclusion,,,split_group_d52cd86bc77c52b8efc20fd0
Cats/Dental Disease in Cat/Image_61.jpg,0,0,Cat - Dental Disease,image_family_5baf54c535519208ad8fbc03,retain,readable; no cleaning exclusion,,,split_group_5baf54c535519208ad8fbc03
Cats/Dental Disease in Cat/Image_62.jpg,0,0,Cat - Dental Disease,image_family_c69802b78fe08ca93a495d87,retain,readable; no cleaning exclusion,,,split_group_c69802b78fe08ca93a495d87
Cats/Dental Disease in Cat/Image_63.jpg,0,0,Cat - Dental Disease,image_family_6148baf533bd3e2439f2152e,retain,readable; no cleaning exclusion,,,split_group_6148baf533bd3e2439f2152e
Cats/Dental Disease in Cat/Image_64.jpg,0,0,Cat - Dental Disease,image_family_8236163b44177821198e307f,retain,readable; no cleaning exclusion,,,split_group_8236163b44177821198e307f
Cats/Dental Disease in Cat/Image_65.jpg,0,0,Cat - Dental Disease,image_family_c3d905118519c2de3bc878e2,retain,readable; no cleaning exclusion,,,split_group_c3d905118519c2de3bc878e2
Cats/Dental Disease in Cat/Image_7.jpg,0,0,Cat - Dental Disease,image_family_4704ec7d4bfe04de0ad74403,retain,readable; no cleaning exclusion,,,split_group_4704ec7d4bfe04de0ad74403
Cats/Dental Disease in Cat/Image_8.jpeg,0,0,Cat - Dental Disease,image_family_f1413dbf7987d03eef12e8c0,retain,readable; no cleaning exclusion,,,split_group_f1413dbf7987d03eef12e8c0
Cats/Dental Disease in Cat/Image_9.png,0,0,Cat - Dental Disease,image_family_de75b22c65dee8dabbbb1821,retain,readable; no cleaning exclusion,,,split_group_d57f805c85ae2c1d4afa438b
Cats/Dental Disease in Cat/are-his-gums-a-healthy-colour-v0-jfcg4jo9rxof1_jpg.rf.Uq3emQ0EDFGJO4zc3YJY.jpg,0,0,Cat - Dental Disease,image_family_cc320d279742a80c13f4e4d7,retain,readable; no cleaning exclusion,,,split_group_cc320d279742a80c13f4e4d7
Cats/Dental Disease in Cat/are-my-cats-gum-an-okay-color-or-should-i-worry-she-lets-me-v0-cboa4vyyhoh91_jpg.rf.dRXTOEOZ6DK3FbXyDItY.jpg,0,0,Cat - Dental Disease,image_family_2bf4ef72851c27049aa92126,retain,readable; no cleaning exclusion,,,split_group_2bf4ef72851c27049aa92126
Cats/Dental Disease in Cat/are-my-cats-gums-purple-v0-qrjm2817zx4g1_jpg.rf.wwunXsIjWuqcS0MsgroA.jpg,0,0,Cat - Dental Disease,image_family_773301e34d6bb819983dc4f8,retain,readable; no cleaning exclusion,,,split_group_773301e34d6bb819983dc4f8
Cats/Dental Disease in Cat/cat-gums-pink_jpg.rf.xOYogyApkOMrv5krXnyS.jpg,0,0,Cat - Dental Disease,image_family_8f958a7034cf60c19d89e9e3,retain,readable; no cleaning exclusion,,,split_group_8f958a7034cf60c19d89e9e3
Cats/Dental Disease in Cat/cats-teeth_jpg.rf.71uULYjBTlh4bRmyTCvs.jpg,0,0,Cat - Dental Disease,image_family_4995c828d3f9e85f19947a2b,retain,readable; no cleaning exclusion,,,split_group_4995c828d3f9e85f19947a2b
Cats/Dental Disease in Cat/close-cats-teeth-when-open-600nw-2302469331_jpg.rf.25mK0rFFSnsPdGQ2vUXP.jpg,0,0,Cat - Dental Disease,image_family_20a4b999cbe7659a64431d17,retain,readable; no cleaning exclusion,,,split_group_20a4b999cbe7659a64431d17
Cats/Dental Disease in Cat/do-you-think-my-cats-gums-are-pink-enough-v0-zn8mxj13krjg1_webp.rf.byFEPegirzmqqqXRiKSw.webp,0,0,Cat - Dental Disease,image_family_18f83c72b2824ebef8098ca1,retain,readable; no cleaning exclusion,,,split_group_18f83c72b2824ebef8098ca1
Cats/Dental Disease in Cat/download (1)_jpg.rf.EaLIjcam5pyUDm1GsVJU.jpg,0,0,Cat - Dental Disease,image_family_31ede8ea1743fa9fb0fc3b1f,retain,readable; no cleaning exclusion,,,split_group_31ede8ea1743fa9fb0fc3b1f
Cats/Dental Disease in Cat/pale-gums-v0-jp7tpsba5nxd1_webp.rf.C3MQOS2JpqHLJ0ePGxHl.webp,0,0,Cat - Dental Disease,image_family_52d08413ff63f3c64f89f8a9,retain,readable; no cleaning exclusion,,,split_group_52d08413ff63f3c64f89f8a9
"Cats/Dental Disease in Cat/usa astronaut cat shirt,kids space astronaut cat tee T-Shirt_jpg.rf.Iv6jAfuU8fJ1NS2c7Vlo.jpg",0,0,Cat - Dental Disease,image_family_ab1b1b5dfdbc56b02c077339,retain,readable; no cleaning exclusion,,,split_group_ab1b1b5dfdbc56b02c077339
Cats/Ear Mites in Cat/100_jpg.rf.2AjjsAfJMH8ArCZiFxi7.jpg,1,1,Cat - Ear Mites,image_family_ad4eec93b6d03e7ec1f6d165,retain,readable; no cleaning exclusion,,,split_group_ad4eec93b6d03e7ec1f6d165
Cats/Ear Mites in Cat/101_jpg.rf.M88efphI2idRRdCAWJmO.jpg,1,1,Cat - Ear Mites,image_family_6b9b90d817342d49634f86f9,retain,readable; no cleaning exclusion,,,split_group_6b9b90d817342d49634f86f9
Cats/Ear Mites in Cat/102_png.rf.dasecmxx62ihKkqUBPgM.png,1,1,Cat - Ear Mites,image_family_828ebdfa7af21e6fa81045d8,retain,readable; no cleaning exclusion,,,split_group_828ebdfa7af21e6fa81045d8
Cats/Ear Mites in Cat/103_jpeg.rf.TRhKGaDgd4IFvPDa1H79.jpeg,1,1,Cat - Ear Mites,image_family_d75c3bc55966f7e8ae6fef36,retain,readable; no cleaning exclusion,,,split_group_d75c3bc55966f7e8ae6fef36
Cats/Ear Mites in Cat/104_jpg.rf.0HPqDdxwyOpPI2R2WCuF.jpg,1,1,Cat - Ear Mites,image_family_ed6a2ead1ede0f2f47d6833c,retain,readable; no cleaning exclusion,,,split_group_ed6a2ead1ede0f2f47d6833c
Cats/Ear Mites in Cat/104_jpg.rf.W8pbfvRraRZINK8zamd5.jpg,1,1,Cat - Ear Mites,image_family_ed6a2ead1ede0f2f47d6833c,exclude_same_class_exact_duplicate,same-class exact RGB duplicate; retained representative Cats/Ear Mites in Cat/104_jpg.rf.0HPqDdxwyOpPI2R2WCuF.jpg,,,split_group_ed6a2ead1ede0f2f47d6833c
Cats/Ear Mites in Cat/105_jpeg.rf.Tboxxa3TK9CUW5SXyEMg.jpeg,1,1,Cat - Ear Mites,image_family_47a61c945ab046573f7930e4,retain,readable; no cleaning exclusion,,,split_group_47a61c945ab046573f7930e4
Cats/Ear Mites in Cat/106_jpg.rf.pIeiFmsjzTwehIGDx1lp.jpg,1,1,Cat - Ear Mites,image_family_0602d65e4d4c7f6048f9b16f,retain,readable; no cleaning exclusion,,,split_group_0602d65e4d4c7f6048f9b16f
Cats/Ear Mites in Cat/107_jpg.rf.SBRhmH9Z3lSPtiJbniEq.jpg,1,1,Cat - Ear Mites,image_family_9ebe55e1d6be613d16ba80e2,retain,readable; no cleaning exclusion,,,split_group_71b47e12f2e6c669085dceea
Cats/Ear Mites in Cat/10_jpg.rf.EkTE2teBQeUniWjIjE68.jpg,1,1,Cat - Ear Mites,image_family_60ded7631290e61462a63a74,retain,readable; no cleaning exclusion,,,split_group_60ded7631290e61462a63a74
Cats/Ear Mites in Cat/11_jpg.rf.GNSw2rVHHKQcKjT7XEsN.jpg,1,1,Cat - Ear Mites,image_family_ee1d9a22bcd77eb061dea54b,retain,readable; no cleaning exclusion,,,split_group_ee1d9a22bcd77eb061dea54b
Cats/Ear Mites in Cat/12_jpg.rf.HZ5YxzaWWfE6vuySzQcL.jpg,1,1,Cat - Ear Mites,image_family_c6692fae4ed89ecabce0bef5,retain,readable; no cleaning exclusion,,,split_group_c6692fae4ed89ecabce0bef5
Cats/Ear Mites in Cat/13_jpg.rf.jNI7CD2Ac4uHYne0WR29.jpg,1,1,Cat - Ear Mites,image_family_fff1b2f77c8bb97327f4157d,retain,readable; no cleaning exclusion,,,split_group_fff1b2f77c8bb97327f4157d
Cats/Ear Mites in Cat/14_jpg.rf.mJ8RzJt3g0Ryo6bOr2cq.jpg,1,1,Cat - Ear Mites,image_family_f763e82ce41925156a16b38e,retain,readable; no cleaning exclusion,,,split_group_f763e82ce41925156a16b38e
Cats/Ear Mites in Cat/15_jpg.rf.YiXiwaVNOJpqWS0lm4EY.jpg,1,1,Cat - Ear Mites,image_family_b12197de44b371da262927b6,retain,readable; no cleaning exclusion,,,split_group_b12197de44b371da262927b6
Cats/Ear Mites in Cat/16_jpg.rf.SESiAtsOn00CJjGQa5O8.jpg,1,1,Cat - Ear Mites,image_family_f3833d2ae25f1e3d08f937a4,retain,readable; no cleaning exclusion,,,split_group_f3833d2ae25f1e3d08f937a4
Cats/Ear Mites in Cat/17_jpg.rf.bzRc00sahMw1s2ha1lYN.jpg,1,1,Cat - Ear Mites,image_family_9324b758aa5a2186debd5deb,retain,readable; no cleaning exclusion,,,split_group_9324b758aa5a2186debd5deb
Cats/Ear Mites in Cat/18_jpg.rf.xDBFj1cW7QF1NySSn9bn.jpg,1,1,Cat - Ear Mites,image_family_19c777251d24133f0d356e5b,retain,readable; no cleaning exclusion,,,split_group_8cfcbf52577ca099f6cff634
Cats/Ear Mites in Cat/19_jpg.rf.FZav0Z7usnWADl1CREnT.jpg,1,1,Cat - Ear Mites,image_family_3b1957d0cfcdfc96307c9422,retain,readable; no cleaning exclusion,,,split_group_3b1957d0cfcdfc96307c9422
Cats/Ear Mites in Cat/1_jpg.rf.43vuP1q3B7889WKqV4Jb.jpg,1,1,Cat - Ear Mites,image_family_d10885215c1a47c76dccfe1f,retain,readable; no cleaning exclusion,,,split_group_d10885215c1a47c76dccfe1f
Cats/Ear Mites in Cat/20_jpg.rf.EQqiV4KN2sn6W07pQrmw.jpg,1,1,Cat - Ear Mites,image_family_ebf9b4115a7d4f3a1332e3d5,retain,readable; no cleaning exclusion,,,split_group_ebf9b4115a7d4f3a1332e3d5
Cats/Ear Mites in Cat/22_jpg.rf.fP8BRlfSCMXpf4cshIaz.jpg,1,1,Cat - Ear Mites,image_family_565674155b060336d7d6bd9c,retain,readable; no cleaning exclusion,,,split_group_565674155b060336d7d6bd9c
Cats/Ear Mites in Cat/23_jpg.rf.sXfFEqE2cJpdAo3XFnnh.jpg,1,1,Cat - Ear Mites,image_family_35eb433b54f109071b52716b,retain,readable; no cleaning exclusion,,,split_group_35eb433b54f109071b52716b
Cats/Ear Mites in Cat/24_png.rf.xvlFcZLfwNlf5KsqODPW.png,1,1,Cat - Ear Mites,image_family_ca033e6a7ef617f30f7f09ad,retain,readable; no cleaning exclusion,,,split_group_ca033e6a7ef617f30f7f09ad
Cats/Ear Mites in Cat/25_jpg.rf.izPIvozWocKXOv3uoNC3.jpg,1,1,Cat - Ear Mites,image_family_5bb90e0c6b2d10575f4bbbed,retain,readable; no cleaning exclusion,,,split_group_5bb90e0c6b2d10575f4bbbed
Cats/Ear Mites in Cat/26_jpg.rf.r6PLom2y1hxaGmmH9AZU.jpg,1,1,Cat - Ear Mites,image_family_9c5c3a5fd574bcfc910df4a8,retain,readable; no cleaning exclusion,,,split_group_9c5c3a5fd574bcfc910df4a8
Cats/Ear Mites in Cat/27_jpg.rf.S9zcuUFfzPV71llaCrB8.jpg,1,1,Cat - Ear Mites,image_family_2ed29b35e49f08b75269596a,retain,readable; no cleaning exclusion,,,split_group_2ed29b35e49f08b75269596a
Cats/Ear Mites in Cat/28_jpg.rf.NhPAbDk0UFhursWC8d53.jpg,1,1,Cat - Ear Mites,image_family_974b679c830cd1ff794b4427,retain,readable; no cleaning exclusion,,,split_group_974b679c830cd1ff794b4427
Cats/Ear Mites in Cat/28_jpg.rf.manPL4Vm8FCG76rTX9U2.jpg,1,1,Cat - Ear Mites,image_family_974b679c830cd1ff794b4427,exclude_same_class_exact_duplicate,same-class exact RGB duplicate; retained representative Cats/Ear Mites in Cat/28_jpg.rf.NhPAbDk0UFhursWC8d53.jpg,,,split_group_974b679c830cd1ff794b4427
Cats/Ear Mites in Cat/29_jpg.rf.yfh09raGfGnDa7c0dKNi.jpg,1,1,Cat - Ear Mites,image_family_12a9092753f62bc7579e8293,retain,readable; no cleaning exclusion,,,split_group_12a9092753f62bc7579e8293
Cats/Ear Mites in Cat/2_jpg.rf.EkhvSr4LSkk6mGAqCOA0.jpg,1,1,Cat - Ear Mites,image_family_4a19da443f50278a1ed0a68d,retain,readable; no cleaning exclusion,,,split_group_4a19da443f50278a1ed0a68d
Cats/Ear Mites in Cat/2_jpg.rf.W4yOci6fl9AW0C4q5K6o.jpg,1,1,Cat - Ear Mites,image_family_4a19da443f50278a1ed0a68d,exclude_same_class_exact_duplicate,same-class exact RGB duplicate; retained representative Cats/Ear Mites in Cat/2_jpg.rf.EkhvSr4LSkk6mGAqCOA0.jpg,,,split_group_4a19da443f50278a1ed0a68d
Cats/Ear Mites in Cat/31_jpg.rf.wT7IZf64raUFZbk3oDaM.jpg,1,1,Cat - Ear Mites,image_family_4182c4766f814cb9736f63f3,retain,readable; no cleaning exclusion,,,split_group_4182c4766f814cb9736f63f3
Cats/Ear Mites in Cat/33_jpg.rf.C5CIspJENbZAHCGFfdGc.jpg,1,1,Cat - Ear Mites,image_family_861407e23aa3695e02061c8c,retain,readable; no cleaning exclusion,,,split_group_861407e23aa3695e02061c8c
Cats/Ear Mites in Cat/34_jpg.rf.qhIFXn8vs9rWRGlqZm3k.jpg,1,1,Cat - Ear Mites,image_family_69b4b9ecaec9a947020f1845,retain,readable; no cleaning exclusion,,,split_group_48d92b49beb712295c94ca2c
Cats/Ear Mites in Cat/35_jpg.rf.m6m2rqoYl7I7eg1LDCWK.jpg,1,1,Cat - Ear Mites,image_family_c82ba98b82a7614d0a2c65dc,retain,readable; no cleaning exclusion,,,split_group_c82ba98b82a7614d0a2c65dc
Cats/Ear Mites in Cat/36_jpg.rf.6yzidFW56brVD4S5zIKi.jpg,1,1,Cat - Ear Mites,image_family_1ebbae95962b929efa973432,retain,readable; no cleaning exclusion,,,split_group_dcf4b1dac3b9d54fb71fc803
Cats/Ear Mites in Cat/37_jpg.rf.jNcKkbREbZSpYrlOqgXu.jpg,1,1,Cat - Ear Mites,image_family_2d324b8fb63f4cca4297ef01,retain,readable; no cleaning exclusion,,,split_group_2d324b8fb63f4cca4297ef01
Cats/Ear Mites in Cat/38_png.rf.vN5ElQjTHnVLBMCxxXOn.png,1,1,Cat - Ear Mites,image_family_af1c6133c36ff48a1fdd5c96,retain,readable; no cleaning exclusion,,,split_group_af1c6133c36ff48a1fdd5c96
Cats/Ear Mites in Cat/39_jpg.rf.X9Crfy1ZJsdosa4guh6U.jpg,1,1,Cat - Ear Mites,image_family_6373cb40305dec727bc896dc,retain,readable; no cleaning exclusion,,,split_group_6373cb40305dec727bc896dc
Cats/Ear Mites in Cat/3D_jpg.rf.dtMOOxrXqmWe24UVrpJ7.jpg,1,1,Cat - Ear Mites,image_family_976d7ce82cb696053bba5e74,quarantine_exact_label_conflict,identical EXIF-oriented RGB pixels occur under conflicting class labels; human label resolution required,,,split_group_e5a3017f9191954db340c95c
Cats/Ear Mites in Cat/3_jpeg_jpg.rf.hC1ixlxmU1ZxCukR5C2M.jpg,1,1,Cat - Ear Mites,image_family_391164720647adfeccfb577c,quarantine_exact_label_conflict,identical EXIF-oriented RGB pixels occur under conflicting class labels; human label resolution required,,,split_group_e5a3017f9191954db340c95c
Cats/Ear Mites in Cat/3_jpg.rf.FEXxIYVVUNOYkuNzHvoa.jpg,1,1,Cat - Ear Mites,image_family_539b47b591dfe2a004099265,retain,readable; no cleaning exclusion,,,split_group_d034cad6a2134359218a2826
Cats/Ear Mites in Cat/41_jpg.rf.8CUweViY02qKKv81fTE9.jpg,1,1,Cat - Ear Mites,image_family_1692e473d3755a05448e5268,retain,readable; no cleaning exclusion,,,split_group_2ea9fbee96ce85edc987552d
Cats/Ear Mites in Cat/41_jpg.rf.yiCDENqHiZ9PoPkvSDL9.jpg,1,1,Cat - Ear Mites,image_family_1692e473d3755a05448e5268,exclude_same_class_exact_duplicate,same-class exact RGB duplicate; retained representative Cats/Ear Mites in Cat/41_jpg.rf.8CUweViY02qKKv81fTE9.jpg,,,split_group_2ea9fbee96ce85edc987552d
Cats/Ear Mites in Cat/42_png.rf.oyC4cawSnPGOaASGy8lt.png,1,1,Cat - Ear Mites,image_family_70352853d7ea5a48c4611ac1,retain,readable; no cleaning exclusion,,,split_group_70352853d7ea5a48c4611ac1
Cats/Ear Mites in Cat/42_png.rf.x6rjUfvzh8zxy8lVE8wR.png,1,1,Cat - Ear Mites,image_family_70352853d7ea5a48c4611ac1,exclude_same_class_exact_duplicate,same-class exact RGB duplicate; retained representative Cats/Ear Mites in Cat/42_png.rf.oyC4cawSnPGOaASGy8lt.png,,,split_group_70352853d7ea5a48c4611ac1
Cats/Ear Mites in Cat/43_jpg.rf.WOd07g4IyTcjrI34oUIi.jpg,1,1,Cat - Ear Mites,image_family_a7b0f2dee52638a83138d76f,retain,readable; no cleaning exclusion,,,split_group_a7b0f2dee52638a83138d76f
Cats/Ear Mites in Cat/44_jpg.rf.lo2PqzURVaBNpWjvV6jz.jpg,1,1,Cat - Ear Mites,image_family_8ed28048fb20a83e1f6fe5fd,retain,readable; no cleaning exclusion,,,split_group_0cdde7ee0e986a70024bba0b
Cats/Ear Mites in Cat/45_jpg.rf.fpe3Nc0AmPGcZ5jTyngN.jpg,1,1,Cat - Ear Mites,image_family_455ab14bdfffaf0c17293550,retain,readable; no cleaning exclusion,,,split_group_71b47e12f2e6c669085dceea
Cats/Ear Mites in Cat/45_jpg.rf.vaaLrbKxmQYpb2GyVcNL.jpg,1,1,Cat - Ear Mites,image_family_455ab14bdfffaf0c17293550,exclude_same_class_exact_duplicate,same-class exact RGB duplicate; retained representative Cats/Ear Mites in Cat/45_jpg.rf.fpe3Nc0AmPGcZ5jTyngN.jpg,,,split_group_71b47e12f2e6c669085dceea
Cats/Ear Mites in Cat/46_jpg.rf.0Ii0Qgjx9YHLOX9kDlop.jpg,1,1,Cat - Ear Mites,image_family_bb8cfdaa07cfa94eedc2fb57,retain,readable; no cleaning exclusion,,,split_group_bb8cfdaa07cfa94eedc2fb57
Cats/Ear Mites in Cat/47_jpg.rf.f9ABUjsu61Qq3YqhawCD.jpg,1,1,Cat - Ear Mites,image_family_8bcdab4f2d9d31c0c3a5d36d,retain,readable; no cleaning exclusion,,,split_group_8bcdab4f2d9d31c0c3a5d36d
Cats/Ear Mites in Cat/48_jpg.rf.dPvvqCrZHyeSBSo8pAZT.jpg,1,1,Cat - Ear Mites,image_family_254dc7078d5ce085a5af0b84,retain,readable; no cleaning exclusion,,,split_group_26047d6300fb96f39f1eebb2
Cats/Ear Mites in Cat/49_jpg.rf.BgAqcHCMLh2tFd6G9Zkg.jpg,1,1,Cat - Ear Mites,image_family_071c1786704ad67476484a5f,retain,readable; no cleaning exclusion,,,split_group_2ea9fbee96ce85edc987552d
Cats/Ear Mites in Cat/4_jpg.rf.35iOzFPAfSL440jrrBWr.jpg,1,1,Cat - Ear Mites,image_family_1cb25f3092b7b68dbd80d625,retain,readable; no cleaning exclusion,,,split_group_1cb25f3092b7b68dbd80d625
Cats/Ear Mites in Cat/50_jpg.rf.0A9rXi4anF0UxpvJE3s6.jpg,1,1,Cat - Ear Mites,image_family_d2fc06bd940a2f0a8f1c3410,retain,readable; no cleaning exclusion,,,split_group_6a1ba6b129f2e24660733bf1
Cats/Ear Mites in Cat/50_jpg.rf.nViJvdbwTXTQ24l2Ddsy.jpg,1,1,Cat - Ear Mites,image_family_d2fc06bd940a2f0a8f1c3410,exclude_same_class_exact_duplicate,same-class exact RGB duplicate; retained representative Cats/Ear Mites in Cat/50_jpg.rf.0A9rXi4anF0UxpvJE3s6.jpg,,,split_group_6a1ba6b129f2e24660733bf1
Cats/Ear Mites in Cat/51_jpg.rf.IxozCuQwQCxKpfNoXlIR.jpg,1,1,Cat - Ear Mites,image_family_30e8cc3af3a192c24b1684fa,retain,readable; no cleaning exclusion,,,split_group_30e8cc3af3a192c24b1684fa
Cats/Ear Mites in Cat/53_jpg.rf.gwKyTYKespAT27BwChTf.jpg,1,1,Cat - Ear Mites,image_family_b8f93695fd47bb5a7bb0291a,retain,readable; no cleaning exclusion,,,split_group_8cfcbf52577ca099f6cff634
Cats/Ear Mites in Cat/54_jpeg.rf.h8HSNzgQQ9sbU1kuksD0.jpeg,1,1,Cat - Ear Mites,image_family_a742a53ba71bda73b3718acb,retain,readable; no cleaning exclusion,,,split_group_a742a53ba71bda73b3718acb
Cats/Ear Mites in Cat/57_jpg.rf.Nk1CPll74JAXsveuSquy.jpg,1,1,Cat - Ear Mites,image_family_cf9fccd5dccffe359fb6242c,retain,readable; no cleaning exclusion,,,split_group_cf9fccd5dccffe359fb6242c
Cats/Ear Mites in Cat/57_jpg.rf.wACyvZaqwBaoI2hbND6E.jpg,1,1,Cat - Ear Mites,image_family_cf9fccd5dccffe359fb6242c,exclude_same_class_exact_duplicate,same-class exact RGB duplicate; retained representative Cats/Ear Mites in Cat/57_jpg.rf.Nk1CPll74JAXsveuSquy.jpg,,,split_group_cf9fccd5dccffe359fb6242c
Cats/Ear Mites in Cat/5_jpg.rf.blsErcxZmV17fvuEvgpo.jpg,1,1,Cat - Ear Mites,image_family_d3ec4d4629bf0bbb66d5c1ec,retain,readable; no cleaning exclusion,,,split_group_d3ec4d4629bf0bbb66d5c1ec
Cats/Ear Mites in Cat/60_jpg.rf.1zy6AMlobDql81ee2MVk.jpg,1,1,Cat - Ear Mites,image_family_18f547c22beefe65b6fc69ce,retain,readable; no cleaning exclusion,,,split_group_0cdde7ee0e986a70024bba0b
Cats/Ear Mites in Cat/61_jpg.rf.PkWPZ89iHTubOlFiNQCY.jpg,1,1,Cat - Ear Mites,image_family_f8878b4fed1e77af215dd0b0,retain,readable; no cleaning exclusion,,,split_group_f8878b4fed1e77af215dd0b0
Cats/Ear Mites in Cat/63_jpg.rf.Br0GgU13xSP4L8BdWdIP.jpg,1,1,Cat - Ear Mites,image_family_97913f7b93b5881708a8a905,retain,readable; no cleaning exclusion,,,split_group_48d92b49beb712295c94ca2c
Cats/Ear Mites in Cat/63_jpg.rf.ii1Q72GGzdSpT37RllIx.jpg,1,1,Cat - Ear Mites,image_family_97913f7b93b5881708a8a905,exclude_same_class_exact_duplicate,same-class exact RGB duplicate; retained representative Cats/Ear Mites in Cat/63_jpg.rf.Br0GgU13xSP4L8BdWdIP.jpg,,,split_group_48d92b49beb712295c94ca2c
Cats/Ear Mites in Cat/64_jpg.rf.pjlAECq25UTwwg6uYBpw.jpg,1,1,Cat - Ear Mites,image_family_3902efce7f5ce1ad9c1a14be,retain,readable; no cleaning exclusion,,,split_group_26047d6300fb96f39f1eebb2
Cats/Ear Mites in Cat/65_jpg.rf.J6cqAuYRlh9DIq7Zl9zZ.jpg,1,1,Cat - Ear Mites,image_family_aa67159616044ad013cb7869,retain,readable; no cleaning exclusion,,,split_group_aa67159616044ad013cb7869
Cats/Ear Mites in Cat/66_jpg.rf.qAw3fnDXbPXJafIkFp9x.jpg,1,1,Cat - Ear Mites,image_family_a41127b05306e7095029dfca,retain,readable; no cleaning exclusion,,,split_group_a41127b05306e7095029dfca
Cats/Ear Mites in Cat/67_jpg.rf.9CXKJwpJW1iibtwvH1Nn.jpg,1,1,Cat - Ear Mites,image_family_04dce378c9011a9fda2179dc,retain,readable; no cleaning exclusion,,,split_group_8cfcbf52577ca099f6cff634
Cats/Ear Mites in Cat/69_jpg.rf.P2sHWPmxIxnLKBactzWX.jpg,1,1,Cat - Ear Mites,image_family_378e60ec01caef99ad90ac8c,retain,readable; no cleaning exclusion,,,split_group_378e60ec01caef99ad90ac8c
Cats/Ear Mites in Cat/6_jpg.rf.LQlHyy48SanhFGHlMnkb.jpg,1,1,Cat - Ear Mites,image_family_9ab3a54fe224700dae2f8598,retain,readable; no cleaning exclusion,,,split_group_9ab3a54fe224700dae2f8598
Cats/Ear Mites in Cat/70_jpg.rf.6laQGfd2ujzaSfHCZWXQ.jpg,1,1,Cat - Ear Mites,image_family_3d5ebfceaaf868c645553b5e,retain,readable; no cleaning exclusion,,,split_group_3d5ebfceaaf868c645553b5e
Cats/Ear Mites in Cat/71_jpg.rf.MGoP72aYtuqvWmWhavLW.jpg,1,1,Cat - Ear Mites,image_family_f2bb88537bf82411da6439de,retain,readable; no cleaning exclusion,,,split_group_f2bb88537bf82411da6439de
Cats/Ear Mites in Cat/72-jpeg-crdownload_jpg.rf.hgqZcnfSvAkC8AAE8xN2.jpg,1,1,Cat - Ear Mites,image_family_d45a4526b553ffde18a3c27e,retain,readable; no cleaning exclusion,,,split_group_d45a4526b553ffde18a3c27e
Cats/Ear Mites in Cat/72-jpeg-crdownload_jpg.rf.jJPKJO9AJWJpjZKEVVLk.jpg,1,1,Cat - Ear Mites,image_family_d45a4526b553ffde18a3c27e,exclude_same_class_exact_duplicate,same-class exact RGB duplicate; retained representative Cats/Ear Mites in Cat/72-jpeg-crdownload_jpg.rf.hgqZcnfSvAkC8AAE8xN2.jpg,,,split_group_d45a4526b553ffde18a3c27e
Cats/Ear Mites in Cat/74_jpg.rf.4Sb2jBBm4XY0JlHh5Flo.jpg,1,1,Cat - Ear Mites,image_family_8131b2a6dbb0ba842a50c59c,retain,readable; no cleaning exclusion,,,split_group_8131b2a6dbb0ba842a50c59c
Cats/Ear Mites in Cat/75_jpg.rf.Cz2sNmSNZBVlFyDld9jv.jpg,1,1,Cat - Ear Mites,image_family_c502963e9e722c449108639f,retain,readable; no cleaning exclusion,,,split_group_d034cad6a2134359218a2826
Cats/Ear Mites in Cat/75_jpg.rf.qYE2bRvf08AQRPzz7M2S.jpg,1,1,Cat - Ear Mites,image_family_c502963e9e722c449108639f,exclude_same_class_exact_duplicate,same-class exact RGB duplicate; retained representative Cats/Ear Mites in Cat/75_jpg.rf.Cz2sNmSNZBVlFyDld9jv.jpg,,,split_group_d034cad6a2134359218a2826
Cats/Ear Mites in Cat/77_jpg.rf.WjMwWl4Z0hBYBX02cRLF.jpg,1,1,Cat - Ear Mites,image_family_cf5b38cf94aafda9070644af,retain,readable; no cleaning exclusion,,,split_group_cf5b38cf94aafda9070644af
Cats/Ear Mites in Cat/78_jpg.rf.VvzUiMubwPYDYZjbJWYC.jpg,1,1,Cat - Ear Mites,image_family_7616b3a67415763afd7d6a72,retain,readable; no cleaning exclusion,,,split_group_7616b3a67415763afd7d6a72
Cats/Ear Mites in Cat/79_jpg.rf.oPyo9O2j9o7lrxjCmnPh.jpg,1,1,Cat - Ear Mites,image_family_66258b3602ed0780a6456e43,retain,readable; no cleaning exclusion,,,split_group_66258b3602ed0780a6456e43
Cats/Ear Mites in Cat/7_jpg.rf.M5PVVP7ORPBkaPPp1uvX.jpg,1,1,Cat - Ear Mites,image_family_09acad0b93aa331b33161b92,retain,readable; no cleaning exclusion,,,split_group_09acad0b93aa331b33161b92
Cats/Ear Mites in Cat/80_jpg.rf.EWS0PuHfY8E7hOkM2Xnm.jpg,1,1,Cat - Ear Mites,image_family_c5f5a5c782d9ba17e649787a,retain,readable; no cleaning exclusion,,,split_group_c5f5a5c782d9ba17e649787a
Cats/Ear Mites in Cat/85_jpg.rf.XG6rqlcKV9xEeYjkpitU.jpg,1,1,Cat - Ear Mites,image_family_a33f60d496c7eb71afb4935f,retain,readable; no cleaning exclusion,,,split_group_a33f60d496c7eb71afb4935f
Cats/Ear Mites in Cat/86_jpg.rf.K8Lz4CFD2Up2c028Yba6.jpg,1,1,Cat - Ear Mites,image_family_cedbb1a1af11ae6ae3418061,retain,readable; no cleaning exclusion,,,split_group_cedbb1a1af11ae6ae3418061
Cats/Ear Mites in Cat/87_jpg.rf.dB7BEeMIraQmQ2TIhefI.jpg,1,1,Cat - Ear Mites,image_family_989032acaede78ad5dcb269f,retain,readable; no cleaning exclusion,,,split_group_989032acaede78ad5dcb269f
Cats/Ear Mites in Cat/88_jpg.rf.LgXlmRgN5JmDxUfZ8fuE.jpg,1,1,Cat - Ear Mites,image_family_e194f65e3e06d504ff2319e4,retain,readable; no cleaning exclusion,,,split_group_6a1ba6b129f2e24660733bf1
Cats/Ear Mites in Cat/90_jpeg.rf.uQHIxxC35cf4M7Z9wZOG.jpeg,1,1,Cat - Ear Mites,image_family_94f0545453b9bccd48d159be,retain,readable; no cleaning exclusion,,,split_group_94f0545453b9bccd48d159be
Cats/Ear Mites in Cat/92_jpg.rf.9bIG0cHyfRCqPvPVSX9P.jpg,1,1,Cat - Ear Mites,image_family_aecb230a3fe2026b509bb98f,retain,readable; no cleaning exclusion,,,split_group_aecb230a3fe2026b509bb98f
Cats/Ear Mites in Cat/93_jpg.rf.eAgrhgf5Cpw3LDu3ja2X.jpg,1,1,Cat - Ear Mites,image_family_fb86a6733e5dc60a35010c95,retain,readable; no cleaning exclusion,,,split_group_fb86a6733e5dc60a35010c95
Cats/Ear Mites in Cat/93_jpg.rf.fYJXtGgcApCyuahZTc1o.jpg,1,1,Cat - Ear Mites,image_family_fb86a6733e5dc60a35010c95,exclude_same_class_exact_duplicate,same-class exact RGB duplicate; retained representative Cats/Ear Mites in Cat/93_jpg.rf.eAgrhgf5Cpw3LDu3ja2X.jpg,,,split_group_fb86a6733e5dc60a35010c95
Cats/Ear Mites in Cat/95_jpg.rf.HNz7LnnEoXdIcFpcOmfi.jpg,1,1,Cat - Ear Mites,image_family_697783795817a998fefa4340,retain,readable; no cleaning exclusion,,,split_group_697783795817a998fefa4340
Cats/Ear Mites in Cat/97_jpg.rf.gsFCyGezIIbUJqmTnZuD.jpg,1,1,Cat - Ear Mites,image_family_3aca07ca3a5bbd815775a27a,retain,readable; no cleaning exclusion,,,split_group_3aca07ca3a5bbd815775a27a
Cats/Ear Mites in Cat/97_jpg.rf.oHiel37tnqpHu6iWavP4.jpg,1,1,Cat - Ear Mites,image_family_3aca07ca3a5bbd815775a27a,exclude_same_class_exact_duplicate,same-class exact RGB duplicate; retained representative Cats/Ear Mites in Cat/97_jpg.rf.gsFCyGezIIbUJqmTnZuD.jpg,,,split_group_3aca07ca3a5bbd815775a27a
Cats/Ear Mites in Cat/99_jpg.rf.BbFfp9nZMwOMYCQFITcN.jpg,1,1,Cat - Ear Mites,image_family_282c2ffcad80c335d5b09383,retain,readable; no cleaning exclusion,,,split_group_282c2ffcad80c335d5b09383
Cats/Ear Mites in Cat/Image_1.jpg,1,1,Cat - Ear Mites,image_family_c6d7562ac1edf05b1199facd,retain,readable; no cleaning exclusion,,,split_group_c6d7562ac1edf05b1199facd
Cats/Ear Mites in Cat/Image_10.jpg,1,1,Cat - Ear Mites,image_family_664f1c4d9583d3b18085f260,retain,readable; no cleaning exclusion,,,split_group_664f1c4d9583d3b18085f260
Cats/Ear Mites in Cat/Image_11.jpg,1,1,Cat - Ear Mites,image_family_ea7ca9b5720370d79f9c67d4,retain,readable; no cleaning exclusion,,,split_group_ea7ca9b5720370d79f9c67d4
Cats/Ear Mites in Cat/Image_12.jpg,1,1,Cat - Ear Mites,image_family_d943463ccc3c7cf1d2ceb71d,retain,readable; no cleaning exclusion,,,split_group_d943463ccc3c7cf1d2ceb71d
Cats/Ear Mites in Cat/Image_15.jpg,1,1,Cat - Ear Mites,image_family_7ee1e75b881cdaf2f8067c73,retain,readable; no cleaning exclusion,,,split_group_7ee1e75b881cdaf2f8067c73
Cats/Ear Mites in Cat/Image_18.jpg,1,1,Cat - Ear Mites,image_family_cbd4938007951af2891db1a3,retain,readable; no cleaning exclusion,,,split_group_cbd4938007951af2891db1a3
Cats/Ear Mites in Cat/Image_2.jpg,1,1,Cat - Ear Mites,image_family_e50cd032145f324117e6cd2a,retain,readable; no cleaning exclusion,,,split_group_e50cd032145f324117e6cd2a
Cats/Ear Mites in Cat/Image_20.webp,1,1,Cat - Ear Mites,image_family_3f2bcb3a68748c97d607fb7b,retain,readable; no cleaning exclusion,,,split_group_3f2bcb3a68748c97d607fb7b
Cats/Ear Mites in Cat/Image_26.jpg,1,1,Cat - Ear Mites,image_family_72b068f9bbcd41eaaf44feca,retain,readable; no cleaning exclusion,,,split_group_72b068f9bbcd41eaaf44feca
Cats/Ear Mites in Cat/Image_27.jpg,1,1,Cat - Ear Mites,image_family_2a811c24533082e97d340dd2,retain,readable; no cleaning exclusion,,,split_group_2a811c24533082e97d340dd2
Cats/Ear Mites in Cat/Image_29.jpg,1,1,Cat - Ear Mites,image_family_345ebd4ea59bee10e9fd9ae9,retain,readable; no cleaning exclusion,,,split_group_345ebd4ea59bee10e9fd9ae9
Cats/Ear Mites in Cat/Image_29.png,1,1,Cat - Ear Mites,image_family_17ad368e2e02163fed259577,retain,readable; no cleaning exclusion,,,split_group_17ad368e2e02163fed259577
Cats/Ear Mites in Cat/Image_3.jpg,1,1,Cat - Ear Mites,image_family_ffe781edabc448d69eaa0124,retain,readable; no cleaning exclusion,,,split_group_ffe781edabc448d69eaa0124
Cats/Ear Mites in Cat/Image_30.jpg,1,1,Cat - Ear Mites,image_family_fabcec15c62c536d6129ac93,retain,readable; no cleaning exclusion,,,split_group_fabcec15c62c536d6129ac93
Cats/Ear Mites in Cat/Image_32.jpg,1,1,Cat - Ear Mites,image_family_e50cd032145f324117e6cd2a,exclude_same_class_exact_duplicate,same-class exact RGB duplicate; retained representative Cats/Ear Mites in Cat/Image_2.jpg,,,split_group_e50cd032145f324117e6cd2a
Cats/Ear Mites in Cat/Image_38.jpg,1,1,Cat - Ear Mites,image_family_697783795817a998fefa4340,exclude_same_class_exact_duplicate,same-class exact RGB duplicate; retained representative Cats/Ear Mites in Cat/95_jpg.rf.HNz7LnnEoXdIcFpcOmfi.jpg,,,split_group_697783795817a998fefa4340
Cats/Ear Mites in Cat/Image_4.jpg,1,1,Cat - Ear Mites,image_family_c547a5f1e890045f661f646f,retain,readable; no cleaning exclusion,,,split_group_c547a5f1e890045f661f646f
Cats/Ear Mites in Cat/Image_40.jpg,1,1,Cat - Ear Mites,image_family_72b068f9bbcd41eaaf44feca,exclude_same_class_exact_duplicate,same-class exact RGB duplicate; retained representative Cats/Ear Mites in Cat/Image_26.jpg,,,split_group_72b068f9bbcd41eaaf44feca
Cats/Ear Mites in Cat/Image_41.jpg,1,1,Cat - Ear Mites,image_family_fabcec15c62c536d6129ac93,exclude_same_class_exact_duplicate,same-class exact RGB duplicate; retained representative Cats/Ear Mites in Cat/Image_30.jpg,,,split_group_fabcec15c62c536d6129ac93
Cats/Ear Mites in Cat/Image_42.jpg,1,1,Cat - Ear Mites,image_family_8014cc06da989e0465fb462a,retain,readable; no cleaning exclusion,,,split_group_dcf4b1dac3b9d54fb71fc803
Cats/Ear Mites in Cat/Image_43.jpg,1,1,Cat - Ear Mites,image_family_e50cd032145f324117e6cd2a,exclude_same_class_exact_duplicate,same-class exact RGB duplicate; retained representative Cats/Ear Mites in Cat/Image_2.jpg,,,split_group_e50cd032145f324117e6cd2a
Cats/Ear Mites in Cat/Image_44.jpg,1,1,Cat - Ear Mites,image_family_1b53833182ae1dff65895b5b,retain,readable; no cleaning exclusion,,,split_group_1b53833182ae1dff65895b5b
Cats/Ear Mites in Cat/Image_46.jpg,1,1,Cat - Ear Mites,image_family_622fff18310fbe95ff11fa4f,retain,readable; no cleaning exclusion,,,split_group_622fff18310fbe95ff11fa4f
Cats/Ear Mites in Cat/Image_5.jpg,1,1,Cat - Ear Mites,image_family_c8b6f2c83d7a9282cd402fb5,retain,readable; no cleaning exclusion,,,split_group_c8b6f2c83d7a9282cd402fb5
Cats/Ear Mites in Cat/Image_54.jpg,1,1,Cat - Ear Mites,image_family_4a19da443f50278a1ed0a68d,exclude_same_class_exact_duplicate,same-class exact RGB duplicate; retained representative Cats/Ear Mites in Cat/2_jpg.rf.EkhvSr4LSkk6mGAqCOA0.jpg,,,split_group_4a19da443f50278a1ed0a68d
Cats/Ear Mites in Cat/Image_6.jpg,1,1,Cat - Ear Mites,image_family_3c44111eeed139abc5626e0b,retain,readable; no cleaning exclusion,,,split_group_3c44111eeed139abc5626e0b
Cats/Ear Mites in Cat/Image_64.jpg,1,1,Cat - Ear Mites,image_family_8222597c9ea26aa452155c7b,retain,readable; no cleaning exclusion,,,split_group_8222597c9ea26aa452155c7b
Cats/Ear Mites in Cat/Image_71.png,1,1,Cat - Ear Mites,image_family_a82f84c85271a743c0de6072,retain,readable; no cleaning exclusion,,,split_group_a82f84c85271a743c0de6072
Cats/Ear Mites in Cat/Image_76.jpg,1,1,Cat - Ear Mites,image_family_c8820f181afe9ae9bfd34a7c,retain,readable; no cleaning exclusion,,,split_group_dcf4b1dac3b9d54fb71fc803
Cats/Ear Mites in Cat/Image_8.jpg,1,1,Cat - Ear Mites,image_family_d4b5253184aecdb8e3007454,retain,readable; no cleaning exclusion,,,split_group_d4b5253184aecdb8e3007454
Cats/Ear Mites in Cat/Image_84.jpg,1,1,Cat - Ear Mites,image_family_3d5b284592a1bac8aa9d1020,retain,readable; no cleaning exclusion,,,split_group_3d5b284592a1bac8aa9d1020
Cats/Ear Mites in Cat/Image_9.jpg,1,1,Cat - Ear Mites,image_family_c9909a102ea2d29f976e52bc,retain,readable; no cleaning exclusion,,,split_group_c9909a102ea2d29f976e52bc
Cats/Ear Mites in Cat/Image_92.png,1,1,Cat - Ear Mites,image_family_f8fb39c3bd1ccad9663c09fe,retain,readable; no cleaning exclusion,,,split_group_f8fb39c3bd1ccad9663c09fe
Cats/Eye Infection in Cat/Image_.jpg,2,2,Cat - Eye Infection,image_family_96c16d103c4c92ea0434a500,retain,readable; no cleaning exclusion,,,split_group_96c16d103c4c92ea0434a500
Cats/Eye Infection in Cat/Image_1.jpg,2,2,Cat - Eye Infection,image_family_59b6ec606c1c700d0ba4d621,retain,readable; no cleaning exclusion,,,split_group_59b6ec606c1c700d0ba4d621
Cats/Eye Infection in Cat/Image_10.jpg,2,2,Cat - Eye Infection,image_family_d698ea26a8e76b7bb7a59850,retain,readable; no cleaning exclusion,,,split_group_d698ea26a8e76b7bb7a59850
Cats/Eye Infection in Cat/Image_11.jpg,2,2,Cat - Eye Infection,image_family_dc0f124bbe562b50d69d6131,retain,readable; no cleaning exclusion,,,split_group_dc0f124bbe562b50d69d6131
Cats/Eye Infection in Cat/Image_12.jpg,2,2,Cat - Eye Infection,image_family_820161e66db05703b048a501,retain,readable; no cleaning exclusion,,,split_group_820161e66db05703b048a501
Cats/Eye Infection in Cat/Image_13.jpg,2,2,Cat - Eye Infection,image_family_685fc804342f378550b5b68f,retain,readable; no cleaning exclusion,,,split_group_991bc6b476df5a5492575437
Cats/Eye Infection in Cat/Image_15.jpg,2,2,Cat - Eye Infection,image_family_dde786f006cbc3d246cc5f14,retain,readable; no cleaning exclusion,,,split_group_a8ba5ca5696a849ffd39e570
Cats/Eye Infection in Cat/Image_16.png,2,2,Cat - Eye Infection,image_family_2228daac36b75555455e2b29,retain,readable; no cleaning exclusion,,,split_group_2228daac36b75555455e2b29
Cats/Eye Infection in Cat/Image_17.jpg,2,2,Cat - Eye Infection,image_family_afe12b50ff6bb6980814962e,retain,readable; no cleaning exclusion,,,split_group_afe12b50ff6bb6980814962e
Cats/Eye Infection in Cat/Image_18.jpg,2,2,Cat - Eye Infection,image_family_4b55b5083cb561eb6606c93b,retain,readable; no cleaning exclusion,,,split_group_4b55b5083cb561eb6606c93b
Cats/Eye Infection in Cat/Image_2.jpeg,2,2,Cat - Eye Infection,image_family_959ffc399156fe952e23c4ab,retain,readable; no cleaning exclusion,,,split_group_959ffc399156fe952e23c4ab
Cats/Eye Infection in Cat/Image_20.jpg,2,2,Cat - Eye Infection,image_family_08bc0fba0b6ba0088bf2eb1b,retain,readable; no cleaning exclusion,,,split_group_08bc0fba0b6ba0088bf2eb1b
Cats/Eye Infection in Cat/Image_23.jpg,2,2,Cat - Eye Infection,image_family_398d8957cd1955bba7963407,retain,readable; no cleaning exclusion,,,split_group_ceb237a09f8ebe09ad8c6a39
Cats/Eye Infection in Cat/Image_29.jpg,2,2,Cat - Eye Infection,image_family_2bb1e020c9fca8520be1ae51,retain,readable; no cleaning exclusion,,,split_group_2bb1e020c9fca8520be1ae51
Cats/Eye Infection in Cat/Image_3.jpeg,2,2,Cat - Eye Infection,image_family_5a220750d51288832202eb43,retain,readable; no cleaning exclusion,,,split_group_1de42b99ba4803ffab0758d1
Cats/Eye Infection in Cat/Image_31.jpeg,2,2,Cat - Eye Infection,image_family_5a220750d51288832202eb43,exclude_same_class_exact_duplicate,same-class exact RGB duplicate; retained representative Cats/Eye Infection in Cat/Image_3.jpeg,,,split_group_1de42b99ba4803ffab0758d1
Cats/Eye Infection in Cat/Image_32.jpg,2,2,Cat - Eye Infection,image_family_c565d4bfd95bb8173610fb62,retain,readable; no cleaning exclusion,,,split_group_c565d4bfd95bb8173610fb62
Cats/Eye Infection in Cat/Image_34.jpg,2,2,Cat - Eye Infection,image_family_2b0c6e4bca680a0c56c73da1,retain,readable; no cleaning exclusion,,,split_group_2b0c6e4bca680a0c56c73da1
Cats/Eye Infection in Cat/Image_35.jpg,2,2,Cat - Eye Infection,image_family_4d76acd49d2564f20ebc8a87,retain,readable; no cleaning exclusion,,,split_group_4d76acd49d2564f20ebc8a87
Cats/Eye Infection in Cat/Image_38.jpg,2,2,Cat - Eye Infection,image_family_ba215f57bd1e8a29e6c99e02,retain,readable; no cleaning exclusion,,,split_group_2bec92201ebf51fd7358dced
Cats/Eye Infection in Cat/Image_4.jpg,2,2,Cat - Eye Infection,image_family_29de9256dc2c549293c59d0b,retain,readable; no cleaning exclusion,,,split_group_a8ba5ca5696a849ffd39e570
Cats/Eye Infection in Cat/Image_42.jpg,2,2,Cat - Eye Infection,image_family_7d1d5bd3015e4fe013f1bfa4,retain,readable; no cleaning exclusion,,,split_group_7d1d5bd3015e4fe013f1bfa4
Cats/Eye Infection in Cat/Image_43.jpg,2,2,Cat - Eye Infection,image_family_afd425222fedf39b021dd574,retain,readable; no cleaning exclusion,,,split_group_afd425222fedf39b021dd574
Cats/Eye Infection in Cat/Image_44.jpg,2,2,Cat - Eye Infection,image_family_df6d538e4c5ea5188b311c36,retain,readable; no cleaning exclusion,,,split_group_df6d538e4c5ea5188b311c36
Cats/Eye Infection in Cat/Image_46.jpg,2,2,Cat - Eye Infection,image_family_a43689d25be8e5a302e0c57f,retain,readable; no cleaning exclusion,,,split_group_a43689d25be8e5a302e0c57f
Cats/Eye Infection in Cat/Image_49.jpg,2,2,Cat - Eye Infection,image_family_be21860077005a99d221c4c0,retain,readable; no cleaning exclusion,,,split_group_be21860077005a99d221c4c0
Cats/Eye Infection in Cat/Image_5.jpg,2,2,Cat - Eye Infection,image_family_d698ea26a8e76b7bb7a59850,exclude_same_class_exact_duplicate,same-class exact RGB duplicate; retained representative Cats/Eye Infection in Cat/Image_10.jpg,,,split_group_d698ea26a8e76b7bb7a59850
Cats/Eye Infection in Cat/Image_50.jpg,2,2,Cat - Eye Infection,image_family_40bf11300380110b35af3e98,retain,readable; no cleaning exclusion,,,split_group_40bf11300380110b35af3e98
Cats/Eye Infection in Cat/Image_51.jpg,2,2,Cat - Eye Infection,image_family_b67cee4fdd9b1f5498a02362,retain,readable; no cleaning exclusion,,,split_group_b67cee4fdd9b1f5498a02362
Cats/Eye Infection in Cat/Image_53.jpg,2,2,Cat - Eye Infection,image_family_6a20f1db64954f27dc4bac51,retain,readable; no cleaning exclusion,,,split_group_2bec92201ebf51fd7358dced
Cats/Eye Infection in Cat/Image_54.png,2,2,Cat - Eye Infection,image_family_41d9f0a62ce274bc32573ac3,retain,readable; no cleaning exclusion,,,split_group_41d9f0a62ce274bc32573ac3
Cats/Eye Infection in Cat/Image_55.jpg,2,2,Cat - Eye Infection,image_family_3a86a125bf58c7ffe39dc4d3,retain,readable; no cleaning exclusion,,,split_group_3a86a125bf58c7ffe39dc4d3
Cats/Eye Infection in Cat/Image_58.jpg,2,2,Cat - Eye Infection,image_family_59508984cbb911ad7dcae29d,retain,readable; no cleaning exclusion,,,split_group_ceb237a09f8ebe09ad8c6a39
Cats/Eye Infection in Cat/Image_59.jpg,2,2,Cat - Eye Infection,image_family_35baaa7438c96ffd283f136e,retain,readable; no cleaning exclusion,,,split_group_35baaa7438c96ffd283f136e
Cats/Eye Infection in Cat/Image_6.jpg,2,2,Cat - Eye Infection,image_family_8d09cbaaf995e425ea12cfd0,retain,readable; no cleaning exclusion,,,split_group_d84c0a643cd3656ff9947720
Cats/Eye Infection in Cat/Image_60.jpg,2,2,Cat - Eye Infection,image_family_11b379e7a52ade3f8f5df2bc,retain,readable; no cleaning exclusion,,,split_group_11b379e7a52ade3f8f5df2bc
Cats/Eye Infection in Cat/Image_61.jpg,2,2,Cat - Eye Infection,image_family_8ded7e44c501fc2ee73c7d0a,retain,readable; no cleaning exclusion,,,split_group_991bc6b476df5a5492575437
Cats/Eye Infection in Cat/Image_66.jpg,2,2,Cat - Eye Infection,image_family_aca5be580db710bf09742278,retain,readable; no cleaning exclusion,,,split_group_aca5be580db710bf09742278
Cats/Eye Infection in Cat/Image_68.webp,2,2,Cat - Eye Infection,image_family_0be98a3a5784d3d8291c58c1,retain,readable; no cleaning exclusion,,,split_group_0be98a3a5784d3d8291c58c1
Cats/Eye Infection in Cat/Image_69.jpg,2,2,Cat - Eye Infection,image_family_8094208eef768424012eb194,retain,readable; no cleaning exclusion,,,split_group_d84c0a643cd3656ff9947720
Cats/Eye Infection in Cat/Image_7.jpg,2,2,Cat - Eye Infection,image_family_8ce04adc7beef12acfb26fc5,retain,readable; no cleaning exclusion,,,split_group_8ce04adc7beef12acfb26fc5
Cats/Eye Infection in Cat/Image_70.webp,2,2,Cat - Eye Infection,image_family_d55363f3c30b29c3ed039b6f,retain,readable; no cleaning exclusion,,,split_group_d55363f3c30b29c3ed039b6f
Cats/Eye Infection in Cat/Image_71.jpg,2,2,Cat - Eye Infection,image_family_1e8d5ffd040b1ed04601a9a8,retain,readable; no cleaning exclusion,,,split_group_1e8d5ffd040b1ed04601a9a8
Cats/Eye Infection in Cat/Image_72.jpg,2,2,Cat - Eye Infection,image_family_2ea29177af80b4693ade4f87,retain,readable; no cleaning exclusion,,,split_group_2ea29177af80b4693ade4f87
Cats/Eye Infection in Cat/Image_73.jpg,2,2,Cat - Eye Infection,image_family_cc9193e69f899de2846711be,retain,readable; no cleaning exclusion,,,split_group_cc9193e69f899de2846711be
Cats/Eye Infection in Cat/Image_74.jpg,2,2,Cat - Eye Infection,image_family_0519c729eb5b7d57bcf3da4a,retain,readable; no cleaning exclusion,,,split_group_0519c729eb5b7d57bcf3da4a
Cats/Eye Infection in Cat/Image_75.jpg,2,2,Cat - Eye Infection,image_family_cd8926253241f28a0f60b32c,retain,readable; no cleaning exclusion,,,split_group_cd8926253241f28a0f60b32c
Cats/Eye Infection in Cat/Image_79.jpg,2,2,Cat - Eye Infection,image_family_d437e9ea697b3ce777975b96,retain,readable; no cleaning exclusion,,,split_group_d437e9ea697b3ce777975b96
Cats/Eye Infection in Cat/Image_8.jpg,2,2,Cat - Eye Infection,image_family_8703742bbe507f49b92e8ead,retain,readable; no cleaning exclusion,,,split_group_8703742bbe507f49b92e8ead
Cats/Eye Infection in Cat/Image_83.jpg,2,2,Cat - Eye Infection,image_family_15be725b19c2d1d08cb97668,retain,readable; no cleaning exclusion,,,split_group_e6f9f2a6db961333e51e989f
Cats/Eye Infection in Cat/Image_86.jpg,2,2,Cat - Eye Infection,image_family_997e5cc0fe89fe61d896b25b,retain,readable; no cleaning exclusion,,,split_group_997e5cc0fe89fe61d896b25b
Cats/Eye Infection in Cat/Image_9.png,2,2,Cat - Eye Infection,image_family_5ef14ec8e27a906e249ed8f2,retain,readable; no cleaning exclusion,,,split_group_5ef14ec8e27a906e249ed8f2
Cats/Eye Infection in Cat/Image_90.jpg,2,2,Cat - Eye Infection,image_family_24e8e71d61ba9a3c152e8f62,retain,readable; no cleaning exclusion,,,split_group_c432d9e51e209a31c824e1fd
Cats/Eye Infection in Cat/Image_92.jpeg,2,2,Cat - Eye Infection,image_family_730c428dd5449b6d8ac6d973,retain,readable; no cleaning exclusion,,,split_group_730c428dd5449b6d8ac6d973
Cats/Eye Infection in Cat/Image_94.jpeg,2,2,Cat - Eye Infection,image_family_ccb7afdbe9868cca532d0e7d,retain,readable; no cleaning exclusion,,,split_group_ccb7afdbe9868cca532d0e7d
Cats/Eye Infection in Cat/Image_95.jpg,2,2,Cat - Eye Infection,image_family_9435367a9e395e74e5ddd047,retain,readable; no cleaning exclusion,,,split_group_9435367a9e395e74e5ddd047
Cats/Eye Infection in Cat/Image_96.png,2,2,Cat - Eye Infection,image_family_6678ac9a1addea2d54359934,retain,readable; no cleaning exclusion,,,split_group_6678ac9a1addea2d54359934
Cats/Eye Infection in Cat/cataracts_004_webp.rf.L5i3EqNMaNSVZBEXf22Q.webp,2,2,Cat - Eye Infection,image_family_c7ddce0c0796d4838d7a0bd3,quarantine_exact_label_conflict,identical EXIF-oriented RGB pixels occur under conflicting class labels; human label resolution required,,,split_group_c7ddce0c0796d4838d7a0bd3
Cats/Eye Infection in Cat/cataracts_007_jpg.rf.nfobQRuIPxFoUAGZfcUz.jpg,2,2,Cat - Eye Infection,image_family_5b031d726894fe94fcb2a75d,retain,readable; no cleaning exclusion,,,split_group_5b031d726894fe94fcb2a75d
Cats/Eye Infection in Cat/cataracts_017_webp.rf.FPFfke63sEfKJTCawp0n.webp,2,2,Cat - Eye Infection,image_family_2c6201292552d68c0b623aed,retain,readable; no cleaning exclusion,,,split_group_2c6201292552d68c0b623aed
Cats/Eye Infection in Cat/cataracts_019_jpg.rf.aABfjRSNjcHmXGnImLZG.jpg,2,2,Cat - Eye Infection,image_family_fd1f62c245d942ee340af325,retain,readable; no cleaning exclusion,,,split_group_fd1f62c245d942ee340af325
Cats/Eye Infection in Cat/cataracts_027_webp.rf.9WFUA9IUVgc8K3m3VcGI.webp,2,2,Cat - Eye Infection,image_family_4bbf8a310e0414b9e3e391ce,quarantine_exact_label_conflict,identical EXIF-oriented RGB pixels occur under conflicting class labels; human label resolution required,,,split_group_4bbf8a310e0414b9e3e391ce
Cats/Eye Infection in Cat/cataracts_036_webp.rf.q9B2MoAnB8jbGZvUrIiD.webp,2,2,Cat - Eye Infection,image_family_87f9fe875c87e0aba43d8662,quarantine_exact_label_conflict,identical EXIF-oriented RGB pixels occur under conflicting class labels; human label resolution required,,,split_group_87f9fe875c87e0aba43d8662
Cats/Eye Infection in Cat/cataracts_042_webp.rf.7CssFgjbmfH3bDm3Fl1I.webp,2,2,Cat - Eye Infection,image_family_22d50033f4fb1c69e5939e60,quarantine_exact_label_conflict,identical EXIF-oriented RGB pixels occur under conflicting class labels; human label resolution required,,,split_group_22d50033f4fb1c69e5939e60
Cats/Eye Infection in Cat/cataracts_043_jpg.rf.eETMVlqSmmb6FrsLnMNj.jpg,2,2,Cat - Eye Infection,image_family_310cea8c6ace74ec35f6c9c5,retain,readable; no cleaning exclusion,,,split_group_310cea8c6ace74ec35f6c9c5
Cats/Eye Infection in Cat/cataracts_049_jpg.rf.wWZ8s32Sk53PU50viNj5.jpg,2,2,Cat - Eye Infection,image_family_0b627e8d9bad2d3f20057293,quarantine_exact_label_conflict,identical EXIF-oriented RGB pixels occur under conflicting class labels; human label resolution required,,,split_group_0b627e8d9bad2d3f20057293
Cats/Eye Infection in Cat/conjunctivitis_001_jpg.rf.GTEKEwttvFTbzC53adDx.jpg,2,2,Cat - Eye Infection,image_family_e8ef7ad834ffafa0a8288bed,retain,readable; no cleaning exclusion,,,split_group_17e37eb782da08b5e6db6e8a
Cats/Eye Infection in Cat/conjunctivitis_002_jpg.rf.7I5dp7SXb0nNNAI1WFZ7.jpg,2,2,Cat - Eye Infection,image_family_eb772c7486369c1981d53849,retain,readable; no cleaning exclusion,,,split_group_eb772c7486369c1981d53849
Cats/Eye Infection in Cat/conjunctivitis_009_webp.rf.wHypVCuOw7WwyQUWc0hD.webp,2,2,Cat - Eye Infection,image_family_b98724e0254cd7400e2e6837,quarantine_exact_label_conflict,identical EXIF-oriented RGB pixels occur under conflicting class labels; human label resolution required,,,split_group_2bec92201ebf51fd7358dced
Cats/Eye Infection in Cat/conjunctivitis_012_jpg.rf.VhYWRcAStHJS6ls3YHny.jpg,2,2,Cat - Eye Infection,image_family_db86f6a4466efe93e7338215,retain,readable; no cleaning exclusion,,,split_group_db86f6a4466efe93e7338215
Cats/Eye Infection in Cat/conjunctivitis_016_jpg.rf.8LYt9s5xmrgSnGDEj9IG.jpg,2,2,Cat - Eye Infection,image_family_611786fef281a269b222f954,retain,readable; no cleaning exclusion,,,split_group_611786fef281a269b222f954
Cats/Eye Infection in Cat/conjunctivitis_019_jpg.rf.Ne2YESm0HEmw49EsvVal.jpg,2,2,Cat - Eye Infection,image_family_97423298f98c436c55c9dc87,retain,readable; no cleaning exclusion,,,split_group_97423298f98c436c55c9dc87
Cats/Eye Infection in Cat/conjunctivitis_022_jpg.rf.dKGso1ubzExecKfxjtkv.jpg,2,2,Cat - Eye Infection,image_family_591081781020fa882c3081e2,retain,readable; no cleaning exclusion,,,split_group_591081781020fa882c3081e2
Cats/Eye Infection in Cat/conjunctivitis_028_jpg.rf.06QmnQrBBOAD1li9t0Ah.jpg,2,2,Cat - Eye Infection,image_family_cb758a908ca81aa7ec429ed0,retain,readable; no cleaning exclusion,,,split_group_cb758a908ca81aa7ec429ed0
Cats/Eye Infection in Cat/conjunctivitis_034_jpg.rf.GRlqckO3putheil9LHUO.jpg,2,2,Cat - Eye Infection,image_family_e2aeee8b1843a44441baf3b0,retain,readable; no cleaning exclusion,,,split_group_e6f9f2a6db961333e51e989f
Cats/Eye Infection in Cat/conjunctivitis_036_jpg.rf.hG8URh2Swyrz6sQhKf8Y.jpg,2,2,Cat - Eye Infection,image_family_4d9c8de4fceb418f7b53ed02,retain,readable; no cleaning exclusion,,,split_group_4d9c8de4fceb418f7b53ed02
Cats/Eye Infection in Cat/conjunctivitis_047_jpg.rf.yziyoR4Hw5pBA4cUPJW7.jpg,2,2,Cat - Eye Infection,image_family_c85e4944dcf3758f2ab3a673,retain,readable; no cleaning exclusion,,,split_group_c85e4944dcf3758f2ab3a673
Cats/Eye Infection in Cat/conjunctivitis_049_jpeg.rf.TAp8zkMLnTuRZPpV6p8N.jpeg,2,2,Cat - Eye Infection,image_family_60ff15729e41119811ee9103,retain,readable; no cleaning exclusion,,,split_group_60ff15729e41119811ee9103
Cats/Eye Infection in Cat/conjunctivitis_056_jpeg.rf.rkHCjHvAKHIggHueVnNH.jpeg,2,2,Cat - Eye Infection,image_family_d5902368a6c1aae798074243,retain,readable; no cleaning exclusion,,,split_group_1de42b99ba4803ffab0758d1
Cats/Eye Infection in Cat/conjunctivitis_058_webp.rf.Sz1BU2hBhfml7JQFe8Ca.webp,2,2,Cat - Eye Infection,image_family_e22d4592a4578e3ab25662ad,retain,readable; no cleaning exclusion,,,split_group_2bec92201ebf51fd7358dced
Cats/Eye Infection in Cat/conjunctivitis_063_webp.rf.H7Q4mNRKQrCY7BjhjH27.webp,2,2,Cat - Eye Infection,image_family_1d2b00a84950427a6c27d335,retain,readable; no cleaning exclusion,,,split_group_1d2b00a84950427a6c27d335
Cats/Eye Infection in Cat/conjunctivitis_070_jpg.rf.0ICDQboNOv0h6IIDRGdX.jpg,2,2,Cat - Eye Infection,image_family_3489113895c167d76d9add5d,quarantine_exact_label_conflict,identical EXIF-oriented RGB pixels occur under conflicting class labels; human label resolution required,,,split_group_c432d9e51e209a31c824e1fd
Cats/Eye Infection in Cat/conjunctivitis_074_webp.rf.f5WCNe6GkksALeT1g7jI.webp,2,2,Cat - Eye Infection,image_family_115cd3ec786b45f718751800,quarantine_exact_label_conflict,identical EXIF-oriented RGB pixels occur under conflicting class labels; human label resolution required,,,split_group_c2b5a00f8dbe6a89a2f387bc
Cats/Eye Infection in Cat/conjunctivitis_100_jpg.rf.aWe6lIKTMbR4AyxyUfx3.jpg,2,2,Cat - Eye Infection,image_family_7ad5466e063ea6269e0e4ccb,quarantine_exact_label_conflict,identical EXIF-oriented RGB pixels occur under conflicting class labels; human label resolution required,,,split_group_7ad5466e063ea6269e0e4ccb
Cats/Eye Infection in Cat/cornealulcer_001_jpg.rf.bG6LVpU9f1mc7vzqvHev.jpg,2,2,Cat - Eye Infection,image_family_b76642c06cb5e9f29b9ea30f,quarantine_exact_label_conflict,identical EXIF-oriented RGB pixels occur under conflicting class labels; human label resolution required,,,split_group_b76642c06cb5e9f29b9ea30f
Cats/Eye Infection in Cat/cornealulcer_008_jpg.rf.C3xzjsYzrjUdrco94F34.jpg,2,2,Cat - Eye Infection,image_family_3a3262db044767eba7834ac5,quarantine_exact_label_conflict,identical EXIF-oriented RGB pixels occur under conflicting class labels; human label resolution required,,,split_group_3a3262db044767eba7834ac5
Cats/Eye Infection in Cat/cornealulcer_012_webp.rf.WK7X9yzsSFfGL8u0epwW.webp,2,2,Cat - Eye Infection,image_family_983bd60e385fa1e5b1c0cb4e,quarantine_exact_label_conflict,identical EXIF-oriented RGB pixels occur under conflicting class labels; human label resolution required,,,split_group_983bd60e385fa1e5b1c0cb4e
Cats/Eye Infection in Cat/cornealulcer_013_jpg.rf.7KZP9iWcaWwsLG78tBlt.jpg,2,2,Cat - Eye Infection,image_family_a0a37c463fe57209bf249307,quarantine_exact_label_conflict,identical EXIF-oriented RGB pixels occur under conflicting class labels; human label resolution required,,,split_group_a0a37c463fe57209bf249307
Cats/Eye Infection in Cat/cornealulcer_014_webp.rf.b2T8dyHC99HHsMsplN6E.webp,2,2,Cat - Eye Infection,image_family_46531ff5a8c8f50e0736d338,quarantine_exact_label_conflict,identical EXIF-oriented RGB pixels occur under conflicting class labels; human label resolution required,,,split_group_46531ff5a8c8f50e0736d338
Cats/Eye Infection in Cat/cornealulcer_015_webp.rf.4YcD2wIEtaxqIlkTPGp9.webp,2,2,Cat - Eye Infection,image_family_e335d4678fbb79accbf0f28b,quarantine_exact_label_conflict,identical EXIF-oriented RGB pixels occur under conflicting class labels; human label resolution required,,,split_group_e335d4678fbb79accbf0f28b
Cats/Eye Infection in Cat/cornealulcer_021_PNG.rf.F5Q2RVdRCwLiJeRHdnDF.PNG,2,2,Cat - Eye Infection,image_family_bad774830d7ad456c078a93b,quarantine_exact_label_conflict,identical EXIF-oriented RGB pixels occur under conflicting class labels; human label resolution required,,,split_group_bad774830d7ad456c078a93b
Cats/Eye Infection in Cat/cornealulcer_025_png.rf.ohe0OvXPM7cgMF3e6DNB.png,2,2,Cat - Eye Infection,image_family_612bea1178eff47e57062466,quarantine_exact_label_conflict,identical EXIF-oriented RGB pixels occur under conflicting class labels; human label resolution required,,,split_group_612bea1178eff47e57062466
Cats/Eye Infection in Cat/cornealulcer_043_webp.rf.rlaEPk8NV82sLKsQnb6l.webp,2,2,Cat - Eye Infection,image_family_67eaae2dfc467305c6080a40,quarantine_exact_label_conflict,identical EXIF-oriented RGB pixels occur under conflicting class labels; human label resolution required,,,split_group_67eaae2dfc467305c6080a40
Cats/Eye Infection in Cat/glaucoma_007_jpg.rf.35M5iIrmFaHoJGVgTP7L.jpg,2,2,Cat - Eye Infection,image_family_c4f411576e388e611231fe2a,quarantine_exact_label_conflict,identical EXIF-oriented RGB pixels occur under conflicting class labels; human label resolution required,,,split_group_c4f411576e388e611231fe2a
Cats/Eye Infection in Cat/glaucoma_012_jpg.rf.pukXsfm9iJz966p7cz3Q.jpg,2,2,Cat - Eye Infection,image_family_4549bc5af2782de9b7dbf951,quarantine_exact_label_conflict,identical EXIF-oriented RGB pixels occur under conflicting class labels; human label resolution required,,,split_group_4549bc5af2782de9b7dbf951
Cats/Eye Infection in Cat/glaucoma_013_jpg.rf.pCQJ88zqQDiwIjCVD9F8.jpg,2,2,Cat - Eye Infection,image_family_fe3b19d32aee02902cc22c41,quarantine_exact_label_conflict,identical EXIF-oriented RGB pixels occur under conflicting class labels; human label resolution required,,,split_group_fe3b19d32aee02902cc22c41
Cats/Eye Infection in Cat/glaucoma_017_webp.rf.5uLLKDxfF6paPZekBuHN.webp,2,2,Cat - Eye Infection,image_family_2a29c0f84e941e786ef8ab0f,quarantine_exact_label_conflict,identical EXIF-oriented RGB pixels occur under conflicting class labels; human label resolution required,,,split_group_2a29c0f84e941e786ef8ab0f
Cats/Eye Infection in Cat/glaucoma_020_jpg.rf.8AVeCD1V4EDbuubWYFRE.jpg,2,2,Cat - Eye Infection,image_family_021954b7755a793989227f59,quarantine_exact_label_conflict,identical EXIF-oriented RGB pixels occur under conflicting class labels; human label resolution required,,,split_group_021954b7755a793989227f59
Cats/Eye Infection in Cat/healthy_001_jpg.rf.3hQ2SADZ35SBe7pCkvHw.jpg,2,2,Cat - Eye Infection,image_family_a05c993c9a33bf2c5e833427,retain,readable; no cleaning exclusion,,,split_group_a05c993c9a33bf2c5e833427
Cats/Eye Infection in Cat/healthy_007_jpg.rf.6psyY6JjcaR1WbfpVHbp.jpg,2,2,Cat - Eye Infection,image_family_5a9fe3169dc72c48eea1d117,retain,readable; no cleaning exclusion,,,split_group_5a9fe3169dc72c48eea1d117
Cats/Eye Infection in Cat/healthy_015_webp.rf.kYRvGLvV5aMjFShGIpiW.webp,2,2,Cat - Eye Infection,image_family_aa506fddca7ecf49f23e0081,retain,readable; no cleaning exclusion,,,split_group_aa506fddca7ecf49f23e0081
Cats/Eye Infection in Cat/healthy_032_jpg.rf.6eivWD91bxWY0sOQgS4O.jpg,2,2,Cat - Eye Infection,image_family_2109b0514e17f7d92a9611c6,retain,readable; no cleaning exclusion,,,split_group_2109b0514e17f7d92a9611c6
Cats/Eye Infection in Cat/healthy_035_png.rf.zaJX8eSZHDzXkJPsImCh.png,2,2,Cat - Eye Infection,image_family_3e50f3f99a01590b4895a8fa,retain,readable; no cleaning exclusion,,,split_group_3e50f3f99a01590b4895a8fa
Cats/Eye Infection in Cat/healthy_036_webp.rf.NAj0u94YeOjTVpP4BpuL.webp,2,2,Cat - Eye Infection,image_family_f68d89f564797fe6247e0bc4,retain,readable; no cleaning exclusion,,,split_group_f68d89f564797fe6247e0bc4
Cats/Eye Infection in Cat/healthy_037_webp.rf.itpXElvRSloazvf22G38.webp,2,2,Cat - Eye Infection,image_family_bde61c7b80b840818549de89,retain,readable; no cleaning exclusion,,,split_group_bde61c7b80b840818549de89
Cats/Eye Infection in Cat/healthy_042_jpg.rf.d8pOJ5KeYi7klUT8aL8G.jpg,2,2,Cat - Eye Infection,image_family_e02218668eccfa8a4eb36d7f,retain,readable; no cleaning exclusion,,,split_group_e02218668eccfa8a4eb36d7f
Cats/Eye Infection in Cat/healthy_048_jpg.rf.lSCNMWhSx2IAVpg8vOT8.jpg,2,2,Cat - Eye Infection,image_family_f910ef43853a4be4f490925a,retain,readable; no cleaning exclusion,,,split_group_f910ef43853a4be4f490925a
Cats/Eye Infection in Cat/healthy_063_jpg.rf.2qNCHSaa8e3sE3W2GGTN.jpg,2,2,Cat - Eye Infection,image_family_5d33b1124f8bf0f33a425ed2,retain,readable; no cleaning exclusion,,,split_group_5d33b1124f8bf0f33a425ed2
Cats/Eye Infection in Cat/healthy_068_webp.rf.yswACigxxvZSNfMuPn4C.webp,2,2,Cat - Eye Infection,image_family_dfec6d0308156b2e2ca4afed,retain,readable; no cleaning exclusion,,,split_group_dfec6d0308156b2e2ca4afed
Cats/Eye Infection in Cat/healthy_073_jpg.rf.NnbjcW3eBb4oQsM8txPB.jpg,2,2,Cat - Eye Infection,image_family_cd3d0a5637eeffdea65cc262,retain,readable; no cleaning exclusion,,,split_group_cd3d0a5637eeffdea65cc262
Cats/Eye Infection in Cat/healthy_081_jpg.rf.HdSXtyRIWxkT4cmOWqi5.jpg,2,2,Cat - Eye Infection,image_family_765c8f2160a837748d0b790d,retain,readable; no cleaning exclusion,,,split_group_765c8f2160a837748d0b790d
Cats/Eye Infection in Cat/healthy_086_jpg.rf.TWIpWub1umDxiOs2dMPl.jpg,2,2,Cat - Eye Infection,image_family_67a46f6515e837770bf021a5,retain,readable; no cleaning exclusion,,,split_group_67a46f6515e837770bf021a5
Cats/Eye Infection in Cat/healthy_088_jpg.rf.QInrANHYagExwAGlAuoF.jpg,2,2,Cat - Eye Infection,image_family_c21236049586b2c5c75fe6e5,retain,readable; no cleaning exclusion,,,split_group_c21236049586b2c5c75fe6e5
Cats/Eye Infection in Cat/healthy_106_jpg.rf.6VySKUo4YHHZAylKEfuP.jpg,2,2,Cat - Eye Infection,image_family_3ca70453c7054b4e4e5e59c3,retain,readable; no cleaning exclusion,,,split_group_3ca70453c7054b4e4e5e59c3
Cats/Eye Infection in Cat/healthy_108_jpg.rf.j6pETesAlaMhkzi91OtV.jpg,2,2,Cat - Eye Infection,image_family_67714ddc839150fdfb3d306f,retain,readable; no cleaning exclusion,,,split_group_67714ddc839150fdfb3d306f
Cats/Eye Infection in Cat/healthy_110_jpg.rf.oLPRk8gNkcwQ1ylhyQYD.jpg,2,2,Cat - Eye Infection,image_family_1f967d3d9de5b3a638160e6c,retain,readable; no cleaning exclusion,,,split_group_1f967d3d9de5b3a638160e6c
Cats/Eye Infection in Cat/healthy_116_jpg.rf.qiP2zNbo11mvsYgEOcR1.jpg,2,2,Cat - Eye Infection,image_family_f534af40cbfe8364db489e7b,retain,readable; no cleaning exclusion,,,split_group_f534af40cbfe8364db489e7b
Cats/Eye Infection in Cat/healthy_120_jpg.rf.8plVF23P1aopNMMXvqnP.jpg,2,2,Cat - Eye Infection,image_family_fc720996d9425fdd0c282193,retain,readable; no cleaning exclusion,,,split_group_fc720996d9425fdd0c282193
Cats/Eye Infection in Cat/healthy_123_webp.rf.kLvZzXv6lOSKHe9BF6yU.webp,2,2,Cat - Eye Infection,image_family_5a9d8ab283f60137bb89ad84,retain,readable; no cleaning exclusion,,,split_group_5a9d8ab283f60137bb89ad84
Cats/Eye Infection in Cat/healthy_131_webp.rf.IKQu5CC1JfkMfzHcKMxA.webp,2,2,Cat - Eye Infection,image_family_c2d6bdc495d027b6f79ae231,retain,readable; no cleaning exclusion,,,split_group_c2d6bdc495d027b6f79ae231
Cats/Eye Infection in Cat/healthy_133_jpg.rf.b5ftMDp3KAkVweIQriBD.jpg,2,2,Cat - Eye Infection,image_family_1c921dfbd10509eab7b9bf18,retain,readable; no cleaning exclusion,,,split_group_1c921dfbd10509eab7b9bf18
Cats/Eye Infection in Cat/healthy_138_jpg.rf.DYbnb8dHuoyoJwGWkUAk.jpg,2,2,Cat - Eye Infection,image_family_bc9571c8ccc0196a921011f3,retain,readable; no cleaning exclusion,,,split_group_bc9571c8ccc0196a921011f3
Cats/Eye Infection in Cat/healthy_139_jpg.rf.8ErtUw2wpLpir9yr68Ii.jpg,2,2,Cat - Eye Infection,image_family_19fde51de162c4610c731e97,retain,readable; no cleaning exclusion,,,split_group_19fde51de162c4610c731e97
Cats/Eye Infection in Cat/healthy_141_jpg.rf.wCbejl7jfNzWPjMNC1RH.jpg,2,2,Cat - Eye Infection,image_family_185d088361ea0c057d47277a,retain,readable; no cleaning exclusion,,,split_group_185d088361ea0c057d47277a
Cats/Eye Infection in Cat/healthy_151_jpg.rf.iEgsb4AIeiJJL7y9UgkQ.jpg,2,2,Cat - Eye Infection,image_family_15f328a53804091c8996293e,retain,readable; no cleaning exclusion,,,split_group_15f328a53804091c8996293e
Cats/Eye Infection in Cat/healthy_174_webp.rf.o6fpiy64mhqbNo6eN1r2.webp,2,2,Cat - Eye Infection,image_family_b4066caf1ddfde3f454119ba,retain,readable; no cleaning exclusion,,,split_group_b4066caf1ddfde3f454119ba
Cats/Eye Infection in Cat/healthy_185_jpg.rf.StozZUFZVWrZqSojbw6Z.jpg,2,2,Cat - Eye Infection,image_family_794dcfc1b59c6d8c25ce9dc2,retain,readable; no cleaning exclusion,,,split_group_794dcfc1b59c6d8c25ce9dc2
Cats/Eye Infection in Cat/healthy_193_jpg.rf.nJOjkSFgOAxL8vgNyMqA.jpg,2,2,Cat - Eye Infection,image_family_eae92f20aeb22342f8b9c5db,retain,readable; no cleaning exclusion,,,split_group_eae92f20aeb22342f8b9c5db
Cats/Eye Infection in Cat/uveitis_003_webp.rf.J1LDfd6RTslrLHwAVrbm.webp,2,2,Cat - Eye Infection,image_family_54a3833e9bd038c58bee633a,quarantine_exact_label_conflict,identical EXIF-oriented RGB pixels occur under conflicting class labels; human label resolution required,,,split_group_54a3833e9bd038c58bee633a
Cats/Eye Infection in Cat/uveitis_010_webp.rf.ZtbLI31DiPJZnemyhd5C.webp,2,2,Cat - Eye Infection,image_family_b64aa9306876cb67176c4d67,quarantine_exact_label_conflict,identical EXIF-oriented RGB pixels occur under conflicting class labels; human label resolution required,,,split_group_b64aa9306876cb67176c4d67
Cats/Eye Infection in Cat/uveitis_011_webp.rf.uRrIp9z0wVamBU0oRTyS.webp,2,2,Cat - Eye Infection,image_family_b6656af58d957b37bd4c8651,quarantine_exact_label_conflict,identical EXIF-oriented RGB pixels occur under conflicting class labels; human label resolution required,,,split_group_7479e5765f28c97ff9ee5a60
Cats/Eye Infection in Cat/uveitis_013_jpg.rf.vmHafMGhQWgWt894c3Uh.jpg,2,2,Cat - Eye Infection,image_family_01acf014583a785c133118fe,quarantine_exact_label_conflict,identical EXIF-oriented RGB pixels occur under conflicting class labels; human label resolution required,,,split_group_01acf014583a785c133118fe
Cats/Eye Infection in Cat/uveitis_017_webp.rf.xukNmO9OH5k1Gxej01wm.webp,2,2,Cat - Eye Infection,image_family_b157490460c0dd739129a196,quarantine_exact_label_conflict,identical EXIF-oriented RGB pixels occur under conflicting class labels; human label resolution required,,,split_group_b157490460c0dd739129a196
Cats/Eye Infection in Cat/uveitis_019_webp.rf.VwHBSdJhfu6gnFvWBhaI.webp,2,2,Cat - Eye Infection,image_family_2551a27607c032a6a77db6b5,quarantine_exact_label_conflict,identical EXIF-oriented RGB pixels occur under conflicting class labels; human label resolution required,,,split_group_2551a27607c032a6a77db6b5
Cats/Eye Infection in Cat/uveitis_028_jpg.rf.r0kKLTYvMBs9dL9RBKy1.jpg,2,2,Cat - Eye Infection,image_family_6900830f12372fc76e9c9c44,quarantine_exact_label_conflict,identical EXIF-oriented RGB pixels occur under conflicting class labels; human label resolution required,,,split_group_6900830f12372fc76e9c9c44
Cats/Eye Infection in Cat/uveitis_037_jpg.rf.J37GEA9xB1TudmwPUVTa.jpg,2,2,Cat - Eye Infection,image_family_898c3de9a6e8aaabc5ac99d6,quarantine_exact_label_conflict,identical EXIF-oriented RGB pixels occur under conflicting class labels; human label resolution required,,,split_group_898c3de9a6e8aaabc5ac99d6
Cats/Eye Infection in Cat/uveitis_041_webp.rf.yKZ3whc3lrUz5W6ke9WZ.webp,2,2,Cat - Eye Infection,image_family_2a5c7664c5ed11a3a5767dc9,quarantine_exact_label_conflict,identical EXIF-oriented RGB pixels occur under conflicting class labels; human label resolution required,,,split_group_2a5c7664c5ed11a3a5767dc9
Cats/Ringworm in Cat/1000010551_x16_jpg.rf.ZyP9Sqi53GWyIuTRNc9z.jpg,3,3,Cat - Ringworm,image_family_423e5e3d8e9e137d79cba894,retain,readable; no cleaning exclusion,,,split_group_423e5e3d8e9e137d79cba894
Cats/Ringworm in Cat/1000010607_x4_jpg.rf.TXRsBuYHS19EEvUDAJra.jpg,3,3,Cat - Ringworm,image_family_9f88ee6e1b503dd8bf55671a,retain,readable; no cleaning exclusion,,,split_group_9f88ee6e1b503dd8bf55671a
Cats/Ringworm in Cat/1000010683_x4_jpg.rf.jzipQkaUbNvoW98i6Uff.jpg,3,3,Cat - Ringworm,image_family_829070db51e597f2bad992ca,retain,readable; no cleaning exclusion,,,split_group_829070db51e597f2bad992ca
Cats/Ringworm in Cat/1000010715_x16_jpg.rf.qLXaiC8FNQHmSz2FXZS2.jpg,3,3,Cat - Ringworm,image_family_7fa575a5df143a07ffded392,retain,readable; no cleaning exclusion,,,split_group_7fa575a5df143a07ffded392
Cats/Ringworm in Cat/1000010751_x16_jpg.rf.1aEOTjnMpogjbyARM1Mp.jpg,3,3,Cat - Ringworm,image_family_a8c001c0702e09255404b178,retain,readable; no cleaning exclusion,,,split_group_a8c001c0702e09255404b178
Cats/Ringworm in Cat/1000010765_x4_jpg.rf.x1A8yPAFSI6XY7OLj03b.jpg,3,3,Cat - Ringworm,image_family_7de56359d00096da4ab53672,retain,readable; no cleaning exclusion,,,split_group_7de56359d00096da4ab53672
Cats/Ringworm in Cat/135195862_10222884899858522_306512586281914012_n_jpg.rf.Ug14ujLyZFllRbnfRhg2.jpg,3,3,Cat - Ringworm,image_family_300b62ac94c52f828c287b40,retain,readable; no cleaning exclusion,,,split_group_300b62ac94c52f828c287b40
Cats/Ringworm in Cat/135195862_10222884899858522_306512586281914012_n_jpg.rf.cFb0VvwQG6aeR9nTKhWj.jpg,3,3,Cat - Ringworm,image_family_300b62ac94c52f828c287b40,exclude_additional_source_family_member,one source-family representative policy; retained Cats/Ringworm in Cat/135195862_10222884899858522_306512586281914012_n_jpg.rf.Ug14ujLyZFllRbnfRhg2.jpg; original/animal identity not verified,,,split_group_300b62ac94c52f828c287b40
Cats/Ringworm in Cat/135195862_10222884899858522_306512586281914012_n_jpg.rf.lobUwUJWUjtvoGWydMQg.jpg,3,3,Cat - Ringworm,image_family_300b62ac94c52f828c287b40,exclude_additional_source_family_member,one source-family representative policy; retained Cats/Ringworm in Cat/135195862_10222884899858522_306512586281914012_n_jpg.rf.Ug14ujLyZFllRbnfRhg2.jpg; original/animal identity not verified,,,split_group_300b62ac94c52f828c287b40
Cats/Ringworm in Cat/136166517_10222884899618516_2057480707672426777_n_jpg.rf.b6QhPjRFicdsl6pCOkoK.jpg,3,3,Cat - Ringworm,image_family_96e4198a9abe358aa36955c1,retain,readable; no cleaning exclusion,,,split_group_96e4198a9abe358aa36955c1
Cats/Ringworm in Cat/141309628_3721209851319478_6017019068231788383_n_jpg.rf.WGLRc2hOuQ7cXPcgY4Yv.jpg,3,3,Cat - Ringworm,image_family_b8398faff85c2e2912f8312a,retain,readable; no cleaning exclusion,,,split_group_b8398faff85c2e2912f8312a
Cats/Ringworm in Cat/141309628_3721209851319478_6017019068231788383_n_jpg.rf.XWBdzlsjHFZGE9JH9mzM.jpg,3,3,Cat - Ringworm,image_family_b8398faff85c2e2912f8312a,exclude_additional_source_family_member,one source-family representative policy; retained Cats/Ringworm in Cat/141309628_3721209851319478_6017019068231788383_n_jpg.rf.WGLRc2hOuQ7cXPcgY4Yv.jpg; original/animal identity not verified,,,split_group_b8398faff85c2e2912f8312a
Cats/Ringworm in Cat/141725846_3721210257986104_5054501378569814826_n_jpg.rf.WuutApdNd0rHNKqWc8yJ.jpg,3,3,Cat - Ringworm,image_family_a078c674890b9085adcdaf89,retain,readable; no cleaning exclusion,,,split_group_a078c674890b9085adcdaf89
Cats/Ringworm in Cat/141725846_3721210257986104_5054501378569814826_n_jpg.rf.piHK35wZ6nMf2gqJS5KD.jpg,3,3,Cat - Ringworm,image_family_a078c674890b9085adcdaf89,exclude_additional_source_family_member,one source-family representative policy; retained Cats/Ringworm in Cat/141725846_3721210257986104_5054501378569814826_n_jpg.rf.WuutApdNd0rHNKqWc8yJ.jpg; original/animal identity not verified,,,split_group_a078c674890b9085adcdaf89
Cats/Ringworm in Cat/143729276_10226592176700733_3761005219267467236_n_jpg.rf.O3SMxAcCrnZCKvMdEB8A.jpg,3,3,Cat - Ringworm,image_family_37075a8d314dde09440ae1c1,retain,readable; no cleaning exclusion,,,split_group_37075a8d314dde09440ae1c1
Cats/Ringworm in Cat/143867586_10226592175940714_8038162198825059119_n_jpg.rf.F680JDFOIU9DtIQZccoV.jpg,3,3,Cat - Ringworm,image_family_6e5eb5f5abec90f22c2c4401,retain,readable; no cleaning exclusion,,,split_group_6e5eb5f5abec90f22c2c4401
Cats/Ringworm in Cat/144276912_10226592175300698_232677143469954490_n_jpg.rf.Eg6mKk1v7kcrhW6eVKj5.jpg,3,3,Cat - Ringworm,image_family_91ce4b7bccb0336bed88c07f,retain,readable; no cleaning exclusion,,,split_group_91ce4b7bccb0336bed88c07f
Cats/Ringworm in Cat/144276912_10226592175300698_232677143469954490_n_jpg.rf.GNYwMmCvnI5u2YIZdGoX.jpg,3,3,Cat - Ringworm,image_family_91ce4b7bccb0336bed88c07f,exclude_additional_source_family_member,one source-family representative policy; retained Cats/Ringworm in Cat/144276912_10226592175300698_232677143469954490_n_jpg.rf.Eg6mKk1v7kcrhW6eVKj5.jpg; original/animal identity not verified,,,split_group_91ce4b7bccb0336bed88c07f
Cats/Ringworm in Cat/2009-2652-Yegar-M-Canis-Ca_jpg.rf.RIwWdU3Q11WpDPq9QQ9n.jpg,3,3,Cat - Ringworm,image_family_99c2717219e66e766fefb6ea,retain,readable; no cleaning exclusion,,,split_group_ec8f6270ddfc3143252ae96c
Cats/Ringworm in Cat/296327617_10223333354745759_96123069612573010_n_jpg.rf.RVFrm1cgRzLdMrGCKrqA.jpg,3,3,Cat - Ringworm,image_family_c59cc4a4753a7b3012ba4267,retain,readable; no cleaning exclusion,,,split_group_c59cc4a4753a7b3012ba4267
Cats/Ringworm in Cat/356256824_859063205821523_8735668290154415751_n_jpg.rf.NDdWS8zsSZiV5rNalxmA.jpg,3,3,Cat - Ringworm,image_family_08c63a1432f0304ec5b76499,retain,readable; no cleaning exclusion,,,split_group_08c63a1432f0304ec5b76499
Cats/Ringworm in Cat/358069253_983286479531093_1071686392254425794_n_jpg.rf.ZroM5qbdb8D9ZZ7apEfi.jpg,3,3,Cat - Ringworm,image_family_59558f14b31f40fba7659690,retain,readable; no cleaning exclusion,,,split_group_59558f14b31f40fba7659690
Cats/Ringworm in Cat/358143675_983286532864421_9080525795589717087_n_jpg.rf.gdQdrHHo4RmneJV1Z7dw.jpg,3,3,Cat - Ringworm,image_family_59b5270348d5b151c42e56d4,retain,readable; no cleaning exclusion,,,split_group_59b5270348d5b151c42e56d4
Cats/Ringworm in Cat/406444592_357155400224866_7531710924889107367_n_jpg.rf.mUPj3xpY6yh5fqpC08pF.jpg,3,3,Cat - Ringworm,image_family_f0ea23c659d54618ec747e8e,retain,readable; no cleaning exclusion,,,split_group_f0ea23c659d54618ec747e8e
Cats/Ringworm in Cat/438910578_10220571452555225_8508184020251308112_n_jpg.rf.plSbIVPZDDnpJ1Wdp8NF.jpg,3,3,Cat - Ringworm,image_family_16a453e138c2b317fc1512d2,retain,readable; no cleaning exclusion,,,split_group_16a453e138c2b317fc1512d2
Cats/Ringworm in Cat/62521167_2293314700920873_300162319286009856_n_jpg.rf.fW1XOYhhuWW8QXebpJF5.jpg,3,3,Cat - Ringworm,image_family_65789e73abdbbf7564933523,retain,readable; no cleaning exclusion,,,split_group_65789e73abdbbf7564933523
Cats/Ringworm in Cat/Atopic-dermatitis_Dog-chronic-lick-sore-on-leg_DermVets_jpg.rf.nKAzZodgqbjS7EwfP2U1.jpg,3,3,Cat - Ringworm,image_family_81f31b9b6a0b673a294d8128,retain,readable; no cleaning exclusion,,,split_group_81f31b9b6a0b673a294d8128
Cats/Ringworm in Cat/CatWithRingworm_gi_1173607703_png.rf.m0zorezPDn2RDkCaB6W5.png,3,3,Cat - Ringworm,image_family_89a534b26f8845906de16f3d,retain,readable; no cleaning exclusion,,,split_group_89a534b26f8845906de16f3d
Cats/Ringworm in Cat/HOT-SPOT-IN-DOG-HOW-vet-treated-symptom-prevention_-flea-bite-moist-eczema_dog-itching-000148_png_jpg.rf.79bx4xKaEaMOrqSXxG0u.jpg,3,3,Cat - Ringworm,image_family_2a489c5ba8e30d879ddd9b6c,retain,readable; no cleaning exclusion,,,split_group_2a489c5ba8e30d879ddd9b6c
Cats/Ringworm in Cat/HOT-SPOT-IN-DOG-HOW-vet-treated-symptom-prevention_-flea-bite-moist-eczema_dog-itching-000355_png_jpg.rf.FpkwSJomgisGIT34fpzo.jpg,3,3,Cat - Ringworm,image_family_bbcd9ef7ecd9a63785d92c7d,retain,readable; no cleaning exclusion,,,split_group_bbcd9ef7ecd9a63785d92c7d
Cats/Ringworm in Cat/HOT-SPOT-IN-DOG-HOW-vet-treated-symptom-prevention_-flea-bite-moist-eczema_dog-itching-000358_png_jpg.rf.qEPY3N2yJZYJqYNhgmbh.jpg,3,3,Cat - Ringworm,image_family_6393b5866025903be9502ce0,retain,readable; no cleaning exclusion,,,split_group_6393b5866025903be9502ce0
Cats/Ringworm in Cat/HOT-SPOT-IN-DOG-HOW-vet-treated-symptom-prevention_-flea-bite-moist-eczema_dog-itching-000359_png_jpg.rf.CfiVXSHB8REdja7YBoTX.jpg,3,3,Cat - Ringworm,image_family_72e26d2e14df2662df10596b,retain,readable; no cleaning exclusion,,,split_group_72e26d2e14df2662df10596b
Cats/Ringworm in Cat/HOT-SPOT-IN-DOG-HOW-vet-treated-symptom-prevention_-flea-bite-moist-eczema_dog-itching-000454_png_jpg.rf.ay6wM0sb33WqULUiX5KU.jpg,3,3,Cat - Ringworm,image_family_d8f54e85013418b670226c68,retain,readable; no cleaning exclusion,,,split_group_d8f54e85013418b670226c68
Cats/Ringworm in Cat/HOT-SPOT-IN-DOG-HOW-vet-treated-symptom-prevention_-flea-bite-moist-eczema_dog-itching-000455_png_jpg.rf.rd7YdGDTeAqgxTEMG6OU.jpg,3,3,Cat - Ringworm,image_family_bb6c998a71f0115d914d855c,retain,readable; no cleaning exclusion,,,split_group_bb6c998a71f0115d914d855c
Cats/Ringworm in Cat/Image_1.jpg,3,3,Cat - Ringworm,image_family_7dbc764d6bef4ae0d5b968e7,retain,readable; no cleaning exclusion,,,split_group_7dbc764d6bef4ae0d5b968e7
Cats/Ringworm in Cat/Image_10.jpg,3,3,Cat - Ringworm,image_family_0561efacf6d6d0103568f328,retain,readable; no cleaning exclusion,,,split_group_d5d880e0edd92c8194532f24
Cats/Ringworm in Cat/Image_11-4-_jpg.rf.fGxO99Bc7RLgZEmvtNsm.jpg,3,3,Cat - Ringworm,image_family_fb6cbcb982a5d5006f878def,retain,readable; no cleaning exclusion,,,split_group_fb6cbcb982a5d5006f878def
Cats/Ringworm in Cat/Image_11.jpg,3,3,Cat - Ringworm,image_family_de92ca446b19843b38a5b8a4,retain,readable; no cleaning exclusion,,,split_group_de92ca446b19843b38a5b8a4
Cats/Ringworm in Cat/Image_11_jpg.rf.lgBaBdu4PKsxo7X2SVGN.jpg,3,3,Cat - Ringworm,image_family_de92ca446b19843b38a5b8a4,exclude_additional_source_family_member,one source-family representative policy; retained Cats/Ringworm in Cat/Image_11.jpg; original/animal identity not verified,,,split_group_de92ca446b19843b38a5b8a4
Cats/Ringworm in Cat/Image_12-2-_jpg.rf.Vvir75keYgvGOmdrB1AD.jpg,3,3,Cat - Ringworm,image_family_98b87bb9007848c1200ca91d,retain,readable; no cleaning exclusion,,,split_group_98b87bb9007848c1200ca91d
Cats/Ringworm in Cat/Image_12.jpg,3,3,Cat - Ringworm,image_family_bd1f05c319333440a68ca2a4,retain,readable; no cleaning exclusion,,,split_group_bd1f05c319333440a68ca2a4
Cats/Ringworm in Cat/Image_13-3-_JPG_jpg.rf.cdn3xCIE69ifpXt2SgmR.jpg,3,3,Cat - Ringworm,image_family_2cea9ff6f1e00f21937e53f5,retain,readable; no cleaning exclusion,,,split_group_2cea9ff6f1e00f21937e53f5
Cats/Ringworm in Cat/Image_13.jpg,3,3,Cat - Ringworm,image_family_4fb0a782f4f9b07a1291b368,retain,readable; no cleaning exclusion,,,split_group_4fb0a782f4f9b07a1291b368
Cats/Ringworm in Cat/Image_14-2-_jpg.rf.poNi2mYl8HxFihPKvHCH.jpg,3,3,Cat - Ringworm,image_family_0bae46d1ebdaebb2e32d0a77,retain,readable; no cleaning exclusion,,,split_group_0bae46d1ebdaebb2e32d0a77
Cats/Ringworm in Cat/Image_14.jpg,3,3,Cat - Ringworm,image_family_7ee1df490907199f2988e583,retain,readable; no cleaning exclusion,,,split_group_7ee1df490907199f2988e583
Cats/Ringworm in Cat/Image_15.jpg,3,3,Cat - Ringworm,image_family_1b007b9ef36d17b08963eebc,retain,readable; no cleaning exclusion,,,split_group_1b007b9ef36d17b08963eebc
Cats/Ringworm in Cat/Image_16.jpg,3,3,Cat - Ringworm,image_family_000ad58eb029894151823302,retain,readable; no cleaning exclusion,,,split_group_000ad58eb029894151823302
Cats/Ringworm in Cat/Image_17.png,3,3,Cat - Ringworm,image_family_c46082e201f84820e101c8c6,retain,readable; no cleaning exclusion,,,split_group_c46082e201f84820e101c8c6
Cats/Ringworm in Cat/Image_18.jpg,3,3,Cat - Ringworm,image_family_45b63f01f44018f51c00514c,retain,readable; no cleaning exclusion,,,split_group_45b63f01f44018f51c00514c
Cats/Ringworm in Cat/Image_19.jpg,3,3,Cat - Ringworm,image_family_2ada7d1955d79a9fefe2f6c6,retain,readable; no cleaning exclusion,,,split_group_2ada7d1955d79a9fefe2f6c6
Cats/Ringworm in Cat/Image_2-2-_jpg.rf.eVHRgYPVrMBO86Pll7UB.jpg,3,3,Cat - Ringworm,image_family_53f10983357b4fe76a001fc9,retain,readable; no cleaning exclusion,,,split_group_53f10983357b4fe76a001fc9
Cats/Ringworm in Cat/Image_2.jpg,3,3,Cat - Ringworm,image_family_0ece8604f2ccc8afef96634f,retain,readable; no cleaning exclusion,,,split_group_0ece8604f2ccc8afef96634f
Cats/Ringworm in Cat/Image_20-2-_jpg.rf.StRixXVMHuORoDLs5NLn.jpg,3,3,Cat - Ringworm,image_family_8bb48b44db10189171ab632d,retain,readable; no cleaning exclusion,,,split_group_8bb48b44db10189171ab632d
Cats/Ringworm in Cat/Image_20-3-_jpg.rf.3ViNiMBO8WjrK2pyFaRB.jpg,3,3,Cat - Ringworm,image_family_6997b31bdc538ab2dc4ad128,retain,readable; no cleaning exclusion,,,split_group_6997b31bdc538ab2dc4ad128
Cats/Ringworm in Cat/Image_20-6-_jpg.rf.wTPeSqOEYvuhPwcXm9Bx.jpg,3,3,Cat - Ringworm,image_family_22d987008fd22d7af59234f3,retain,readable; no cleaning exclusion,,,split_group_22d987008fd22d7af59234f3
Cats/Ringworm in Cat/Image_20.jpg,3,3,Cat - Ringworm,image_family_c7b7cdedf66167b0743bfd56,retain,readable; no cleaning exclusion,,,split_group_c7b7cdedf66167b0743bfd56
Cats/Ringworm in Cat/Image_21.png,3,3,Cat - Ringworm,image_family_b2a210970a05fd6f5e9a0373,retain,readable; no cleaning exclusion,,,split_group_b2a210970a05fd6f5e9a0373
Cats/Ringworm in Cat/Image_22.jpg,3,3,Cat - Ringworm,image_family_798a1a377b71fd131c7ecf8a,retain,readable; no cleaning exclusion,,,split_group_798a1a377b71fd131c7ecf8a
Cats/Ringworm in Cat/Image_24.jpg,3,3,Cat - Ringworm,image_family_be75e5cc3b7fb2c3d76557ce,retain,readable; no cleaning exclusion,,,split_group_2cb9aebcb135ba7043748ffe
Cats/Ringworm in Cat/Image_25.jpg,3,3,Cat - Ringworm,image_family_df74afd868acf2286bbca3c1,retain,readable; no cleaning exclusion,,,split_group_df74afd868acf2286bbca3c1
Cats/Ringworm in Cat/Image_25_jpg.rf.ujEdNQuowbTjolN3zA3q.jpg,3,3,Cat - Ringworm,image_family_df74afd868acf2286bbca3c1,exclude_additional_source_family_member,one source-family representative policy; retained Cats/Ringworm in Cat/Image_25.jpg; original/animal identity not verified,,,split_group_df74afd868acf2286bbca3c1
Cats/Ringworm in Cat/Image_26.jpg,3,3,Cat - Ringworm,image_family_c43e46b1414c65c5ea5093d8,retain,readable; no cleaning exclusion,,,split_group_c43e46b1414c65c5ea5093d8
Cats/Ringworm in Cat/Image_27.jpg,3,3,Cat - Ringworm,image_family_267981aa19a8d55ef05b5abc,retain,readable; no cleaning exclusion,,,split_group_267981aa19a8d55ef05b5abc
Cats/Ringworm in Cat/Image_28.jpg,3,3,Cat - Ringworm,image_family_53d365710b9d76819fe52665,retain,readable; no cleaning exclusion,,,split_group_53d365710b9d76819fe52665
Cats/Ringworm in Cat/Image_28_jpg.rf.KeM27EEaJRo7eHcHnKQT.jpg,3,3,Cat - Ringworm,image_family_53d365710b9d76819fe52665,exclude_additional_source_family_member,one source-family representative policy; retained Cats/Ringworm in Cat/Image_28.jpg; original/animal identity not verified,,,split_group_53d365710b9d76819fe52665
Cats/Ringworm in Cat/Image_29-2-_jpg.rf.pXE8SwecffCIzGS7XLtk.jpg,3,3,Cat - Ringworm,image_family_e62d3d323427636bcbc55f05,retain,readable; no cleaning exclusion,,,split_group_e62d3d323427636bcbc55f05
Cats/Ringworm in Cat/Image_29.jpg,3,3,Cat - Ringworm,image_family_fa0ec9da4a924341b973d416,retain,readable; no cleaning exclusion,,,split_group_fa0ec9da4a924341b973d416
Cats/Ringworm in Cat/Image_3.jpg,3,3,Cat - Ringworm,image_family_15ff4b3f59053987a3aa0611,retain,readable; no cleaning exclusion,,,split_group_15ff4b3f59053987a3aa0611
Cats/Ringworm in Cat/Image_31.jpg,3,3,Cat - Ringworm,image_family_e238e004d1ba291e520ab821,retain,readable; no cleaning exclusion,,,split_group_4c4738ffa027a1564eb0ebe9
Cats/Ringworm in Cat/Image_32-2-_jpg.rf.NHuCjQw64hMAMqOrVYkn.jpg,3,3,Cat - Ringworm,image_family_d4ac60d891831e2618f43673,retain,readable; no cleaning exclusion,,,split_group_d4ac60d891831e2618f43673
Cats/Ringworm in Cat/Image_32.jpg,3,3,Cat - Ringworm,image_family_a4493cc7881ef83dd36a63f0,retain,readable; no cleaning exclusion,,,split_group_a4493cc7881ef83dd36a63f0
Cats/Ringworm in Cat/Image_33.jpg,3,3,Cat - Ringworm,image_family_b9e9f9f5669056b57e4f52fd,retain,readable; no cleaning exclusion,,,split_group_b9e9f9f5669056b57e4f52fd
Cats/Ringworm in Cat/Image_34_jpg.rf.OOAF41kIx55tSA5Zz2h0.jpg,3,3,Cat - Ringworm,image_family_ccf183205da0374bfedc52b5,retain,readable; no cleaning exclusion,,,split_group_ccf183205da0374bfedc52b5
Cats/Ringworm in Cat/Image_35-2-_jpg.rf.TZz4tQFBt0vCox4srG6h.jpg,3,3,Cat - Ringworm,image_family_c8592921922bd19d69245dc3,retain,readable; no cleaning exclusion,,,split_group_c8592921922bd19d69245dc3
Cats/Ringworm in Cat/Image_35_jpg.rf.qDBg53JOeRGEdEqXUKF1.jpg,3,3,Cat - Ringworm,image_family_6e6ade8d0b9b90be0390bedc,retain,readable; no cleaning exclusion,,,split_group_6e6ade8d0b9b90be0390bedc
Cats/Ringworm in Cat/Image_36.jpg,3,3,Cat - Ringworm,image_family_b8a6ab518391170cec44a309,retain,readable; no cleaning exclusion,,,split_group_b8a6ab518391170cec44a309
Cats/Ringworm in Cat/Image_37.jpg,3,3,Cat - Ringworm,image_family_de4e12a96ef4a4eef31d0d05,retain,readable; no cleaning exclusion,,,split_group_de4e12a96ef4a4eef31d0d05
Cats/Ringworm in Cat/Image_38.jpg,3,3,Cat - Ringworm,image_family_798a1a377b71fd131c7ecf8a,exclude_same_class_exact_duplicate,same-class exact RGB duplicate; retained representative Cats/Ringworm in Cat/Image_22.jpg,,,split_group_798a1a377b71fd131c7ecf8a
Cats/Ringworm in Cat/Image_4.jpg,3,3,Cat - Ringworm,image_family_7e35fb8fc4c2c1c519324ef9,retain,readable; no cleaning exclusion,,,split_group_766aa4e3f5ab1a6ee0af875b
Cats/Ringworm in Cat/Image_40.jpeg,3,3,Cat - Ringworm,image_family_2afc425de7e30660a0ee37c5,retain,readable; no cleaning exclusion,,,split_group_2afc425de7e30660a0ee37c5
Cats/Ringworm in Cat/Image_41.jpeg,3,3,Cat - Ringworm,image_family_2afc425de7e30660a0ee37c5,exclude_same_class_exact_duplicate,same-class exact RGB duplicate; retained representative Cats/Ringworm in Cat/Image_40.jpeg,,,split_group_2afc425de7e30660a0ee37c5
Cats/Ringworm in Cat/Image_42-3-_jpg.rf.v1qbs6RrLpvCMwOGNv53.jpg,3,3,Cat - Ringworm,image_family_3e1c35220aaafe2c2a410148,retain,readable; no cleaning exclusion,,,split_group_3e1c35220aaafe2c2a410148
Cats/Ringworm in Cat/Image_42.jpg,3,3,Cat - Ringworm,image_family_cd8b59072c59ff4dea579c1a,retain,readable; no cleaning exclusion,,,split_group_766aa4e3f5ab1a6ee0af875b
Cats/Ringworm in Cat/Image_44.jpg,3,3,Cat - Ringworm,image_family_97b788afe5fd640a0a2f792e,retain,readable; no cleaning exclusion,,,split_group_97b788afe5fd640a0a2f792e
Cats/Ringworm in Cat/Image_45.jpg,3,3,Cat - Ringworm,image_family_e921bcdd5bc9e10fa7895f00,retain,readable; no cleaning exclusion,,,split_group_e921bcdd5bc9e10fa7895f00
Cats/Ringworm in Cat/Image_46.jpg,3,3,Cat - Ringworm,image_family_12a04d387e7f9ff3dcd50167,retain,readable; no cleaning exclusion,,,split_group_12a04d387e7f9ff3dcd50167
Cats/Ringworm in Cat/Image_46.png,3,3,Cat - Ringworm,image_family_e78315094ec9e9a01425515d,retain,readable; no cleaning exclusion,,,split_group_d5d880e0edd92c8194532f24
Cats/Ringworm in Cat/Image_47-4-_jpg.rf.GWwyCrRxzX8dX19kTfcL.jpg,3,3,Cat - Ringworm,image_family_ccdefb35ad03f895bbcaa842,retain,readable; no cleaning exclusion,,,split_group_ccdefb35ad03f895bbcaa842
Cats/Ringworm in Cat/Image_48.png,3,3,Cat - Ringworm,image_family_e78315094ec9e9a01425515d,exclude_same_class_exact_duplicate,same-class exact RGB duplicate; retained representative Cats/Ringworm in Cat/Image_46.png,,,split_group_d5d880e0edd92c8194532f24
Cats/Ringworm in Cat/Image_5-3-_jpg.rf.yHy3rRlYYRWKzMAxEMkN.jpg,3,3,Cat - Ringworm,image_family_5d8ed3fce221237efe2a7c17,retain,readable; no cleaning exclusion,,,split_group_5d8ed3fce221237efe2a7c17
Cats/Ringworm in Cat/Image_5.jpg,3,3,Cat - Ringworm,image_family_ee9750bfff978e911ddedade,retain,readable; no cleaning exclusion,,,split_group_ee9750bfff978e911ddedade
Cats/Ringworm in Cat/Image_50.jpg,3,3,Cat - Ringworm,image_family_fabc68ef7fc0f18cd7fe1626,retain,readable; no cleaning exclusion,,,split_group_fabc68ef7fc0f18cd7fe1626
Cats/Ringworm in Cat/Image_51.jpg,3,3,Cat - Ringworm,image_family_0b77f06f3603ddf8c17b2d76,retain,readable; no cleaning exclusion,,,split_group_0b77f06f3603ddf8c17b2d76
Cats/Ringworm in Cat/Image_53.jpg,3,3,Cat - Ringworm,image_family_72478864bc96b0f32428ba37,retain,readable; no cleaning exclusion,,,split_group_72478864bc96b0f32428ba37
Cats/Ringworm in Cat/Image_54_jpg.rf.akcOrZiIYvVW5tveTJBa.jpg,3,3,Cat - Ringworm,image_family_8f5b7f258e538361a296cb05,retain,readable; no cleaning exclusion,,,split_group_751c12808c003151c20a9917
Cats/Ringworm in Cat/Image_55-2-_jpg.rf.r3tUybFlHwIBZftGtH9d.jpg,3,3,Cat - Ringworm,image_family_8ac88deccd913105c79b67cb,retain,readable; no cleaning exclusion,,,split_group_8ac88deccd913105c79b67cb
Cats/Ringworm in Cat/Image_56-2-_JPG_jpg.rf.tpW0a0KqFT3D5YkTK9ec.jpg,3,3,Cat - Ringworm,image_family_a1f5168beb5902b31f2f2ecc,retain,readable; no cleaning exclusion,,,split_group_a1f5168beb5902b31f2f2ecc
Cats/Ringworm in Cat/Image_56.png,3,3,Cat - Ringworm,image_family_4b5421d7b63367c5a72c1ce3,retain,readable; no cleaning exclusion,,,split_group_4b5421d7b63367c5a72c1ce3
Cats/Ringworm in Cat/Image_57.jpg,3,3,Cat - Ringworm,image_family_9484c4b5db6352155dbb802d,retain,readable; no cleaning exclusion,,,split_group_9484c4b5db6352155dbb802d
Cats/Ringworm in Cat/Image_58.jpg,3,3,Cat - Ringworm,image_family_1e35c1984b255660f514aead,retain,readable; no cleaning exclusion,,,split_group_1e35c1984b255660f514aead
Cats/Ringworm in Cat/Image_59.jpg,3,3,Cat - Ringworm,image_family_f719b83d4e207a037c452644,retain,readable; no cleaning exclusion,,,split_group_cf7574be6a5e88cfa2f5ce94
Cats/Ringworm in Cat/Image_6.jpg,3,3,Cat - Ringworm,image_family_2f48c017dacfc43f6c178794,retain,readable; no cleaning exclusion,,,split_group_cf7574be6a5e88cfa2f5ce94
Cats/Ringworm in Cat/Image_60-2-_jpg.rf.SALpU6oszldSQstg3MbW.jpg,3,3,Cat - Ringworm,image_family_aeb802c3f4111094998e5af8,retain,readable; no cleaning exclusion,,,split_group_aeb802c3f4111094998e5af8
Cats/Ringworm in Cat/Image_61.jpg,3,3,Cat - Ringworm,image_family_a32831a8767ea9979c39721f,retain,readable; no cleaning exclusion,,,split_group_cf7574be6a5e88cfa2f5ce94
Cats/Ringworm in Cat/Image_62_jpg.rf.A8jsShadqXqzVmefMFgl.jpg,3,3,Cat - Ringworm,image_family_101a155dc6d5b3118e89d66b,retain,readable; no cleaning exclusion,,,split_group_751c12808c003151c20a9917
Cats/Ringworm in Cat/Image_63.jpg,3,3,Cat - Ringworm,image_family_58d040cc12fd0def3a7cd64c,retain,readable; no cleaning exclusion,,,split_group_58d040cc12fd0def3a7cd64c
Cats/Ringworm in Cat/Image_69.jpg,3,3,Cat - Ringworm,image_family_6f64377706fef8ceb114de19,retain,readable; no cleaning exclusion,,,split_group_6f64377706fef8ceb114de19
Cats/Ringworm in Cat/Image_7.jpg,3,3,Cat - Ringworm,image_family_f6d182d1fed10ca6f4372caa,retain,readable; no cleaning exclusion,,,split_group_41ef9d3f578e31b7942c0447
Cats/Ringworm in Cat/Image_71-3-_jpg.rf.QNNncabL8a0ZXCp9yGkZ.jpg,3,3,Cat - Ringworm,image_family_9a3f610d151b7122ac806437,retain,readable; no cleaning exclusion,,,split_group_9a3f610d151b7122ac806437
Cats/Ringworm in Cat/Image_72-3-_jpg.rf.SGuh89I6dpgufz89Kizj.jpg,3,3,Cat - Ringworm,image_family_189ee9548be3c0b7db43bbad,retain,readable; no cleaning exclusion,,,split_group_189ee9548be3c0b7db43bbad
Cats/Ringworm in Cat/Image_73.jpg,3,3,Cat - Ringworm,image_family_399e17f3843b4dc10f61baec,retain,readable; no cleaning exclusion,,,split_group_399e17f3843b4dc10f61baec
Cats/Ringworm in Cat/Image_76.jpg,3,3,Cat - Ringworm,image_family_bd6dc3c344d472568c89e8cb,retain,readable; no cleaning exclusion,,,split_group_2cb9aebcb135ba7043748ffe
Cats/Ringworm in Cat/Image_76_jpg.rf.XDVr7D8a9Jk9ufaKZ9E5.jpg,3,3,Cat - Ringworm,image_family_bd6dc3c344d472568c89e8cb,exclude_additional_source_family_member,one source-family representative policy; retained Cats/Ringworm in Cat/Image_76.jpg; original/animal identity not verified,,,split_group_2cb9aebcb135ba7043748ffe
Cats/Ringworm in Cat/Image_8.jpg,3,3,Cat - Ringworm,image_family_eb5c6efa666e7d7a85dfeea7,retain,readable; no cleaning exclusion,,,split_group_eb5c6efa666e7d7a85dfeea7
Cats/Ringworm in Cat/Image_80_jpg.rf.VapK1J1W9FUNChgCFiQm.jpg,3,3,Cat - Ringworm,image_family_78f5bf2a67adeca7ff9d9cf6,retain,readable; no cleaning exclusion,,,split_group_78f5bf2a67adeca7ff9d9cf6
Cats/Ringworm in Cat/Image_9.jpg,3,3,Cat - Ringworm,image_family_c6f46669317a72305f8168d2,retain,readable; no cleaning exclusion,,,split_group_c6f46669317a72305f8168d2
Cats/Ringworm in Cat/Image_94.jpg,3,3,Cat - Ringworm,image_family_596f23b68ff785c862774aa7,retain,readable; no cleaning exclusion,,,split_group_596f23b68ff785c862774aa7
Cats/Ringworm in Cat/Image_97_jpg.rf.iCIP7SD318io2LigdMYk.jpg,3,3,Cat - Ringworm,image_family_3bba4771e45865d236120bd8,retain,readable; no cleaning exclusion,,,split_group_3bba4771e45865d236120bd8
Cats/Ringworm in Cat/Image_99.jpg,3,3,Cat - Ringworm,image_family_446132b21b5a8d57bd5b5e2f,retain,readable; no cleaning exclusion,,,split_group_446132b21b5a8d57bd5b5e2f
Cats/Ringworm in Cat/Lick_granuloma_1_jpg.rf.WdkPUdlHEzOmUGHBoImr.jpg,3,3,Cat - Ringworm,image_family_6522f4b6037a01b29fcfbe14,retain,readable; no cleaning exclusion,,,split_group_6522f4b6037a01b29fcfbe14
Cats/Ringworm in Cat/May-is-allergy-awareness-month-here-at-The-Shot-Spot_01552_jpg.rf.vqq6PrmBDwGCGjG7Gnpj.jpg,3,3,Cat - Ringworm,image_family_7d5636be960388b07e23c9f7,retain,readable; no cleaning exclusion,,,split_group_7d5636be960388b07e23c9f7
Cats/Ringworm in Cat/May-is-allergy-awareness-month-here-at-The-Shot-Spot_01561_jpg.rf.tk63rVImJQ0HyoOAryAG.jpg,3,3,Cat - Ringworm,image_family_ba4812a6e1d31e59141917c7,retain,readable; no cleaning exclusion,,,split_group_ba4812a6e1d31e59141917c7
Cats/Ringworm in Cat/May-is-allergy-awareness-month-here-at-The-Shot-Spot_02797_jpg.rf.oyCcDemcc838eCrfZcBh.jpg,3,3,Cat - Ringworm,image_family_aed1dd6288db1c49b6362140,retain,readable; no cleaning exclusion,,,split_group_aed1dd6288db1c49b6362140
Cats/Ringworm in Cat/OIP-8-_x16_jpg.rf.8lDcECgdSTY1s5UTbmUV.jpg,3,3,Cat - Ringworm,image_family_c4ead6c2b95c4fa117f0effc,retain,readable; no cleaning exclusion,,,split_group_c4ead6c2b95c4fa117f0effc
Cats/Ringworm in Cat/Owners-usually-don-t-get-a-good-vote-of-just-how-big-hotspots_00349_jpg.rf.8viemwqanSCJw8XryzXy.jpg,3,3,Cat - Ringworm,image_family_f20370e031e6f66460d44cf2,retain,readable; no cleaning exclusion,,,split_group_f20370e031e6f66460d44cf2
Cats/Ringworm in Cat/Ringworm-in-Cats-Treatments-and-Symptoms-5_jpg.rf.apW30tk6PQMB4Q3IhnKj.jpg,3,3,Cat - Ringworm,image_family_a0d8e3757370a826d1da7fc6,retain,readable; no cleaning exclusion,,,split_group_a0d8e3757370a826d1da7fc6
Cats/Ringworm in Cat/Ringworm-in-Cats-Treatments-and-Symptoms-5_jpg.rf.tIQpQTPkKJUwVyshwbUy.jpg,3,3,Cat - Ringworm,image_family_a0d8e3757370a826d1da7fc6,exclude_additional_source_family_member,one source-family representative policy; retained Cats/Ringworm in Cat/Ringworm-in-Cats-Treatments-and-Symptoms-5_jpg.rf.apW30tk6PQMB4Q3IhnKj.jpg; original/animal identity not verified,,,split_group_a0d8e3757370a826d1da7fc6
Cats/Ringworm in Cat/Ringworm-lesion-in-cat_Yaya-photos_Shutterstock-jpg_webp.rf.9oDW77ieDwgXVk77UNbR.webp,3,3,Cat - Ringworm,image_family_fcd04ec9ab5a6621784369be,retain,readable; no cleaning exclusion,,,split_group_fcd04ec9ab5a6621784369be
Cats/Ringworm in Cat/Screenshot 2024-11-16 181028_png.rf.nc3ShP156AAy6lW2TNPS.png,3,3,Cat - Ringworm,image_family_f96d0e3daf8b1a6cb1af90fb,retain,readable; no cleaning exclusion,,,split_group_f96d0e3daf8b1a6cb1af90fb
Cats/Ringworm in Cat/Screenshot 2024-11-16 181047_png.rf.VY1dKsBS37VIH9J82qPS.png,3,3,Cat - Ringworm,image_family_4190b9f9b228959f78e33113,retain,readable; no cleaning exclusion,,,split_group_4190b9f9b228959f78e33113
Cats/Ringworm in Cat/Screenshot 2024-11-16 181130_png.rf.Su5mUeW1H3TkU07oAlCZ.png,3,3,Cat - Ringworm,image_family_12cd03fd0254ab1cb1d1003b,retain,readable; no cleaning exclusion,,,split_group_12cd03fd0254ab1cb1d1003b
Cats/Ringworm in Cat/Screenshot 2024-11-16 181434_png.rf.MaFiRac4icRoqF353zNt.png,3,3,Cat - Ringworm,image_family_a3f9638565e74f099ed13347,retain,readable; no cleaning exclusion,,,split_group_a3f9638565e74f099ed13347
Cats/Ringworm in Cat/Screenshot 2024-11-16 181513_png.rf.LX8r0lWCZHUEXkhYtW3Z.png,3,3,Cat - Ringworm,image_family_2abdf8976d2e116f4772d436,retain,readable; no cleaning exclusion,,,split_group_4c4738ffa027a1564eb0ebe9
Cats/Ringworm in Cat/Screenshot 2024-11-16 181725_png.rf.xzvh75T4cZGEvZtIQziI.png,3,3,Cat - Ringworm,image_family_37727f3fcddd6a66e2ea024b,retain,readable; no cleaning exclusion,,,split_group_37727f3fcddd6a66e2ea024b
Cats/Ringworm in Cat/Screenshot 2024-11-16 181809_png.rf.m9hrH8swDudrvtnpo85s.png,3,3,Cat - Ringworm,image_family_30a440cd88ef2da67bd5435c,retain,readable; no cleaning exclusion,,,split_group_30a440cd88ef2da67bd5435c
Cats/Ringworm in Cat/Screenshot 2024-11-16 181936_png.rf.CwuMeVN96xTnvob4XnMh.png,3,3,Cat - Ringworm,image_family_ee0da342a7f53eceed70af81,retain,readable; no cleaning exclusion,,,split_group_ee0da342a7f53eceed70af81
Cats/Ringworm in Cat/Screenshot 2024-11-16 182105_png.rf.KRHMumIALHyANbizjruf.png,3,3,Cat - Ringworm,image_family_42f7a39c5c477ba1454fb5cf,retain,readable; no cleaning exclusion,,,split_group_42f7a39c5c477ba1454fb5cf
Cats/Ringworm in Cat/Screenshot 2024-11-16 182320_png.rf.GaWURjDzjXLLnVB19iVn.png,3,3,Cat - Ringworm,image_family_ced2b8e5fe3591e0481f3560,retain,readable; no cleaning exclusion,,,split_group_ced2b8e5fe3591e0481f3560
Cats/Ringworm in Cat/Screenshot 2024-11-16 182449_png.rf.RfdZNyc8dyPRWgtTzOlj.png,3,3,Cat - Ringworm,image_family_82905a42541142755e399a59,retain,readable; no cleaning exclusion,,,split_group_82905a42541142755e399a59
Cats/Ringworm in Cat/Screenshot 2024-11-16 182620_png.rf.Bk44gfmjXS98h4fGE21C.png,3,3,Cat - Ringworm,image_family_a442820c4bfe4fd4a4840dbb,retain,readable; no cleaning exclusion,,,split_group_41ef9d3f578e31b7942c0447
Cats/Ringworm in Cat/Screenshot 2024-11-16 182913_png.rf.HRy2XRCAokjXhg65ozPF.png,3,3,Cat - Ringworm,image_family_09419b0ac08778e5523956e9,retain,readable; no cleaning exclusion,,,split_group_09419b0ac08778e5523956e9
Cats/Ringworm in Cat/Screenshot 2024-11-16 182941_png.rf.NsDivdJhq585JOfT4COs.png,3,3,Cat - Ringworm,image_family_1afffe2bae4dadc6d0c79ae2,retain,readable; no cleaning exclusion,,,split_group_1afffe2bae4dadc6d0c79ae2
Cats/Ringworm in Cat/Screenshot 2024-11-16 183007_png.rf.g6SVZwg1M5URK7ZqZPBb.png,3,3,Cat - Ringworm,image_family_7952b3cc75bafb16a957f627,retain,readable; no cleaning exclusion,,,split_group_7952b3cc75bafb16a957f627
Cats/Ringworm in Cat/Screenshot 2024-11-16 183050_png.rf.ng850D9dZCpjyuUNozKz.png,3,3,Cat - Ringworm,image_family_744899ad4150fea5a29fc8b2,retain,readable; no cleaning exclusion,,,split_group_744899ad4150fea5a29fc8b2
Cats/Ringworm in Cat/Screenshot 2024-11-16 183222_png.rf.ptx1BR5j4WTvs7R4GoFc.png,3,3,Cat - Ringworm,image_family_adedc27a2ee457edaec172db,retain,readable; no cleaning exclusion,,,split_group_adedc27a2ee457edaec172db
Cats/Ringworm in Cat/Screenshot 2024-11-16 183256_png.rf.bYkGkBgbuyhetUuPgaKO.png,3,3,Cat - Ringworm,image_family_ecd140e294aa70656642b616,retain,readable; no cleaning exclusion,,,split_group_ecd140e294aa70656642b616
Cats/Ringworm in Cat/Screenshot 2024-11-16 183315_png.rf.8VXdHKSRjJkgHC3jqCLk.png,3,3,Cat - Ringworm,image_family_596ea58471d1ada5d8267bd3,retain,readable; no cleaning exclusion,,,split_group_596ea58471d1ada5d8267bd3
Cats/Ringworm in Cat/Screenshot 2024-11-16 183716_png.rf.qoLspupilQRdev1a6UyE.png,3,3,Cat - Ringworm,image_family_ad354943f656c2eb9c196e84,retain,readable; no cleaning exclusion,,,split_group_ad354943f656c2eb9c196e84
Cats/Ringworm in Cat/Screenshot 2024-11-16 184110_png.rf.xeo1CDLFGK9v11LK2Anq.png,3,3,Cat - Ringworm,image_family_597c04b6bed0a6e9cae39a93,retain,readable; no cleaning exclusion,,,split_group_597c04b6bed0a6e9cae39a93
Cats/Ringworm in Cat/Screenshot 2024-11-16 184314_png.rf.JUCf9At8NaT3zypgjNOJ.png,3,3,Cat - Ringworm,image_family_16a07401f04c8da20e331388,retain,readable; no cleaning exclusion,,,split_group_16a07401f04c8da20e331388
Cats/Ringworm in Cat/Screenshot 2024-11-16 184449_png.rf.X9ipA02CAcAGDZC0hTFa.png,3,3,Cat - Ringworm,image_family_4117ebaff257a43c1fb88efd,retain,readable; no cleaning exclusion,,,split_group_4117ebaff257a43c1fb88efd
Cats/Ringworm in Cat/Screenshot-2024-10-14-175112_png_jpg.rf.L3m2zainyVpQkQMz9Mj0.jpg,3,3,Cat - Ringworm,image_family_eeca9fdf363ddefbc64434d3,retain,readable; no cleaning exclusion,,,split_group_eeca9fdf363ddefbc64434d3
Cats/Ringworm in Cat/Screenshot-2024-10-14-175112_png_jpg.rf.MA6KKi3XQbA66RtEUeOq.jpg,3,3,Cat - Ringworm,image_family_eeca9fdf363ddefbc64434d3,exclude_additional_source_family_member,one source-family representative policy; retained Cats/Ringworm in Cat/Screenshot-2024-10-14-175112_png_jpg.rf.L3m2zainyVpQkQMz9Mj0.jpg; original/animal identity not verified,,,split_group_eeca9fdf363ddefbc64434d3
Cats/Ringworm in Cat/Screenshot-2024-10-14-175809_png_jpg.rf.6dxo48VIq2VvbqswIDRt.jpg,3,3,Cat - Ringworm,image_family_b15f7dcd9cf0f5e7f2c20d87,retain,readable; no cleaning exclusion,,,split_group_b15f7dcd9cf0f5e7f2c20d87
Cats/Ringworm in Cat/Screenshot-2024-10-14-175809_png_jpg.rf.Dt7Xhobqieay8SigWjtq.jpg,3,3,Cat - Ringworm,image_family_b15f7dcd9cf0f5e7f2c20d87,exclude_additional_source_family_member,one source-family representative policy; retained Cats/Ringworm in Cat/Screenshot-2024-10-14-175809_png_jpg.rf.6dxo48VIq2VvbqswIDRt.jpg; original/animal identity not verified,,,split_group_b15f7dcd9cf0f5e7f2c20d87
Cats/Ringworm in Cat/Screenshot-2024-10-14-175809_png_jpg.rf.sFo1bwd1UDLXM3Xx8Tyq.jpg,3,3,Cat - Ringworm,image_family_b15f7dcd9cf0f5e7f2c20d87,exclude_additional_source_family_member,one source-family representative policy; retained Cats/Ringworm in Cat/Screenshot-2024-10-14-175809_png_jpg.rf.6dxo48VIq2VvbqswIDRt.jpg; original/animal identity not verified,,,split_group_b15f7dcd9cf0f5e7f2c20d87
Cats/Ringworm in Cat/Screenshot-2024-10-14-175932_png_jpg.rf.hl4qdgLZB9giXAslalDt.jpg,3,3,Cat - Ringworm,image_family_dc0bfeee97f8e6252a071c99,retain,readable; no cleaning exclusion,,,split_group_dc0bfeee97f8e6252a071c99
Cats/Ringworm in Cat/Screenshot-2024-10-14-175932_png_jpg.rf.kbVfYKvbe4fqD66JkpYO.jpg,3,3,Cat - Ringworm,image_family_dc0bfeee97f8e6252a071c99,exclude_additional_source_family_member,one source-family representative policy; retained Cats/Ringworm in Cat/Screenshot-2024-10-14-175932_png_jpg.rf.hl4qdgLZB9giXAslalDt.jpg; original/animal identity not verified,,,split_group_dc0bfeee97f8e6252a071c99
Cats/Ringworm in Cat/Screenshot-2024-10-14-175932_png_jpg.rf.soCDgZN6B8IuPdXVNt1w.jpg,3,3,Cat - Ringworm,image_family_dc0bfeee97f8e6252a071c99,exclude_additional_source_family_member,one source-family representative policy; retained Cats/Ringworm in Cat/Screenshot-2024-10-14-175932_png_jpg.rf.hl4qdgLZB9giXAslalDt.jpg; original/animal identity not verified,,,split_group_dc0bfeee97f8e6252a071c99
Cats/Ringworm in Cat/Screenshot-2024-10-14-180043_png_jpg.rf.61Rlq7h0Sv8p8hdqXrEg.jpg,3,3,Cat - Ringworm,image_family_21c76ca9453d1b0f84192061,retain,readable; no cleaning exclusion,,,split_group_21c76ca9453d1b0f84192061
Cats/Ringworm in Cat/Screenshot-2024-10-14-180043_png_jpg.rf.cRahcWb8UUdDc8NTVTWo.jpg,3,3,Cat - Ringworm,image_family_21c76ca9453d1b0f84192061,exclude_additional_source_family_member,one source-family representative policy; retained Cats/Ringworm in Cat/Screenshot-2024-10-14-180043_png_jpg.rf.61Rlq7h0Sv8p8hdqXrEg.jpg; original/animal identity not verified,,,split_group_21c76ca9453d1b0f84192061
Cats/Ringworm in Cat/Screenshot-2024-10-14-180043_png_jpg.rf.wBqe0NfnOyjESiFwOyCe.jpg,3,3,Cat - Ringworm,image_family_21c76ca9453d1b0f84192061,exclude_additional_source_family_member,one source-family representative policy; retained Cats/Ringworm in Cat/Screenshot-2024-10-14-180043_png_jpg.rf.61Rlq7h0Sv8p8hdqXrEg.jpg; original/animal identity not verified,,,split_group_21c76ca9453d1b0f84192061
Cats/Ringworm in Cat/Screenshot-2024-10-14-180439_png_jpg.rf.pmDBvOFvRinJjNLDo7zl.jpg,3,3,Cat - Ringworm,image_family_d6f29099e6c3c8e9846a363a,retain,readable; no cleaning exclusion,,,split_group_d6f29099e6c3c8e9846a363a
Cats/Ringworm in Cat/Screenshot-2024-10-14-180439_png_jpg.rf.yKa9bnO57sWjZ4PMqnjV.jpg,3,3,Cat - Ringworm,image_family_d6f29099e6c3c8e9846a363a,exclude_additional_source_family_member,one source-family representative policy; retained Cats/Ringworm in Cat/Screenshot-2024-10-14-180439_png_jpg.rf.pmDBvOFvRinJjNLDo7zl.jpg; original/animal identity not verified,,,split_group_d6f29099e6c3c8e9846a363a
Cats/Ringworm in Cat/Screenshot-2024-10-14-180548_png_jpg.rf.go6YnQbi1Ji1ZA7R8jJE.jpg,3,3,Cat - Ringworm,image_family_edaee387665976225b542c9d,retain,readable; no cleaning exclusion,,,split_group_edaee387665976225b542c9d
Cats/Ringworm in Cat/Screenshot-2024-10-14-180548_png_jpg.rf.xQXiOGz0HRmhyfjq2TJO.jpg,3,3,Cat - Ringworm,image_family_edaee387665976225b542c9d,exclude_additional_source_family_member,one source-family representative policy; retained Cats/Ringworm in Cat/Screenshot-2024-10-14-180548_png_jpg.rf.go6YnQbi1Ji1ZA7R8jJE.jpg; original/animal identity not verified,,,split_group_edaee387665976225b542c9d
Cats/Ringworm in Cat/Screenshot-2024-10-14-180548_png_jpg.rf.zuN1JIaIE4SyNlkB0Eh1.jpg,3,3,Cat - Ringworm,image_family_edaee387665976225b542c9d,exclude_additional_source_family_member,one source-family representative policy; retained Cats/Ringworm in Cat/Screenshot-2024-10-14-180548_png_jpg.rf.go6YnQbi1Ji1ZA7R8jJE.jpg; original/animal identity not verified,,,split_group_edaee387665976225b542c9d
Cats/Ringworm in Cat/Screenshot-2024-10-14-180656_png_jpg.rf.acXM9Zr9JIqTFjk3sgZT.jpg,3,3,Cat - Ringworm,image_family_dec75386e10f6c28c158e0ac,retain,readable; no cleaning exclusion,,,split_group_dec75386e10f6c28c158e0ac
Cats/Ringworm in Cat/Screenshot-2024-10-14-180656_png_jpg.rf.xfyOuUbGVtYYIxNFYBf3.jpg,3,3,Cat - Ringworm,image_family_dec75386e10f6c28c158e0ac,exclude_additional_source_family_member,one source-family representative policy; retained Cats/Ringworm in Cat/Screenshot-2024-10-14-180656_png_jpg.rf.acXM9Zr9JIqTFjk3sgZT.jpg; original/animal identity not verified,,,split_group_dec75386e10f6c28c158e0ac
Cats/Ringworm in Cat/Screenshot-2024-10-14-182237_png_jpg.rf.L6o8E4nsYJzRjLU0Yn9f.jpg,3,3,Cat - Ringworm,image_family_88f558720709b2fde8a73d23,retain,readable; no cleaning exclusion,,,split_group_88f558720709b2fde8a73d23
Cats/Ringworm in Cat/Screenshot-2024-10-14-182237_png_jpg.rf.fDU8VYeNPf8Ig53ZcqfV.jpg,3,3,Cat - Ringworm,image_family_88f558720709b2fde8a73d23,exclude_additional_source_family_member,one source-family representative policy; retained Cats/Ringworm in Cat/Screenshot-2024-10-14-182237_png_jpg.rf.L6o8E4nsYJzRjLU0Yn9f.jpg; original/animal identity not verified,,,split_group_88f558720709b2fde8a73d23
Cats/Ringworm in Cat/Thank-you-all-for-your-support_00004_jpg.rf.DFE5N0VQlWZU5yRKsQKU.jpg,3,3,Cat - Ringworm,image_family_896e623e646f3b82599c5283,retain,readable; no cleaning exclusion,,,split_group_896e623e646f3b82599c5283
Cats/Ringworm in Cat/aug3_jpg.rf.QHI5qvhGXXNXS28xEIWd.jpg,3,3,Cat - Ringworm,image_family_f9ecf3251848855f228b3edb,retain,readable; no cleaning exclusion,,,split_group_f9ecf3251848855f228b3edb
Cats/Ringworm in Cat/aug_0_4160_jpeg_jpg.rf.N9OeCojQmTNUAgVPG7B7.jpg,3,3,Cat - Ringworm,image_family_c24765198067d03df950d98f,retain,readable; no cleaning exclusion,,,split_group_c24765198067d03df950d98f
Cats/Ringworm in Cat/hot-spots-suck_00028_jpg.rf.EAYxcwlUIwpysweEP8jg.jpg,3,3,Cat - Ringworm,image_family_9427498682b45f26b0cc50fb,retain,readable; no cleaning exclusion,,,split_group_9427498682b45f26b0cc50fb
Cats/Ringworm in Cat/hot-spots-suck_00043_jpg.rf.deesxLaN8AMGyQ4RuaTB.jpg,3,3,Cat - Ringworm,image_family_e0681173f128640c05824964,retain,readable; no cleaning exclusion,,,split_group_e0681173f128640c05824964
Cats/Ringworm in Cat/hot-spots-suck_00103_jpg.rf.UlIqI0Kc1wALO2nMwr6r.jpg,3,3,Cat - Ringworm,image_family_602e00bf87c725ab085e8379,retain,readable; no cleaning exclusion,,,split_group_602e00bf87c725ab085e8379
Cats/Ringworm in Cat/hot-spots-suck_00232_jpg.rf.qRxGKmbNUx0BLKx8G6yc.jpg,3,3,Cat - Ringworm,image_family_49e64c4025edff5a1c26f2e9,retain,readable; no cleaning exclusion,,,split_group_49e64c4025edff5a1c26f2e9
Cats/Ringworm in Cat/hot-spots-suck_00235_jpg.rf.cu3reCBIJZLvwxL7t5Tc.jpg,3,3,Cat - Ringworm,image_family_b4fb58c7bc1215e737519e9c,retain,readable; no cleaning exclusion,,,split_group_b4fb58c7bc1215e737519e9c
Cats/Ringworm in Cat/hot-spots-suck_00310_jpg.rf.WorCHXucq9ORbCxWOevD.jpg,3,3,Cat - Ringworm,image_family_fa7974f31be2205499d96469,retain,readable; no cleaning exclusion,,,split_group_fa7974f31be2205499d96469
Cats/Ringworm in Cat/hot-spots-suck_00322_jpg.rf.zDM1zVpvSvT3KZOgNFpg.jpg,3,3,Cat - Ringworm,image_family_d4eee318a5fa08a7b223a2d2,retain,readable; no cleaning exclusion,,,split_group_d4eee318a5fa08a7b223a2d2
Cats/Ringworm in Cat/hotspot-30-_jpg.rf.2SSDF4mRsolTy12SaxGW.jpg,3,3,Cat - Ringworm,image_family_01e4e8fc703b26903449eea4,retain,readable; no cleaning exclusion,,,split_group_01e4e8fc703b26903449eea4
Cats/Ringworm in Cat/hotspot-50-_jpg.rf.VuEBaIKHht2AQHlBYNbM.jpg,3,3,Cat - Ringworm,image_family_57f6cbea4e12038630373c30,retain,readable; no cleaning exclusion,,,split_group_57f6cbea4e12038630373c30
Cats/Ringworm in Cat/hotspot-63-_jpg.rf.8j6klibdFUejsgCxTxOj.jpg,3,3,Cat - Ringworm,image_family_49fcc483602b43ada0983d35,retain,readable; no cleaning exclusion,,,split_group_49fcc483602b43ada0983d35
Cats/Ringworm in Cat/hotspot-70-_jpg.rf.hxIc60qd8g1coXMNSj5B.jpg,3,3,Cat - Ringworm,image_family_aac3a622bb893c5119e09513,retain,readable; no cleaning exclusion,,,split_group_aac3a622bb893c5119e09513
Cats/Ringworm in Cat/hotspot-79-_jpg.rf.vjDFMZj6H13KvmEIScek.jpg,3,3,Cat - Ringworm,image_family_8cabd6657584823b29ba570a,retain,readable; no cleaning exclusion,,,split_group_8cabd6657584823b29ba570a
Cats/Ringworm in Cat/images-18-Copy_jpeg_jpg.rf.NUOhpyKdUUI5EuYJ2LZu.jpg,3,3,Cat - Ringworm,image_family_1a8bab6492faf965cf7fe4e6,retain,readable; no cleaning exclusion,,,split_group_1a8bab6492faf965cf7fe4e6
Cats/Ringworm in Cat/images-32-Copy_jpeg_jpg.rf.gz0ngdgHkW2MYfzX7aad.jpg,3,3,Cat - Ringworm,image_family_9a3f1822018c58540f5b400f,retain,readable; no cleaning exclusion,,,split_group_9a3f1822018c58540f5b400f
Cats/Ringworm in Cat/images-34-_jpeg_jpg.rf.oCWzwz14MRyCOebSuPFV.jpg,3,3,Cat - Ringworm,image_family_078a8a8ca989b75a53f76ae9,retain,readable; no cleaning exclusion,,,split_group_078a8a8ca989b75a53f76ae9
Cats/Ringworm in Cat/images-34-_jpeg_jpg.rf.uICnVZbNOzU8039z23DF.jpg,3,3,Cat - Ringworm,image_family_078a8a8ca989b75a53f76ae9,exclude_additional_source_family_member,one source-family representative policy; retained Cats/Ringworm in Cat/images-34-_jpeg_jpg.rf.oCWzwz14MRyCOebSuPFV.jpg; original/animal identity not verified,,,split_group_078a8a8ca989b75a53f76ae9
Cats/Ringworm in Cat/images-35-_jpeg_jpg.rf.c0rM7JScMxg1GOPBOTOg.jpg,3,3,Cat - Ringworm,image_family_50ad9e8c13efbbe8331b3e56,retain,readable; no cleaning exclusion,,,split_group_50ad9e8c13efbbe8331b3e56
Cats/Ringworm in Cat/images-36-_jpeg_jpg.rf.MhGU5R48Mt6plNsu1O4z.jpg,3,3,Cat - Ringworm,image_family_2159c7c844c97722646140f8,retain,readable; no cleaning exclusion,,,split_group_2159c7c844c97722646140f8
Cats/Ringworm in Cat/images-36-_jpeg_jpg.rf.PzJvDgVtzFFymjE9uPsD.jpg,3,3,Cat - Ringworm,image_family_2159c7c844c97722646140f8,exclude_additional_source_family_member,one source-family representative policy; retained Cats/Ringworm in Cat/images-36-_jpeg_jpg.rf.MhGU5R48Mt6plNsu1O4z.jpg; original/animal identity not verified,,,split_group_2159c7c844c97722646140f8
Cats/Ringworm in Cat/images-36-_jpeg_jpg.rf.tbsmUxPmcGhqHgPsvb8E.jpg,3,3,Cat - Ringworm,image_family_2159c7c844c97722646140f8,exclude_additional_source_family_member,one source-family representative policy; retained Cats/Ringworm in Cat/images-36-_jpeg_jpg.rf.MhGU5R48Mt6plNsu1O4z.jpg; original/animal identity not verified,,,split_group_2159c7c844c97722646140f8
Cats/Ringworm in Cat/images-41-_jpeg_jpg.rf.2ARdtuO155YyuDt9OcSG.jpg,3,3,Cat - Ringworm,image_family_3d70ec780ea614d7f91bcef2,retain,readable; no cleaning exclusion,,,split_group_3d70ec780ea614d7f91bcef2
Cats/Ringworm in Cat/images-41-_jpeg_jpg.rf.GD4LykrJHSDu6q2X8VWR.jpg,3,3,Cat - Ringworm,image_family_3d70ec780ea614d7f91bcef2,exclude_additional_source_family_member,one source-family representative policy; retained Cats/Ringworm in Cat/images-41-_jpeg_jpg.rf.2ARdtuO155YyuDt9OcSG.jpg; original/animal identity not verified,,,split_group_3d70ec780ea614d7f91bcef2
Cats/Ringworm in Cat/images-41-_jpeg_jpg.rf.MNEn8JUJ4eG27ZpHrxrd.jpg,3,3,Cat - Ringworm,image_family_3d70ec780ea614d7f91bcef2,exclude_additional_source_family_member,one source-family representative policy; retained Cats/Ringworm in Cat/images-41-_jpeg_jpg.rf.2ARdtuO155YyuDt9OcSG.jpg; original/animal identity not verified,,,split_group_3d70ec780ea614d7f91bcef2
Cats/Ringworm in Cat/images-41-_jpeg_jpg.rf.jxbwDOAAZlAEAciQ9B6X.jpg,3,3,Cat - Ringworm,image_family_3d70ec780ea614d7f91bcef2,exclude_additional_source_family_member,one source-family representative policy; retained Cats/Ringworm in Cat/images-41-_jpeg_jpg.rf.2ARdtuO155YyuDt9OcSG.jpg; original/animal identity not verified,,,split_group_3d70ec780ea614d7f91bcef2
Cats/Ringworm in Cat/images-43-_jpeg_jpg.rf.2YK1yJMP3LXp2kNZTiOY.jpg,3,3,Cat - Ringworm,image_family_802c7124fb1745b1b5c599f5,retain,readable; no cleaning exclusion,,,split_group_802c7124fb1745b1b5c599f5
Cats/Ringworm in Cat/images-43-_jpeg_jpg.rf.GisDzn50u4ki6Gwn543d.jpg,3,3,Cat - Ringworm,image_family_802c7124fb1745b1b5c599f5,exclude_additional_source_family_member,one source-family representative policy; retained Cats/Ringworm in Cat/images-43-_jpeg_jpg.rf.2YK1yJMP3LXp2kNZTiOY.jpg; original/animal identity not verified,,,split_group_802c7124fb1745b1b5c599f5
Cats/Ringworm in Cat/j21_jpeg_jpg.rf.3d9ngG9yjIZqhwBqN1WJ.jpg,3,3,Cat - Ringworm,image_family_6e9abdbc144fbcde67526b2b,retain,readable; no cleaning exclusion,,,split_group_6e9abdbc144fbcde67526b2b
Cats/Ringworm in Cat/j21_jpeg_jpg.rf.bFUPCZSWKVTxGRh2hWsQ.jpg,3,3,Cat - Ringworm,image_family_6e9abdbc144fbcde67526b2b,exclude_additional_source_family_member,one source-family representative policy; retained Cats/Ringworm in Cat/j21_jpeg_jpg.rf.3d9ngG9yjIZqhwBqN1WJ.jpg; original/animal identity not verified,,,split_group_6e9abdbc144fbcde67526b2b
Cats/Ringworm in Cat/j22_jpeg_jpg.rf.ZuWi5vw6pl6H4OwBVFhR.jpg,3,3,Cat - Ringworm,image_family_3ad756f09d770d0726f83086,retain,readable; no cleaning exclusion,,,split_group_3ad756f09d770d0726f83086
Cats/Ringworm in Cat/j25_jpeg_jpg.rf.EU0S2C7wrp53vH5S2bfn.jpg,3,3,Cat - Ringworm,image_family_0f6f4c5a760a6b7de90c4785,retain,readable; no cleaning exclusion,,,split_group_0f6f4c5a760a6b7de90c4785
Cats/Ringworm in Cat/j25_jpeg_jpg.rf.wA0SBc4oYKqGGUYmKuVw.jpg,3,3,Cat - Ringworm,image_family_0f6f4c5a760a6b7de90c4785,exclude_additional_source_family_member,one source-family representative policy; retained Cats/Ringworm in Cat/j25_jpeg_jpg.rf.EU0S2C7wrp53vH5S2bfn.jpg; original/animal identity not verified,,,split_group_0f6f4c5a760a6b7de90c4785
Cats/Ringworm in Cat/j26_jpeg_jpg.rf.8IyI7qLrbLX90jyBNptV.jpg,3,3,Cat - Ringworm,image_family_4151de2ee4db81270ed98af1,retain,readable; no cleaning exclusion,,,split_group_4151de2ee4db81270ed98af1
Cats/Ringworm in Cat/j26_jpeg_jpg.rf.tcP3KcYz3CJYTwaeAMm8.jpg,3,3,Cat - Ringworm,image_family_4151de2ee4db81270ed98af1,exclude_additional_source_family_member,one source-family representative policy; retained Cats/Ringworm in Cat/j26_jpeg_jpg.rf.8IyI7qLrbLX90jyBNptV.jpg; original/animal identity not verified,,,split_group_4151de2ee4db81270ed98af1
Cats/Ringworm in Cat/j27_jpeg_jpg.rf.Bf0NUDsAje4EuSGfxXYj.jpg,3,3,Cat - Ringworm,image_family_644238dc23fc80b72f06dcdd,retain,readable; no cleaning exclusion,,,split_group_644238dc23fc80b72f06dcdd
Cats/Ringworm in Cat/j31_jpeg_jpg.rf.lmSU3mb2EQ8ao9SRnxQd.jpg,3,3,Cat - Ringworm,image_family_8c1cbaeb019ee4b024343a1a,retain,readable; no cleaning exclusion,,,split_group_8c1cbaeb019ee4b024343a1a
Cats/Ringworm in Cat/j34_jpeg_jpg.rf.SRdh3l7Jc997lJnjVy11.jpg,3,3,Cat - Ringworm,image_family_336325bcaae37c78ba35f858,retain,readable; no cleaning exclusion,,,split_group_336325bcaae37c78ba35f858
Cats/Ringworm in Cat/j36_jpeg_jpg.rf.4LcGIPrn8cuUka8ylrTi.jpg,3,3,Cat - Ringworm,image_family_88f7c0f6f86dc6a1c7cedb72,retain,readable; no cleaning exclusion,,,split_group_88f7c0f6f86dc6a1c7cedb72
Cats/Ringworm in Cat/j47_jpeg_jpg.rf.DChEOWu5Gd0rszjgp7Ba.jpg,3,3,Cat - Ringworm,image_family_0eb50ce1248d1c992d4d5b61,retain,readable; no cleaning exclusion,,,split_group_0eb50ce1248d1c992d4d5b61
Cats/Ringworm in Cat/j48_jpeg_jpg.rf.8ggDaAqUS35KLOQVImno.jpg,3,3,Cat - Ringworm,image_family_855e41d032b590d7a00676ba,retain,readable; no cleaning exclusion,,,split_group_855e41d032b590d7a00676ba
Cats/Ringworm in Cat/j52_jpeg_jpg.rf.HDwAusYFUCXuBWXAYBkM.jpg,3,3,Cat - Ringworm,image_family_a85d1300f6bd4a0b303311e3,retain,readable; no cleaning exclusion,,,split_group_a85d1300f6bd4a0b303311e3
Cats/Ringworm in Cat/j55_jpeg_jpg.rf.ST3PjdQJbufZp60gRnrU.jpg,3,3,Cat - Ringworm,image_family_0bd52b863136820d9c3a4c8d,retain,readable; no cleaning exclusion,,,split_group_0bd52b863136820d9c3a4c8d
Cats/Ringworm in Cat/jamur10_jpeg_jpg.rf.f6jsncVIr62R9ckbZY67.jpg,3,3,Cat - Ringworm,image_family_18f48ce13d59b4082ee083cb,retain,readable; no cleaning exclusion,,,split_group_18f48ce13d59b4082ee083cb
Cats/Ringworm in Cat/jamur12_jpeg_jpg.rf.3HRJG0Un1o64OtswoELf.jpg,3,3,Cat - Ringworm,image_family_1ec3c8e2bf7bfda212bd61e3,retain,readable; no cleaning exclusion,,,split_group_1ec3c8e2bf7bfda212bd61e3
Cats/Ringworm in Cat/jamur12_jpeg_jpg.rf.DzLXhetG8Fdaho4ZfqHC.jpg,3,3,Cat - Ringworm,image_family_1ec3c8e2bf7bfda212bd61e3,exclude_additional_source_family_member,one source-family representative policy; retained Cats/Ringworm in Cat/jamur12_jpeg_jpg.rf.3HRJG0Un1o64OtswoELf.jpg; original/animal identity not verified,,,split_group_1ec3c8e2bf7bfda212bd61e3
Cats/Ringworm in Cat/jamur13_jpeg_jpg.rf.oP3uL7qQNUgs6aTpGMiS.jpg,3,3,Cat - Ringworm,image_family_030144d8b50cabac33f80e03,retain,readable; no cleaning exclusion,,,split_group_030144d8b50cabac33f80e03
Cats/Ringworm in Cat/jamur15_jpeg_jpg.rf.c0RjjoLxxoKglnGQWi89.jpg,3,3,Cat - Ringworm,image_family_89975eba903beb40d9260786,retain,readable; no cleaning exclusion,,,split_group_89975eba903beb40d9260786
Cats/Ringworm in Cat/jamur15_jpeg_jpg.rf.feNQeTY5JM5mgw4jvHHh.jpg,3,3,Cat - Ringworm,image_family_89975eba903beb40d9260786,exclude_additional_source_family_member,one source-family representative policy; retained Cats/Ringworm in Cat/jamur15_jpeg_jpg.rf.c0RjjoLxxoKglnGQWi89.jpg; original/animal identity not verified,,,split_group_89975eba903beb40d9260786
Cats/Ringworm in Cat/jamur15_jpeg_jpg.rf.stZRVxUD74YTDFAZsplM.jpg,3,3,Cat - Ringworm,image_family_89975eba903beb40d9260786,exclude_additional_source_family_member,one source-family representative policy; retained Cats/Ringworm in Cat/jamur15_jpeg_jpg.rf.c0RjjoLxxoKglnGQWi89.jpg; original/animal identity not verified,,,split_group_89975eba903beb40d9260786
Cats/Ringworm in Cat/jamur21_jpeg_jpg.rf.DF19LT7oEdnbWGegpGTk.jpg,3,3,Cat - Ringworm,image_family_55583192fd34518b668853a3,retain,readable; no cleaning exclusion,,,split_group_55583192fd34518b668853a3
Cats/Ringworm in Cat/jamur22_jpeg_jpg.rf.Ih6YjdNN2uEgVJEpsAb8.jpg,3,3,Cat - Ringworm,image_family_a86be9e9988f5d33be159b0a,retain,readable; no cleaning exclusion,,,split_group_a86be9e9988f5d33be159b0a
Cats/Ringworm in Cat/jamur26_jpeg_jpg.rf.aEW27iWbVN62cWfGumW6.jpg,3,3,Cat - Ringworm,image_family_bca74985e2dcedabceebe878,retain,readable; no cleaning exclusion,,,split_group_bca74985e2dcedabceebe878
Cats/Ringworm in Cat/jamur31_jpeg_jpg.rf.A6DJpfGW5AOTs9cZMvK8.jpg,3,3,Cat - Ringworm,image_family_accf48f07b927a7cd8735f1c,retain,readable; no cleaning exclusion,,,split_group_accf48f07b927a7cd8735f1c
Cats/Ringworm in Cat/jamur35_jpeg_jpg.rf.QHWCvj3BDCZmxa01wlEQ.jpg,3,3,Cat - Ringworm,image_family_7ea41c3b07c1cf2f342b5c5a,retain,readable; no cleaning exclusion,,,split_group_7ea41c3b07c1cf2f342b5c5a
Cats/Ringworm in Cat/jamur3_jpeg_jpg.rf.7VnCr5Zp1adcXhpJZtZc.jpg,3,3,Cat - Ringworm,image_family_b6befc9531019bfd35ff41fb,retain,readable; no cleaning exclusion,,,split_group_b6befc9531019bfd35ff41fb
Cats/Ringworm in Cat/jamur49_jpeg_jpg.rf.aUWrEIeF0DVaHxm4pxRr.jpg,3,3,Cat - Ringworm,image_family_990d2f72fbd808ef58e10569,retain,readable; no cleaning exclusion,,,split_group_990d2f72fbd808ef58e10569
Cats/Ringworm in Cat/jamur4_jpeg_jpg.rf.IIG8r0xXgQjgV72YFBOs.jpg,3,3,Cat - Ringworm,image_family_fd174e0d069706326c5c42f0,retain,readable; no cleaning exclusion,,,split_group_fd174e0d069706326c5c42f0
Cats/Ringworm in Cat/jamur55_jpeg_jpg.rf.5FgUFld7BQBRP3XYpdFn.jpg,3,3,Cat - Ringworm,image_family_932d37da424c910d73d817e3,retain,readable; no cleaning exclusion,,,split_group_932d37da424c910d73d817e3
Cats/Ringworm in Cat/jamur58_jpeg_jpg.rf.p14VoNIrHx57RUGGAKkV.jpg,3,3,Cat - Ringworm,image_family_74b27b5353c4116e9dbb9206,retain,readable; no cleaning exclusion,,,split_group_74b27b5353c4116e9dbb9206
Cats/Ringworm in Cat/jamur5_jpeg_jpg.rf.WFKW36Bu0emjq5xprPz7.jpg,3,3,Cat - Ringworm,image_family_d7b13cb95dbc439315d0848e,retain,readable; no cleaning exclusion,,,split_group_d7b13cb95dbc439315d0848e
Cats/Ringworm in Cat/jamur71_jpeg_jpg.rf.dlfvLQKEylfAZF876B7m.jpg,3,3,Cat - Ringworm,image_family_b7296becab7c82403e465281,retain,readable; no cleaning exclusion,,,split_group_b7296becab7c82403e465281
Cats/Ringworm in Cat/jamur74_jpeg_jpg.rf.iB4kqtlGIFRzq3cQnfoK.jpg,3,3,Cat - Ringworm,image_family_495422042ced94e45ffa0d29,retain,readable; no cleaning exclusion,,,split_group_495422042ced94e45ffa0d29
Cats/Ringworm in Cat/jamur86_jpeg_jpg.rf.gXH2DAGGnoBCCEvfOmMb.jpg,3,3,Cat - Ringworm,image_family_0d02c0b73ea688f862384b65,retain,readable; no cleaning exclusion,,,split_group_0d02c0b73ea688f862384b65
Cats/Ringworm in Cat/jamur87_jpeg_jpg.rf.CJVahF3gxho0CxBWawVi.jpg,3,3,Cat - Ringworm,image_family_af7087b7273f0e59e8d32b12,retain,readable; no cleaning exclusion,,,split_group_af7087b7273f0e59e8d32b12
Cats/Ringworm in Cat/jamur88_jpeg_jpg.rf.rsmBzwAVMzujZXySov3M.jpg,3,3,Cat - Ringworm,image_family_df79ec2842270096927277ee,retain,readable; no cleaning exclusion,,,split_group_df79ec2842270096927277ee
Cats/Ringworm in Cat/jamur8_jpeg_jpg.rf.m3i9tHXGMvBJg76kPvOF.jpg,3,3,Cat - Ringworm,image_family_62c8734d97fa9cf5181e3aba,retain,readable; no cleaning exclusion,,,split_group_62c8734d97fa9cf5181e3aba
Cats/Ringworm in Cat/jamur8_jpeg_jpg.rf.pNUePS1mV3SyOxsm5rhB.jpg,3,3,Cat - Ringworm,image_family_62c8734d97fa9cf5181e3aba,exclude_additional_source_family_member,one source-family representative policy; retained Cats/Ringworm in Cat/jamur8_jpeg_jpg.rf.m3i9tHXGMvBJg76kPvOF.jpg; original/animal identity not verified,,,split_group_62c8734d97fa9cf5181e3aba
Cats/Ringworm in Cat/jamur90_jpeg_jpg.rf.8j6hAkcNWMDQ6t0bmOWi.jpg,3,3,Cat - Ringworm,image_family_9f177979db664595575153ee,retain,readable; no cleaning exclusion,,,split_group_9f177979db664595575153ee
Cats/Ringworm in Cat/jamur91_jpeg_jpg.rf.bUdpz5JveQMTrMIsQRnP.jpg,3,3,Cat - Ringworm,image_family_2239be8bbc7a0c2356ec3f9f,retain,readable; no cleaning exclusion,,,split_group_2239be8bbc7a0c2356ec3f9f
Cats/Ringworm in Cat/jamur96_jpeg_jpg.rf.7gOCfTh5LjECgRjKOzsy.jpg,3,3,Cat - Ringworm,image_family_ad85922ec396ca106a26f387,retain,readable; no cleaning exclusion,,,split_group_ad85922ec396ca106a26f387
Cats/Ringworm in Cat/jaur80_jpeg_jpg.rf.jwXU9iPO5eLtPZ2EnWMd.jpg,3,3,Cat - Ringworm,image_family_ca1e40e1b46de97b360e7422,retain,readable; no cleaning exclusion,,,split_group_ca1e40e1b46de97b360e7422
Cats/Ringworm in Cat/m0zb8n3sixnb1_jpg.rf.1wRsizd08ArqCaelGtUQ.jpg,3,3,Cat - Ringworm,image_family_e710d3146f4c49e9f2253bd1,retain,readable; no cleaning exclusion,,,split_group_e710d3146f4c49e9f2253bd1
Cats/Ringworm in Cat/ringworm10_jpg.rf.0yPm15WBY89VIdrNSR4a.jpg,3,3,Cat - Ringworm,image_family_561f4da247fe14128ada4566,retain,readable; no cleaning exclusion,,,split_group_561f4da247fe14128ada4566
Cats/Ringworm in Cat/ringworm10_jpg.rf.a6Ot5jcypqdwPsRp4mMb.jpg,3,3,Cat - Ringworm,image_family_561f4da247fe14128ada4566,exclude_additional_source_family_member,one source-family representative policy; retained Cats/Ringworm in Cat/ringworm10_jpg.rf.0yPm15WBY89VIdrNSR4a.jpg; original/animal identity not verified,,,split_group_561f4da247fe14128ada4566
Cats/Ringworm in Cat/ringworm13_jpg.rf.PA0kVhezHNL1WWeQvWK2.jpg,3,3,Cat - Ringworm,image_family_6b023bd3bb6613012e215d77,retain,readable; no cleaning exclusion,,,split_group_6b023bd3bb6613012e215d77
Cats/Ringworm in Cat/ringworm13_jpg.rf.zdMTm6Mx1Fm0Hz3BVJLN.jpg,3,3,Cat - Ringworm,image_family_6b023bd3bb6613012e215d77,exclude_additional_source_family_member,one source-family representative policy; retained Cats/Ringworm in Cat/ringworm13_jpg.rf.PA0kVhezHNL1WWeQvWK2.jpg; original/animal identity not verified,,,split_group_6b023bd3bb6613012e215d77
Cats/Ringworm in Cat/ringworm14_jpg.rf.KHSZdmuQkG4kHk4r00LD.jpg,3,3,Cat - Ringworm,image_family_781fc794b9a03163b4e4309e,retain,readable; no cleaning exclusion,,,split_group_781fc794b9a03163b4e4309e
Cats/Ringworm in Cat/ringworm16_jpg.rf.MGtwe1pjwnuwtHyQhJ6t.jpg,3,3,Cat - Ringworm,image_family_cb15b8796907e44df55abc5a,retain,readable; no cleaning exclusion,,,split_group_cb15b8796907e44df55abc5a
Cats/Ringworm in Cat/ringworm16_jpg.rf.R2DkwG9NQbDzgK7yYgHO.jpg,3,3,Cat - Ringworm,image_family_cb15b8796907e44df55abc5a,exclude_additional_source_family_member,one source-family representative policy; retained Cats/Ringworm in Cat/ringworm16_jpg.rf.MGtwe1pjwnuwtHyQhJ6t.jpg; original/animal identity not verified,,,split_group_cb15b8796907e44df55abc5a
Cats/Ringworm in Cat/ringworm16_jpg.rf.VyyxVxdgcXyO90ScUnjL.jpg,3,3,Cat - Ringworm,image_family_cb15b8796907e44df55abc5a,exclude_additional_source_family_member,one source-family representative policy; retained Cats/Ringworm in Cat/ringworm16_jpg.rf.MGtwe1pjwnuwtHyQhJ6t.jpg; original/animal identity not verified,,,split_group_cb15b8796907e44df55abc5a
Cats/Ringworm in Cat/ringworm16_jpg.rf.iROC7awpanyc1aHcBLRy.jpg,3,3,Cat - Ringworm,image_family_cb15b8796907e44df55abc5a,exclude_additional_source_family_member,one source-family representative policy; retained Cats/Ringworm in Cat/ringworm16_jpg.rf.MGtwe1pjwnuwtHyQhJ6t.jpg; original/animal identity not verified,,,split_group_cb15b8796907e44df55abc5a
Cats/Ringworm in Cat/ringworm17_jpg.rf.hZDwKsNwMJk32yu9fBCA.jpg,3,3,Cat - Ringworm,image_family_e696d5ec40b3bc975dd8d127,retain,readable; no cleaning exclusion,,,split_group_ec8f6270ddfc3143252ae96c
Cats/Ringworm in Cat/ringworm18_jpg.rf.kMI5GKDhqoFKDQHKfjkV.jpg,3,3,Cat - Ringworm,image_family_819eaf5494180842444b9c51,retain,readable; no cleaning exclusion,,,split_group_819eaf5494180842444b9c51
Cats/Ringworm in Cat/ringworm1_jpeg.rf.kaxLwXxK16bfzysbnxUg.jpeg,3,3,Cat - Ringworm,image_family_d596c9c68f08be6b205d412b,retain,readable; no cleaning exclusion,,,split_group_d596c9c68f08be6b205d412b
Cats/Ringworm in Cat/ringworm1_jpeg_jpg.rf.O5MPaZvrPQEOGfRqqgyb.jpg,3,3,Cat - Ringworm,image_family_0d309798d34a6736ca631607,retain,readable; no cleaning exclusion,,,split_group_0d309798d34a6736ca631607
Cats/Ringworm in Cat/ringworm1_jpeg_jpg.rf.cpSQeGo8a5IorguOnC0k.jpg,3,3,Cat - Ringworm,image_family_0d309798d34a6736ca631607,exclude_additional_source_family_member,one source-family representative policy; retained Cats/Ringworm in Cat/ringworm1_jpeg_jpg.rf.O5MPaZvrPQEOGfRqqgyb.jpg; original/animal identity not verified,,,split_group_0d309798d34a6736ca631607
Cats/Ringworm in Cat/ringworm26_jpg.rf.AePwUsmAnetOopUW7YJB.jpg,3,3,Cat - Ringworm,image_family_770d9e7e646f5fc277038e9a,retain,readable; no cleaning exclusion,,,split_group_770d9e7e646f5fc277038e9a
Cats/Ringworm in Cat/ringworm27_jpg.rf.W1ojygilMNcWDlrb6gn0.jpg,3,3,Cat - Ringworm,image_family_e2cee9c2537ffb7e2b3d2a82,retain,readable; no cleaning exclusion,,,split_group_e2cee9c2537ffb7e2b3d2a82
Cats/Ringworm in Cat/ringworm28_jpg.rf.FXegzYWdN1l76QFuG3Fq.jpg,3,3,Cat - Ringworm,image_family_a191305f27cfd003b7327cf7,retain,readable; no cleaning exclusion,,,split_group_a191305f27cfd003b7327cf7
Cats/Ringworm in Cat/ringworm28_jpg.rf.hV0mPPV3fVjbx8RwoWbA.jpg,3,3,Cat - Ringworm,image_family_a191305f27cfd003b7327cf7,exclude_additional_source_family_member,one source-family representative policy; retained Cats/Ringworm in Cat/ringworm28_jpg.rf.FXegzYWdN1l76QFuG3Fq.jpg; original/animal identity not verified,,,split_group_a191305f27cfd003b7327cf7
Cats/Ringworm in Cat/ringworm28_jpg.rf.pYu0CpyYGyVvd3N9MaUy.jpg,3,3,Cat - Ringworm,image_family_a191305f27cfd003b7327cf7,exclude_additional_source_family_member,one source-family representative policy; retained Cats/Ringworm in Cat/ringworm28_jpg.rf.FXegzYWdN1l76QFuG3Fq.jpg; original/animal identity not verified,,,split_group_a191305f27cfd003b7327cf7
Cats/Ringworm in Cat/ringworm29_jpg.rf.VTsDWW9hdPxAaCI0TAnp.jpg,3,3,Cat - Ringworm,image_family_43652633d7edd5c9d856982c,retain,readable; no cleaning exclusion,,,split_group_43652633d7edd5c9d856982c
Cats/Ringworm in Cat/ringworm29_jpg.rf.c0CsVkQ6qqf4tFh6BWfq.jpg,3,3,Cat - Ringworm,image_family_43652633d7edd5c9d856982c,exclude_additional_source_family_member,one source-family representative policy; retained Cats/Ringworm in Cat/ringworm29_jpg.rf.VTsDWW9hdPxAaCI0TAnp.jpg; original/animal identity not verified,,,split_group_43652633d7edd5c9d856982c
Cats/Ringworm in Cat/ringworm2_jpeg_jpg.rf.Jo6t9axDGuyfHSiqB8gj.jpg,3,3,Cat - Ringworm,image_family_f6a460c27336298b65c0cebc,retain,readable; no cleaning exclusion,,,split_group_f6a460c27336298b65c0cebc
Cats/Ringworm in Cat/ringworm35_jpg.rf.ANIYKkHqe4kiGLjm5iRS.jpg,3,3,Cat - Ringworm,image_family_4dff113788b89be79a7a62c4,retain,readable; no cleaning exclusion,,,split_group_4dff113788b89be79a7a62c4
Cats/Ringworm in Cat/ringworm35_jpg.rf.ImNg8ZTN50hxL74OTr0M.jpg,3,3,Cat - Ringworm,image_family_4dff113788b89be79a7a62c4,exclude_additional_source_family_member,one source-family representative policy; retained Cats/Ringworm in Cat/ringworm35_jpg.rf.ANIYKkHqe4kiGLjm5iRS.jpg; original/animal identity not verified,,,split_group_4dff113788b89be79a7a62c4
Cats/Ringworm in Cat/ringworm35_jpg.rf.yQ9dLpstEfLZa1ZY3PDM.jpg,3,3,Cat - Ringworm,image_family_4dff113788b89be79a7a62c4,exclude_additional_source_family_member,one source-family representative policy; retained Cats/Ringworm in Cat/ringworm35_jpg.rf.ANIYKkHqe4kiGLjm5iRS.jpg; original/animal identity not verified,,,split_group_4dff113788b89be79a7a62c4
Cats/Ringworm in Cat/ringworm3_jpg.rf.BBKJ0woXRc84oLDfGEnY.jpg,3,3,Cat - Ringworm,image_family_01878dcfd92b454c0b6eb651,retain,readable; no cleaning exclusion,,,split_group_01878dcfd92b454c0b6eb651
Cats/Ringworm in Cat/ringworm3_jpg.rf.uWLiIC80o5werjk5Rtng.jpg,3,3,Cat - Ringworm,image_family_01878dcfd92b454c0b6eb651,exclude_additional_source_family_member,one source-family representative policy; retained Cats/Ringworm in Cat/ringworm3_jpg.rf.BBKJ0woXRc84oLDfGEnY.jpg; original/animal identity not verified,,,split_group_01878dcfd92b454c0b6eb651
Cats/Ringworm in Cat/ringworm40_jpg.rf.7tki5reli7w8d9TIxXDf.jpg,3,3,Cat - Ringworm,image_family_00a179d6ff1b2d5b7a24725a,retain,readable; no cleaning exclusion,,,split_group_00a179d6ff1b2d5b7a24725a
Cats/Ringworm in Cat/ringworm40_jpg.rf.APYRhIBSh9WU6yyd1ip8.jpg,3,3,Cat - Ringworm,image_family_00a179d6ff1b2d5b7a24725a,exclude_additional_source_family_member,one source-family representative policy; retained Cats/Ringworm in Cat/ringworm40_jpg.rf.7tki5reli7w8d9TIxXDf.jpg; original/animal identity not verified,,,split_group_00a179d6ff1b2d5b7a24725a
Cats/Ringworm in Cat/ringworm40_jpg.rf.mvuSj7AK0VjZwBzm34n1.jpg,3,3,Cat - Ringworm,image_family_00a179d6ff1b2d5b7a24725a,exclude_additional_source_family_member,one source-family representative policy; retained Cats/Ringworm in Cat/ringworm40_jpg.rf.7tki5reli7w8d9TIxXDf.jpg; original/animal identity not verified,,,split_group_00a179d6ff1b2d5b7a24725a
Cats/Ringworm in Cat/ringworm41_jpg.rf.cL0qFSgSAuXG1jkefCLs.jpg,3,3,Cat - Ringworm,image_family_a456daa1b831c2c586894edf,retain,readable; no cleaning exclusion,,,split_group_a456daa1b831c2c586894edf
Cats/Ringworm in Cat/ringworm42_png_jpg.rf.WufsrG1TbWkS0F5XZcop.jpg,3,3,Cat - Ringworm,image_family_2ba2aee25d70d800787e40ac,retain,readable; no cleaning exclusion,,,split_group_2ba2aee25d70d800787e40ac
Cats/Ringworm in Cat/ringworm43_png_jpg.rf.ovpCrOKuA8CQzqeOIwry.jpg,3,3,Cat - Ringworm,image_family_04327922302edf901e6e2805,retain,readable; no cleaning exclusion,,,split_group_04327922302edf901e6e2805
Cats/Ringworm in Cat/ringworm43_png_jpg.rf.sTZN6ScGa2TSQsmNPFsj.jpg,3,3,Cat - Ringworm,image_family_04327922302edf901e6e2805,exclude_additional_source_family_member,one source-family representative policy; retained Cats/Ringworm in Cat/ringworm43_png_jpg.rf.ovpCrOKuA8CQzqeOIwry.jpg; original/animal identity not verified,,,split_group_04327922302edf901e6e2805
Cats/Ringworm in Cat/ringworm45_jpg.rf.2zHGKDCeNUA759W7Z1dH.jpg,3,3,Cat - Ringworm,image_family_c943a3e8e7eb378e17b70f27,retain,readable; no cleaning exclusion,,,split_group_c943a3e8e7eb378e17b70f27
Cats/Ringworm in Cat/ringworm46_png.rf.9SmR5CwwPpwHinOcqr0Q.png,3,3,Cat - Ringworm,image_family_b9450d4fc83aecdaac7b0389,retain,readable; no cleaning exclusion,,,split_group_b9450d4fc83aecdaac7b0389
Cats/Ringworm in Cat/ringworm46_png_jpg.rf.7nrkcMtkaRrPQsEU2pm6.jpg,3,3,Cat - Ringworm,image_family_cf4f03f92dff8355c91665f9,retain,readable; no cleaning exclusion,,,split_group_cf4f03f92dff8355c91665f9
Cats/Ringworm in Cat/ringworm46_png_jpg.rf.MdTChN2Pf3iCm8y5oJwi.jpg,3,3,Cat - Ringworm,image_family_cf4f03f92dff8355c91665f9,exclude_additional_source_family_member,one source-family representative policy; retained Cats/Ringworm in Cat/ringworm46_png_jpg.rf.7nrkcMtkaRrPQsEU2pm6.jpg; original/animal identity not verified,,,split_group_cf4f03f92dff8355c91665f9
Cats/Ringworm in Cat/ringworm47_png.rf.E8EykCPmFQGOe6iHzx93.png,3,3,Cat - Ringworm,image_family_c565ea5baad84fb6389a5c17,retain,readable; no cleaning exclusion,,,split_group_b6c7cddcd341ddb5562bf15c
Cats/Ringworm in Cat/ringworm47_png_jpg.rf.PcaPQ5eNj0npREGyncoT.jpg,3,3,Cat - Ringworm,image_family_0c124c70eefc282730f445a0,retain,readable; no cleaning exclusion,,,split_group_b6c7cddcd341ddb5562bf15c
Cats/Ringworm in Cat/ringworm47_png_jpg.rf.i9q50y05hX8OUMvbyvoU.jpg,3,3,Cat - Ringworm,image_family_0c124c70eefc282730f445a0,exclude_additional_source_family_member,one source-family representative policy; retained Cats/Ringworm in Cat/ringworm47_png_jpg.rf.PcaPQ5eNj0npREGyncoT.jpg; original/animal identity not verified,,,split_group_b6c7cddcd341ddb5562bf15c
Cats/Ringworm in Cat/ringworm49_png_jpg.rf.CxBhv0Ms1xTNEaLuVy65.jpg,3,3,Cat - Ringworm,image_family_5793dc4f4512d1db61688f2f,retain,readable; no cleaning exclusion,,,split_group_5793dc4f4512d1db61688f2f
Cats/Ringworm in Cat/ringworm49_png_jpg.rf.JvBHFtPlVKD9hse9dJdN.jpg,3,3,Cat - Ringworm,image_family_5793dc4f4512d1db61688f2f,exclude_additional_source_family_member,one source-family representative policy; retained Cats/Ringworm in Cat/ringworm49_png_jpg.rf.CxBhv0Ms1xTNEaLuVy65.jpg; original/animal identity not verified,,,split_group_5793dc4f4512d1db61688f2f
Cats/Ringworm in Cat/ringworm50_jpg.rf.QIIInAGvOhQ1T4tTrmUq.jpg,3,3,Cat - Ringworm,image_family_1d054cc64bc65381a4be1acd,retain,readable; no cleaning exclusion,,,split_group_1d054cc64bc65381a4be1acd
Cats/Ringworm in Cat/ringworm6_jpg.rf.WM9FfsxstG5jjMN9JGWU.jpg,3,3,Cat - Ringworm,image_family_5c8f87cbb431c458f88abecf,retain,readable; no cleaning exclusion,,,split_group_5c8f87cbb431c458f88abecf
Cats/Ringworm in Cat/ringworm6_jpg.rf.gPB9QNJ8mq68ObWgPbkm.jpg,3,3,Cat - Ringworm,image_family_5c8f87cbb431c458f88abecf,exclude_additional_source_family_member,one source-family representative policy; retained Cats/Ringworm in Cat/ringworm6_jpg.rf.WM9FfsxstG5jjMN9JGWU.jpg; original/animal identity not verified,,,split_group_5c8f87cbb431c458f88abecf
Cats/Ringworm in Cat/ringworm8_jpg.rf.iSmLRxybE4u6fR7nWnoL.jpg,3,3,Cat - Ringworm,image_family_457179062958b6b49dc7a011,retain,readable; no cleaning exclusion,,,split_group_457179062958b6b49dc7a011
Cats/Ringworm in Cat/ringworm8_jpg.rf.jmKCReBJE0q8DMQh9gVv.jpg,3,3,Cat - Ringworm,image_family_457179062958b6b49dc7a011,exclude_additional_source_family_member,one source-family representative policy; retained Cats/Ringworm in Cat/ringworm8_jpg.rf.iSmLRxybE4u6fR7nWnoL.jpg; original/animal identity not verified,,,split_group_457179062958b6b49dc7a011
Cats/Ringworm in Cat/ringworm9_jpg.rf.UtQdgzZTba8XV4f2swu9.jpg,3,3,Cat - Ringworm,image_family_b2853dcccd7d5d00bf66f9a7,retain,readable; no cleaning exclusion,,,split_group_b2853dcccd7d5d00bf66f9a7
Cats/Ringworm in Cat/ringworm9_jpg.rf.WMvDmMTkmCINSh9psyQJ.jpg,3,3,Cat - Ringworm,image_family_b2853dcccd7d5d00bf66f9a7,exclude_additional_source_family_member,one source-family representative policy; retained Cats/Ringworm in Cat/ringworm9_jpg.rf.UtQdgzZTba8XV4f2swu9.jpg; original/animal identity not verified,,,split_group_b2853dcccd7d5d00bf66f9a7
Cats/Ringworm in Cat/ringworm9_jpg.rf.rLJ9oyaNT3OQRGadoXQb.jpg,3,3,Cat - Ringworm,image_family_b2853dcccd7d5d00bf66f9a7,exclude_additional_source_family_member,one source-family representative policy; retained Cats/Ringworm in Cat/ringworm9_jpg.rf.UtQdgzZTba8XV4f2swu9.jpg; original/animal identity not verified,,,split_group_b2853dcccd7d5d00bf66f9a7
Cats/Ringworm in Cat/s5_jpeg_jpg.rf.Yre1fEpmYX1RUNP7RxMR.jpg,3,3,Cat - Ringworm,image_family_d3c1f8502bd949ffae20fa6e,retain,readable; no cleaning exclusion,,,split_group_d3c1f8502bd949ffae20fa6e
Cats/Ringworm in Cat/waj14_jpeg_jpg.rf.tWXlcCfCPgjD2CCwZQc3.jpg,3,3,Cat - Ringworm,image_family_7bb77c8d2db65f7bd03b8548,retain,readable; no cleaning exclusion,,,split_group_7bb77c8d2db65f7bd03b8548
Cats/Ringworm in Cat/waj1_jpeg_jpg.rf.tt8xVKu8RZixIoUng6z7.jpg,3,3,Cat - Ringworm,image_family_c6c0503f953b28ac29ba2dd5,retain,readable; no cleaning exclusion,,,split_group_c6c0503f953b28ac29ba2dd5
Cats/Ringworm in Cat/waj5_jpeg_jpg.rf.Vmujt0ZY9T0KnOANj5XI.jpg,3,3,Cat - Ringworm,image_family_ac802d05e138879f23c6634a,retain,readable; no cleaning exclusion,,,split_group_ac802d05e138879f23c6634a
Cats/Ringworm in Cat/waj6_jpeg_jpg.rf.WvqkVhSBLMTojL3h6jLa.jpg,3,3,Cat - Ringworm,image_family_0639ea4ace910abb8e949e3e,retain,readable; no cleaning exclusion,,,split_group_0639ea4ace910abb8e949e3e
Cats/Ringworm in Cat/waj9_jpeg_jpg.rf.sSq5ttpwRwwTfQFGDMlL.jpg,3,3,Cat - Ringworm,image_family_ccbbe1073427c9c692247ff3,retain,readable; no cleaning exclusion,,,split_group_ccbbe1073427c9c692247ff3
Cats/Ringworm in Cat/was4_jpeg_jpg.rf.lqUjanwnMILijOMz1TfH.jpg,3,3,Cat - Ringworm,image_family_4d847f4f4a8f256b827deba9,retain,readable; no cleaning exclusion,,,split_group_4d847f4f4a8f256b827deba9
Cats/Scabies in Cat/Image_1.jpg,4,4,Cat - Scabies,image_family_bbbd0321aadddbc80a4ccf79,retain,readable; no cleaning exclusion,,,split_group_0e7977bae9f29309f3c52e2f
Cats/Scabies in Cat/Image_10.jpg,4,4,Cat - Scabies,image_family_3666336ca37eb3832955fcf6,retain,readable; no cleaning exclusion,,,split_group_a1ae816f4a16034946614051
Cats/Scabies in Cat/Image_11.jpg,4,4,Cat - Scabies,image_family_eaa8460d07760a553fc649af,retain,readable; no cleaning exclusion,,,split_group_ccc16ef2dfffac27e2399fdd
Cats/Scabies in Cat/Image_12.gif,4,4,Cat - Scabies,image_family_14275f15f8876d098f9cd76f,retain,readable; no cleaning exclusion,,,split_group_6f5f777342f65df4f528d763
Cats/Scabies in Cat/Image_13.jpg,4,4,Cat - Scabies,image_family_e741db59342bc950cb81562e,retain,readable; no cleaning exclusion,,,split_group_e741db59342bc950cb81562e
Cats/Scabies in Cat/Image_14.jpg,4,4,Cat - Scabies,image_family_9130a5e27424b07233a6429a,retain,readable; no cleaning exclusion,,,split_group_728dc20b794bc362f3fb9593
Cats/Scabies in Cat/Image_16.jpg,4,4,Cat - Scabies,image_family_4d37984aa6b1a45fe522fb14,retain,readable; no cleaning exclusion,,,split_group_4d37984aa6b1a45fe522fb14
Cats/Scabies in Cat/Image_17.jpg,4,4,Cat - Scabies,image_family_11d411d5c346e655bd328112,retain,readable; no cleaning exclusion,,,split_group_11d411d5c346e655bd328112
Cats/Scabies in Cat/Image_18.jpg,4,4,Cat - Scabies,image_family_94ba0a697d6b42ecf7ad4cde,retain,readable; no cleaning exclusion,,,split_group_94ba0a697d6b42ecf7ad4cde
Cats/Scabies in Cat/Image_19.jpg,4,4,Cat - Scabies,image_family_fe442a0f9f10c2729531a2a8,retain,readable; no cleaning exclusion,,,split_group_d52c9cb5821f555718d5b606
Cats/Scabies in Cat/Image_2.jpg,4,4,Cat - Scabies,image_family_2b8492c82272c67f1ccc3d47,retain,readable; no cleaning exclusion,,,split_group_ccc16ef2dfffac27e2399fdd
Cats/Scabies in Cat/Image_21.jpg,4,4,Cat - Scabies,image_family_4ec8843c2e1aaf20512e8ef6,retain,readable; no cleaning exclusion,,,split_group_4ec8843c2e1aaf20512e8ef6
Cats/Scabies in Cat/Image_22.jpg,4,4,Cat - Scabies,image_family_2743683e7b434e115f6823e2,retain,readable; no cleaning exclusion,,,split_group_7a4c5ffbfa0d259a346c9f7b
Cats/Scabies in Cat/Image_23.jpg,4,4,Cat - Scabies,image_family_9c2f369ea9532950c7c4c3f6,retain,readable; no cleaning exclusion,,,split_group_42d4517e4ffd685ea8a0c310
Cats/Scabies in Cat/Image_24.jpg,4,4,Cat - Scabies,image_family_8c5a9da12accb70b8ec2b2d5,retain,readable; no cleaning exclusion,,,split_group_6c61ab9ba9bca4f2bfc6ae48
Cats/Scabies in Cat/Image_27.jpg,4,4,Cat - Scabies,image_family_7b1a1fc132dd9c1074475be9,retain,readable; no cleaning exclusion,,,split_group_7b1a1fc132dd9c1074475be9
Cats/Scabies in Cat/Image_28.jpg,4,4,Cat - Scabies,image_family_192346b8652cdffc040a76ee,retain,readable; no cleaning exclusion,,,split_group_192346b8652cdffc040a76ee
Cats/Scabies in Cat/Image_3.jpg,4,4,Cat - Scabies,image_family_87934b1f2d80c55439c7e43c,retain,readable; no cleaning exclusion,,,split_group_6c61ab9ba9bca4f2bfc6ae48
Cats/Scabies in Cat/Image_36.jpg,4,4,Cat - Scabies,image_family_b52a0ba24e5ff2e5919b624a,retain,readable; no cleaning exclusion,,,split_group_b52a0ba24e5ff2e5919b624a
Cats/Scabies in Cat/Image_39.jpg,4,4,Cat - Scabies,image_family_bf7c6949b45a6c01dfc83afc,retain,readable; no cleaning exclusion,,,split_group_bf7c6949b45a6c01dfc83afc
Cats/Scabies in Cat/Image_4.jpg,4,4,Cat - Scabies,image_family_e1c851b8c4ab14524afac0a4,retain,readable; no cleaning exclusion,,,split_group_e1c851b8c4ab14524afac0a4
Cats/Scabies in Cat/Image_42.png,4,4,Cat - Scabies,image_family_70e605ac6d5c10623bfbe8ae,retain,readable; no cleaning exclusion,,,split_group_70e605ac6d5c10623bfbe8ae
Cats/Scabies in Cat/Image_43.jpg,4,4,Cat - Scabies,image_family_cf269506ae271ca9e18ac73d,retain,readable; no cleaning exclusion,,,split_group_cf269506ae271ca9e18ac73d
Cats/Scabies in Cat/Image_44.jpg,4,4,Cat - Scabies,image_family_ed3878a4f39642bb65012076,retain,readable; no cleaning exclusion,,,split_group_ed3878a4f39642bb65012076
Cats/Scabies in Cat/Image_45.jpg,4,4,Cat - Scabies,image_family_51add45cd7ace2856c3bafde,retain,readable; no cleaning exclusion,,,split_group_728dc20b794bc362f3fb9593
Cats/Scabies in Cat/Image_46.jpg,4,4,Cat - Scabies,image_family_0293e7c1afb4e27211ad5233,retain,readable; no cleaning exclusion,,,split_group_0293e7c1afb4e27211ad5233
Cats/Scabies in Cat/Image_47.jpg,4,4,Cat - Scabies,image_family_ed3878a4f39642bb65012076,exclude_same_class_exact_duplicate,same-class exact RGB duplicate; retained representative Cats/Scabies in Cat/Image_44.jpg,,,split_group_ed3878a4f39642bb65012076
Cats/Scabies in Cat/Image_48.jpg,4,4,Cat - Scabies,image_family_f5b607f123694f2258d03043,retain,readable; no cleaning exclusion,,,split_group_d8cbd10c873c2877cdbce4fb
Cats/Scabies in Cat/Image_49.jpg,4,4,Cat - Scabies,image_family_70a7dc54692291b7310b0601,retain,readable; no cleaning exclusion,,,split_group_70a7dc54692291b7310b0601
Cats/Scabies in Cat/Image_5.jpg,4,4,Cat - Scabies,image_family_4c65eb17ba5dfef20ee83c11,retain,readable; no cleaning exclusion,,,split_group_4c65eb17ba5dfef20ee83c11
Cats/Scabies in Cat/Image_50.jpg,4,4,Cat - Scabies,image_family_0293e7c1afb4e27211ad5233,exclude_same_class_exact_duplicate,same-class exact RGB duplicate; retained representative Cats/Scabies in Cat/Image_46.jpg,,,split_group_0293e7c1afb4e27211ad5233
Cats/Scabies in Cat/Image_51.jpg,4,4,Cat - Scabies,image_family_f8760153436b2484c82aaa8e,retain,readable; no cleaning exclusion,,,split_group_f8760153436b2484c82aaa8e
Cats/Scabies in Cat/Image_52.jpg,4,4,Cat - Scabies,image_family_a5759609b78913228c44870e,retain,readable; no cleaning exclusion,,,split_group_a5759609b78913228c44870e
Cats/Scabies in Cat/Image_53.jpg,4,4,Cat - Scabies,image_family_dedd26fb34ab349af82b726f,retain,readable; no cleaning exclusion,,,split_group_dedd26fb34ab349af82b726f
Cats/Scabies in Cat/Image_54.jpg,4,4,Cat - Scabies,image_family_bfaf0778f87600ec4ff2c59a,retain,readable; no cleaning exclusion,,,split_group_bfaf0778f87600ec4ff2c59a
Cats/Scabies in Cat/Image_55.jpg,4,4,Cat - Scabies,image_family_2f37fa63d4a654f0dbd7cba0,retain,readable; no cleaning exclusion,,,split_group_2f37fa63d4a654f0dbd7cba0
Cats/Scabies in Cat/Image_57.jpg,4,4,Cat - Scabies,image_family_967aad192764254a35441b15,retain,readable; no cleaning exclusion,,,split_group_7a4c5ffbfa0d259a346c9f7b
Cats/Scabies in Cat/Image_58.jpg,4,4,Cat - Scabies,image_family_6c5b0e842582d5fc78288480,retain,readable; no cleaning exclusion,,,split_group_6c5b0e842582d5fc78288480
Cats/Scabies in Cat/Image_59.jpg,4,4,Cat - Scabies,image_family_db627f592e996f41c41cea26,retain,readable; no cleaning exclusion,,,split_group_db627f592e996f41c41cea26
Cats/Scabies in Cat/Image_6.jpg,4,4,Cat - Scabies,image_family_d312a5f219bc9d07b7b831c9,retain,readable; no cleaning exclusion,,,split_group_d312a5f219bc9d07b7b831c9
Cats/Scabies in Cat/Image_60.jpg,4,4,Cat - Scabies,image_family_a683e673ca4d958074562c7e,retain,readable; no cleaning exclusion,,,split_group_a683e673ca4d958074562c7e
Cats/Scabies in Cat/Image_64.jpg,4,4,Cat - Scabies,image_family_330a69a8f6958f6f5dbed194,retain,readable; no cleaning exclusion,,,split_group_330a69a8f6958f6f5dbed194
Cats/Scabies in Cat/Image_65.jpg,4,4,Cat - Scabies,image_family_daefec66b4da72673403244d,retain,readable; no cleaning exclusion,,,split_group_daefec66b4da72673403244d
Cats/Scabies in Cat/Image_66.jpg,4,4,Cat - Scabies,image_family_471219c9c6dbb3dc1a7d1724,retain,readable; no cleaning exclusion,,,split_group_471219c9c6dbb3dc1a7d1724
Cats/Scabies in Cat/Image_67.jpg,4,4,Cat - Scabies,image_family_a3b1311bc0a8f82ad793a923,retain,readable; no cleaning exclusion,,,split_group_d8cbd10c873c2877cdbce4fb
Cats/Scabies in Cat/Image_68.jpg,4,4,Cat - Scabies,image_family_1741739129fcca62ed9d709e,retain,readable; no cleaning exclusion,,,split_group_1741739129fcca62ed9d709e
Cats/Scabies in Cat/Image_7.jpg,4,4,Cat - Scabies,image_family_4928bb3630e75575e208e322,retain,readable; no cleaning exclusion,,,split_group_d52c9cb5821f555718d5b606
Cats/Scabies in Cat/Image_72.jpg,4,4,Cat - Scabies,image_family_f16f9df5ef8717f4c5110e07,retain,readable; no cleaning exclusion,,,split_group_f16f9df5ef8717f4c5110e07
Cats/Scabies in Cat/Image_73.jpg,4,4,Cat - Scabies,image_family_b2fef098c1f54ef0745ea6ac,retain,readable; no cleaning exclusion,,,split_group_d52c9cb5821f555718d5b606
Cats/Scabies in Cat/Image_74.jpeg,4,4,Cat - Scabies,image_family_e7dd15e0f7079538cd5aebc9,retain,readable; no cleaning exclusion,,,split_group_e7dd15e0f7079538cd5aebc9
Cats/Scabies in Cat/Image_75.jpg,4,4,Cat - Scabies,image_family_a3e567920041cb58eee3b894,retain,readable; no cleaning exclusion,,,split_group_a3e567920041cb58eee3b894
Cats/Scabies in Cat/Image_76.jpg,4,4,Cat - Scabies,image_family_a8dc84c685ab9b9b9beff1e0,retain,readable; no cleaning exclusion,,,split_group_a8dc84c685ab9b9b9beff1e0
Cats/Scabies in Cat/Image_77.jpg,4,4,Cat - Scabies,image_family_3dd9acce419040fe8ea66f03,retain,readable; no cleaning exclusion,,,split_group_3dd9acce419040fe8ea66f03
Cats/Scabies in Cat/Image_79.jpg,4,4,Cat - Scabies,image_family_feb738a4da776583aa724c67,retain,readable; no cleaning exclusion,,,split_group_feb738a4da776583aa724c67
Cats/Scabies in Cat/Image_8.jpg,4,4,Cat - Scabies,image_family_11d411d5c346e655bd328112,exclude_same_class_exact_duplicate,same-class exact RGB duplicate; retained representative Cats/Scabies in Cat/Image_17.jpg,,,split_group_11d411d5c346e655bd328112
Cats/Scabies in Cat/Image_84.jpg,4,4,Cat - Scabies,image_family_cdb17ddc75bccc75bd17a4f1,retain,readable; no cleaning exclusion,,,split_group_cdb17ddc75bccc75bd17a4f1
Cats/Scabies in Cat/Image_85.jpeg,4,4,Cat - Scabies,image_family_83551d8aa3b6db72da52b02a,retain,readable; no cleaning exclusion,,,split_group_ccc16ef2dfffac27e2399fdd
Cats/Scabies in Cat/Image_89.jpg,4,4,Cat - Scabies,image_family_5fbdf772aec09c52a89f08bf,retain,readable; no cleaning exclusion,,,split_group_5fbdf772aec09c52a89f08bf
Cats/Scabies in Cat/Image_93.jpg,4,4,Cat - Scabies,image_family_d160ab56a796e484e38c8e0e,retain,readable; no cleaning exclusion,,,split_group_d160ab56a796e484e38c8e0e
Cats/Scabies in Cat/Image_94.jpg,4,4,Cat - Scabies,image_family_3c2bc23c4ae7b8f31b0c46e0,retain,readable; no cleaning exclusion,,,split_group_d8cbd10c873c2877cdbce4fb
Cats/Scabies in Cat/Image_96.jpg,4,4,Cat - Scabies,image_family_b4f82e46bd7b9b87343b44ab,retain,readable; no cleaning exclusion,,,split_group_42d4517e4ffd685ea8a0c310
Cats/Scabies in Cat/Image_98.jpg,4,4,Cat - Scabies,image_family_dca3180ff990fa257a888825,retain,readable; no cleaning exclusion,,,split_group_42d4517e4ffd685ea8a0c310
Cats/Scabies in Cat/Screenshot 2024-11-16 180317_png.rf.AIwvc301f1lOYfb3KGTu.png,4,4,Cat - Scabies,image_family_694c55c1635d33597dddc9f6,retain,readable; no cleaning exclusion,,,split_group_694c55c1635d33597dddc9f6
Cats/Scabies in Cat/Screenshot 2024-11-16 180423_png.rf.A2CDfxf2f3EAXLW21d8v.png,4,4,Cat - Scabies,image_family_6d5d942c614fc53d13a36515,retain,readable; no cleaning exclusion,,,split_group_6d5d942c614fc53d13a36515
Cats/Scabies in Cat/Screenshot 2024-11-16 180549_png.rf.3FKeQvXzsW9LP2zjBOXx.png,4,4,Cat - Scabies,image_family_08cce44ecb19c38eceba9ebb,retain,readable; no cleaning exclusion,,,split_group_08cce44ecb19c38eceba9ebb
Cats/Scabies in Cat/Screenshot 2024-11-16 180654_png.rf.eyKyl1CSHz2zCGCiuNni.png,4,4,Cat - Scabies,image_family_fcedab3713705f89af0f4388,retain,readable; no cleaning exclusion,,,split_group_fcedab3713705f89af0f4388
Cats/Scabies in Cat/Screenshot 2024-11-16 180736_png.rf.qgTXP7o1D7SisTNsvHvR.png,4,4,Cat - Scabies,image_family_2fff06c96668ff40ed999f38,retain,readable; no cleaning exclusion,,,split_group_2fff06c96668ff40ed999f38
Cats/Scabies in Cat/Screenshot 2024-11-16 180805_png.rf.8SZoZxGyJdpFWXBeA7iD.png,4,4,Cat - Scabies,image_family_ac356e6e9575c732958a5044,retain,readable; no cleaning exclusion,,,split_group_ac356e6e9575c732958a5044
Cats/Scabies in Cat/Screenshot 2024-11-16 180840_png.rf.JoCzcf2FR209oL2nbalG.png,4,4,Cat - Scabies,image_family_a9b3c2862dc9e8e2a32b3cde,retain,readable; no cleaning exclusion,,,split_group_a9b3c2862dc9e8e2a32b3cde
Cats/Scabies in Cat/Screenshot 2024-11-16 181312_png.rf.8xygsJd4RQB4XmLTs8Th.png,4,4,Cat - Scabies,image_family_7cf969798ee51df0edfd0534,retain,readable; no cleaning exclusion,,,split_group_7cf969798ee51df0edfd0534
Cats/Scabies in Cat/Screenshot 2024-11-16 181330_png.rf.biTtcPWyJp7eGvcNvjdR.png,4,4,Cat - Scabies,image_family_529cf2ba443077c18bb2d47e,retain,readable; no cleaning exclusion,,,split_group_529cf2ba443077c18bb2d47e
Cats/Scabies in Cat/Screenshot 2024-11-16 181635_png.rf.BvCLASMd04pbRUrKhmJT.png,4,4,Cat - Scabies,image_family_69890ed056fc378581aadb22,retain,readable; no cleaning exclusion,,,split_group_69890ed056fc378581aadb22
Cats/Scabies in Cat/Screenshot 2024-11-16 181659_png.rf.tF0Oajb0fP8xGDKfH7GC.png,4,4,Cat - Scabies,image_family_7aef7a63f4514baa2160db4b,retain,readable; no cleaning exclusion,,,split_group_7aef7a63f4514baa2160db4b
Cats/Scabies in Cat/Screenshot 2024-11-16 181958_png.rf.dMOUd5KqUDqA7cV6gBLF.png,4,4,Cat - Scabies,image_family_3b98b2efe8a49d33b45029fa,retain,readable; no cleaning exclusion,,,split_group_3b98b2efe8a49d33b45029fa
Cats/Scabies in Cat/Screenshot 2024-11-16 182640_png.rf.bwbc7xDvmolbREVhTVP0.png,4,4,Cat - Scabies,image_family_4da794faaf881b12e0a6d8ab,retain,readable; no cleaning exclusion,,,split_group_4da794faaf881b12e0a6d8ab
Cats/Scabies in Cat/Screenshot 2024-11-16 182750_png.rf.w8EZGgfzUzll07UwRcgT.png,4,4,Cat - Scabies,image_family_85bb5db53201036e81affede,retain,readable; no cleaning exclusion,,,split_group_85bb5db53201036e81affede
Cats/Scabies in Cat/Screenshot 2024-11-16 184335_png.rf.d6VHoyAD2gh7cl8cBrz0.png,4,4,Cat - Scabies,image_family_ac689ed116ed799f6c7f1bac,retain,readable; no cleaning exclusion,,,split_group_ac689ed116ed799f6c7f1bac
Cats/Scabies in Cat/scabies1_png.rf.arfh1fG55bNpMrTHDrwV.png,4,4,Cat - Scabies,image_family_f0badfa08c2ca51b937d9690,retain,readable; no cleaning exclusion,,,split_group_f0badfa08c2ca51b937d9690
Cats/Scabies in Cat/scabies_0001_jpg.rf.nMDb2SmJJwz9UfkuKfPI.jpg,4,4,Cat - Scabies,image_family_900d4dc2debce954bfa33b52,retain,readable; no cleaning exclusion,,,split_group_90619e4b0e3b9d92248c869d
Cats/Scabies in Cat/scabies_0002_jpg.rf.4Q5UkLgdYRRaTxtsmRIK.jpg,4,4,Cat - Scabies,image_family_3e7c40c04f63afebcd556c31,retain,readable; no cleaning exclusion,,,split_group_90619e4b0e3b9d92248c869d
Cats/Scabies in Cat/scabies_0003_jpg.rf.txaRKI1BEi0U9wj0ln6w.jpg,4,4,Cat - Scabies,image_family_ac954743123091f5f909b8ce,retain,readable; no cleaning exclusion,,,split_group_ac954743123091f5f909b8ce
Cats/Scabies in Cat/scabies_0005_jpg.rf.OMIumD1ir9dPRAdRzIJL.jpg,4,4,Cat - Scabies,image_family_03f90a20ede694e8f7522fda,retain,readable; no cleaning exclusion,,,split_group_03f90a20ede694e8f7522fda
Cats/Scabies in Cat/scabies_0006_jpg.rf.vxJrhLuP5HvHfH7d8Xwd.jpg,4,4,Cat - Scabies,image_family_f1b48d445f661197c974d9b1,retain,readable; no cleaning exclusion,,,split_group_fa7d4138b93f6832b58f53be
Cats/Scabies in Cat/scabies_0007_jpg.rf.T5tUAjO8ugvxYgF3waAP.jpg,4,4,Cat - Scabies,image_family_a635824b3b8efe4f44f12bb6,retain,readable; no cleaning exclusion,,,split_group_fa7d4138b93f6832b58f53be
Cats/Scabies in Cat/scabies_0008_jpg.rf.DhSxoJZWgmqTTlSpaFLH.jpg,4,4,Cat - Scabies,image_family_33b25fba8791d3332d6cd805,retain,readable; no cleaning exclusion,,,split_group_55a4ea9c05798d8178e0838c
Cats/Scabies in Cat/scabies_0009_jpg.rf.u7MHGhExEZgoUstFD96b.jpg,4,4,Cat - Scabies,image_family_04d84070d3fbb45910d24c9a,retain,readable; no cleaning exclusion,,,split_group_55a4ea9c05798d8178e0838c
Cats/Scabies in Cat/scabies_0010_jpg.rf.avwMwVK3Vzz4bTHEPEyb.jpg,4,4,Cat - Scabies,image_family_cfbbf92a8bd5d876ca2540ba,retain,readable; no cleaning exclusion,,,split_group_cfbbf92a8bd5d876ca2540ba
Cats/Scabies in Cat/scabies_0011_jpg.rf.TX2NRTPmhfnwcTDANjPW.jpg,4,4,Cat - Scabies,image_family_1b2e162d331987308e71e79d,retain,readable; no cleaning exclusion,,,split_group_c5555293842e02a51fd74db9
Cats/Scabies in Cat/scabies_0012_jpg.rf.sKePcvB8Bp74vWkqmkAr.jpg,4,4,Cat - Scabies,image_family_f79c95c31808b51363496f36,retain,readable; no cleaning exclusion,,,split_group_c5555293842e02a51fd74db9
Cats/Scabies in Cat/scabies_0013_jpg.rf.rQjDaTFk7VKD8hqPqUQQ.jpg,4,4,Cat - Scabies,image_family_d59e541c0321d9bd05b4a995,retain,readable; no cleaning exclusion,,,split_group_d59e541c0321d9bd05b4a995
Cats/Scabies in Cat/scabies_0014_jpg.rf.puyusNcMvTE6geGdqdhp.jpg,4,4,Cat - Scabies,image_family_7fedf1269e26e66fcf0e0e66,retain,readable; no cleaning exclusion,,,split_group_7fedf1269e26e66fcf0e0e66
Cats/Scabies in Cat/scabies_0015_jpg.rf.fi9Z2x48ot2cVTuMq9zR.jpg,4,4,Cat - Scabies,image_family_7b2f234849b9f0ea6b080aa2,retain,readable; no cleaning exclusion,,,split_group_3752c60a753838dd4fcb782c
Cats/Scabies in Cat/scabies_0016_jpg.rf.IuckkrvuvYSjPUBtexUc.jpg,4,4,Cat - Scabies,image_family_a8daad998598f6c12405f516,retain,readable; no cleaning exclusion,,,split_group_3752c60a753838dd4fcb782c
Cats/Scabies in Cat/scabies_0017_jpg.rf.MVmNl2uQ6csAxozs86DB.jpg,4,4,Cat - Scabies,image_family_8e35c199a6b460b90e955600,retain,readable; no cleaning exclusion,,,split_group_1e1d1fd63f6df0eb27552cc9
Cats/Scabies in Cat/scabies_0018_jpg.rf.j7Sjf22o4yMFdMhw6Dhg.jpg,4,4,Cat - Scabies,image_family_d52dc0831b3f2022b806698f,retain,readable; no cleaning exclusion,,,split_group_1e1d1fd63f6df0eb27552cc9
Cats/Scabies in Cat/scabies_0019_jpg.rf.6g6eRtkcKxYtKhgieNKR.jpg,4,4,Cat - Scabies,image_family_ef04afded9a304e9fade503a,retain,readable; no cleaning exclusion,,,split_group_ef04afded9a304e9fade503a
Cats/Scabies in Cat/scabies_0020_jpg.rf.lsa8kFsGXLTvTB6zuDEg.jpg,4,4,Cat - Scabies,image_family_850fdca38bbe44f95f6ef317,retain,readable; no cleaning exclusion,,,split_group_a5e91af30b18e21f04e6223b
Cats/Scabies in Cat/scabies_0021_jpg.rf.QqtKGXj6rebitrev65bb.jpg,4,4,Cat - Scabies,image_family_b4c6b7e647c4a5feabb0533b,retain,readable; no cleaning exclusion,,,split_group_a5e91af30b18e21f04e6223b
Cats/Scabies in Cat/scabies_0022_jpg.rf.Z8fhioypeZ4PHMpFTHTr.jpg,4,4,Cat - Scabies,image_family_cf01e24f8cf6b40c7d20b41a,retain,readable; no cleaning exclusion,,,split_group_925b9f1dd8291c2f70fbf4b6
Cats/Scabies in Cat/scabies_0023_jpg.rf.bpwR1lFpC4Nk5evnw6Qn.jpg,4,4,Cat - Scabies,image_family_293c12438a13e27cce3b45fb,retain,readable; no cleaning exclusion,,,split_group_925b9f1dd8291c2f70fbf4b6
Cats/Scabies in Cat/scabies_0024_jpg.rf.ONYQu9dVkGv1M0wk0Jiq.jpg,4,4,Cat - Scabies,image_family_65bade1da6b182b1a474eb54,retain,readable; no cleaning exclusion,,,split_group_65bade1da6b182b1a474eb54
Cats/Scabies in Cat/scabies_0025_jpg.rf.5jrnyRPyama60DdcxY1B.jpg,4,4,Cat - Scabies,image_family_0737ca542d86f2d212137763,retain,readable; no cleaning exclusion,,,split_group_0737ca542d86f2d212137763
Cats/Scabies in Cat/scabies_0026_jpg.rf.yzNuOWYCq357wLCFMj8b.jpg,4,4,Cat - Scabies,image_family_17b55d4f4bf96c1dcf3b825a,retain,readable; no cleaning exclusion,,,split_group_17b55d4f4bf96c1dcf3b825a
Cats/Scabies in Cat/scabies_0027_jpg.rf.otoY3Mx7XxJOVY3plpB4.jpg,4,4,Cat - Scabies,image_family_fd3801432e7bdd148e4d9cfb,retain,readable; no cleaning exclusion,,,split_group_fd3801432e7bdd148e4d9cfb
Cats/Scabies in Cat/scabies_0028_jpg.rf.YFdAUGDohnFHGUUroZgG.jpg,4,4,Cat - Scabies,image_family_4605ae9047a0915c19eb0659,retain,readable; no cleaning exclusion,,,split_group_4605ae9047a0915c19eb0659
Cats/Scabies in Cat/scabies_0029_jpg.rf.9Av8oqVBfvt8WxazQL6K.jpg,4,4,Cat - Scabies,image_family_eab32bdda064833e89796724,retain,readable; no cleaning exclusion,,,split_group_6c917149d2d5072d58ddd462
Cats/Scabies in Cat/scabies_0030_jpg.rf.JQYBDy0b8zKH0XJPlUFX.jpg,4,4,Cat - Scabies,image_family_c5714223a38432e3b9fa153e,retain,readable; no cleaning exclusion,,,split_group_6c917149d2d5072d58ddd462
Cats/Scabies in Cat/scabies_0031_jpg.rf.r5i7arA663MXmsziIJjU.jpg,4,4,Cat - Scabies,image_family_9e12ea670c4d7991cd3d264c,retain,readable; no cleaning exclusion,,,split_group_9e12ea670c4d7991cd3d264c
Cats/Scabies in Cat/scabies_0032_jpg.rf.BkSBWEZYloInfq1BqrBc.jpg,4,4,Cat - Scabies,image_family_a5f9227949112394ee74a668,retain,readable; no cleaning exclusion,,,split_group_a5f9227949112394ee74a668
Cats/Scabies in Cat/scabies_0033_jpg.rf.O5xfUk7DfnQIambDjtCu.jpg,4,4,Cat - Scabies,image_family_647c8983f014419cbd6a13f2,retain,readable; no cleaning exclusion,,,split_group_8c10739e396f351742fceaf5
Cats/Scabies in Cat/scabies_0034_jpg.rf.ZBl0ab84DtVSCyrUMSH7.jpg,4,4,Cat - Scabies,image_family_3920b3014a731dc7681e60f4,retain,readable; no cleaning exclusion,,,split_group_8c10739e396f351742fceaf5
Cats/Scabies in Cat/scabies_0036_jpg.rf.APMLYIH7VRgwHkzGFqxj.jpg,4,4,Cat - Scabies,image_family_60b2eddf80f5c7a93e31a8c4,retain,readable; no cleaning exclusion,,,split_group_60b2eddf80f5c7a93e31a8c4
Cats/Scabies in Cat/scabies_0037_jpg.rf.GJY0irum7rqxjBcI96fx.jpg,4,4,Cat - Scabies,image_family_d747150e53dc980920f511be,retain,readable; no cleaning exclusion,,,split_group_d747150e53dc980920f511be
Cats/Scabies in Cat/scabies_0038_jpg.rf.hMYm3Z1h4bfQnypK3FSG.jpg,4,4,Cat - Scabies,image_family_56e7ba50d937d7322f3dce8d,retain,readable; no cleaning exclusion,,,split_group_56e7ba50d937d7322f3dce8d
Cats/Scabies in Cat/scabies_0039_jpg.rf.hR4L2OidbBSQYLsI3SY7.jpg,4,4,Cat - Scabies,image_family_de46cfdbbe972cecf21eab23,retain,readable; no cleaning exclusion,,,split_group_de46cfdbbe972cecf21eab23
Cats/Scabies in Cat/scabies_0040_jpg.rf.uE9pYJKCu7lcGpMHb5rL.jpg,4,4,Cat - Scabies,image_family_84bf6385ab128c302c17e844,retain,readable; no cleaning exclusion,,,split_group_000c9a1ff9d636ef2eb11899
Cats/Scabies in Cat/scabies_0041_jpg.rf.jmuQy5znYIiPs2dn5s8t.jpg,4,4,Cat - Scabies,image_family_b86fc1c5a6929a61a1fa6cda,retain,readable; no cleaning exclusion,,,split_group_000c9a1ff9d636ef2eb11899
Cats/Scabies in Cat/scabies_0042_jpg.rf.K6QBq6qYzyvPmhnNacUF.jpg,4,4,Cat - Scabies,image_family_d263f382367707c478f8bff0,retain,readable; no cleaning exclusion,,,split_group_d263f382367707c478f8bff0
Cats/Scabies in Cat/scabies_0043_jpg.rf.ohzg1KX8NmnqDmhaebuD.jpg,4,4,Cat - Scabies,image_family_baf275e4e0b7adaa5b2e6010,retain,readable; no cleaning exclusion,,,split_group_c91d9108458f4dd927e5a105
Cats/Scabies in Cat/scabies_0044_jpg.rf.CCcEfWSPl6my0dA6exzD.jpg,4,4,Cat - Scabies,image_family_ecffaed42fd24f5967ef0f0c,retain,readable; no cleaning exclusion,,,split_group_c91d9108458f4dd927e5a105
Cats/Scabies in Cat/scabies_0045_jpg.rf.mVGEQoZ0gqEcpVgWeW5P.jpg,4,4,Cat - Scabies,image_family_fc9f735dcc7595666b7fb121,retain,readable; no cleaning exclusion,,,split_group_fc9f735dcc7595666b7fb121
Cats/Scabies in Cat/scabies_0046_jpg.rf.g45WHvFjLqofurBDhF55.jpg,4,4,Cat - Scabies,image_family_8750df96e4daa1f7198f74c2,retain,readable; no cleaning exclusion,,,split_group_bde87519ec4b8b7792572a78
Cats/Scabies in Cat/scabies_0047_jpg.rf.Ggr2kYKgqOETjzKz1ATQ.jpg,4,4,Cat - Scabies,image_family_50bfd3aee079c4d53471af58,retain,readable; no cleaning exclusion,,,split_group_bde87519ec4b8b7792572a78
Cats/Scabies in Cat/scabies_0048_jpg.rf.RiTXGZZ4CWerUktsvNz6.jpg,4,4,Cat - Scabies,image_family_40ea2e80b60d2e7ac1af9dba,retain,readable; no cleaning exclusion,,,split_group_40ea2e80b60d2e7ac1af9dba
Cats/Scabies in Cat/scabies_0049_jpg.rf.s5FmZWUE5WfnadyHjbzu.jpg,4,4,Cat - Scabies,image_family_c32bde71c2a894716ddf240d,retain,readable; no cleaning exclusion,,,split_group_0177d5ab0a1095985c562411
Cats/Scabies in Cat/scabies_0050_jpg.rf.VwGNdKIiRaqPEMrFSQD5.jpg,4,4,Cat - Scabies,image_family_453d777e41bad561c9ebe5a5,retain,readable; no cleaning exclusion,,,split_group_0177d5ab0a1095985c562411
Cats/Scabies in Cat/scabies_0056_jpg.rf.o3aQVuwo7ZKlLd0XldJV.jpg,4,4,Cat - Scabies,image_family_a76826a408db2326563e562a,retain,readable; no cleaning exclusion,,,split_group_a76826a408db2326563e562a
Cats/Scabies in Cat/scabies_0059_jpg.rf.p81tjPOtSuK9T1QPtcla.jpg,4,4,Cat - Scabies,image_family_8431dbd8fa55e7abecccdcce,retain,readable; no cleaning exclusion,,,split_group_dab1c479be489309d19934ab
Cats/Scabies in Cat/scabies_0060_jpg.rf.qmDt3cSBkuplwxgdlGTq.jpg,4,4,Cat - Scabies,image_family_1fad80c846c2cabc45b81d9f,retain,readable; no cleaning exclusion,,,split_group_dab1c479be489309d19934ab
Cats/Scabies in Cat/scabies_0061_jpg.rf.2pih1uQHnLWQPcR2srbc.jpg,4,4,Cat - Scabies,image_family_1ba38ec619d5e964651180bc,retain,readable; no cleaning exclusion,,,split_group_1ba38ec619d5e964651180bc
Cats/Scabies in Cat/scabies_0062_jpg.rf.1kFiBtKE9XPVsDg5qJ9B.jpg,4,4,Cat - Scabies,image_family_5f2f8d0f6f255d08318c9fac,retain,readable; no cleaning exclusion,,,split_group_d7ed0af50d5d76fe1e66aeb9
Cats/Scabies in Cat/scabies_0063_jpg.rf.0s5WXiBNMbbvePc7kEMD.jpg,4,4,Cat - Scabies,image_family_0e0c1a6a695d4457b02fbdda,retain,readable; no cleaning exclusion,,,split_group_d7ed0af50d5d76fe1e66aeb9
Cats/Scabies in Cat/scabies_0064_jpg.rf.AIWbE2UUQmPcxgr0eA2r.jpg,4,4,Cat - Scabies,image_family_726ff25573254652831f4f2e,retain,readable; no cleaning exclusion,,,split_group_e291e34859692de497904e67
Cats/Scabies in Cat/scabies_0065_jpg.rf.STlPhXJlJ2HN3tWuwsIu.jpg,4,4,Cat - Scabies,image_family_85224104fc3c0c724790ee0b,retain,readable; no cleaning exclusion,,,split_group_a64b94d330ef12632d32219d
Cats/Scabies in Cat/scabies_0066_jpg.rf.izcEXz8ya0JPZwdfoLXa.jpg,4,4,Cat - Scabies,image_family_cc5a598dd0ad0d79966239af,retain,readable; no cleaning exclusion,,,split_group_e291e34859692de497904e67
Cats/Scabies in Cat/scabies_0067_jpg.rf.D8I9jCrP9csLMg8dbPH4.jpg,4,4,Cat - Scabies,image_family_34c1ae69af6b767de6e98d24,retain,readable; no cleaning exclusion,,,split_group_34c1ae69af6b767de6e98d24
Cats/Scabies in Cat/scabies_0069_jpg.rf.gzVyZRA5gpTqn0w01Uem.jpg,4,4,Cat - Scabies,image_family_8b1affb2f7b79d195e510aba,retain,readable; no cleaning exclusion,,,split_group_a64b94d330ef12632d32219d
Cats/Scabies in Cat/scabies_0070_jpg.rf.BVizqTvFOIsJ6FPaexok.jpg,4,4,Cat - Scabies,image_family_13f7ed3839c18273b1377317,retain,readable; no cleaning exclusion,,,split_group_13f7ed3839c18273b1377317
Cats/Scabies in Cat/scabies_0071_jpg.rf.b0Gid9zK34qmElIF99bR.jpg,4,4,Cat - Scabies,image_family_6b2ffdfde581e06c7521b5e4,retain,readable; no cleaning exclusion,,,split_group_6b2ffdfde581e06c7521b5e4
Cats/Scabies in Cat/scabies_0072_jpg.rf.BRp4MAR0IPSMa5L46Rht.jpg,4,4,Cat - Scabies,image_family_9eeb70d4ac9b37f515a62e58,retain,readable; no cleaning exclusion,,,split_group_7f939c4f5cfb63740f4f112b
Cats/Scabies in Cat/scabies_0073_jpg.rf.sq3pqKgscC99Q4lfhaVl.jpg,4,4,Cat - Scabies,image_family_21563ef548d9e699edc8b5ab,retain,readable; no cleaning exclusion,,,split_group_7f939c4f5cfb63740f4f112b
Cats/Scabies in Cat/scabies_0074_jpg.rf.jnZRD1X9esTtArrzpL68.jpg,4,4,Cat - Scabies,image_family_45eed3034626057180e15aad,retain,readable; no cleaning exclusion,,,split_group_45eed3034626057180e15aad
Cats/Scabies in Cat/scabies_0075_jpg.rf.Pwgxl1mKfY7kTvGQlzow.jpg,4,4,Cat - Scabies,image_family_fc970e410275b4ed3e701792,retain,readable; no cleaning exclusion,,,split_group_1e9e35211e8ac34811987f8e
Cats/Scabies in Cat/scabies_0076_jpg.rf.ZvTd6dB5eJT4HovW5pd7.jpg,4,4,Cat - Scabies,image_family_c4625b46c3dfbacc7a2b7aa4,retain,readable; no cleaning exclusion,,,split_group_1e9e35211e8ac34811987f8e
Cats/Scabies in Cat/scabies_0078_jpg.rf.d3QewgawuElsV7FjzS8G.jpg,4,4,Cat - Scabies,image_family_9aeabfe03c69ecec10670971,retain,readable; no cleaning exclusion,,,split_group_1e61b5ff8a8c2a32c6d7576e
Cats/Scabies in Cat/scabies_0079_jpg.rf.QUou0hY53ieKioGBGM4s.jpg,4,4,Cat - Scabies,image_family_3324b53c55ebd16292a591e6,retain,readable; no cleaning exclusion,,,split_group_1e61b5ff8a8c2a32c6d7576e
Cats/Scabies in Cat/scabies_0080_jpg.rf.v1byTNuOkq8bbz1mMeNl.jpg,4,4,Cat - Scabies,image_family_a27d95f9922404d69a9c6e95,retain,readable; no cleaning exclusion,,,split_group_a27d95f9922404d69a9c6e95
Cats/Scabies in Cat/scabies_0081_jpg.rf.VwZvv0tBeiyhSF43dVeE.jpg,4,4,Cat - Scabies,image_family_3c2c3c0f1cf1504b268f009f,retain,readable; no cleaning exclusion,,,split_group_7a52444c8f2f3eef2957f4ed
Cats/Scabies in Cat/scabies_0082_jpg.rf.N3Mt3PHesCfnAb3uiwb5.jpg,4,4,Cat - Scabies,image_family_4ce2743430063ced64e8395a,retain,readable; no cleaning exclusion,,,split_group_7a52444c8f2f3eef2957f4ed
Cats/Scabies in Cat/scabies_0083_jpg.rf.aNWMFIrZWeXLx5RYMYRe.jpg,4,4,Cat - Scabies,image_family_a2cf392c134b9807498d1ac6,retain,readable; no cleaning exclusion,,,split_group_cb7b360b3894f38ee5bfe02a
Cats/Scabies in Cat/scabies_0084_jpg.rf.mhPUaBSfiw0QlkUoVjgm.jpg,4,4,Cat - Scabies,image_family_aeddad160a07acd9ae43eb0d,retain,readable; no cleaning exclusion,,,split_group_cb7b360b3894f38ee5bfe02a
Cats/Scabies in Cat/scabies_0085_jpg.rf.G6GhStD1wMYJtGa2TNkf.jpg,4,4,Cat - Scabies,image_family_d90e12261768726919dfef03,retain,readable; no cleaning exclusion,,,split_group_ca9a1f95e01ccea2e83e632d
Cats/Scabies in Cat/scabies_0086_jpg.rf.YCSGSa38NfMJNvC94p40.jpg,4,4,Cat - Scabies,image_family_b7bb89995f699efa6ae4f8ab,retain,readable; no cleaning exclusion,,,split_group_ca9a1f95e01ccea2e83e632d
Cats/Scabies in Cat/scabies_0087_jpg.rf.Ij698vopjrdhYVlpuRfP.jpg,4,4,Cat - Scabies,image_family_ba490b8729f3d37b17d26e25,retain,readable; no cleaning exclusion,,,split_group_ba490b8729f3d37b17d26e25
Cats/Scabies in Cat/scabies_0088_jpg.rf.4QDIxYnkHQISAzEjy07b.jpg,4,4,Cat - Scabies,image_family_e3477668f2f37b1b46311e77,retain,readable; no cleaning exclusion,,,split_group_e3477668f2f37b1b46311e77
Cats/Scabies in Cat/scabies_0089_jpg.rf.J0YMyDCfOHtKS0P8MmvD.jpg,4,4,Cat - Scabies,image_family_34b2e48359197e5f03808edb,retain,readable; no cleaning exclusion,,,split_group_34b2e48359197e5f03808edb
Cats/Scabies in Cat/scabies_0090_jpg.rf.7x08NTAx6iTzbLRZ8aPX.jpg,4,4,Cat - Scabies,image_family_0871761c8d4d967de7f5e43f,retain,readable; no cleaning exclusion,,,split_group_0871761c8d4d967de7f5e43f
Cats/Scabies in Cat/scabies_0094_jpg.rf.pNCRI4TO0VnTcx86dBG1.jpg,4,4,Cat - Scabies,image_family_63b9ad42b7cb7be155f1ada2,retain,readable; no cleaning exclusion,,,split_group_3e3949c36779ba1414c0ed39
Cats/Scabies in Cat/scabies_0095_jpg.rf.uTZYu4jeZ20QJzSWRvoQ.jpg,4,4,Cat - Scabies,image_family_73ed876ec462a46e1a3d27e9,retain,readable; no cleaning exclusion,,,split_group_3e3949c36779ba1414c0ed39
Cats/Scabies in Cat/scabies_0096_jpg.rf.ApOB3dEVrrjvU34XjyqX.jpg,4,4,Cat - Scabies,image_family_05fdcb1c8410c420f55217a7,retain,readable; no cleaning exclusion,,,split_group_5263d4febeccecb69a8fd82c
Cats/Scabies in Cat/scabies_0097_jpg.rf.kwnTqx3E4O6jopkPVdo7.jpg,4,4,Cat - Scabies,image_family_4941eb4f5104e42cc454570f,retain,readable; no cleaning exclusion,,,split_group_5263d4febeccecb69a8fd82c
Cats/Scabies in Cat/scabies_0098_jpg.rf.oYVqOVTrfsS45LTXwscl.jpg,4,4,Cat - Scabies,image_family_4dbba8692097d04cd6c52bdb,retain,readable; no cleaning exclusion,,,split_group_a1ae816f4a16034946614051
Cats/Scabies in Cat/scabies_0101_jpg.rf.DVFSmwO4fNr9bV5afRJ4.jpg,4,4,Cat - Scabies,image_family_3e6cc2db5e6ad9770ba56525,retain,readable; no cleaning exclusion,,,split_group_3e6cc2db5e6ad9770ba56525
Cats/Scabies in Cat/scabies_0102_jpg.rf.XjhMVg9SL5g8X1IXGYgw.jpg,4,4,Cat - Scabies,image_family_d257a70e5160c2796ce486f4,retain,readable; no cleaning exclusion,,,split_group_d257a70e5160c2796ce486f4
Cats/Scabies in Cat/scabies_0103_jpg.rf.58v9Zryu2s5sfKbNJKNa.jpg,4,4,Cat - Scabies,image_family_38b5ba3121d7190be2b5e0f6,retain,readable; no cleaning exclusion,,,split_group_894aff812160a2cfedde0e69
Cats/Scabies in Cat/scabies_0104_jpg.rf.tdZIFTmfXHUFMyDNzsNp.jpg,4,4,Cat - Scabies,image_family_8c98b6608b43cb252397f48d,retain,readable; no cleaning exclusion,,,split_group_894aff812160a2cfedde0e69
Cats/Scabies in Cat/scabies_0105_jpg.rf.qTuTTxAmUKpZoAvV1LIq.jpg,4,4,Cat - Scabies,image_family_18b31a0b7a08670d309ad402,retain,readable; no cleaning exclusion,,,split_group_a95c2a2b31f9e80379fa3fed
Cats/Scabies in Cat/scabies_0106_jpg.rf.jpFG2Cvkb9Ell2u03Po3.jpg,4,4,Cat - Scabies,image_family_a7b160cfb8b8af4af484bd9c,retain,readable; no cleaning exclusion,,,split_group_a95c2a2b31f9e80379fa3fed
Cats/Scabies in Cat/scabies_0107_jpg.rf.L89sTGwE59ZlOopitdmW.jpg,4,4,Cat - Scabies,image_family_ba3fce40aadf9ef74309b193,retain,readable; no cleaning exclusion,,,split_group_ba3fce40aadf9ef74309b193
Cats/Scabies in Cat/scabies_0108_jpg.rf.EuKx1Jakyq2TefU0LL0C.jpg,4,4,Cat - Scabies,image_family_9a48fb149e333cb7c2cd5449,retain,readable; no cleaning exclusion,,,split_group_9a48fb149e333cb7c2cd5449
Cats/Scabies in Cat/scabies_0109_jpg.rf.kQVxIN8ftzbInzfCbGBD.jpg,4,4,Cat - Scabies,image_family_b0fd0fb07afc67e3878e0b45,retain,readable; no cleaning exclusion,,,split_group_6a38d50a7c4f99eedf823125
Cats/Scabies in Cat/scabies_0110_jpg.rf.AWMMXWZrEq6c1vmLfOgN.jpg,4,4,Cat - Scabies,image_family_7e59e867c3bfae511b7b0d57,retain,readable; no cleaning exclusion,,,split_group_7e59e867c3bfae511b7b0d57
Cats/Scabies in Cat/scabies_0111_jpg.rf.itFXJBJCF7E2kfdcysDJ.jpg,4,4,Cat - Scabies,image_family_78a9dfaf9a20ab89b9d02685,retain,readable; no cleaning exclusion,,,split_group_6a38d50a7c4f99eedf823125
Cats/Scabies in Cat/scabies_0112_jpg.rf.x8QtZ3ihvMofD0ecIgGC.jpg,4,4,Cat - Scabies,image_family_91d46621a0506de32800a1bb,retain,readable; no cleaning exclusion,,,split_group_91d46621a0506de32800a1bb
Cats/Scabies in Cat/scabies_0113_jpg.rf.H04l7mA62a1N8nfhCyKt.jpg,4,4,Cat - Scabies,image_family_0a2ecc7e0f07358f0b7aecf2,retain,readable; no cleaning exclusion,,,split_group_0a2ecc7e0f07358f0b7aecf2
Cats/Scabies in Cat/scabies_0114_jpg.rf.OjUmMt0FYvX9ctvpCCEc.jpg,4,4,Cat - Scabies,image_family_ae548edf0b139c5e6406cbaf,retain,readable; no cleaning exclusion,,,split_group_ae548edf0b139c5e6406cbaf
Cats/Scabies in Cat/scabies_0116_jpg.rf.FR5OUmOqOCLLomlhgpIQ.jpg,4,4,Cat - Scabies,image_family_20cc0a481b87467e17e4c7d1,retain,readable; no cleaning exclusion,,,split_group_20cc0a481b87467e17e4c7d1
Cats/Scabies in Cat/scabies_0117_jpg.rf.PB57twhx6PxVsmaG2k0t.jpg,4,4,Cat - Scabies,image_family_13abb321eab1bfba63105cdd,retain,readable; no cleaning exclusion,,,split_group_13abb321eab1bfba63105cdd
Cats/Scabies in Cat/scabies_0118_jpg.rf.uU8lgnvS6WQUOfl7fTGe.jpg,4,4,Cat - Scabies,image_family_13996ae86da4961ef0efbbee,retain,readable; no cleaning exclusion,,,split_group_13996ae86da4961ef0efbbee
Cats/Scabies in Cat/scabies_0119_jpg.rf.VrmLqyKD9B9LEWtgr3Z9.jpg,4,4,Cat - Scabies,image_family_21d99976424cd4ab7a4e11c8,retain,readable; no cleaning exclusion,,,split_group_21d99976424cd4ab7a4e11c8
Cats/Scabies in Cat/scabies_0120_jpg.rf.tVbqiox7XY5uidAiuXLw.jpg,4,4,Cat - Scabies,image_family_2a52dc49c0a41725c3cd5d03,retain,readable; no cleaning exclusion,,,split_group_2a52dc49c0a41725c3cd5d03
Cats/Scabies in Cat/scabies_0125_jpg.rf.xmIzlRvkKzSXCJS2jEY3.jpg,4,4,Cat - Scabies,image_family_323eed42e8a461e3ef9580fe,retain,readable; no cleaning exclusion,,,split_group_3b01fd53aeb4df3306c77400
Cats/Scabies in Cat/scabies_0126_jpg.rf.Gy5FD1iRJOyNE120Ro1m.jpg,4,4,Cat - Scabies,image_family_231ab9757d1212ae342a666d,retain,readable; no cleaning exclusion,,,split_group_3b01fd53aeb4df3306c77400
Cats/Scabies in Cat/scabies_0127_jpg.rf.96lhiy5jEAml1spczbq7.jpg,4,4,Cat - Scabies,image_family_9d76a612bfe30d5526f68300,retain,readable; no cleaning exclusion,,,split_group_f7d34021856baa6f5637ba73
Cats/Scabies in Cat/scabies_0128_jpg.rf.LgZHeq98B7L5PDoolMuY.jpg,4,4,Cat - Scabies,image_family_759052c6ae6d7bdc5c2e092d,retain,readable; no cleaning exclusion,,,split_group_f7d34021856baa6f5637ba73
Cats/Scabies in Cat/scabies_0129_jpg.rf.FnvAfAkWy1UQDkmVyoCX.jpg,4,4,Cat - Scabies,image_family_29fa4bee0c24d3f2566b7f96,retain,readable; no cleaning exclusion,,,split_group_29fa4bee0c24d3f2566b7f96
Cats/Scabies in Cat/scabies_0130_jpg.rf.tJ1Tobb7vDfe2lvxl3iV.jpg,4,4,Cat - Scabies,image_family_bfdbcaf3c7af01a59be4968e,retain,readable; no cleaning exclusion,,,split_group_bfdbcaf3c7af01a59be4968e
Cats/Scabies in Cat/scabies_0131_jpg.rf.sNInGMNe9xXqPjPW4Hr4.jpg,4,4,Cat - Scabies,image_family_d7a427fecaae61b27423af34,retain,readable; no cleaning exclusion,,,split_group_487b8f76c67173701444dbae
Cats/Scabies in Cat/scabies_0132_jpg.rf.Lz2TwrxF4ocFuoH9036L.jpg,4,4,Cat - Scabies,image_family_804a2dabbd1b322a6194139d,retain,readable; no cleaning exclusion,,,split_group_448ec6417028c8804d0c7ab7
Cats/Scabies in Cat/scabies_0133_jpg.rf.CeAGz7BF33LnRb8926gH.jpg,4,4,Cat - Scabies,image_family_efdd88ddc6ae83a95e09a6a6,retain,readable; no cleaning exclusion,,,split_group_487b8f76c67173701444dbae
Cats/Scabies in Cat/scabies_0134_jpg.rf.NOJXaOwiWRqOeoDSQNBb.jpg,4,4,Cat - Scabies,image_family_83a51e39954e3b304b12f392,retain,readable; no cleaning exclusion,,,split_group_448ec6417028c8804d0c7ab7
Cats/Scabies in Cat/scabies_0135_jpg.rf.xIWzl1rSraGDL4pblqUF.jpg,4,4,Cat - Scabies,image_family_0f2fa794541e4d6259bae84a,retain,readable; no cleaning exclusion,,,split_group_c6e62f77de5d0f7d37edc232
Cats/Scabies in Cat/scabies_0136_jpg.rf.yQE5iT7zXVt4gn2mQk65.jpg,4,4,Cat - Scabies,image_family_3056e928bbc0ce77608d18a3,retain,readable; no cleaning exclusion,,,split_group_1f5ed23546f2a297ec68a618
Cats/Scabies in Cat/scabies_0137_jpg.rf.RwteHbNULLZ5sc5GXkyX.jpg,4,4,Cat - Scabies,image_family_5fe81ff53cdd80b1942c5b33,retain,readable; no cleaning exclusion,,,split_group_c6e62f77de5d0f7d37edc232
Cats/Scabies in Cat/scabies_0138_jpg.rf.F089jUJt3ykAmSNeSEZD.jpg,4,4,Cat - Scabies,image_family_52b1ce89aa54e58e0fc2a1cf,retain,readable; no cleaning exclusion,,,split_group_1f5ed23546f2a297ec68a618
Cats/Scabies in Cat/scabies_0139_jpg.rf.t11Mk1m8yhd9bZZ6BVCh.jpg,4,4,Cat - Scabies,image_family_766d066b291de4a921949f44,retain,readable; no cleaning exclusion,,,split_group_e317881ebfa79523b9a5f221
Cats/Scabies in Cat/scabies_0140_jpg.rf.6QVH7KrY1dawWKkBLJ93.jpg,4,4,Cat - Scabies,image_family_f47743d206427a4cd44666bf,retain,readable; no cleaning exclusion,,,split_group_e317881ebfa79523b9a5f221
Cats/Scabies in Cat/scabies_0141_jpg.rf.ddfZocWZhwQ6I6B2LslY.jpg,4,4,Cat - Scabies,image_family_4ff4476fbf5256b0bcf6720a,retain,readable; no cleaning exclusion,,,split_group_21d4a3ea3fcf42ead54d15ae
Cats/Scabies in Cat/scabies_0142_jpg.rf.Nb3NJkTnAeBQT8SzSFZc.jpg,4,4,Cat - Scabies,image_family_33903df42266a86b2b785427,retain,readable; no cleaning exclusion,,,split_group_21d4a3ea3fcf42ead54d15ae
Cats/Scabies in Cat/scabies_0143_jpg.rf.ooeHtn1vRzYndNpIoKVc.jpg,4,4,Cat - Scabies,image_family_931bc568e91fb1bac3dba608,retain,readable; no cleaning exclusion,,,split_group_6523a4dd4ec8394556ee1efc
Cats/Scabies in Cat/scabies_0144_jpg.rf.6HDO5MbRjvrw3k4yMfUf.jpg,4,4,Cat - Scabies,image_family_8e640eec90f9e7341a6acb90,retain,readable; no cleaning exclusion,,,split_group_6523a4dd4ec8394556ee1efc
Cats/Scabies in Cat/scabies_0145_jpg.rf.nhAMTErvwT6SwxWMxJaP.jpg,4,4,Cat - Scabies,image_family_b7481f414aae4e10d662a472,retain,readable; no cleaning exclusion,,,split_group_0130ac6719ef809c7743571f
Cats/Scabies in Cat/scabies_0146_jpg.rf.i958rX1sjxt1aKXQ9YVH.jpg,4,4,Cat - Scabies,image_family_a9a643120d872c1bd742c0ee,retain,readable; no cleaning exclusion,,,split_group_0130ac6719ef809c7743571f
Cats/Scabies in Cat/scabies_0147_jpg.rf.3Rx68i4UD4VfTFRWWh5y.jpg,4,4,Cat - Scabies,image_family_6bb07da2ecf731da7b97c04b,retain,readable; no cleaning exclusion,,,split_group_6bb07da2ecf731da7b97c04b
Cats/Scabies in Cat/scabies_0148_jpg.rf.npoOfvLOgWfCs9F5njlO.jpg,4,4,Cat - Scabies,image_family_c87d45898a50864d0a6d72c0,retain,readable; no cleaning exclusion,,,split_group_84dee51e53cc5b17917bd716
Cats/Scabies in Cat/scabies_0149_jpg.rf.6zXN5sWwks1t0QDwhAkt.jpg,4,4,Cat - Scabies,image_family_15b75001d2b82da9a4f3c487,retain,readable; no cleaning exclusion,,,split_group_84dee51e53cc5b17917bd716
Cats/Scabies in Cat/scabies_0150_jpg.rf.tfgqfPl0duCLDHgyJ8f0.jpg,4,4,Cat - Scabies,image_family_f60f0e2fd55a7eef6be8c685,retain,readable; no cleaning exclusion,,,split_group_f60f0e2fd55a7eef6be8c685
Cats/Scabies in Cat/scabies_0152_jpg.rf.tpjEhJyB63fiiLOMUsny.jpg,4,4,Cat - Scabies,image_family_258d77fcc5a74cc15b0901fb,retain,readable; no cleaning exclusion,,,split_group_258d77fcc5a74cc15b0901fb
Cats/Scabies in Cat/scabies_0153_jpg.rf.CsOzPKWtjlIYtUitPWwZ.jpg,4,4,Cat - Scabies,image_family_77f01f4f3a3fde4e922f64af,retain,readable; no cleaning exclusion,,,split_group_77f01f4f3a3fde4e922f64af
Cats/Scabies in Cat/scabies_0154_jpg.rf.BU9V3laxqfqsO47WMW75.jpg,4,4,Cat - Scabies,image_family_ebfaec56b3c666c7fd959d91,retain,readable; no cleaning exclusion,,,split_group_c6b272a253d8bd671bf88955
Cats/Scabies in Cat/scabies_0155_jpg.rf.mlfLoGhOTRJ5v4qGCYTE.jpg,4,4,Cat - Scabies,image_family_a25b2c372e1d919c6ad33b2d,retain,readable; no cleaning exclusion,,,split_group_a25b2c372e1d919c6ad33b2d
Cats/Scabies in Cat/scabies_0156_jpg.rf.txbc9OYIjyqJV8wt2Zpq.jpg,4,4,Cat - Scabies,image_family_583f6083b020172a1a75699f,retain,readable; no cleaning exclusion,,,split_group_c6b272a253d8bd671bf88955
Cats/Scabies in Cat/scabies_0157_jpg.rf.SdEyu3OOMda0kUzW1jdK.jpg,4,4,Cat - Scabies,image_family_496293a8a4f2a9fcf98cfebb,retain,readable; no cleaning exclusion,,,split_group_26c270e081457e83e41f66cb
Cats/Scabies in Cat/scabies_0158_jpg.rf.bp5JXovou9WjObrANV3V.jpg,4,4,Cat - Scabies,image_family_8516eb53af1809c5e1e316aa,retain,readable; no cleaning exclusion,,,split_group_26c270e081457e83e41f66cb
Cats/Scabies in Cat/scabies_0159_jpg.rf.AdsKg6cpirWP6jRrSpTz.jpg,4,4,Cat - Scabies,image_family_197c40ac11a1959a614a17c1,retain,readable; no cleaning exclusion,,,split_group_93e3dfcb94ce6fec78b87e62
Cats/Scabies in Cat/scabies_0160_jpg.rf.xsVznHMqhcz0t8VGzllk.jpg,4,4,Cat - Scabies,image_family_c2de890d75ca92c65c3c1ede,retain,readable; no cleaning exclusion,,,split_group_93e3dfcb94ce6fec78b87e62
Cats/Scabies in Cat/scabies_0161_jpg.rf.Q3TN0tbyud2jCLRSZFnR.jpg,4,4,Cat - Scabies,image_family_a21353d512bfe82f6437c367,retain,readable; no cleaning exclusion,,,split_group_32c86b6e17e8443b19bb0713
Cats/Scabies in Cat/scabies_0162_jpg.rf.zdrn4AWhJRQmwURGIA4V.jpg,4,4,Cat - Scabies,image_family_34383be2978a3e51724f7a56,retain,readable; no cleaning exclusion,,,split_group_32c86b6e17e8443b19bb0713
Cats/Scabies in Cat/scabies_0163_jpg.rf.UTfVPNemH2tpi57jl5Og.jpg,4,4,Cat - Scabies,image_family_5232fe5f2c79719c2a00173c,retain,readable; no cleaning exclusion,,,split_group_645ab53a31b361af3c20e622
Cats/Scabies in Cat/scabies_0164_jpg.rf.xHg3mH2MDU8der3I1GFF.jpg,4,4,Cat - Scabies,image_family_5e2e7ee90a68f9a6a1275e78,retain,readable; no cleaning exclusion,,,split_group_645ab53a31b361af3c20e622
Cats/Scabies in Cat/scabies_0165_jpg.rf.Ug2B5uTr3FRx2zBe1Wm6.jpg,4,4,Cat - Scabies,image_family_c1c494ea22feb55d274ba09f,retain,readable; no cleaning exclusion,,,split_group_a229d2e70a7af9746c013c62
Cats/Scabies in Cat/scabies_0166_jpg.rf.gnIveLt2Nm3iJ8PiBYdL.jpg,4,4,Cat - Scabies,image_family_2cc952c1da85b51460c89bce,retain,readable; no cleaning exclusion,,,split_group_a229d2e70a7af9746c013c62
Cats/Scabies in Cat/scabies_0167_jpg.rf.YMFp9lFkROM93W3bK2lu.jpg,4,4,Cat - Scabies,image_family_b7739b9586cecdeb9635ae05,retain,readable; no cleaning exclusion,,,split_group_299427ce4efaf184c4b588e5
Cats/Scabies in Cat/scabies_0168_jpg.rf.BsUa6FmzB8K3oy9ddYvD.jpg,4,4,Cat - Scabies,image_family_e5425b602157babffcdb7dd4,retain,readable; no cleaning exclusion,,,split_group_e5425b602157babffcdb7dd4
Cats/Scabies in Cat/scabies_0169_jpg.rf.61tZN17ClxrTGqnGNeWm.jpg,4,4,Cat - Scabies,image_family_ad784d906339f504bbbe25af,retain,readable; no cleaning exclusion,,,split_group_299427ce4efaf184c4b588e5
Cats/Scabies in Cat/scabies_0170_jpg.rf.1IBHVp8IiOCttST7L337.jpg,4,4,Cat - Scabies,image_family_2b98075011258c4616336abe,retain,readable; no cleaning exclusion,,,split_group_1bd00c9269f22f5474748be5
Cats/Scabies in Cat/scabies_0171_jpg.rf.BzsxtA92ieHMXOWQLqna.jpg,4,4,Cat - Scabies,image_family_0fcb56f5ca5d6050bf05efb2,retain,readable; no cleaning exclusion,,,split_group_1bd00c9269f22f5474748be5
Cats/Scabies in Cat/scabies_0172_jpg.rf.PwvGnC62GMy5VrCi13U8.jpg,4,4,Cat - Scabies,image_family_d6e68c598ed93544c60df251,retain,readable; no cleaning exclusion,,,split_group_7ee8f2c366f2648ce818d66a
Cats/Scabies in Cat/scabies_0173_jpg.rf.AJdOR8bEap8MTBlrLH2L.jpg,4,4,Cat - Scabies,image_family_2bb7e3f6e638384986d5d0a0,retain,readable; no cleaning exclusion,,,split_group_7ee8f2c366f2648ce818d66a
Cats/Scabies in Cat/scabies_0174_jpg.rf.AXso6mY6yyDnsQ8smgPq.jpg,4,4,Cat - Scabies,image_family_1bff66fa5d20d05cbf4d162f,retain,readable; no cleaning exclusion,,,split_group_a4103a701e2ed58fdbacbb5b
Cats/Scabies in Cat/scabies_0175_jpg.rf.6mZVD96cKRk9rd3EesZZ.jpg,4,4,Cat - Scabies,image_family_bfee90ed6fcc04fc7c71b483,retain,readable; no cleaning exclusion,,,split_group_a4103a701e2ed58fdbacbb5b
Cats/Scabies in Cat/scabies_0176_jpg.rf.x79NbeSovM3mhjzE4N5x.jpg,4,4,Cat - Scabies,image_family_340687a4b8ec0e34ecefb91c,retain,readable; no cleaning exclusion,,,split_group_340687a4b8ec0e34ecefb91c
Cats/Scabies in Cat/scabies_0177_jpg.rf.TrxKQZNyKsbmqTaaFQjC.jpg,4,4,Cat - Scabies,image_family_a9e13246698210e2a26cce73,retain,readable; no cleaning exclusion,,,split_group_a9e13246698210e2a26cce73
Cats/Scabies in Cat/scabies_0178_jpg.rf.ZXGnpDikzZ1Dk3Vo2yKN.jpg,4,4,Cat - Scabies,image_family_d13afdd6f2a97d20b2b62425,retain,readable; no cleaning exclusion,,,split_group_d13afdd6f2a97d20b2b62425
Cats/Scabies in Cat/scabies_0180_jpg.rf.ajy1pCulxH1G5jiDshNk.jpg,4,4,Cat - Scabies,image_family_31b10c7f4ba1149791e5392c,retain,readable; no cleaning exclusion,,,split_group_d4a6fb9684a4cc002021ca39
Cats/Scabies in Cat/scabies_0181_jpg.rf.2YmRb4WhBVnJaovrX6CG.jpg,4,4,Cat - Scabies,image_family_090006ca88adeb11ee949362,retain,readable; no cleaning exclusion,,,split_group_d4a6fb9684a4cc002021ca39
Cats/Scabies in Cat/scabies_0182_jpg.rf.FSa3B1og97IG8PKgVKk6.jpg,4,4,Cat - Scabies,image_family_83f68e7ec458c751943624ec,retain,readable; no cleaning exclusion,,,split_group_83f68e7ec458c751943624ec
Cats/Scabies in Cat/scabies_0183_jpg.rf.5R2Rv3EUEh0viZbTxuqB.jpg,4,4,Cat - Scabies,image_family_ecfb4e82296ac26ca91d850c,retain,readable; no cleaning exclusion,,,split_group_5a383c6dc58609f453a8a161
Cats/Scabies in Cat/scabies_0184_jpg.rf.tUdmyE2krH4a6k4ODOFu.jpg,4,4,Cat - Scabies,image_family_2c097519c2299da185018f15,retain,readable; no cleaning exclusion,,,split_group_5a383c6dc58609f453a8a161
Cats/Scabies in Cat/scabies_0185_jpg.rf.OMqr9MAMe7u40UmS2NJS.jpg,4,4,Cat - Scabies,image_family_466f51beeea1ccd223787394,retain,readable; no cleaning exclusion,,,split_group_87c7a33ae0d3e71b0cfbdf40
Cats/Scabies in Cat/scabies_0186_jpg.rf.NisIeE3fux001W5i5m8y.jpg,4,4,Cat - Scabies,image_family_2598d01d64c5304be28078f6,retain,readable; no cleaning exclusion,,,split_group_87c7a33ae0d3e71b0cfbdf40
Cats/Scabies in Cat/scabies_0188_jpg.rf.t4NN2IJrcTVHEi2m80Ey.jpg,4,4,Cat - Scabies,image_family_c04236949cd5ff120c612c9b,retain,readable; no cleaning exclusion,,,split_group_ce1906a2b92a2a4237348bd8
Cats/Scabies in Cat/scabies_0189_jpg.rf.LHOzyH9jcnTrtYDS3aXv.jpg,4,4,Cat - Scabies,image_family_552e5e0c2afda01b356cd733,retain,readable; no cleaning exclusion,,,split_group_ce1906a2b92a2a4237348bd8
Cats/Scabies in Cat/scabies_0190_jpg.rf.fXAyeKBBbPoxKvRXlD1J.jpg,4,4,Cat - Scabies,image_family_bb0d07bec3bda6a4f924082d,retain,readable; no cleaning exclusion,,,split_group_bb0d07bec3bda6a4f924082d
Cats/Scabies in Cat/scabies_0191_jpg.rf.6RUFMfoXo0n5EuDovMgy.jpg,4,4,Cat - Scabies,image_family_378010ac878ac59bafccf9f1,retain,readable; no cleaning exclusion,,,split_group_93dcf720d5cdc54ca9c20479
Cats/Scabies in Cat/scabies_0192_jpg.rf.Q7N89UeImxNNSz0w0x87.jpg,4,4,Cat - Scabies,image_family_7868fe2acdab550523ecdc86,retain,readable; no cleaning exclusion,,,split_group_93dcf720d5cdc54ca9c20479
Cats/Scabies in Cat/scabies_0193_jpg.rf.LQgftqQbI8gklVSyPpaA.jpg,4,4,Cat - Scabies,image_family_49753148c27f2d8b167efc5b,retain,readable; no cleaning exclusion,,,split_group_49753148c27f2d8b167efc5b
Cats/Scabies in Cat/scabies_0194_jpg.rf.DraUTEjaAMmc6bYyLAyM.jpg,4,4,Cat - Scabies,image_family_210ba1bb0b0ebdbd281a3a49,retain,readable; no cleaning exclusion,,,split_group_210ba1bb0b0ebdbd281a3a49
Cats/Scabies in Cat/scabies_0195_jpg.rf.dQ5LjHLMKGa1vicI08iv.jpg,4,4,Cat - Scabies,image_family_7d2208bf9d8343d67f564d87,retain,readable; no cleaning exclusion,,,split_group_430d63990a529b07dbc9365e
Cats/Scabies in Cat/scabies_0196_jpg.rf.exkhSnou5rSUZ2pgfkc0.jpg,4,4,Cat - Scabies,image_family_c9af4d663cc9eec329a4dde8,retain,readable; no cleaning exclusion,,,split_group_430d63990a529b07dbc9365e
Cats/Scabies in Cat/scabies_0197_jpg.rf.dOafJ86egQK2RDzPa8Zs.jpg,4,4,Cat - Scabies,image_family_452576026fd8f5366e01365b,retain,readable; no cleaning exclusion,,,split_group_082adc258017dfb54da0728a
Cats/Scabies in Cat/scabies_0198_jpg.rf.mEBjuSkI1iIzVxB6sYBE.jpg,4,4,Cat - Scabies,image_family_0f95436e36c0c46c8f216991,retain,readable; no cleaning exclusion,,,split_group_082adc258017dfb54da0728a
Cats/Scabies in Cat/scabies_0201_jpg.rf.UpLRLvDwjhzygqMY66U1.jpg,4,4,Cat - Scabies,image_family_60b63de3e5234c056e21a303,retain,readable; no cleaning exclusion,,,split_group_6f5f777342f65df4f528d763
Cats/Scabies in Cat/scabies_0202_jpg.rf.M2Od7VjZjfpjkRS4bmr7.jpg,4,4,Cat - Scabies,image_family_0234b4bd7580d4adca371a5b,retain,readable; no cleaning exclusion,,,split_group_2ed5b76e4ae3051866b1f3ab
Cats/Scabies in Cat/scabies_0203_jpg.rf.z189EDW8588D8KiRXO8E.jpg,4,4,Cat - Scabies,image_family_67c859dbef51b4941cf37cd4,retain,readable; no cleaning exclusion,,,split_group_2ed5b76e4ae3051866b1f3ab
Cats/Scabies in Cat/scabies_0204_jpg.rf.3D8rJ7xuei1KpEeuZ9Hx.jpg,4,4,Cat - Scabies,image_family_b43992c260020a5a2b02fca8,retain,readable; no cleaning exclusion,,,split_group_2e7e84917ffa1ee6f599139b
Cats/Scabies in Cat/scabies_0205_jpg.rf.prIlRHsHgiKkWKoVnvjL.jpg,4,4,Cat - Scabies,image_family_b139801fd4a3c5f1d7b22b71,retain,readable; no cleaning exclusion,,,split_group_2e7e84917ffa1ee6f599139b
Cats/Scabies in Cat/scabies_0206_jpg.rf.djJvuSMCxca2SY44B7pl.jpg,4,4,Cat - Scabies,image_family_e6c37c385af9711048e985c7,retain,readable; no cleaning exclusion,,,split_group_e6c37c385af9711048e985c7
Cats/Scabies in Cat/scabies_0209_jpg.rf.TSFJTNN5jEHqBm5EppMj.jpg,4,4,Cat - Scabies,image_family_30c1147920bc0fc0f8535d10,retain,readable; no cleaning exclusion,,,split_group_0e7977bae9f29309f3c52e2f
Cats/Scabies in Cat/scabies_0210_jpg.rf.GtVtiUyTAu2z8U5k7XNW.jpg,4,4,Cat - Scabies,image_family_bc0a8c55c199a948af3d79bc,retain,readable; no cleaning exclusion,,,split_group_0e7977bae9f29309f3c52e2f
Cats/Flea Allergy in Cat/1000010593_x4_jpg.rf.dmS22o0yyhk6DXwINv9K.jpg,5,5,Cat - Flea Allergy,image_family_571a30757ee7081ca99fa41f,retain,readable; no cleaning exclusion,,,split_group_571a30757ee7081ca99fa41f
Cats/Flea Allergy in Cat/1000010601_x4_jpg.rf.mtc0lWSwMajciM4NopRs.jpg,5,5,Cat - Flea Allergy,image_family_fff95b8e84da7929f9e58dac,retain,readable; no cleaning exclusion,,,split_group_fff95b8e84da7929f9e58dac
Cats/Flea Allergy in Cat/1000010627_x4_jpg.rf.sNgWZWTpxExKfFFgdf5C.jpg,5,5,Cat - Flea Allergy,image_family_ecacde2d225702a51fc72d45,retain,readable; no cleaning exclusion,,,split_group_ecacde2d225702a51fc72d45
Cats/Flea Allergy in Cat/1000010771_x16_jpg.rf.rxxrfJ7imET4iO263Xox.jpg,5,5,Cat - Flea Allergy,image_family_08438cdadabf9c7c8938fcf8,retain,readable; no cleaning exclusion,,,split_group_08438cdadabf9c7c8938fcf8
Cats/Flea Allergy in Cat/340947808_546167834308890_7592465449990658927_n_jpg.rf.Zm5nYHwF7fapM7HIgFuo.jpg,5,5,Cat - Flea Allergy,image_family_7ff5b9f0eb86eb2e3792c8ad,retain,readable; no cleaning exclusion,,,split_group_7ff5b9f0eb86eb2e3792c8ad
Cats/Flea Allergy in Cat/5d5641b96b930df01eb7df119e680c9fdb41f4e4_jpeg_jpg.rf.lYp1tmsHRS3KsrSCkohe.jpg,5,5,Cat - Flea Allergy,image_family_9509e2db7f9c4de00275fbe9,retain,readable; no cleaning exclusion,,,split_group_9509e2db7f9c4de00275fbe9
Cats/Flea Allergy in Cat/Atopic-dermatitis_Red-skin-dog-abdomen_DermVets_jpg.rf.ov8aQCiqvH1A6XWDPSES.jpg,5,5,Cat - Flea Allergy,image_family_7a8bacd9daef1277ecd39f47,retain,readable; no cleaning exclusion,,,split_group_7a8bacd9daef1277ecd39f47
Cats/Flea Allergy in Cat/Image_10.jpg,5,5,Cat - Flea Allergy,image_family_5114f20be38b180a80417b67,retain,readable; no cleaning exclusion,,,split_group_5114f20be38b180a80417b67
Cats/Flea Allergy in Cat/Image_11.jpg,5,5,Cat - Flea Allergy,image_family_1d7c257d6a1aa372f4c19e05,retain,readable; no cleaning exclusion,,,split_group_5b44b11d844d45f7770c23a9
Cats/Flea Allergy in Cat/Image_12-2-_jpg.rf.iiVaBJlC9NO2cjFPCGn2.jpg,5,5,Cat - Flea Allergy,image_family_1e9c64a4029482309312b80d,retain,readable; no cleaning exclusion,,,split_group_1e9c64a4029482309312b80d
Cats/Flea Allergy in Cat/Image_13.jpg,5,5,Cat - Flea Allergy,image_family_191fe136ca875b140a85c0c8,retain,readable; no cleaning exclusion,,,split_group_191fe136ca875b140a85c0c8
Cats/Flea Allergy in Cat/Image_13_jpg.rf.p0TmXGbOOQIpBNIgXHNw.jpg,5,5,Cat - Flea Allergy,image_family_191fe136ca875b140a85c0c8,exclude_additional_source_family_member,one source-family representative policy; retained Cats/Flea Allergy in Cat/Image_13.jpg; original/animal identity not verified,,,split_group_191fe136ca875b140a85c0c8
Cats/Flea Allergy in Cat/Image_14 (2)_jpg.rf.IWWIkUs7ffrRjj3BRwYz.jpg,5,5,Cat - Flea Allergy,image_family_879b76cc36b49b86046d10f7,retain,readable; no cleaning exclusion,,,split_group_4e9e8db1aa3aff8765ebddc3
Cats/Flea Allergy in Cat/Image_14-2-_jpg.rf.9RheXjaOmZ8U0TPtq0LZ.jpg,5,5,Cat - Flea Allergy,image_family_ad51575fb799fcb386ed834c,retain,readable; no cleaning exclusion,,,split_group_ad51575fb799fcb386ed834c
Cats/Flea Allergy in Cat/Image_14.jpg,5,5,Cat - Flea Allergy,image_family_88cfc7088259536028296f64,retain,readable; no cleaning exclusion,,,split_group_88cfc7088259536028296f64
Cats/Flea Allergy in Cat/Image_15-2-_jpg.rf.A2LOABFGXkLBb6JVRblb.jpg,5,5,Cat - Flea Allergy,image_family_a98041aa49698de3c578dbbb,retain,readable; no cleaning exclusion,,,split_group_a98041aa49698de3c578dbbb
Cats/Flea Allergy in Cat/Image_16.jpg,5,5,Cat - Flea Allergy,image_family_5bd10fefdd1c8ade4a4cae0a,retain,readable; no cleaning exclusion,,,split_group_5bd10fefdd1c8ade4a4cae0a
Cats/Flea Allergy in Cat/Image_19 (2) (1)_jpg.rf.HbpA13QuIBsl9WGoeTMe.jpg,5,5,Cat - Flea Allergy,image_family_c86131aeae20b089590b1d68,retain,readable; no cleaning exclusion,,,split_group_1ea60fe7f9c512b5faddd859
Cats/Flea Allergy in Cat/Image_2.jpg,5,5,Cat - Flea Allergy,image_family_d959a01b8c58635e22d07be6,retain,readable; no cleaning exclusion,,,split_group_1ea60fe7f9c512b5faddd859
Cats/Flea Allergy in Cat/Image_20-2-_JPG_jpg.rf.l2iGVk6IkSs5n6pYGd7w.jpg,5,5,Cat - Flea Allergy,image_family_4c30990c76a25d97d4b09f7c,retain,readable; no cleaning exclusion,,,split_group_4c30990c76a25d97d4b09f7c
Cats/Flea Allergy in Cat/Image_20.jpg,5,5,Cat - Flea Allergy,image_family_534693e74f79feddd9686928,retain,readable; no cleaning exclusion,,,split_group_534693e74f79feddd9686928
Cats/Flea Allergy in Cat/Image_22 (2)_jpg.rf.iLmdI8kRlSaT3mcTNfcH.jpg,5,5,Cat - Flea Allergy,image_family_0e39ae9c7417b28e14597eb3,retain,readable; no cleaning exclusion,,,split_group_1c1ee29484a24aee0dd400cc
Cats/Flea Allergy in Cat/Image_22.jpg,5,5,Cat - Flea Allergy,image_family_2302f289dc79cc31d0dba5b3,retain,readable; no cleaning exclusion,,,split_group_f41c9260be5c4ea14c2d86d7
Cats/Flea Allergy in Cat/Image_23 (2)_jpg.rf.IFPaYQlHpdD7DbRC2sIQ.jpg,5,5,Cat - Flea Allergy,image_family_4efb6fd9c27a00dfc870ab76,retain,readable; no cleaning exclusion,,,split_group_4efb6fd9c27a00dfc870ab76
Cats/Flea Allergy in Cat/Image_23.png,5,5,Cat - Flea Allergy,image_family_15b2b365a01acccdf57c4385,retain,readable; no cleaning exclusion,,,split_group_15b2b365a01acccdf57c4385
Cats/Flea Allergy in Cat/Image_24 (3)_png.rf.J17EAh05wDILu9rlUFbt.png,5,5,Cat - Flea Allergy,image_family_439ac59d78dc4dbfc5dabd9d,retain,readable; no cleaning exclusion,,,split_group_439ac59d78dc4dbfc5dabd9d
Cats/Flea Allergy in Cat/Image_24.jpg,5,5,Cat - Flea Allergy,image_family_534693e74f79feddd9686928,exclude_same_class_exact_duplicate,same-class exact RGB duplicate; retained representative Cats/Flea Allergy in Cat/Image_20.jpg,,,split_group_534693e74f79feddd9686928
Cats/Flea Allergy in Cat/Image_25.jpg,5,5,Cat - Flea Allergy,image_family_4b9e0c07bb4e9dc6478b0101,retain,readable; no cleaning exclusion,,,split_group_4b9e0c07bb4e9dc6478b0101
Cats/Flea Allergy in Cat/Image_26-4-_jpg.rf.rxeUH6Sww7x5btWz576Q.jpg,5,5,Cat - Flea Allergy,image_family_a62159bb16c82604a74f8c76,retain,readable; no cleaning exclusion,,,split_group_a62159bb16c82604a74f8c76
Cats/Flea Allergy in Cat/Image_27.jpg,5,5,Cat - Flea Allergy,image_family_879b76cc36b49b86046d10f7,exclude_same_class_exact_duplicate,same-class exact RGB duplicate; retained representative Cats/Flea Allergy in Cat/Image_14 (2)_jpg.rf.IWWIkUs7ffrRjj3BRwYz.jpg,,,split_group_4e9e8db1aa3aff8765ebddc3
Cats/Flea Allergy in Cat/Image_29.jpg,5,5,Cat - Flea Allergy,image_family_e0a3ade835b83fcae2a3221d,retain,readable; no cleaning exclusion,,,split_group_e0a3ade835b83fcae2a3221d
Cats/Flea Allergy in Cat/Image_3 (2)_jpg.rf.M3IqONJubxwmMHXRYS8m.jpg,5,5,Cat - Flea Allergy,image_family_97d2a87690958a168c9c38fb,retain,readable; no cleaning exclusion,,,split_group_97d2a87690958a168c9c38fb
Cats/Flea Allergy in Cat/Image_3-2-_jpg.rf.91hCylPMHaHITsDFvIuc.jpg,5,5,Cat - Flea Allergy,image_family_e667d6f9c7601fcec4339cd0,retain,readable; no cleaning exclusion,,,split_group_e667d6f9c7601fcec4339cd0
Cats/Flea Allergy in Cat/Image_3.jpg,5,5,Cat - Flea Allergy,image_family_878dcc8bcc6338cd9361e1ed,retain,readable; no cleaning exclusion,,,split_group_a38e7617424931c1433e91e9
Cats/Flea Allergy in Cat/Image_31 (2)_jpg.rf.CYhNIRF9SjnKZ4clGaZa.jpg,5,5,Cat - Flea Allergy,image_family_dacc5f180de0635fdf48e9c5,retain,readable; no cleaning exclusion,,,split_group_dacc5f180de0635fdf48e9c5
Cats/Flea Allergy in Cat/Image_31 (3)_jpg.rf.4GCh5KA8jMsRx2ePirAQ.jpg,5,5,Cat - Flea Allergy,image_family_ff4c6815c516a49120923d47,retain,readable; no cleaning exclusion,,,split_group_ff4c6815c516a49120923d47
Cats/Flea Allergy in Cat/Image_31-2-_jpg.rf.79q76F6tdULvERGBWxRl.jpg,5,5,Cat - Flea Allergy,image_family_e301d5ee517f5598af598a3f,retain,readable; no cleaning exclusion,,,split_group_e301d5ee517f5598af598a3f
Cats/Flea Allergy in Cat/Image_31.jpg,5,5,Cat - Flea Allergy,image_family_2b76ef74a8912e40fda0b74f,retain,readable; no cleaning exclusion,,,split_group_2b76ef74a8912e40fda0b74f
Cats/Flea Allergy in Cat/Image_32.png,5,5,Cat - Flea Allergy,image_family_598e1972f5909df0bbd43f9c,retain,readable; no cleaning exclusion,,,split_group_598e1972f5909df0bbd43f9c
Cats/Flea Allergy in Cat/Image_33-3-_jpg.rf.dpPkXcAp3G8LsgE3vxfr.jpg,5,5,Cat - Flea Allergy,image_family_9187658a4e76758f1ee1a487,retain,readable; no cleaning exclusion,,,split_group_9187658a4e76758f1ee1a487
Cats/Flea Allergy in Cat/Image_33.jpg,5,5,Cat - Flea Allergy,image_family_b5c2adacfb170d53fc952f76,retain,readable; no cleaning exclusion,,,split_group_b5c2adacfb170d53fc952f76
Cats/Flea Allergy in Cat/Image_33.png,5,5,Cat - Flea Allergy,image_family_e78bed7e72d94805a7696588,retain,readable; no cleaning exclusion,,,split_group_e78bed7e72d94805a7696588
Cats/Flea Allergy in Cat/Image_34_jpg.rf.ehmLxwVBWXqRl8wvEPeB.jpg,5,5,Cat - Flea Allergy,image_family_c34b8c25eeb4702405399f1e,retain,readable; no cleaning exclusion,,,split_group_c34b8c25eeb4702405399f1e
Cats/Flea Allergy in Cat/Image_36.jpg,5,5,Cat - Flea Allergy,image_family_94fc49d573046d6fe8ad9556,retain,readable; no cleaning exclusion,,,split_group_94fc49d573046d6fe8ad9556
Cats/Flea Allergy in Cat/Image_37 (1)_jpg.rf.SiAbHSAMdLYhKc9zeCov.jpg,5,5,Cat - Flea Allergy,image_family_af0139f9aa78aab3a3cf98ad,retain,readable; no cleaning exclusion,,,split_group_af0139f9aa78aab3a3cf98ad
Cats/Flea Allergy in Cat/Image_37.jpg,5,5,Cat - Flea Allergy,image_family_7808cc86008b712f00ab857a,retain,readable; no cleaning exclusion,,,split_group_a38e7617424931c1433e91e9
Cats/Flea Allergy in Cat/Image_38_jpg.rf.HllTuptGZZJZ3ESxtVVH.jpg,5,5,Cat - Flea Allergy,image_family_70be825b3c7e35711ca51096,retain,readable; no cleaning exclusion,,,split_group_70be825b3c7e35711ca51096
Cats/Flea Allergy in Cat/Image_39.jpg,5,5,Cat - Flea Allergy,image_family_cbabdc7d18543a44a344c5fa,retain,readable; no cleaning exclusion,,,split_group_cbabdc7d18543a44a344c5fa
Cats/Flea Allergy in Cat/Image_4.JPG,5,5,Cat - Flea Allergy,image_family_db1016a26785340703b58dfb,retain,readable; no cleaning exclusion,,,split_group_3c62ebc0867a74b81a7ecf82
Cats/Flea Allergy in Cat/Image_40.jpg,5,5,Cat - Flea Allergy,image_family_ddc55ed79bd7fa434467f2e2,retain,readable; no cleaning exclusion,,,split_group_e97e3e3af4ade808b9d70a61
Cats/Flea Allergy in Cat/Image_41_jpeg.rf.g5aR0xRlDdzjTVFh7FVo.jpeg,5,5,Cat - Flea Allergy,image_family_85641fd26e62abf7bea8cc76,retain,readable; no cleaning exclusion,,,split_group_85641fd26e62abf7bea8cc76
Cats/Flea Allergy in Cat/Image_42_jpg.rf.dACFnKEe6P2WWXyUt3sl.jpg,5,5,Cat - Flea Allergy,image_family_818564bd5a83c6c7b4f7244c,retain,readable; no cleaning exclusion,,,split_group_6dd426b767d15ba80f200d9b
Cats/Flea Allergy in Cat/Image_43.jpg,5,5,Cat - Flea Allergy,image_family_1d7c257d6a1aa372f4c19e05,exclude_same_class_exact_duplicate,same-class exact RGB duplicate; retained representative Cats/Flea Allergy in Cat/Image_11.jpg,,,split_group_5b44b11d844d45f7770c23a9
Cats/Flea Allergy in Cat/Image_43_jpg.rf.VAbytWMq3OwxVfyOzfQP.jpg,5,5,Cat - Flea Allergy,image_family_1d7c257d6a1aa372f4c19e05,exclude_additional_source_family_member,one source-family representative policy; retained Cats/Flea Allergy in Cat/Image_11.jpg; original/animal identity not verified,,,split_group_5b44b11d844d45f7770c23a9
Cats/Flea Allergy in Cat/Image_44.png,5,5,Cat - Flea Allergy,image_family_50b2ca3dd21390e60761ff38,retain,readable; no cleaning exclusion,,,split_group_50b2ca3dd21390e60761ff38
Cats/Flea Allergy in Cat/Image_45.jpg,5,5,Cat - Flea Allergy,image_family_b5c2adacfb170d53fc952f76,exclude_same_class_exact_duplicate,same-class exact RGB duplicate; retained representative Cats/Flea Allergy in Cat/Image_33.jpg,,,split_group_b5c2adacfb170d53fc952f76
Cats/Flea Allergy in Cat/Image_46.jpg,5,5,Cat - Flea Allergy,image_family_dcbcdb545ad1134951057a0a,retain,readable; no cleaning exclusion,,,split_group_dcbcdb545ad1134951057a0a
Cats/Flea Allergy in Cat/Image_48.jpg,5,5,Cat - Flea Allergy,image_family_aed4714bec0ba02bd7c243fe,retain,readable; no cleaning exclusion,,,split_group_aed4714bec0ba02bd7c243fe
Cats/Flea Allergy in Cat/Image_48_jpg.rf.zVUrhjNy1ItlA8HxQKxk.jpg,5,5,Cat - Flea Allergy,image_family_aed4714bec0ba02bd7c243fe,exclude_additional_source_family_member,one source-family representative policy; retained Cats/Flea Allergy in Cat/Image_48.jpg; original/animal identity not verified,,,split_group_aed4714bec0ba02bd7c243fe
Cats/Flea Allergy in Cat/Image_49.jpg,5,5,Cat - Flea Allergy,image_family_681f40e7ff87dc719f55e45c,retain,readable; no cleaning exclusion,,,split_group_5b44b11d844d45f7770c23a9
Cats/Flea Allergy in Cat/Image_49_jpg.rf.Jha1XSNQ9ZIwtOTCugJF.jpg,5,5,Cat - Flea Allergy,image_family_681f40e7ff87dc719f55e45c,exclude_additional_source_family_member,one source-family representative policy; retained Cats/Flea Allergy in Cat/Image_49.jpg; original/animal identity not verified,,,split_group_5b44b11d844d45f7770c23a9
Cats/Flea Allergy in Cat/Image_5.png,5,5,Cat - Flea Allergy,image_family_b082303d862bef7bd452b3d1,retain,readable; no cleaning exclusion,,,split_group_b082303d862bef7bd452b3d1
Cats/Flea Allergy in Cat/Image_50.jpg,5,5,Cat - Flea Allergy,image_family_6aaf3ff14340ec44b3806b74,retain,readable; no cleaning exclusion,,,split_group_2499f7469cbeb55c440d0b42
Cats/Flea Allergy in Cat/Image_50_png.rf.zKO81sINi28HGUSP9Rix.png,5,5,Cat - Flea Allergy,image_family_6aaf3ff14340ec44b3806b74,exclude_additional_source_family_member,one source-family representative policy; retained Cats/Flea Allergy in Cat/Image_50.jpg; original/animal identity not verified,,,split_group_2499f7469cbeb55c440d0b42
Cats/Flea Allergy in Cat/Image_51.jpg,5,5,Cat - Flea Allergy,image_family_55f36adfd90c69ddaf8bffcc,retain,readable; no cleaning exclusion,,,split_group_11c2ef83e6eecb399d1cbb9a
Cats/Flea Allergy in Cat/Image_52.jpg,5,5,Cat - Flea Allergy,image_family_49817493f33fc6ed6675d589,retain,readable; no cleaning exclusion,,,split_group_49817493f33fc6ed6675d589
Cats/Flea Allergy in Cat/Image_56_jpg.rf.QgnMS4DaXPQWeZAKVzad.jpg,5,5,Cat - Flea Allergy,image_family_4a467419bd31498278185ade,retain,readable; no cleaning exclusion,,,split_group_4a467419bd31498278185ade
Cats/Flea Allergy in Cat/Image_58.jpg,5,5,Cat - Flea Allergy,image_family_4898a37423a8a91b994330d9,retain,readable; no cleaning exclusion,,,split_group_4898a37423a8a91b994330d9
Cats/Flea Allergy in Cat/Image_6.jpg,5,5,Cat - Flea Allergy,image_family_552de0e967d1b7ae859aaf2d,retain,readable; no cleaning exclusion,,,split_group_2499f7469cbeb55c440d0b42
Cats/Flea Allergy in Cat/Image_60 (2)_jpg.rf.VyS5e7ALrSslW3GG7939.jpg,5,5,Cat - Flea Allergy,image_family_28826550251bb0612cca7084,retain,readable; no cleaning exclusion,,,split_group_28826550251bb0612cca7084
Cats/Flea Allergy in Cat/Image_61_jpg.rf.1iVAKPH7uo1WzXmVIxHi.jpg,5,5,Cat - Flea Allergy,image_family_5d02a33bd55abe813236d66c,retain,readable; no cleaning exclusion,,,split_group_5d02a33bd55abe813236d66c
Cats/Flea Allergy in Cat/Image_62.jpg,5,5,Cat - Flea Allergy,image_family_94fc49d573046d6fe8ad9556,exclude_same_class_exact_duplicate,same-class exact RGB duplicate; retained representative Cats/Flea Allergy in Cat/Image_36.jpg,,,split_group_94fc49d573046d6fe8ad9556
Cats/Flea Allergy in Cat/Image_62_jpg.rf.rPoVP6BUg7HGn03C1oPe.jpg,5,5,Cat - Flea Allergy,image_family_94fc49d573046d6fe8ad9556,exclude_additional_source_family_member,one source-family representative policy; retained Cats/Flea Allergy in Cat/Image_36.jpg; original/animal identity not verified,,,split_group_94fc49d573046d6fe8ad9556
Cats/Flea Allergy in Cat/Image_63.jpg,5,5,Cat - Flea Allergy,image_family_f936a5b1444d986c96778aba,retain,readable; no cleaning exclusion,,,split_group_f41c9260be5c4ea14c2d86d7
Cats/Flea Allergy in Cat/Image_65.JPG,5,5,Cat - Flea Allergy,image_family_17822b93c0f575795f55c7c2,retain,readable; no cleaning exclusion,,,split_group_17822b93c0f575795f55c7c2
Cats/Flea Allergy in Cat/Image_66_jpg.rf.oI3YO28epvuWag4HgDA0.jpg,5,5,Cat - Flea Allergy,image_family_12996bb6b992db5f608affc6,retain,readable; no cleaning exclusion,,,split_group_12996bb6b992db5f608affc6
Cats/Flea Allergy in Cat/Image_67_png.rf.lf64yZi5h1iT06VM5x3c.png,5,5,Cat - Flea Allergy,image_family_74b95a996f5f7ef2d3ed0b96,retain,readable; no cleaning exclusion,,,split_group_74b95a996f5f7ef2d3ed0b96
Cats/Flea Allergy in Cat/Image_68-2-_jpg.rf.rRzcvHws4Cet1jCBHJwR.jpg,5,5,Cat - Flea Allergy,image_family_40555893c7abf82aff707d85,retain,readable; no cleaning exclusion,,,split_group_40555893c7abf82aff707d85
Cats/Flea Allergy in Cat/Image_6_png.rf.MwClSRLUKbWoa6y9iWzK.png,5,5,Cat - Flea Allergy,image_family_552de0e967d1b7ae859aaf2d,exclude_additional_source_family_member,one source-family representative policy; retained Cats/Flea Allergy in Cat/Image_6.jpg; original/animal identity not verified,,,split_group_2499f7469cbeb55c440d0b42
Cats/Flea Allergy in Cat/Image_7.jpg,5,5,Cat - Flea Allergy,image_family_22624bb859945fc4ea647eba,retain,readable; no cleaning exclusion,,,split_group_e97e3e3af4ade808b9d70a61
Cats/Flea Allergy in Cat/Image_71.jpg,5,5,Cat - Flea Allergy,image_family_11129413af7748b1081cbb92,retain,readable; no cleaning exclusion,,,split_group_11129413af7748b1081cbb92
Cats/Flea Allergy in Cat/Image_76.jpg,5,5,Cat - Flea Allergy,image_family_a4be8ba8b08adca5d6ac2e92,retain,readable; no cleaning exclusion,,,split_group_a4be8ba8b08adca5d6ac2e92
Cats/Flea Allergy in Cat/Image_77_jpg.rf.n1o3kXCJtTOqdcAOz3bq.jpg,5,5,Cat - Flea Allergy,image_family_a8145d19e7ff9698a65073a0,retain,readable; no cleaning exclusion,,,split_group_a8145d19e7ff9698a65073a0
Cats/Flea Allergy in Cat/Image_79_jpg.rf.WHdRSHwC8xIdGJxvbXez.jpg,5,5,Cat - Flea Allergy,image_family_eedc421beb1aa366dc9ca532,retain,readable; no cleaning exclusion,,,split_group_eedc421beb1aa366dc9ca532
Cats/Flea Allergy in Cat/Image_8 (2)_jpg.rf.LytxHVL14wyIraxy1gAs.jpg,5,5,Cat - Flea Allergy,image_family_db1cca83a7fe1a0bd83fbec6,retain,readable; no cleaning exclusion,,,split_group_db1cca83a7fe1a0bd83fbec6
Cats/Flea Allergy in Cat/Image_8-2- (1)_jpg.rf.JUuiCrbTcEZse9z4wcRM.jpg,5,5,Cat - Flea Allergy,image_family_4cbece612d8fc35e3f3720f8,retain,readable; no cleaning exclusion,,,split_group_4cbece612d8fc35e3f3720f8
Cats/Flea Allergy in Cat/Image_80.jpeg,5,5,Cat - Flea Allergy,image_family_82acf30d39e6e60330377b11,retain,readable; no cleaning exclusion,,,split_group_82acf30d39e6e60330377b11
Cats/Flea Allergy in Cat/Image_86.jpg,5,5,Cat - Flea Allergy,image_family_3b748b2bbfbef36bae5ad4ba,retain,readable; no cleaning exclusion,,,split_group_3b748b2bbfbef36bae5ad4ba
Cats/Flea Allergy in Cat/Image_87.jpeg,5,5,Cat - Flea Allergy,image_family_a3fbbce97e37edc3b7818de2,retain,readable; no cleaning exclusion,,,split_group_a3fbbce97e37edc3b7818de2
Cats/Flea Allergy in Cat/Image_89.jpg,5,5,Cat - Flea Allergy,image_family_b6b025c4f847ecbea648b9de,retain,readable; no cleaning exclusion,,,split_group_b6b025c4f847ecbea648b9de
Cats/Flea Allergy in Cat/Image_9.jpg,5,5,Cat - Flea Allergy,image_family_b551325ccc56ba20007ddf7c,retain,readable; no cleaning exclusion,,,split_group_b551325ccc56ba20007ddf7c
Cats/Flea Allergy in Cat/Image_90.jpg,5,5,Cat - Flea Allergy,image_family_612d86a9863c7a5c8e2cbba7,retain,readable; no cleaning exclusion,,,split_group_612d86a9863c7a5c8e2cbba7
Cats/Flea Allergy in Cat/Image_91.jpg,5,5,Cat - Flea Allergy,image_family_2e5420a2a8d7aba4bb28888d,retain,readable; no cleaning exclusion,,,split_group_2e5420a2a8d7aba4bb28888d
Cats/Flea Allergy in Cat/Image_93.jpg,5,5,Cat - Flea Allergy,image_family_0f736d449d789593008d6d9b,retain,readable; no cleaning exclusion,,,split_group_11c2ef83e6eecb399d1cbb9a
Cats/Flea Allergy in Cat/Image_99.jpg,5,5,Cat - Flea Allergy,image_family_696e887d21280de6270d811a,retain,readable; no cleaning exclusion,,,split_group_696e887d21280de6270d811a
Cats/Flea Allergy in Cat/Poodle-hotspot-care-000122_png_jpg.rf.2CzYPNhYpPYfIE4XIkBs.jpg,5,5,Cat - Flea Allergy,image_family_32e6a6af1184fbca9169790a,retain,readable; no cleaning exclusion,,,split_group_32e6a6af1184fbca9169790a
Cats/Flea Allergy in Cat/Poodle-hotspot-care-000125_png_jpg.rf.4OeqBDCiyktJc6tFM0iG.jpg,5,5,Cat - Flea Allergy,image_family_cf34470da462adfe9ae17b51,retain,readable; no cleaning exclusion,,,split_group_cf34470da462adfe9ae17b51
Cats/Flea Allergy in Cat/annotation-dermatitis-flea_allergy-ringworm-DtyN (1)_png.rf.sFKErOG0ZmaX7oAdaWh5.png,5,5,Cat - Flea Allergy,image_family_a0aa50f775a947ba9ff48b5d,retain,readable; no cleaning exclusion,,,split_group_a0aa50f775a947ba9ff48b5d
Cats/Flea Allergy in Cat/annotation-dermatitis-flea_allergy-ringworm-DtyN (2)_png.rf.FKo4I79ch1e5FXeLymSt.png,5,5,Cat - Flea Allergy,image_family_2fe1ac0446ffc7340b80874c,retain,readable; no cleaning exclusion,,,split_group_2fe1ac0446ffc7340b80874c
Cats/Flea Allergy in Cat/annotation-dermatitis-flea_allergy-ringworm-DtyN (4)_png.rf.oDF9iqr3ofBqtMbr9A2K.png,5,5,Cat - Flea Allergy,image_family_7fa8314da7693a0ce26ce03f,retain,readable; no cleaning exclusion,,,split_group_7fa8314da7693a0ce26ce03f
Cats/Flea Allergy in Cat/annotation-dermatitis-flea_allergy-ringworm-DtyN (5)_png.rf.kOwUthRLyy8gZejAeva1.png,5,5,Cat - Flea Allergy,image_family_7c20d18e12b55ff1247ecd1e,retain,readable; no cleaning exclusion,,,split_group_7c20d18e12b55ff1247ecd1e
Cats/Flea Allergy in Cat/annotation-dermatitis-flea_allergy-ringworm-DtyN (6)_png.rf.b47E7zp3PrE8ikvQ3cYi.png,5,5,Cat - Flea Allergy,image_family_f2f7925160e3aa0b4668af32,retain,readable; no cleaning exclusion,,,split_group_f2f7925160e3aa0b4668af32
Cats/Flea Allergy in Cat/annotation-dermatitis-flea_allergy-ringworm-DtyN_png.rf.sVMzTVtCGaFzRrIzixso.png,5,5,Cat - Flea Allergy,image_family_d65ab839d15c977396e935f4,retain,readable; no cleaning exclusion,,,split_group_d65ab839d15c977396e935f4
Cats/Flea Allergy in Cat/aug_0_1103_jpeg.rf.eogtBwteqav3CMxuibR6.jpeg,5,5,Cat - Flea Allergy,image_family_d46da04a90ff69079c793483,retain,readable; no cleaning exclusion,,,split_group_dd31f3530fb1137fb8c7c5ce
Cats/Flea Allergy in Cat/aug_0_1323_jpeg.rf.t6UxvFAXFFilV90iV9D0.jpeg,5,5,Cat - Flea Allergy,image_family_2a2c8ecc1acf62ee078c944e,retain,readable; no cleaning exclusion,,,split_group_af70826814bef6935fe3a4b1
Cats/Flea Allergy in Cat/aug_0_1613_jpeg.rf.NNnNHRfTv2YPqkB0Uk7T.jpeg,5,5,Cat - Flea Allergy,image_family_5ff2b05523b5a872dcedf902,retain,readable; no cleaning exclusion,,,split_group_fce35c105e1ae22df55980b8
Cats/Flea Allergy in Cat/aug_0_1764_jpeg.rf.DOjQKDKAkLyObaPyJCHR.jpeg,5,5,Cat - Flea Allergy,image_family_19f39eb5d9007693cf8fb5ef,retain,readable; no cleaning exclusion,,,split_group_19f39eb5d9007693cf8fb5ef
Cats/Flea Allergy in Cat/aug_0_2048 (1)_jpeg.rf.StHotFyLgxPrKrtfVdqn.jpeg,5,5,Cat - Flea Allergy,image_family_893e8975cc051b1ef236162b,retain,readable; no cleaning exclusion,,,split_group_038f98d25b3a44312eae5711
Cats/Flea Allergy in Cat/aug_0_2133_jpeg.rf.kclWSNwNb5FtHck8vvS6.jpeg,5,5,Cat - Flea Allergy,image_family_3bf13fd605d2339ce80fd6a2,retain,readable; no cleaning exclusion,,,split_group_7824164a56276c3056205149
Cats/Flea Allergy in Cat/aug_0_2309_jpeg.rf.EV3iGInt3ubEsFQHnEzH.jpeg,5,5,Cat - Flea Allergy,image_family_0ed5d2fb3594e4690016acc5,retain,readable; no cleaning exclusion,,,split_group_0ed5d2fb3594e4690016acc5
Cats/Flea Allergy in Cat/aug_0_2309_jpeg_jpg.rf.4ceJGIhg2UUAhw5hXNyL.jpg,5,5,Cat - Flea Allergy,image_family_8a5781f924abff9891440729,retain,readable; no cleaning exclusion,,,split_group_8a5781f924abff9891440729
Cats/Flea Allergy in Cat/aug_0_234_jpeg.rf.YByV2WJSSb0UYAgz4q88.jpeg,5,5,Cat - Flea Allergy,image_family_b46ee58c126964ad5afcb260,retain,readable; no cleaning exclusion,,,split_group_bbf0d53c8534ee7f616e041f
Cats/Flea Allergy in Cat/aug_0_2755_jpeg.rf.cWiUyrOviNjVsJHvY5dS.jpeg,5,5,Cat - Flea Allergy,image_family_1985ddb069a8bcc3a4984e2d,retain,readable; no cleaning exclusion,,,split_group_dec9c1388e6dfab3a47c3e7e
Cats/Flea Allergy in Cat/aug_0_2755_jpeg_jpg.rf.DxcbZdhqvH69bZZaaDCL.jpg,5,5,Cat - Flea Allergy,image_family_472bb384f727871357a6be67,retain,readable; no cleaning exclusion,,,split_group_472bb384f727871357a6be67
Cats/Flea Allergy in Cat/aug_0_2779_jpeg.rf.oBBoi2NgooDFIw5Lu1hy.jpeg,5,5,Cat - Flea Allergy,image_family_0008b22f7c64b486482f407a,retain,readable; no cleaning exclusion,,,split_group_8007aeed79058dcc7f5ebac4
Cats/Flea Allergy in Cat/aug_0_2973_jpeg.rf.xN51IwDd1XtamdHMegrW.jpeg,5,5,Cat - Flea Allergy,image_family_d882f74e6017c1723f36ba87,retain,readable; no cleaning exclusion,,,split_group_fcfc2789ac1efe1c0cd4fbc0
Cats/Flea Allergy in Cat/aug_0_3008_jpeg.rf.cBuruSol0aF9n9uBJbHO.jpeg,5,5,Cat - Flea Allergy,image_family_1dcf496bc2eaf0fac487eb5c,retain,readable; no cleaning exclusion,,,split_group_fdbecceccbc64eaa17568279
Cats/Flea Allergy in Cat/aug_0_3008_jpeg_jpg.rf.TIfoPGndihDpztNoJFBr.jpg,5,5,Cat - Flea Allergy,image_family_4bc496014e62d49ecea2f5c5,retain,readable; no cleaning exclusion,,,split_group_4bc496014e62d49ecea2f5c5
Cats/Flea Allergy in Cat/aug_0_3019_jpeg.rf.2kH9llOm858ak4VpeH4L.jpeg,5,5,Cat - Flea Allergy,image_family_822b0f4977f6458cba36828b,retain,readable; no cleaning exclusion,,,split_group_eaabb1a265f4f273cab90cd0
Cats/Flea Allergy in Cat/aug_0_3019_jpeg_jpg.rf.T36rak45Ytxiz8ZLKRPr.jpg,5,5,Cat - Flea Allergy,image_family_da9b3c4202f2bb54b5c013a5,retain,readable; no cleaning exclusion,,,split_group_da9b3c4202f2bb54b5c013a5
Cats/Flea Allergy in Cat/aug_0_3170_jpeg_jpg.rf.jyKAhRHhomKFAUnYcYlc.jpg,5,5,Cat - Flea Allergy,image_family_c752b4ee501c99ea29b463fe,retain,readable; no cleaning exclusion,,,split_group_c752b4ee501c99ea29b463fe
Cats/Flea Allergy in Cat/aug_0_3176_jpeg.rf.2vgc0x7phtsUn0X0zBId.jpeg,5,5,Cat - Flea Allergy,image_family_215f2041556086ec961615cb,retain,readable; no cleaning exclusion,,,split_group_cd960807d138b7a76c85125d
Cats/Flea Allergy in Cat/aug_0_3176_jpeg_jpg.rf.ibZQ47KdPVu5E22stNdI.jpg,5,5,Cat - Flea Allergy,image_family_71c60968a6773192c7347a9d,retain,readable; no cleaning exclusion,,,split_group_71c60968a6773192c7347a9d
Cats/Flea Allergy in Cat/aug_0_3254 (1)_jpeg.rf.mfsrrc7rs3Z5OQz616HI.jpeg,5,5,Cat - Flea Allergy,image_family_5b7a2f788cea8fe7989163e0,retain,readable; no cleaning exclusion,,,split_group_63413fc52a6921bd3897f1e4
Cats/Flea Allergy in Cat/aug_0_342_jpeg_jpg.rf.Y12CuABSjPXogIMnk2Sf.jpg,5,5,Cat - Flea Allergy,image_family_94db758e8c38c5e02b54156e,retain,readable; no cleaning exclusion,,,split_group_94db758e8c38c5e02b54156e
Cats/Flea Allergy in Cat/aug_0_3637_jpeg.rf.6KT6rXgtA5C3kX3j7I2J.jpeg,5,5,Cat - Flea Allergy,image_family_9ae8992d0d6ee1d18f621d40,retain,readable; no cleaning exclusion,,,split_group_86ad7ab47f5ddbf8db7671db
Cats/Flea Allergy in Cat/aug_0_3663_jpeg.rf.qPmEnbuzocnsbglSAouD.jpeg,5,5,Cat - Flea Allergy,image_family_f78a395c371fe5cc43c6f011,retain,readable; no cleaning exclusion,,,split_group_a3c9ba764444a3abf75fbe07
Cats/Flea Allergy in Cat/aug_0_4104_jpeg_jpg.rf.A90Byc2tqONvE76RhLMD.jpg,5,5,Cat - Flea Allergy,image_family_93e3b1ecc76ae3fdfb702233,retain,readable; no cleaning exclusion,,,split_group_93e3b1ecc76ae3fdfb702233
Cats/Flea Allergy in Cat/aug_0_4493_jpeg.rf.EZQgNBzIdBTZhjfCifk3.jpeg,5,5,Cat - Flea Allergy,image_family_a37d2082bfb6ca44688a5423,retain,readable; no cleaning exclusion,,,split_group_0a473cd8827899c7a5df12cb
Cats/Flea Allergy in Cat/aug_0_4602_jpeg.rf.qoTMO5CsNmbMsjV5T6uS.jpeg,5,5,Cat - Flea Allergy,image_family_79383045b7d0896603ede500,retain,readable; no cleaning exclusion,,,split_group_512149ee02b1bd661b12646e
Cats/Flea Allergy in Cat/aug_0_4851_jpeg.rf.LTeMLVr8979AaLVxkEDS.jpeg,5,5,Cat - Flea Allergy,image_family_a4fa1e900989bc1d86c7099b,retain,readable; no cleaning exclusion,,,split_group_becf7ce3c7138bec967fd83f
Cats/Flea Allergy in Cat/aug_0_5050_jpeg.rf.iLkBgHOgofMjW3dyEcpi.jpeg,5,5,Cat - Flea Allergy,image_family_f4ef8bfb55aa5af25cd5c0dc,retain,readable; no cleaning exclusion,,,split_group_a565394cef0907e46fbaf53a
Cats/Flea Allergy in Cat/aug_0_5453_jpeg.rf.nDbZ60aFBvru1XmTVd1L.jpeg,5,5,Cat - Flea Allergy,image_family_cb229ae2f0e34806cd2e669b,retain,readable; no cleaning exclusion,,,split_group_40486a72f4d6e6e5b2119e19
Cats/Flea Allergy in Cat/aug_0_5745 (1)_jpeg.rf.xasIy0eLRAQwRVHYmeOd.jpeg,5,5,Cat - Flea Allergy,image_family_dd0af08a42fa842ada8b7d66,retain,readable; no cleaning exclusion,,,split_group_4173f30fdec7f93a8cff1e65
Cats/Flea Allergy in Cat/aug_0_5745_jpeg_jpg.rf.nrFZntJPCMZkN2UZr3t1.jpg,5,5,Cat - Flea Allergy,image_family_a7ed2a87d58b7fe869b872d9,retain,readable; no cleaning exclusion,,,split_group_a7ed2a87d58b7fe869b872d9
Cats/Flea Allergy in Cat/aug_0_6356_jpeg.rf.j13M4zTRLcFwUrXdLMMo.jpeg,5,5,Cat - Flea Allergy,image_family_87679d7fbcf9e700e5df0b44,retain,readable; no cleaning exclusion,,,split_group_87679d7fbcf9e700e5df0b44
Cats/Flea Allergy in Cat/aug_0_6545 (1)_jpeg.rf.ncX91WnYdu8UUWsMiwzb.jpeg,5,5,Cat - Flea Allergy,image_family_d4bd9860998a3335953352be,retain,readable; no cleaning exclusion,,,split_group_2b2ac81e64e55f71c3f2ded2
Cats/Flea Allergy in Cat/aug_0_6615_jpeg.rf.vhHJjL07sqczmpfD8WJU.jpeg,5,5,Cat - Flea Allergy,image_family_0a2715e606096c11166c914a,retain,readable; no cleaning exclusion,,,split_group_0a2715e606096c11166c914a
Cats/Flea Allergy in Cat/aug_0_6721_jpeg.rf.Xj9BaU9X3sy9vTChAWes.jpeg,5,5,Cat - Flea Allergy,image_family_12116f0732174b7a88b035d1,retain,readable; no cleaning exclusion,,,split_group_12116f0732174b7a88b035d1
Cats/Flea Allergy in Cat/aug_0_6938_jpeg_jpg.rf.jxmxOlp4KK1LSxNxcT4Q.jpg,5,5,Cat - Flea Allergy,image_family_8658f6908ea871b62acd929d,retain,readable; no cleaning exclusion,,,split_group_8658f6908ea871b62acd929d
Cats/Flea Allergy in Cat/aug_0_7089_jpeg.rf.C9cTJtJaVVZquLvRZkWQ.jpeg,5,5,Cat - Flea Allergy,image_family_5a7fbd806a1235fc480a5f60,retain,readable; no cleaning exclusion,,,split_group_9b96c345884c09c810b514dd
Cats/Flea Allergy in Cat/aug_0_734_jpeg.rf.6Y0Zo8avmni2jHETSNFd.jpeg,5,5,Cat - Flea Allergy,image_family_c56d30cfd73282733e97542a,retain,readable; no cleaning exclusion,,,split_group_c56d30cfd73282733e97542a
Cats/Flea Allergy in Cat/aug_0_7418_jpeg_jpg.rf.4num4bWlCDevpp1QPvjv.jpg,5,5,Cat - Flea Allergy,image_family_ac92be0038fe53a9a8cb8a60,retain,readable; no cleaning exclusion,,,split_group_ac92be0038fe53a9a8cb8a60
Cats/Flea Allergy in Cat/aug_0_7473_jpeg.rf.FeuP1JGT07gbQvRPZonH.jpeg,5,5,Cat - Flea Allergy,image_family_aef69e12d4d483b8403d6441,retain,readable; no cleaning exclusion,,,split_group_f5556da8a573f95dcddf8045
Cats/Flea Allergy in Cat/aug_0_7473_jpeg_jpg.rf.KMqzp4hhny2cq8gAQ7Bp.jpg,5,5,Cat - Flea Allergy,image_family_a827ff84202ffc9e289c5284,retain,readable; no cleaning exclusion,,,split_group_a827ff84202ffc9e289c5284
Cats/Flea Allergy in Cat/aug_0_7532_jpeg.rf.tBG6FL9oniPvPJxEEaRA.jpeg,5,5,Cat - Flea Allergy,image_family_9f67495add30e529c89a08be,retain,readable; no cleaning exclusion,,,split_group_8bc067cfa991c056ad53e906
Cats/Flea Allergy in Cat/aug_0_7695_jpeg.rf.Zd4AqCv3cDTeCEJjdtI7.jpeg,5,5,Cat - Flea Allergy,image_family_3e732c192d7295e4e93320b1,retain,readable; no cleaning exclusion,,,split_group_3e732c192d7295e4e93320b1
Cats/Flea Allergy in Cat/aug_0_7695_jpeg_jpg.rf.jY8IuYnxBsvuRwu5Mdqz.jpg,5,5,Cat - Flea Allergy,image_family_fa4d4bbe1806b2cd4fe137ce,retain,readable; no cleaning exclusion,,,split_group_fa4d4bbe1806b2cd4fe137ce
Cats/Flea Allergy in Cat/aug_0_7726_jpeg_jpg.rf.FA4gptdNEmszSdbM3wam.jpg,5,5,Cat - Flea Allergy,image_family_50237ba8299e1d64509ba993,retain,readable; no cleaning exclusion,,,split_group_50237ba8299e1d64509ba993
Cats/Flea Allergy in Cat/aug_0_794_jpeg.rf.d19jdNGPd1kLiOnCLguB.jpeg,5,5,Cat - Flea Allergy,image_family_d788a86de159f0d4f09ebff0,retain,readable; no cleaning exclusion,,,split_group_d788a86de159f0d4f09ebff0
Cats/Flea Allergy in Cat/aug_0_794_jpeg_jpg.rf.naoM9oCE5CsKltmKl2Nc.jpg,5,5,Cat - Flea Allergy,image_family_2340b371df0ed599f99f1456,retain,readable; no cleaning exclusion,,,split_group_2340b371df0ed599f99f1456
Cats/Flea Allergy in Cat/aug_0_8205_jpeg.rf.4cSVpcdMcNn2FgeoG2G8.jpeg,5,5,Cat - Flea Allergy,image_family_bf9ee0af275f208f7042dc29,retain,readable; no cleaning exclusion,,,split_group_dce7f88db333958513621406
Cats/Flea Allergy in Cat/aug_0_862_jpeg_jpg.rf.jq98ocJAaanA2h6nZa9a.jpg,5,5,Cat - Flea Allergy,image_family_c98f1c39ca0b04765283e0ed,retain,readable; no cleaning exclusion,,,split_group_c98f1c39ca0b04765283e0ed
Cats/Flea Allergy in Cat/aug_0_9230_jpeg_jpg.rf.CdA4LuM8defsf0Clcxsl.jpg,5,5,Cat - Flea Allergy,image_family_a87a6d79330e2357cbd9d12f,retain,readable; no cleaning exclusion,,,split_group_a87a6d79330e2357cbd9d12f
Cats/Flea Allergy in Cat/aug_0_9247_jpeg_jpg.rf.FTHSj3oawA3ZWRWSeSHL.jpg,5,5,Cat - Flea Allergy,image_family_dbd62cd7a95999e49ac081ff,retain,readable; no cleaning exclusion,,,split_group_dbd62cd7a95999e49ac081ff
Cats/Flea Allergy in Cat/aug_0_9416_jpeg.rf.kqfotgPkUAxz27FRJWoz.jpeg,5,5,Cat - Flea Allergy,image_family_b4c38c8693c1549ff0f362bf,retain,readable; no cleaning exclusion,,,split_group_e3a4582b46c7de69c51c6283
Cats/Flea Allergy in Cat/aug_0_9883_jpeg_jpg.rf.WVjqIkTGPhkvobjJ37Q5.jpg,5,5,Cat - Flea Allergy,image_family_4600f848b187a8170abb47f2,retain,readable; no cleaning exclusion,,,split_group_4600f848b187a8170abb47f2
Cats/Flea Allergy in Cat/aug_0_9991_jpeg.rf.4kuC03UYYMm3ixEcJVyz.jpeg,5,5,Cat - Flea Allergy,image_family_c101c32fe3e1f1c2f9245a5b,retain,readable; no cleaning exclusion,,,split_group_c101c32fe3e1f1c2f9245a5b
Cats/Flea Allergy in Cat/aug_0_9991_jpeg_jpg.rf.falZynjfTI0EszRjFrN8.jpg,5,5,Cat - Flea Allergy,image_family_de4c58ea5629f6a6bfcebc55,retain,readable; no cleaning exclusion,,,split_group_de4c58ea5629f6a6bfcebc55
Cats/Flea Allergy in Cat/flea_allergy-14-_jpg.rf.xmaGCkLjwEuwShhHLhLz.jpg,5,5,Cat - Flea Allergy,image_family_6d6503450f703832c0b756c9,retain,readable; no cleaning exclusion,,,split_group_6d6503450f703832c0b756c9
Cats/Flea Allergy in Cat/flea_allergy-3-_jpg.rf.rjNkHy4sG6vIcFhDrebo.jpg,5,5,Cat - Flea Allergy,image_family_101e2259f7e8ae6955ee636f,retain,readable; no cleaning exclusion,,,split_group_101e2259f7e8ae6955ee636f
Cats/Flea Allergy in Cat/flea_allergy-30-_jpg.rf.CrGMkgMVsAw3Uw3y30Ke.jpg,5,5,Cat - Flea Allergy,image_family_02b3160c6d5b360fa53bf670,retain,readable; no cleaning exclusion,,,split_group_02b3160c6d5b360fa53bf670
Cats/Flea Allergy in Cat/flea_allergy-4-_jpg.rf.uTQSf8L35yMwSFsc0dr3.jpg,5,5,Cat - Flea Allergy,image_family_87aae5a59b4d2b4194bed9fc,retain,readable; no cleaning exclusion,,,split_group_87aae5a59b4d2b4194bed9fc
Cats/Flea Allergy in Cat/flea_allergy-49-_jpg.rf.28uBTnUcZsV8Rv3LM3SD.jpg,5,5,Cat - Flea Allergy,image_family_9a0fa1ab264aa18e8ecf1d14,retain,readable; no cleaning exclusion,,,split_group_9a0fa1ab264aa18e8ecf1d14
Cats/Flea Allergy in Cat/flea_allergy-55-_jpg.rf.gB348zUUfpilDI65rohF.jpg,5,5,Cat - Flea Allergy,image_family_19dbc5b859cdda492ff4ebea,retain,readable; no cleaning exclusion,,,split_group_19dbc5b859cdda492ff4ebea
Cats/Flea Allergy in Cat/flea_allergy-58-_jpg.rf.vBvewSsqltFvkxsltxko.jpg,5,5,Cat - Flea Allergy,image_family_fdfc392b3c52deb599389cfd,retain,readable; no cleaning exclusion,,,split_group_fdfc392b3c52deb599389cfd
Cats/Flea Allergy in Cat/flea_allergy-64-_jpg.rf.SAwOzmHMMyWz9KjxCUSn.jpg,5,5,Cat - Flea Allergy,image_family_90a1929298e3bfe233d06611,retain,readable; no cleaning exclusion,,,split_group_90a1929298e3bfe233d06611
Cats/Flea Allergy in Cat/hotspot-103-_jpg.rf.vnv5zdJkeGC9cGc2wcpO.jpg,5,5,Cat - Flea Allergy,image_family_f5347b6d28f8346d5a1adab9,retain,readable; no cleaning exclusion,,,split_group_f5347b6d28f8346d5a1adab9
Cats/Flea Allergy in Cat/hotspot-104-_jpg.rf.PSOMcIEiArhaBjKFhoWm.jpg,5,5,Cat - Flea Allergy,image_family_8ce8cb4b28d8b66a1795adf6,retain,readable; no cleaning exclusion,,,split_group_8ce8cb4b28d8b66a1795adf6
Cats/Flea Allergy in Cat/image_12_jpg.rf.m6iDMiZK1TM0EhppBxrm.jpg,5,5,Cat - Flea Allergy,image_family_4695c964642989fbc45a5fe4,retain,readable; no cleaning exclusion,,,split_group_4695c964642989fbc45a5fe4
Cats/Flea Allergy in Cat/image_16_jpg.rf.Sa3PsMio06q8gzlNz3YM.jpg,5,5,Cat - Flea Allergy,image_family_5bd10fefdd1c8ade4a4cae0a,exclude_additional_source_family_member,one source-family representative policy; retained Cats/Flea Allergy in Cat/Image_16.jpg; original/animal identity not verified,,,split_group_5bd10fefdd1c8ade4a4cae0a
Cats/Flea Allergy in Cat/image_17_jpeg_jpg.rf.F0NxZgQlMsQsKakhokq1.jpg,5,5,Cat - Flea Allergy,image_family_25352d6e9254a89bcf56eb55,retain,readable; no cleaning exclusion,,,split_group_25352d6e9254a89bcf56eb55
Cats/Flea Allergy in Cat/image_20_jpg.rf.hDQVGMiZ6tCBIs1crLjt.jpg,5,5,Cat - Flea Allergy,image_family_534693e74f79feddd9686928,exclude_additional_source_family_member,one source-family representative policy; retained Cats/Flea Allergy in Cat/Image_20.jpg; original/animal identity not verified,,,split_group_534693e74f79feddd9686928
Cats/Flea Allergy in Cat/image_21 (1)_jpg.rf.Qx8rsEtXOuaMRIhDX702.jpg,5,5,Cat - Flea Allergy,image_family_be62005c9d7dedfbc2f59d80,retain,readable; no cleaning exclusion,,,split_group_be62005c9d7dedfbc2f59d80
Cats/Flea Allergy in Cat/image_25 (1)_jpg.rf.245Cw0aBfUzNSMaTqE34.jpg,5,5,Cat - Flea Allergy,image_family_c61e8b75647a080586903efd,retain,readable; no cleaning exclusion,,,split_group_c61e8b75647a080586903efd
Cats/Flea Allergy in Cat/image_25_jpg.rf.7cR49GGzdPAvu41u9Ja7.jpg,5,5,Cat - Flea Allergy,image_family_4b9e0c07bb4e9dc6478b0101,exclude_additional_source_family_member,one source-family representative policy; retained Cats/Flea Allergy in Cat/Image_25.jpg; original/animal identity not verified,,,split_group_4b9e0c07bb4e9dc6478b0101
Cats/Flea Allergy in Cat/image_2_jpg.rf.iKKncMeQraCtlydfJcG0.jpg,5,5,Cat - Flea Allergy,image_family_d959a01b8c58635e22d07be6,exclude_additional_source_family_member,one source-family representative policy; retained Cats/Flea Allergy in Cat/Image_2.jpg; original/animal identity not verified,,,split_group_1ea60fe7f9c512b5faddd859
Cats/Flea Allergy in Cat/image_3 (1)_jpg.rf.2fekKWmQWlRLoWp94p7y.jpg,5,5,Cat - Flea Allergy,image_family_8aca26492e2184bc13d51a2f,retain,readable; no cleaning exclusion,,,split_group_8aca26492e2184bc13d51a2f
Cats/Flea Allergy in Cat/image_8_jpg.rf.pRqH6KplsgQNTQQrpnv5.jpg,5,5,Cat - Flea Allergy,image_family_f96e0757825eddd48ff4f276,retain,readable; no cleaning exclusion,,,split_group_f96e0757825eddd48ff4f276
Cats/Flea Allergy in Cat/image_9_jpg.rf.RvPmMYsXkIwiGtzLUsZW.jpg,5,5,Cat - Flea Allergy,image_family_b551325ccc56ba20007ddf7c,exclude_additional_source_family_member,one source-family representative policy; retained Cats/Flea Allergy in Cat/Image_9.jpg; original/animal identity not verified,,,split_group_b551325ccc56ba20007ddf7c
Cats/Flea Allergy in Cat/thumb () (1)_jpg.rf.bh8ZzggXqdTDNsJfIkt0.jpg,5,5,Cat - Flea Allergy,image_family_4b4d867a7ad06faeacc8be50,retain,readable; no cleaning exclusion,,,split_group_4b4d867a7ad06faeacc8be50
Cats/Flea Allergy in Cat/thumb () (10)_jpg.rf.XqX3W8ebQgF4CUmOKv6o.jpg,5,5,Cat - Flea Allergy,image_family_4039c4ccb7dc2c01c4542d68,retain,readable; no cleaning exclusion,,,split_group_4039c4ccb7dc2c01c4542d68
Cats/Flea Allergy in Cat/thumb () (11)_jpg.rf.o9e57DPq0T8CTkC9vaC6.jpg,5,5,Cat - Flea Allergy,image_family_ac57016eee8e4c9c1c328b5f,retain,readable; no cleaning exclusion,,,split_group_ac57016eee8e4c9c1c328b5f
Cats/Flea Allergy in Cat/thumb () (12)_jpg.rf.Qb3DSSMeukxsK1N8ER6l.jpg,5,5,Cat - Flea Allergy,image_family_42ebc9e75661b8c3a3418af7,retain,readable; no cleaning exclusion,,,split_group_42ebc9e75661b8c3a3418af7
Cats/Flea Allergy in Cat/thumb () (13)_jpg.rf.ODw2DwXA3O2KUbmkEisB.jpg,5,5,Cat - Flea Allergy,image_family_9683e4ee55a572a328d5601f,retain,readable; no cleaning exclusion,,,split_group_2b2ac81e64e55f71c3f2ded2
Cats/Flea Allergy in Cat/thumb () (14)_jpg.rf.UjXx7N95zLqqDwoL5lBv.jpg,5,5,Cat - Flea Allergy,image_family_425a47dba3c28b8e2e9673cf,retain,readable; no cleaning exclusion,,,split_group_425a47dba3c28b8e2e9673cf
Cats/Flea Allergy in Cat/thumb () (16)_jpg.rf.0GG2WBkhwweEOTZXkiss.jpg,5,5,Cat - Flea Allergy,image_family_d1267312ec84fc084ce3ec4c,retain,readable; no cleaning exclusion,,,split_group_d1267312ec84fc084ce3ec4c
Cats/Flea Allergy in Cat/thumb () (17)_jpg.rf.iy27bjk8Lx4tinyEVvRA.jpg,5,5,Cat - Flea Allergy,image_family_1628a0cefc2e5e499e944fd3,retain,readable; no cleaning exclusion,,,split_group_1628a0cefc2e5e499e944fd3
Cats/Flea Allergy in Cat/thumb () (18)_jpg.rf.Ni0X2msWvw83QpQFEN84.jpg,5,5,Cat - Flea Allergy,image_family_5dc02ee37aaf2692dea801c9,retain,readable; no cleaning exclusion,,,split_group_63413fc52a6921bd3897f1e4
Cats/Flea Allergy in Cat/thumb () (19)_jpg.rf.yipdBqTbsdWFE1hgW75L.jpg,5,5,Cat - Flea Allergy,image_family_40126c5eb1ebe2f787504237,retain,readable; no cleaning exclusion,,,split_group_40126c5eb1ebe2f787504237
Cats/Flea Allergy in Cat/thumb () (20)_jpg.rf.7wTJuo4mKPzvbgJfHJ5k.jpg,5,5,Cat - Flea Allergy,image_family_6a5043be4851f23207fad836,retain,readable; no cleaning exclusion,,,split_group_6a5043be4851f23207fad836
Cats/Flea Allergy in Cat/thumb () (21)_jpg.rf.jTn6PNwQcub94SmEqMnM.jpg,5,5,Cat - Flea Allergy,image_family_3249b9ac9a564804d367df94,retain,readable; no cleaning exclusion,,,split_group_cd960807d138b7a76c85125d
Cats/Flea Allergy in Cat/thumb () (22)_jpg.rf.02Q6w9sR6POwBZpYQSd2.jpg,5,5,Cat - Flea Allergy,image_family_59c19c31c9f64266ac772617,retain,readable; no cleaning exclusion,,,split_group_86ad7ab47f5ddbf8db7671db
Cats/Flea Allergy in Cat/thumb () (23)_jpg.rf.f9649CzzAmPYBtfxjUuL.jpg,5,5,Cat - Flea Allergy,image_family_575a7fb60041de8ce472752c,retain,readable; no cleaning exclusion,,,split_group_bbf0d53c8534ee7f616e041f
Cats/Flea Allergy in Cat/thumb () (24)_jpg.rf.QkkgXUZVtgT3OWewfy5O.jpg,5,5,Cat - Flea Allergy,image_family_c21f225adfd7505e9af15d53,retain,readable; no cleaning exclusion,,,split_group_512149ee02b1bd661b12646e
Cats/Flea Allergy in Cat/thumb () (25)_jpg.rf.j2p2uiIO0I1B7oXH7lny.jpg,5,5,Cat - Flea Allergy,image_family_9268c7832a896f684160b278,retain,readable; no cleaning exclusion,,,split_group_9268c7832a896f684160b278
Cats/Flea Allergy in Cat/thumb () (26)_jpg.rf.hBpAKUGxB6WF3QIgAE8e.jpg,5,5,Cat - Flea Allergy,image_family_2ec6f5837ef99e3bc2706043,retain,readable; no cleaning exclusion,,,split_group_a3c9ba764444a3abf75fbe07
Cats/Flea Allergy in Cat/thumb () (27)_jpg.rf.aBDUHvjQq1yWivK9jA28.jpg,5,5,Cat - Flea Allergy,image_family_9e5e3457cba3a5ca0d447bd3,retain,readable; no cleaning exclusion,,,split_group_9e5e3457cba3a5ca0d447bd3
Cats/Flea Allergy in Cat/thumb () (28)_jpg.rf.el1idAoQehiy5Bgb6zuS.jpg,5,5,Cat - Flea Allergy,image_family_7af4c898822a74a1197412eb,retain,readable; no cleaning exclusion,,,split_group_7af4c898822a74a1197412eb
Cats/Flea Allergy in Cat/thumb () (29)_jpg.rf.G1IYjmBOlVoVFbUmiiHx.jpg,5,5,Cat - Flea Allergy,image_family_6e25a39159912f2d2c8fa876,retain,readable; no cleaning exclusion,,,split_group_6e25a39159912f2d2c8fa876
Cats/Flea Allergy in Cat/thumb () (3)_jpg.rf.RhEIszwJy3xTuujtYWbw.jpg,5,5,Cat - Flea Allergy,image_family_d73cd24c684345018b040f63,retain,readable; no cleaning exclusion,,,split_group_e3a4582b46c7de69c51c6283
Cats/Flea Allergy in Cat/thumb () (30)_jpg.rf.tBr5szGqiH0crmZUKKzp.jpg,5,5,Cat - Flea Allergy,image_family_f054733548a78b916a22f2f8,retain,readable; no cleaning exclusion,,,split_group_f054733548a78b916a22f2f8
Cats/Flea Allergy in Cat/thumb () (32)_jpg.rf.twumZdCR8azm92vGic0x.jpg,5,5,Cat - Flea Allergy,image_family_d1a2fa60e1b85028ffd77757,retain,readable; no cleaning exclusion,,,split_group_40486a72f4d6e6e5b2119e19
Cats/Flea Allergy in Cat/thumb () (33)_jpg.rf.Dy0JjhUWuxfmhHODxXbS.jpg,5,5,Cat - Flea Allergy,image_family_513f9e50e9966b84d185138c,retain,readable; no cleaning exclusion,,,split_group_513f9e50e9966b84d185138c
Cats/Flea Allergy in Cat/thumb () (34)_jpg.rf.JJGM3GMPMdhtoCj9RnSu.jpg,5,5,Cat - Flea Allergy,image_family_ee5e62fd0e3cce8979fee65b,retain,readable; no cleaning exclusion,,,split_group_8bc067cfa991c056ad53e906
Cats/Flea Allergy in Cat/thumb () (35)_jpg.rf.PKHlgswm0jaDWz35p7mN.jpg,5,5,Cat - Flea Allergy,image_family_752a16cc5b6c9effb9b2702d,retain,readable; no cleaning exclusion,,,split_group_1c1ee29484a24aee0dd400cc
Cats/Flea Allergy in Cat/thumb () (36)_jpg.rf.oQ2upjeCnP194MMpnEAg.jpg,5,5,Cat - Flea Allergy,image_family_b154395a5aee5caef0c6db06,retain,readable; no cleaning exclusion,,,split_group_b154395a5aee5caef0c6db06
Cats/Flea Allergy in Cat/thumb () (37)_jpg.rf.MIXzxi8GnusM8eqC0b50.jpg,5,5,Cat - Flea Allergy,image_family_e10bdf130108f70b1abd2b31,retain,readable; no cleaning exclusion,,,split_group_e10bdf130108f70b1abd2b31
Cats/Flea Allergy in Cat/thumb () (38)_jpg.rf.Hnex1fVi4BoCR5jmQF6j.jpg,5,5,Cat - Flea Allergy,image_family_6e70f29e9f5e1db9c212d7b0,retain,readable; no cleaning exclusion,,,split_group_6e70f29e9f5e1db9c212d7b0
Cats/Flea Allergy in Cat/thumb () (39)_jpg.rf.1An3UfXqvcqvBGXWwH2Z.jpg,5,5,Cat - Flea Allergy,image_family_c214d078e8e93a6dfc8a0d86,retain,readable; no cleaning exclusion,,,split_group_4e9e8db1aa3aff8765ebddc3
Cats/Flea Allergy in Cat/thumb () (4)_jpg.rf.XydLm0lYnjSjgA1ovUVu.jpg,5,5,Cat - Flea Allergy,image_family_edb790cacd47b6872c478a7c,retain,readable; no cleaning exclusion,,,split_group_becf7ce3c7138bec967fd83f
Cats/Flea Allergy in Cat/thumb () (42)_jpg.rf.XUOhgsNCiaz4qk0pM3nG.jpg,5,5,Cat - Flea Allergy,image_family_2b5be7091629c88846ef7f14,retain,readable; no cleaning exclusion,,,split_group_2b5be7091629c88846ef7f14
Cats/Flea Allergy in Cat/thumb () (43)_jpg.rf.cELY1Hhp4nxmCNANoX5T.jpg,5,5,Cat - Flea Allergy,image_family_cd33c414386da7192041f4d2,retain,readable; no cleaning exclusion,,,split_group_cd33c414386da7192041f4d2
Cats/Flea Allergy in Cat/thumb () (44)_jpg.rf.TSUP8SHo0QXhnJXBcwYy.jpg,5,5,Cat - Flea Allergy,image_family_bd997c4ec42579178ca90a9d,retain,readable; no cleaning exclusion,,,split_group_bd997c4ec42579178ca90a9d
Cats/Flea Allergy in Cat/thumb () (45)_jpg.rf.6bSkdswdHvKEOPEo0NJX.jpg,5,5,Cat - Flea Allergy,image_family_23c2f80b23ba0d2ac5842437,retain,readable; no cleaning exclusion,,,split_group_4173f30fdec7f93a8cff1e65
Cats/Flea Allergy in Cat/thumb () (46)_jpg.rf.noogNUpVdjnJ10m9rgjD.jpg,5,5,Cat - Flea Allergy,image_family_a391c7873894dc0a40efb276,retain,readable; no cleaning exclusion,,,split_group_f5556da8a573f95dcddf8045
Cats/Flea Allergy in Cat/thumb () (47)_jpg.rf.ZIBAnN2E6JkMs9TBy7om.jpg,5,5,Cat - Flea Allergy,image_family_8328cc21d4347fbea32e66ee,retain,readable; no cleaning exclusion,,,split_group_8328cc21d4347fbea32e66ee
Cats/Flea Allergy in Cat/thumb () (49)_jpg.rf.fofPqc2oRF1YvBQqSKn1.jpg,5,5,Cat - Flea Allergy,image_family_dd9e54fbade22d0e037dcb02,retain,readable; no cleaning exclusion,,,split_group_dd9e54fbade22d0e037dcb02
Cats/Flea Allergy in Cat/thumb () (5)_jpg.rf.TQdYQTkWS0AeFTW2ayvo.jpg,5,5,Cat - Flea Allergy,image_family_81f7b9c1268b12f5a1b48ef4,retain,readable; no cleaning exclusion,,,split_group_81f7b9c1268b12f5a1b48ef4
Cats/Flea Allergy in Cat/thumb () (6)_jpg.rf.FyBDhwiga7lKq3LC1z8K.jpg,5,5,Cat - Flea Allergy,image_family_870f769127485fdb5c2e8aab,retain,readable; no cleaning exclusion,,,split_group_870f769127485fdb5c2e8aab
Cats/Flea Allergy in Cat/thumb () (7)_jpg.rf.lXfWQeFou7pNt1M6sTCn.jpg,5,5,Cat - Flea Allergy,image_family_fe4d10695a83717abac1b79f,retain,readable; no cleaning exclusion,,,split_group_0a473cd8827899c7a5df12cb
Cats/Flea Allergy in Cat/thumb () (8)_jpg.rf.PaK4Rn4er0ZMQRUIVx2d.jpg,5,5,Cat - Flea Allergy,image_family_e9f2268e7ac972291da587e5,retain,readable; no cleaning exclusion,,,split_group_e9f2268e7ac972291da587e5
Cats/Flea Allergy in Cat/thumb () (9)_jpg.rf.D2IDZPXZ4OCvmOL89DbX.jpg,5,5,Cat - Flea Allergy,image_family_a834caaf58dd4c4cc5b3125b,retain,readable; no cleaning exclusion,,,split_group_a834caaf58dd4c4cc5b3125b
Cats/Flea Allergy in Cat/thumb ()_jpg.rf.Rmhb6PFo2D6metbr29Ci.jpg,5,5,Cat - Flea Allergy,image_family_164177236767f906f7c81eae,retain,readable; no cleaning exclusion,,,split_group_164177236767f906f7c81eae
Cats/Flea Allergy in Cat/thumb (1)_jpg.rf.BvLjJQVx0ZZJZQhmgmww.jpg,5,5,Cat - Flea Allergy,image_family_0d7747bb355ae2d2bdb341ee,retain,readable; no cleaning exclusion,,,split_group_0d7747bb355ae2d2bdb341ee
Cats/Flea Allergy in Cat/thumb (10)_jpg.rf.IQVKVmzmAAx5VqfkdhXf.jpg,5,5,Cat - Flea Allergy,image_family_5ca3f7449e29801e17499e57,retain,readable; no cleaning exclusion,,,split_group_5ca3f7449e29801e17499e57
Cats/Flea Allergy in Cat/thumb (11)_jpg.rf.oioD2b4J3ZwVJ396BM4x.jpg,5,5,Cat - Flea Allergy,image_family_7a0bfc8b706b6d52ed7de5e7,retain,readable; no cleaning exclusion,,,split_group_7a0bfc8b706b6d52ed7de5e7
Cats/Flea Allergy in Cat/thumb (12)_jpg.rf.hrdzV8VoAT5aTR8bsu0R.jpg,5,5,Cat - Flea Allergy,image_family_a48c22f439dc9d9153facf37,retain,readable; no cleaning exclusion,,,split_group_a48c22f439dc9d9153facf37
Cats/Flea Allergy in Cat/thumb (13)_jpg.rf.9GMwGqkTr74EjVJkG2Wo.jpg,5,5,Cat - Flea Allergy,image_family_610609fa2d5c0491aaa6d0f5,retain,readable; no cleaning exclusion,,,split_group_eaabb1a265f4f273cab90cd0
Cats/Flea Allergy in Cat/thumb (14)_jpg.rf.xdjGRRjXFpVzUGqb2aNo.jpg,5,5,Cat - Flea Allergy,image_family_7e05002373994f47e79f0060,retain,readable; no cleaning exclusion,,,split_group_038f98d25b3a44312eae5711
Cats/Flea Allergy in Cat/thumb (15)_jpg.rf.5EhHZzLtuAU25uR9pUm0.jpg,5,5,Cat - Flea Allergy,image_family_dad5cbba3d078fbfa78c7b60,retain,readable; no cleaning exclusion,,,split_group_dad5cbba3d078fbfa78c7b60
Cats/Flea Allergy in Cat/thumb (16)_jpg.rf.jOc5IfxgOKuBRWsM79IM.jpg,5,5,Cat - Flea Allergy,image_family_69849b45319782719eeff868,retain,readable; no cleaning exclusion,,,split_group_69849b45319782719eeff868
Cats/Flea Allergy in Cat/thumb (17)_jpg.rf.KV0SCWZVRbfmC14Luevn.jpg,5,5,Cat - Flea Allergy,image_family_ece884a6859d643840135739,retain,readable; no cleaning exclusion,,,split_group_ece884a6859d643840135739
Cats/Flea Allergy in Cat/thumb (18)_jpg.rf.2PcUi0T7qPeh45CVLugX.jpg,5,5,Cat - Flea Allergy,image_family_7d296c3142ff6c29af38e1ef,retain,readable; no cleaning exclusion,,,split_group_7d296c3142ff6c29af38e1ef
Cats/Flea Allergy in Cat/thumb (19)_jpg.rf.7HrMqvXHTbXTYTYmJxED.jpg,5,5,Cat - Flea Allergy,image_family_9f93350ae9f42f2304cbab3a,retain,readable; no cleaning exclusion,,,split_group_2499f7469cbeb55c440d0b42
Cats/Flea Allergy in Cat/thumb (2)_jpg.rf.LcOQbUuwRQ8fHNPBCGbe.jpg,5,5,Cat - Flea Allergy,image_family_f46bc277e9cdf111d0bc25ba,retain,readable; no cleaning exclusion,,,split_group_3c62ebc0867a74b81a7ecf82
Cats/Flea Allergy in Cat/thumb (20)_jpg.rf.rRXI9Ax9K5UQa6THqmG2.jpg,5,5,Cat - Flea Allergy,image_family_1c43f28fa9c2582dd3a8dd7b,retain,readable; no cleaning exclusion,,,split_group_1c43f28fa9c2582dd3a8dd7b
Cats/Flea Allergy in Cat/thumb (21)_jpg.rf.znW2pn3S6ZYTBOM1VC3s.jpg,5,5,Cat - Flea Allergy,image_family_5dcb39f61b618a845fb46c3c,retain,readable; no cleaning exclusion,,,split_group_5dcb39f61b618a845fb46c3c
Cats/Flea Allergy in Cat/thumb (22)_jpg.rf.4omS4hHl7VhO6ZdgTL1O.jpg,5,5,Cat - Flea Allergy,image_family_aeef9da13379733192b17cfb,retain,readable; no cleaning exclusion,,,split_group_aeef9da13379733192b17cfb
Cats/Flea Allergy in Cat/thumb (23)_jpg.rf.YJjCOaOJFvy71TdaZBTE.jpg,5,5,Cat - Flea Allergy,image_family_18bdff3afbba6287581cd967,retain,readable; no cleaning exclusion,,,split_group_18bdff3afbba6287581cd967
Cats/Flea Allergy in Cat/thumb (24)_jpg.rf.KRjLZGR4ABi3RzcMnirW.jpg,5,5,Cat - Flea Allergy,image_family_665680ebcd92ca590276cd5e,retain,readable; no cleaning exclusion,,,split_group_af70826814bef6935fe3a4b1
Cats/Flea Allergy in Cat/thumb (25)_jpg.rf.KEhjkugFGn2vStshSbH6.jpg,5,5,Cat - Flea Allergy,image_family_3f1bc2b3410922177d182100,retain,readable; no cleaning exclusion,,,split_group_3f1bc2b3410922177d182100
Cats/Flea Allergy in Cat/thumb (27)_jpg.rf.jd9zN87eJCUAjjPTECsL.jpg,5,5,Cat - Flea Allergy,image_family_e3ff1db09f217d35c0b127b3,retain,readable; no cleaning exclusion,,,split_group_fdbecceccbc64eaa17568279
Cats/Flea Allergy in Cat/thumb (28)_jpg.rf.ZG0umtRMj5ozF4fc90ic.jpg,5,5,Cat - Flea Allergy,image_family_a01a817e61193d03e84c7ed7,retain,readable; no cleaning exclusion,,,split_group_dd31f3530fb1137fb8c7c5ce
Cats/Flea Allergy in Cat/thumb (29)_jpg.rf.gGoY0ZNcvvy7HIGxtpOk.jpg,5,5,Cat - Flea Allergy,image_family_5ef46f41b89e6119e18651ec,retain,readable; no cleaning exclusion,,,split_group_5ef46f41b89e6119e18651ec
Cats/Flea Allergy in Cat/thumb (3)_jpg.rf.79NAdIsOFnOyQPsXpQ64.jpg,5,5,Cat - Flea Allergy,image_family_e0f5e51f3cff2c280d463790,retain,readable; no cleaning exclusion,,,split_group_6dd426b767d15ba80f200d9b
Cats/Flea Allergy in Cat/thumb (30)_jpg.rf.zq5NOnJWZJwdKRAYEvNq.jpg,5,5,Cat - Flea Allergy,image_family_60a14026965e542cfb9e27dd,retain,readable; no cleaning exclusion,,,split_group_60a14026965e542cfb9e27dd
Cats/Flea Allergy in Cat/thumb (31)_jpg.rf.Qt9BfiSb2qwRaQDaAfQ1.jpg,5,5,Cat - Flea Allergy,image_family_f327be4b09b37cfbe7267a54,retain,readable; no cleaning exclusion,,,split_group_f327be4b09b37cfbe7267a54
Cats/Flea Allergy in Cat/thumb (32)_jpg.rf.7xV89W22sc50YBhWKbZb.jpg,5,5,Cat - Flea Allergy,image_family_0dea53aec714ebde08d5119c,retain,readable; no cleaning exclusion,,,split_group_8007aeed79058dcc7f5ebac4
Cats/Flea Allergy in Cat/thumb (33)_jpg.rf.KONcTBGCjrxc2FR9mHUD.jpg,5,5,Cat - Flea Allergy,image_family_e13993af34cbf9bbd10cccd4,retain,readable; no cleaning exclusion,,,split_group_7824164a56276c3056205149
Cats/Flea Allergy in Cat/thumb (35)_jpg.rf.M4dLcqdidFUvk2pWsNG7.jpg,5,5,Cat - Flea Allergy,image_family_1c57c349d118dab766923427,retain,readable; no cleaning exclusion,,,split_group_1c57c349d118dab766923427
Cats/Flea Allergy in Cat/thumb (36)_jpg.rf.jRXXa36cu4QzKmX9xme1.jpg,5,5,Cat - Flea Allergy,image_family_1269d7203fc03835eefcd978,retain,readable; no cleaning exclusion,,,split_group_1269d7203fc03835eefcd978
Cats/Flea Allergy in Cat/thumb (37)_jpg.rf.CXKIiMOUMRaf5VjnN2jh.jpg,5,5,Cat - Flea Allergy,image_family_55833e09411d49db2ac41b81,retain,readable; no cleaning exclusion,,,split_group_55833e09411d49db2ac41b81
Cats/Flea Allergy in Cat/thumb (38)_jpg.rf.5Lxm7BQES7NhP2n7Jb6S.jpg,5,5,Cat - Flea Allergy,image_family_77e27941b0475c9f4e405856,retain,readable; no cleaning exclusion,,,split_group_fce35c105e1ae22df55980b8
Cats/Flea Allergy in Cat/thumb (39)_jpg.rf.3DBYjOGHzjlaeF9WUu0T.jpg,5,5,Cat - Flea Allergy,image_family_76547ae0389965ccdde9addb,retain,readable; no cleaning exclusion,,,split_group_9b96c345884c09c810b514dd
Cats/Flea Allergy in Cat/thumb (4)_jpg.rf.i3QDqiZ2yPXUXnV4cCFV.jpg,5,5,Cat - Flea Allergy,image_family_68198f569f3f90f8b02e62f8,retain,readable; no cleaning exclusion,,,split_group_68198f569f3f90f8b02e62f8
Cats/Flea Allergy in Cat/thumb (40)_jpg.rf.RfWb6lxi2uDrv7nEe7pT.jpg,5,5,Cat - Flea Allergy,image_family_0da8b5ca9c3e3ece5d67729f,retain,readable; no cleaning exclusion,,,split_group_dec9c1388e6dfab3a47c3e7e
Cats/Flea Allergy in Cat/thumb (41)_jpg.rf.8vsP6lvA4gFs6CT4TAae.jpg,5,5,Cat - Flea Allergy,image_family_3e4c447f0bdbf7f5dcf3f50c,retain,readable; no cleaning exclusion,,,split_group_3e4c447f0bdbf7f5dcf3f50c
Cats/Flea Allergy in Cat/thumb (42)_jpg.rf.fAeySkKUr7fMRDoLGM5Z.jpg,5,5,Cat - Flea Allergy,image_family_c40a9eb6409c48314e2fb240,retain,readable; no cleaning exclusion,,,split_group_c40a9eb6409c48314e2fb240
Cats/Flea Allergy in Cat/thumb (43)_jpg.rf.gNKWeyJtla1oYMyi8FuN.jpg,5,5,Cat - Flea Allergy,image_family_b8dec4dde6f6cf57e0f01850,retain,readable; no cleaning exclusion,,,split_group_a565394cef0907e46fbaf53a
Cats/Flea Allergy in Cat/thumb (44)_jpg.rf.TIuMXdqNTwLZWhLtQhsD.jpg,5,5,Cat - Flea Allergy,image_family_1aee8a9c60d941f6658227a9,retain,readable; no cleaning exclusion,,,split_group_1aee8a9c60d941f6658227a9
Cats/Flea Allergy in Cat/thumb (45)_jpg.rf.DZxkogChqRhazJfwUEff.jpg,5,5,Cat - Flea Allergy,image_family_1b1d8350d588d3308a2bd7b9,retain,readable; no cleaning exclusion,,,split_group_1b1d8350d588d3308a2bd7b9
Cats/Flea Allergy in Cat/thumb (46)_jpg.rf.NRiOYUB8WV4PtaXqp5A1.jpg,5,5,Cat - Flea Allergy,image_family_2b30699c0c7230c2d560c4d5,retain,readable; no cleaning exclusion,,,split_group_dce7f88db333958513621406
Cats/Flea Allergy in Cat/thumb (47)_jpg.rf.XYN1bfW1P7TFLVjApO2o.jpg,5,5,Cat - Flea Allergy,image_family_17828c10470ac7e09031ba54,retain,readable; no cleaning exclusion,,,split_group_17828c10470ac7e09031ba54
Cats/Flea Allergy in Cat/thumb (48)_jpg.rf.bE0fNvOln8RRWjQzgZsR.jpg,5,5,Cat - Flea Allergy,image_family_df65c2f0631dcad2e6b6b8c8,retain,readable; no cleaning exclusion,,,split_group_df65c2f0631dcad2e6b6b8c8
Cats/Flea Allergy in Cat/thumb (5)_jpg.rf.0uG1GVdEF8sb9PBILRrt.jpg,5,5,Cat - Flea Allergy,image_family_37dfd8968e1dc9a107d2c887,retain,readable; no cleaning exclusion,,,split_group_37dfd8968e1dc9a107d2c887
Cats/Flea Allergy in Cat/thumb (6)_jpg.rf.qRhZ4jMJnbpuTFgSn836.jpg,5,5,Cat - Flea Allergy,image_family_254167a09470acc043f87c6a,retain,readable; no cleaning exclusion,,,split_group_fcfc2789ac1efe1c0cd4fbc0
Cats/Flea Allergy in Cat/thumb (7)_jpg.rf.BS2g5mRaKo2UY3Ayx6Rs.jpg,5,5,Cat - Flea Allergy,image_family_40077338f2cf5aee7c5386fe,retain,readable; no cleaning exclusion,,,split_group_40077338f2cf5aee7c5386fe
Cats/Flea Allergy in Cat/thumb (8)_jpg.rf.5AfESvXXzh6aow5bURUw.jpg,5,5,Cat - Flea Allergy,image_family_f30e7c39ecc5bb7b9b00bb43,retain,readable; no cleaning exclusion,,,split_group_f30e7c39ecc5bb7b9b00bb43
Cats/Flea Allergy in Cat/thumb (9)_jpg.rf.rWDBfbtyixZyXElpgoyO.jpg,5,5,Cat - Flea Allergy,image_family_f90e07b9ce46905fe457f842,retain,readable; no cleaning exclusion,,,split_group_2499f7469cbeb55c440d0b42
Cats/Flea Allergy in Cat/thumb_jpg.rf.w6BR4DxCXMOBFR0jVMCC.jpg,5,5,Cat - Flea Allergy,image_family_729004ffa1487f5dbb4bc913,retain,readable; no cleaning exclusion,,,split_group_729004ffa1487f5dbb4bc913
Dogs/Dental Disease in Dog/0_1_png.rf.ZFRPnpr9CzffyM0LXCJ9.png,6,6,Dog - Dental Disease,image_family_5f3300602382a720d395d511,retain,readable; no cleaning exclusion,,,split_group_39e180d6191ec843b3583779
Dogs/Dental Disease in Dog/0_2_png.rf.QQ0L2w797popYydeNN2m.png,6,6,Dog - Dental Disease,image_family_8ec8fb019fa6fce5b095459d,retain,readable; no cleaning exclusion,,,split_group_8ec8fb019fa6fce5b095459d
Dogs/Dental Disease in Dog/0_png.rf.OsmLK2dyjcEHSX3nunSb.png,6,6,Dog - Dental Disease,image_family_c84cd5dfafdc946b10ee6d7a,retain,readable; no cleaning exclusion,,,split_group_b420b66ee21f43e5794458d2
Dogs/Dental Disease in Dog/4_1_png.rf.yXeDD3GSxYWg971dhojb.png,6,6,Dog - Dental Disease,image_family_9dd8a4816dd246748c7b48a6,retain,readable; no cleaning exclusion,,,split_group_9dd8a4816dd246748c7b48a6
Dogs/Dental Disease in Dog/4_2_png.rf.FYXqMWEl4F8CKCdF8aKm.png,6,6,Dog - Dental Disease,image_family_385d7024dad721b16ad5c36d,retain,readable; no cleaning exclusion,,,split_group_385d7024dad721b16ad5c36d
Dogs/Dental Disease in Dog/4_png.rf.WLusBauZDUl4sZZLvgTM.png,6,6,Dog - Dental Disease,image_family_1ec4bad81e99065feef6298c,retain,readable; no cleaning exclusion,,,split_group_1ec4bad81e99065feef6298c
Dogs/Dental Disease in Dog/Image_1.png,6,6,Dog - Dental Disease,image_family_3dbd9264575f13fb5b803785,retain,readable; no cleaning exclusion,,,split_group_3dbd9264575f13fb5b803785
Dogs/Dental Disease in Dog/Image_10.jpg,6,6,Dog - Dental Disease,image_family_f38ed25978184d746cdcae12,retain,readable; no cleaning exclusion,,,split_group_f38ed25978184d746cdcae12
Dogs/Dental Disease in Dog/Image_100.jpg,6,6,Dog - Dental Disease,image_family_d302eb55531b79151c876930,retain,readable; no cleaning exclusion,,,split_group_d302eb55531b79151c876930
Dogs/Dental Disease in Dog/Image_11.png,6,6,Dog - Dental Disease,image_family_1859740b09ecd3e178c8e560,retain,readable; no cleaning exclusion,,,split_group_1346391ab3ec85e8cc21b4a6
Dogs/Dental Disease in Dog/Image_12.png,6,6,Dog - Dental Disease,image_family_ec8ecb258a257d146c60b277,retain,readable; no cleaning exclusion,,,split_group_ec8ecb258a257d146c60b277
Dogs/Dental Disease in Dog/Image_13.jpg,6,6,Dog - Dental Disease,image_family_7c4af4ea7340e4b3a5d5defe,retain,readable; no cleaning exclusion,,,split_group_7c4af4ea7340e4b3a5d5defe
Dogs/Dental Disease in Dog/Image_13.png,6,6,Dog - Dental Disease,image_family_1859740b09ecd3e178c8e560,exclude_same_class_exact_duplicate,same-class exact RGB duplicate; retained representative Dogs/Dental Disease in Dog/Image_11.png,,,split_group_1346391ab3ec85e8cc21b4a6
Dogs/Dental Disease in Dog/Image_14.jpg,6,6,Dog - Dental Disease,image_family_7c4af4ea7340e4b3a5d5defe,exclude_same_class_exact_duplicate,same-class exact RGB duplicate; retained representative Dogs/Dental Disease in Dog/Image_13.jpg,,,split_group_7c4af4ea7340e4b3a5d5defe
Dogs/Dental Disease in Dog/Image_15.jpg,6,6,Dog - Dental Disease,image_family_720e7eaff7e23243c4d225f8,retain,readable; no cleaning exclusion,,,split_group_720e7eaff7e23243c4d225f8
Dogs/Dental Disease in Dog/Image_15.png,6,6,Dog - Dental Disease,image_family_af1226b256f7e09ed570f0f0,retain,readable; no cleaning exclusion,,,split_group_af1226b256f7e09ed570f0f0
Dogs/Dental Disease in Dog/Image_16.jpg,6,6,Dog - Dental Disease,image_family_b7d1f2a79880dd6c19e528a9,retain,readable; no cleaning exclusion,,,split_group_b7d1f2a79880dd6c19e528a9
Dogs/Dental Disease in Dog/Image_17.jpg,6,6,Dog - Dental Disease,image_family_0875b4d8d5429e09720507f3,retain,readable; no cleaning exclusion,,,split_group_0875b4d8d5429e09720507f3
Dogs/Dental Disease in Dog/Image_17.png,6,6,Dog - Dental Disease,image_family_ec8ecb258a257d146c60b277,exclude_same_class_exact_duplicate,same-class exact RGB duplicate; retained representative Dogs/Dental Disease in Dog/Image_12.png,,,split_group_ec8ecb258a257d146c60b277
Dogs/Dental Disease in Dog/Image_18.jpg,6,6,Dog - Dental Disease,image_family_014f51c9e9091306f8df2d01,retain,readable; no cleaning exclusion,,,split_group_014f51c9e9091306f8df2d01
Dogs/Dental Disease in Dog/Image_19.jpg,6,6,Dog - Dental Disease,image_family_1e4acaec9dd071ad4095b45a,retain,readable; no cleaning exclusion,,,split_group_1e4acaec9dd071ad4095b45a
Dogs/Dental Disease in Dog/Image_2.jpg,6,6,Dog - Dental Disease,image_family_4f6ff494e63ccbd70ec0cb37,retain,readable; no cleaning exclusion,,,split_group_4f6ff494e63ccbd70ec0cb37
Dogs/Dental Disease in Dog/Image_20.jpg,6,6,Dog - Dental Disease,image_family_b3fe03eb31875aa2794effb7,retain,readable; no cleaning exclusion,,,split_group_b3fe03eb31875aa2794effb7
Dogs/Dental Disease in Dog/Image_20.webp,6,6,Dog - Dental Disease,image_family_0ec82a3940ea0cda6b1899ff,retain,readable; no cleaning exclusion,,,split_group_0ec82a3940ea0cda6b1899ff
Dogs/Dental Disease in Dog/Image_21.jpg,6,6,Dog - Dental Disease,image_family_4eaeb83e9d18eba1dd78c05a,retain,readable; no cleaning exclusion,,,split_group_4eaeb83e9d18eba1dd78c05a
Dogs/Dental Disease in Dog/Image_21.png,6,6,Dog - Dental Disease,image_family_f5b4ae844686bba92d9c9183,retain,readable; no cleaning exclusion,,,split_group_f5b4ae844686bba92d9c9183
Dogs/Dental Disease in Dog/Image_22.jpg,6,6,Dog - Dental Disease,image_family_57a9e4f0b9e9f5a764bc814f,retain,readable; no cleaning exclusion,,,split_group_57a9e4f0b9e9f5a764bc814f
Dogs/Dental Disease in Dog/Image_23.jpg,6,6,Dog - Dental Disease,image_family_e06a6eae33560ffe56320f2d,retain,readable; no cleaning exclusion,,,split_group_e06a6eae33560ffe56320f2d
Dogs/Dental Disease in Dog/Image_24.jpg,6,6,Dog - Dental Disease,image_family_ab4f1412ac32731d754bb9cd,retain,readable; no cleaning exclusion,,,split_group_ab4f1412ac32731d754bb9cd
Dogs/Dental Disease in Dog/Image_25.jpeg,6,6,Dog - Dental Disease,image_family_184844d8db343511db5f7fec,retain,readable; no cleaning exclusion,,,split_group_184844d8db343511db5f7fec
Dogs/Dental Disease in Dog/Image_26.jpg,6,6,Dog - Dental Disease,image_family_c3505567b9153ed29c29e3e2,retain,readable; no cleaning exclusion,,,split_group_c3505567b9153ed29c29e3e2
Dogs/Dental Disease in Dog/Image_27.jpg,6,6,Dog - Dental Disease,image_family_2701d3265704ebe2061a2539,retain,readable; no cleaning exclusion,,,split_group_2701d3265704ebe2061a2539
Dogs/Dental Disease in Dog/Image_28.jpg,6,6,Dog - Dental Disease,image_family_a1481622590d5e8a3b91c6c6,retain,readable; no cleaning exclusion,,,split_group_a1481622590d5e8a3b91c6c6
Dogs/Dental Disease in Dog/Image_3.JPG,6,6,Dog - Dental Disease,image_family_540e7e776a4e636c88e33451,retain,readable; no cleaning exclusion,,,split_group_540e7e776a4e636c88e33451
Dogs/Dental Disease in Dog/Image_33.jpg,6,6,Dog - Dental Disease,image_family_ab3e30d561bdc0937cbb0a0f,retain,readable; no cleaning exclusion,,,split_group_ab3e30d561bdc0937cbb0a0f
Dogs/Dental Disease in Dog/Image_34.jpg,6,6,Dog - Dental Disease,image_family_5a575e2dbfe5cb20f7ccceee,retain,readable; no cleaning exclusion,,,split_group_5a575e2dbfe5cb20f7ccceee
Dogs/Dental Disease in Dog/Image_35.jpg,6,6,Dog - Dental Disease,image_family_1172f866f32af678ed785a46,retain,readable; no cleaning exclusion,,,split_group_0a351f5880b633a7032288d3
Dogs/Dental Disease in Dog/Image_35.webp,6,6,Dog - Dental Disease,image_family_9c056e8e6de3002e01811ad2,retain,readable; no cleaning exclusion,,,split_group_9c056e8e6de3002e01811ad2
Dogs/Dental Disease in Dog/Image_36.jpg,6,6,Dog - Dental Disease,image_family_334c13a63df4b79fd2b92273,retain,readable; no cleaning exclusion,,,split_group_334c13a63df4b79fd2b92273
Dogs/Dental Disease in Dog/Image_37.jpg,6,6,Dog - Dental Disease,image_family_60b807775ab422ffcd44e98f,retain,readable; no cleaning exclusion,,,split_group_60b807775ab422ffcd44e98f
Dogs/Dental Disease in Dog/Image_37.webp,6,6,Dog - Dental Disease,image_family_0ec82a3940ea0cda6b1899ff,exclude_same_class_exact_duplicate,same-class exact RGB duplicate; retained representative Dogs/Dental Disease in Dog/Image_20.webp,,,split_group_0ec82a3940ea0cda6b1899ff
Dogs/Dental Disease in Dog/Image_38.jpg,6,6,Dog - Dental Disease,image_family_8561e874bb81a7b96ff6ea75,retain,readable; no cleaning exclusion,,,split_group_8561e874bb81a7b96ff6ea75
Dogs/Dental Disease in Dog/Image_39.jpg,6,6,Dog - Dental Disease,image_family_ab4f1412ac32731d754bb9cd,exclude_same_class_exact_duplicate,same-class exact RGB duplicate; retained representative Dogs/Dental Disease in Dog/Image_24.jpg,,,split_group_ab4f1412ac32731d754bb9cd
Dogs/Dental Disease in Dog/Image_39.png,6,6,Dog - Dental Disease,image_family_f5b4ae844686bba92d9c9183,exclude_same_class_exact_duplicate,same-class exact RGB duplicate; retained representative Dogs/Dental Disease in Dog/Image_21.png,,,split_group_f5b4ae844686bba92d9c9183
Dogs/Dental Disease in Dog/Image_4.jpg,6,6,Dog - Dental Disease,image_family_6e2fbac390444df17a0049a9,retain,readable; no cleaning exclusion,,,split_group_257024cc46a952822a67389b
Dogs/Dental Disease in Dog/Image_40.jpg,6,6,Dog - Dental Disease,image_family_720e7eaff7e23243c4d225f8,exclude_same_class_exact_duplicate,same-class exact RGB duplicate; retained representative Dogs/Dental Disease in Dog/Image_15.jpg,,,split_group_720e7eaff7e23243c4d225f8
Dogs/Dental Disease in Dog/Image_42.jpg,6,6,Dog - Dental Disease,image_family_6641c3f46b3e5ca78ee4a28f,retain,readable; no cleaning exclusion,,,split_group_6641c3f46b3e5ca78ee4a28f
Dogs/Dental Disease in Dog/Image_43.jpg,6,6,Dog - Dental Disease,image_family_86ccfadaf5a70389815e0d77,retain,readable; no cleaning exclusion,,,split_group_0a351f5880b633a7032288d3
Dogs/Dental Disease in Dog/Image_44.webp,6,6,Dog - Dental Disease,image_family_17f667341a617e13343d5405,retain,readable; no cleaning exclusion,,,split_group_17f667341a617e13343d5405
Dogs/Dental Disease in Dog/Image_45.jpg,6,6,Dog - Dental Disease,image_family_6641c3f46b3e5ca78ee4a28f,exclude_same_class_exact_duplicate,same-class exact RGB duplicate; retained representative Dogs/Dental Disease in Dog/Image_42.jpg,,,split_group_6641c3f46b3e5ca78ee4a28f
Dogs/Dental Disease in Dog/Image_46.jpg,6,6,Dog - Dental Disease,image_family_a922db96090f8c0f89231b56,retain,readable; no cleaning exclusion,,,split_group_257024cc46a952822a67389b
Dogs/Dental Disease in Dog/Image_47.jpg,6,6,Dog - Dental Disease,image_family_e4b642b95682a2f74d49efb3,retain,readable; no cleaning exclusion,,,split_group_e4b642b95682a2f74d49efb3
Dogs/Dental Disease in Dog/Image_48.jpg,6,6,Dog - Dental Disease,image_family_01c60b865e8617a3482637df,retain,readable; no cleaning exclusion,,,split_group_01c60b865e8617a3482637df
Dogs/Dental Disease in Dog/Image_49.jpg,6,6,Dog - Dental Disease,image_family_b69e870155f48257f7aa5dab,retain,readable; no cleaning exclusion,,,split_group_b69e870155f48257f7aa5dab
Dogs/Dental Disease in Dog/Image_5.jpg,6,6,Dog - Dental Disease,image_family_fd0ee7f9ae374f8b2293071b,retain,readable; no cleaning exclusion,,,split_group_fd0ee7f9ae374f8b2293071b
Dogs/Dental Disease in Dog/Image_50.jpg,6,6,Dog - Dental Disease,image_family_7e9d20b02d5f731701d04e1b,retain,readable; no cleaning exclusion,,,split_group_7e9d20b02d5f731701d04e1b
Dogs/Dental Disease in Dog/Image_51.png,6,6,Dog - Dental Disease,image_family_e9e2dd8f260da3f9a0796357,retain,readable; no cleaning exclusion,,,split_group_e9e2dd8f260da3f9a0796357
Dogs/Dental Disease in Dog/Image_54.jpg,6,6,Dog - Dental Disease,image_family_50f3310a3042b9118127fd49,retain,readable; no cleaning exclusion,,,split_group_50f3310a3042b9118127fd49
Dogs/Dental Disease in Dog/Image_57.jpg,6,6,Dog - Dental Disease,image_family_7758cf6bb3e16a5674a5a56c,retain,readable; no cleaning exclusion,,,split_group_7758cf6bb3e16a5674a5a56c
Dogs/Dental Disease in Dog/Image_58.jpg,6,6,Dog - Dental Disease,image_family_8e9388b60f97abbadb4df09b,retain,readable; no cleaning exclusion,,,split_group_8e9388b60f97abbadb4df09b
Dogs/Dental Disease in Dog/Image_59.jpg,6,6,Dog - Dental Disease,image_family_f7a26b3212c39603ff2e70c7,retain,readable; no cleaning exclusion,,,split_group_f7a26b3212c39603ff2e70c7
Dogs/Dental Disease in Dog/Image_6.jpg,6,6,Dog - Dental Disease,image_family_331bba104401c14be7bb5fcf,retain,readable; no cleaning exclusion,,,split_group_331bba104401c14be7bb5fcf
Dogs/Dental Disease in Dog/Image_61.jpg,6,6,Dog - Dental Disease,image_family_47701946de0cfb823f3e8a42,retain,readable; no cleaning exclusion,,,split_group_47701946de0cfb823f3e8a42
Dogs/Dental Disease in Dog/Image_63.png,6,6,Dog - Dental Disease,image_family_c9fd43503ef7c71eaa896ba4,retain,readable; no cleaning exclusion,,,split_group_1346391ab3ec85e8cc21b4a6
Dogs/Dental Disease in Dog/Image_67.png,6,6,Dog - Dental Disease,image_family_846d0e9a89e5b746658f5e6a,retain,readable; no cleaning exclusion,,,split_group_846d0e9a89e5b746658f5e6a
Dogs/Dental Disease in Dog/Image_68.jpg,6,6,Dog - Dental Disease,image_family_2455765a9c25e90366a0aa00,retain,readable; no cleaning exclusion,,,split_group_2455765a9c25e90366a0aa00
Dogs/Dental Disease in Dog/Image_70.png,6,6,Dog - Dental Disease,image_family_8dd5bf9ff373a78cf956b1fa,retain,readable; no cleaning exclusion,,,split_group_8dd5bf9ff373a78cf956b1fa
Dogs/Dental Disease in Dog/Image_75.jpg,6,6,Dog - Dental Disease,image_family_43237c503073df9b4d3e844f,retain,readable; no cleaning exclusion,,,split_group_43237c503073df9b4d3e844f
Dogs/Dental Disease in Dog/Image_76.jpg,6,6,Dog - Dental Disease,image_family_01c3ab41ed71ff6356ba101e,retain,readable; no cleaning exclusion,,,split_group_01c3ab41ed71ff6356ba101e
Dogs/Dental Disease in Dog/Image_77.png,6,6,Dog - Dental Disease,image_family_2c838acbe84fd4c6451a7091,retain,readable; no cleaning exclusion,,,split_group_1346391ab3ec85e8cc21b4a6
Dogs/Dental Disease in Dog/Image_79.jpg,6,6,Dog - Dental Disease,image_family_fdc7c0757ab9086e5a5b6c13,retain,readable; no cleaning exclusion,,,split_group_fdc7c0757ab9086e5a5b6c13
Dogs/Dental Disease in Dog/Image_8.jpg,6,6,Dog - Dental Disease,image_family_e4b642b95682a2f74d49efb3,exclude_same_class_exact_duplicate,same-class exact RGB duplicate; retained representative Dogs/Dental Disease in Dog/Image_47.jpg,,,split_group_e4b642b95682a2f74d49efb3
Dogs/Dental Disease in Dog/스크린샷 2024-04-29 151715_png.rf.X0AStiTyvAd2DeTHWhG0.png,6,6,Dog - Dental Disease,image_family_cefec29c0ade7d5fca8dedf5,retain,readable; no cleaning exclusion,,,split_group_cefec29c0ade7d5fca8dedf5
Dogs/Dental Disease in Dog/스크린샷 2024-04-29 151842_png.rf.VWN2M3S4yQD30qMhqtpA.png,6,6,Dog - Dental Disease,image_family_983228316a87d15441dfd546,retain,readable; no cleaning exclusion,,,split_group_983228316a87d15441dfd546
Dogs/Dental Disease in Dog/스크린샷 2024-04-29 151904_png.rf.wNvwExpQTkerjqsla9Wi.png,6,6,Dog - Dental Disease,image_family_a11b95c6597712713b1271b8,retain,readable; no cleaning exclusion,,,split_group_a11b95c6597712713b1271b8
Dogs/Dental Disease in Dog/스크린샷 2024-04-29 151919_png.rf.bgVS0eEc6qw7Syft9sFI.png,6,6,Dog - Dental Disease,image_family_5792bea5f17ab10e3da43776,retain,readable; no cleaning exclusion,,,split_group_5792bea5f17ab10e3da43776
Dogs/Dental Disease in Dog/스크린샷 2024-04-29 151940_png.rf.ISL4EDw5msE7wzPtOCdH.png,6,6,Dog - Dental Disease,image_family_5a0b66d92e3dc84211546df6,retain,readable; no cleaning exclusion,,,split_group_5a0b66d92e3dc84211546df6
Dogs/Dental Disease in Dog/스크린샷 2024-04-29 151953_png.rf.0HMTGZUIj8ROrP0PXuiX.png,6,6,Dog - Dental Disease,image_family_42904c9ea7178ea1c03f769e,retain,readable; no cleaning exclusion,,,split_group_42904c9ea7178ea1c03f769e
Dogs/Dental Disease in Dog/스크린샷 2024-04-29 152040_png.rf.XNKU81t2uDGAmbYirolN.png,6,6,Dog - Dental Disease,image_family_7f566afb2bd88e97e795df69,retain,readable; no cleaning exclusion,,,split_group_7f566afb2bd88e97e795df69
Dogs/Dental Disease in Dog/스크린샷 2024-04-29 152100_png.rf.fNBC2RM0u4v8MCMxUJ4L.png,6,6,Dog - Dental Disease,image_family_749ec580270eec6cb98c0c7e,retain,readable; no cleaning exclusion,,,split_group_749ec580270eec6cb98c0c7e
Dogs/Dental Disease in Dog/스크린샷 2024-04-29 152222_png.rf.fIvEiKldo6rS5ujpLxGH.png,6,6,Dog - Dental Disease,image_family_5131f75942193974ccb7f0f0,retain,readable; no cleaning exclusion,,,split_group_5131f75942193974ccb7f0f0
Dogs/Dental Disease in Dog/스크린샷 2024-04-29 152239_png.rf.CzbcCloDCadUYf3sJRnm.png,6,6,Dog - Dental Disease,image_family_bdfa9ae00fa830726c375474,retain,readable; no cleaning exclusion,,,split_group_bdfa9ae00fa830726c375474
Dogs/Dental Disease in Dog/스크린샷 2024-04-29 152341_png.rf.SyIarmmxEGZSGERqFG0y.png,6,6,Dog - Dental Disease,image_family_37c0c20dd65cd1430967b19c,retain,readable; no cleaning exclusion,,,split_group_37c0c20dd65cd1430967b19c
Dogs/Dental Disease in Dog/스크린샷 2024-04-29 152434_png.rf.cmNe8sqfowZC6h5JCPPJ.png,6,6,Dog - Dental Disease,image_family_7d2308afbd0e9ab03ef492a6,retain,readable; no cleaning exclusion,,,split_group_7d2308afbd0e9ab03ef492a6
Dogs/Dental Disease in Dog/스크린샷 2024-04-29 153120_png.rf.N0jrrGtk3ujeRWLyWAgI.png,6,6,Dog - Dental Disease,image_family_30526f2da1bc8130b3f5ad89,retain,readable; no cleaning exclusion,,,split_group_30526f2da1bc8130b3f5ad89
Dogs/Dental Disease in Dog/스크린샷 2024-04-29 153148_png.rf.Tql2QKGaovIiz2njBoGB.png,6,6,Dog - Dental Disease,image_family_584cd37224b0abf13b655768,retain,readable; no cleaning exclusion,,,split_group_584cd37224b0abf13b655768
Dogs/Dental Disease in Dog/스크린샷 2024-04-29 153208_png.rf.kLkkXPFhXAwQtnvpnl8O.png,6,6,Dog - Dental Disease,image_family_91167d0a35372f9c6f662d71,retain,readable; no cleaning exclusion,,,split_group_91167d0a35372f9c6f662d71
Dogs/Dental Disease in Dog/스크린샷 2024-04-29 153241_png.rf.c9nTuCaqBkG4LOUOtADS.png,6,6,Dog - Dental Disease,image_family_bb075161c50f650dea2690c1,retain,readable; no cleaning exclusion,,,split_group_bb075161c50f650dea2690c1
Dogs/Dental Disease in Dog/스크린샷 2024-04-29 153357_png.rf.sKy4ziaHyzU5qRej5hmo.png,6,6,Dog - Dental Disease,image_family_1e9777818499147a26f1b5f5,retain,readable; no cleaning exclusion,,,split_group_1e9777818499147a26f1b5f5
Dogs/Dental Disease in Dog/스크린샷 2024-04-29 153527_png.rf.LLoQr29VQP5Px8vRSJ9p.png,6,6,Dog - Dental Disease,image_family_60144d98c1ee88d466105476,retain,readable; no cleaning exclusion,,,split_group_60144d98c1ee88d466105476
Dogs/Dental Disease in Dog/스크린샷 2024-04-29 153550_png.rf.SPFF4JjUswRth8igDKsU.png,6,6,Dog - Dental Disease,image_family_40306820bddda43bb2792d06,retain,readable; no cleaning exclusion,,,split_group_40306820bddda43bb2792d06
Dogs/Dental Disease in Dog/스크린샷 2024-04-29 153613_png.rf.r7uvn9EkdxOHJfdggOZT.png,6,6,Dog - Dental Disease,image_family_d43d105c7f7da87a5a8717c2,retain,readable; no cleaning exclusion,,,split_group_d43d105c7f7da87a5a8717c2
Dogs/Dental Disease in Dog/스크린샷 2024-04-29 153640_png.rf.6xQ1cMZiWM8YbfWB5hNV.png,6,6,Dog - Dental Disease,image_family_538219d32e1d7b802970cda5,retain,readable; no cleaning exclusion,,,split_group_538219d32e1d7b802970cda5
Dogs/Dental Disease in Dog/스크린샷 2024-04-29 153733_png.rf.h1X4LW51ICnkcJs5S3bc.png,6,6,Dog - Dental Disease,image_family_f7012e414ce5962968da3ff6,retain,readable; no cleaning exclusion,,,split_group_f7012e414ce5962968da3ff6
Dogs/Dental Disease in Dog/스크린샷 2024-04-29 153756_png.rf.7y71fatbZwDWIkz7UspL.png,6,6,Dog - Dental Disease,image_family_dd65ed1bc729089f411a1a15,retain,readable; no cleaning exclusion,,,split_group_dd65ed1bc729089f411a1a15
Dogs/Dental Disease in Dog/스크린샷 2024-04-29 153811_png.rf.UrWvKevYHwGMd50a3Ofq.png,6,6,Dog - Dental Disease,image_family_3ac85c6d4608f390018bb43f,retain,readable; no cleaning exclusion,,,split_group_3ac85c6d4608f390018bb43f
Dogs/Dental Disease in Dog/스크린샷 2024-04-29 153848_png.rf.waxbwWbCZqpNv7bnDzYF.png,6,6,Dog - Dental Disease,image_family_1cec4071d84ffdb79f55076f,retain,readable; no cleaning exclusion,,,split_group_166de0fdf30917f164c50eda
Dogs/Dental Disease in Dog/스크린샷 2024-04-29 153904_png.rf.CgpTYnVv9g7QpEuOYyet.png,6,6,Dog - Dental Disease,image_family_5f94aca6e13982659408dceb,retain,readable; no cleaning exclusion,,,split_group_97b6287a686045470288f43c
Dogs/Dental Disease in Dog/스크린샷 2024-04-29 153926_png.rf.Jk9Vq9BwHmxgjG1sIZd2.png,6,6,Dog - Dental Disease,image_family_66ec566085348fc3fa87b338,retain,readable; no cleaning exclusion,,,split_group_8401f4222bcdd7a4f08c8d39
Dogs/Dental Disease in Dog/스크린샷 2024-04-29 153948_png.rf.leb7FIGQ2nAhTNhExWOk.png,6,6,Dog - Dental Disease,image_family_4e4078857373b63039590706,retain,readable; no cleaning exclusion,,,split_group_4e4078857373b63039590706
Dogs/Dental Disease in Dog/스크린샷 2024-04-29 154001_png.rf.dvRysBBE66cQUCkwX560.png,6,6,Dog - Dental Disease,image_family_340622355432b2a98791b204,retain,readable; no cleaning exclusion,,,split_group_340622355432b2a98791b204
Dogs/Dental Disease in Dog/스크린샷 2024-04-29 154154_png.rf.6bEop1emR3XqR6Wqkt5A.png,6,6,Dog - Dental Disease,image_family_ad4ec099ae5ce5a432d5cf00,retain,readable; no cleaning exclusion,,,split_group_ad4ec099ae5ce5a432d5cf00
Dogs/Dental Disease in Dog/스크린샷 2024-04-29 154336_png.rf.SARl5sdav7rZR8YgNS4i.png,6,6,Dog - Dental Disease,image_family_e786f2fe164faeb618d5c014,retain,readable; no cleaning exclusion,,,split_group_e786f2fe164faeb618d5c014
Dogs/Dental Disease in Dog/스크린샷 2024-04-29 154351_png.rf.VqldBPoAeJSBzhzcDjEw.png,6,6,Dog - Dental Disease,image_family_3fef95fd723ab049da2e1048,retain,readable; no cleaning exclusion,,,split_group_3fef95fd723ab049da2e1048
Dogs/Dental Disease in Dog/스크린샷 2024-04-29 154402_png.rf.hsDjOFGB1Ms6TJ9151Xd.png,6,6,Dog - Dental Disease,image_family_2d3c33ad093c613969a69ad8,retain,readable; no cleaning exclusion,,,split_group_2d3c33ad093c613969a69ad8
Dogs/Dental Disease in Dog/스크린샷 2024-04-29 154420_png.rf.C37k4TBGVPOthLsUX54v.png,6,6,Dog - Dental Disease,image_family_2e97ff37ab6a323cbf1cf02c,retain,readable; no cleaning exclusion,,,split_group_2e97ff37ab6a323cbf1cf02c
Dogs/Dental Disease in Dog/스크린샷 2024-04-29 154459_png.rf.myiTJytWOA7HPYM3qPHU.png,6,6,Dog - Dental Disease,image_family_6f9c164d35bc86e6de8ed351,retain,readable; no cleaning exclusion,,,split_group_c9fe544d5664c6f4801cf7a3
Dogs/Dental Disease in Dog/스크린샷 2024-04-29 154550_png.rf.s4lfgTQiwQAYH36g9uNd.png,6,6,Dog - Dental Disease,image_family_2b5e177e429c632b329455a3,retain,readable; no cleaning exclusion,,,split_group_2b5e177e429c632b329455a3
Dogs/Dental Disease in Dog/스크린샷 2024-04-29 154611_png.rf.QekrFpYAoIrkE69Aj57i.png,6,6,Dog - Dental Disease,image_family_98365fb7ae94fdc0910c8570,retain,readable; no cleaning exclusion,,,split_group_98365fb7ae94fdc0910c8570
Dogs/Dental Disease in Dog/스크린샷 2024-04-29 154633_png.rf.Ssr3mF5vnp44pSLN8EcA.png,6,6,Dog - Dental Disease,image_family_4e67a30b05d427d89c884641,retain,readable; no cleaning exclusion,,,split_group_4e67a30b05d427d89c884641
Dogs/Dental Disease in Dog/스크린샷 2024-04-29 154725_png.rf.IdiNJ3qn4FunykO6zzVR.png,6,6,Dog - Dental Disease,image_family_f14b5464790acd26ae59e04e,retain,readable; no cleaning exclusion,,,split_group_8c4b58cdeac5d0779ec253c0
Dogs/Dental Disease in Dog/스크린샷 2024-04-29 154802_png.rf.g3NOv7jnjZXzZ5EfWiw7.png,6,6,Dog - Dental Disease,image_family_e2f63489aca82a9b95471064,retain,readable; no cleaning exclusion,,,split_group_629f1d1fa490e44d0f11a1c8
Dogs/Dental Disease in Dog/스크린샷 2024-04-29 154823_png.rf.AYx2EP3YJZ0EsgH7EP0O.png,6,6,Dog - Dental Disease,image_family_db14621718b08e4db51536ea,retain,readable; no cleaning exclusion,,,split_group_db14621718b08e4db51536ea
Dogs/Dental Disease in Dog/스크린샷 2024-04-29 154832_png.rf.7pp1HCMhtacjgjFQYoq5.png,6,6,Dog - Dental Disease,image_family_789897bf82bde7bb0adb9a21,retain,readable; no cleaning exclusion,,,split_group_789897bf82bde7bb0adb9a21
Dogs/Dental Disease in Dog/스크린샷 2024-04-29 154903_png.rf.0tAWOxoA24mUW0jEUaza.png,6,6,Dog - Dental Disease,image_family_819589ce0dec0a564a96af42,retain,readable; no cleaning exclusion,,,split_group_819589ce0dec0a564a96af42
Dogs/Dental Disease in Dog/스크린샷 2024-04-29 155139_png.rf.tUhn5kDhzfMkRQuLAez9.png,6,6,Dog - Dental Disease,image_family_7a094931a00aaf8ec9e1a39d,retain,readable; no cleaning exclusion,,,split_group_7a094931a00aaf8ec9e1a39d
Dogs/Dental Disease in Dog/스크린샷 2024-04-29 155156_png.rf.GOzlaESbYCP9QpfnNkO8.png,6,6,Dog - Dental Disease,image_family_53426310e08b44f1e31618b1,retain,readable; no cleaning exclusion,,,split_group_53426310e08b44f1e31618b1
Dogs/Dental Disease in Dog/스크린샷 2024-04-29 155212_png.rf.M3QrnmfYx2PYuJAwN3Q3.png,6,6,Dog - Dental Disease,image_family_e919ddc66b3ae460aa2581b4,retain,readable; no cleaning exclusion,,,split_group_e919ddc66b3ae460aa2581b4
Dogs/Dental Disease in Dog/스크린샷 2024-04-29 155232_png.rf.HoddmSRAW4MtBfaOlSks.png,6,6,Dog - Dental Disease,image_family_52f1f1888e2699d9b5d504cd,retain,readable; no cleaning exclusion,,,split_group_52f1f1888e2699d9b5d504cd
Dogs/Dental Disease in Dog/스크린샷 2024-04-29 155248_png.rf.CSrHNgwmxKQVjqPTlZDC.png,6,6,Dog - Dental Disease,image_family_52fb299f8381b8b1f6834cc7,retain,readable; no cleaning exclusion,,,split_group_52fb299f8381b8b1f6834cc7
Dogs/Dental Disease in Dog/스크린샷 2024-04-29 155314_png.rf.0XuxcgQhepx19ZfYvATS.png,6,6,Dog - Dental Disease,image_family_92e180bb143790574dba7793,retain,readable; no cleaning exclusion,,,split_group_92e180bb143790574dba7793
Dogs/Dental Disease in Dog/스크린샷 2024-04-29 155347_png.rf.HnOMgg1BGC4blEP36bKX.png,6,6,Dog - Dental Disease,image_family_1aaf4cf63b7e426eda73c91a,retain,readable; no cleaning exclusion,,,split_group_1aaf4cf63b7e426eda73c91a
Dogs/Dental Disease in Dog/스크린샷 2024-04-29 155451_png.rf.B7V07tCTcgHza9bAKFZp.png,6,6,Dog - Dental Disease,image_family_dcf5a6cf05e276388e406e4f,retain,readable; no cleaning exclusion,,,split_group_dcf5a6cf05e276388e406e4f
Dogs/Dental Disease in Dog/스크린샷 2024-04-29 155552_png.rf.jHecJlRf45RO98rahajZ.png,6,6,Dog - Dental Disease,image_family_79bf4a4ae48545013f86c6b4,retain,readable; no cleaning exclusion,,,split_group_79bf4a4ae48545013f86c6b4
Dogs/Dental Disease in Dog/스크린샷 2024-04-29 155708_png.rf.jc8hQaUEZerKfLZM0fEj.png,6,6,Dog - Dental Disease,image_family_57dbb5a011d2529d205ac04a,retain,readable; no cleaning exclusion,,,split_group_57dbb5a011d2529d205ac04a
Dogs/Dental Disease in Dog/스크린샷 2024-04-29 155802_png.rf.BzgKOVt8qvK8WH1WG4VL.png,6,6,Dog - Dental Disease,image_family_90f6e325f24eb95831f0e7b4,retain,readable; no cleaning exclusion,,,split_group_90f6e325f24eb95831f0e7b4
Dogs/Dental Disease in Dog/스크린샷 2024-04-29 155923_png.rf.3aO0iAkXLRlhSvT3qqA8.png,6,6,Dog - Dental Disease,image_family_4f9822df35b60ffd7f355cc9,retain,readable; no cleaning exclusion,,,split_group_b7111436717387198f9fe9ae
Dogs/Dental Disease in Dog/스크린샷 2024-04-29 160053_png.rf.Jld6PecWjAdQ40CfxieK.png,6,6,Dog - Dental Disease,image_family_d5c7a97481e2aae5f8e8ce6c,retain,readable; no cleaning exclusion,,,split_group_51ee275bfd0ddcf7bfeb1c11
Dogs/Dental Disease in Dog/스크린샷 2024-04-29 160340_png.rf.S49WwYpV45HHkhmxweoY.png,6,6,Dog - Dental Disease,image_family_b4f2922869d2112446a3fde2,retain,readable; no cleaning exclusion,,,split_group_b4f2922869d2112446a3fde2
Dogs/Eye Infection in Dog/Image_1.jpg,7,7,Dog - Eye Infection,image_family_d0eb39b0c18c695ad36c996f,retain,readable; no cleaning exclusion,,,split_group_d0eb39b0c18c695ad36c996f
Dogs/Eye Infection in Dog/Image_10.jpg,7,7,Dog - Eye Infection,image_family_97a58541a50a0275625402cf,retain,readable; no cleaning exclusion,,,split_group_6e98105424237c0f84558f7f
Dogs/Eye Infection in Dog/Image_100.jpg,7,7,Dog - Eye Infection,image_family_1d7d0cde55fbf1aaab192424,retain,readable; no cleaning exclusion,,,split_group_1d7d0cde55fbf1aaab192424
Dogs/Eye Infection in Dog/Image_101.jpg,7,7,Dog - Eye Infection,image_family_db8569a2a72364c6da8a2e13,retain,readable; no cleaning exclusion,,,split_group_db8569a2a72364c6da8a2e13
Dogs/Eye Infection in Dog/Image_11.jpg,7,7,Dog - Eye Infection,image_family_3c03d13220848b167446b923,retain,readable; no cleaning exclusion,,,split_group_3c03d13220848b167446b923
Dogs/Eye Infection in Dog/Image_12.jpg,7,7,Dog - Eye Infection,image_family_80563abc64fd78010b1bfe7d,retain,readable; no cleaning exclusion,,,split_group_80563abc64fd78010b1bfe7d
Dogs/Eye Infection in Dog/Image_14.jpg,7,7,Dog - Eye Infection,image_family_b1fa8cf0ca266d119d96d9c2,retain,readable; no cleaning exclusion,,,split_group_03538dc2b83b04d3daaf4d95
Dogs/Eye Infection in Dog/Image_15.jpg,7,7,Dog - Eye Infection,image_family_954158fe9b061c93b672030e,retain,readable; no cleaning exclusion,,,split_group_954158fe9b061c93b672030e
Dogs/Eye Infection in Dog/Image_16.png,7,7,Dog - Eye Infection,image_family_18ef32cfb368577ecc84efff,retain,readable; no cleaning exclusion,,,split_group_18ef32cfb368577ecc84efff
Dogs/Eye Infection in Dog/Image_17.jpg,7,7,Dog - Eye Infection,image_family_563bf6d0234afb9e20d40e40,retain,readable; no cleaning exclusion,,,split_group_563bf6d0234afb9e20d40e40
Dogs/Eye Infection in Dog/Image_18.png,7,7,Dog - Eye Infection,image_family_80bfc4683b7909b1128b92bd,retain,readable; no cleaning exclusion,,,split_group_80bfc4683b7909b1128b92bd
Dogs/Eye Infection in Dog/Image_19.jpg,7,7,Dog - Eye Infection,image_family_0ad9d6413b308f0d74d97e5a,retain,readable; no cleaning exclusion,,,split_group_0ad9d6413b308f0d74d97e5a
Dogs/Eye Infection in Dog/Image_2.jpg,7,7,Dog - Eye Infection,image_family_6ea91da8532e3854baedb5e5,retain,readable; no cleaning exclusion,,,split_group_6ea91da8532e3854baedb5e5
Dogs/Eye Infection in Dog/Image_23.jpg,7,7,Dog - Eye Infection,image_family_17ef441fd933049ec58c8dc6,retain,readable; no cleaning exclusion,,,split_group_17ef441fd933049ec58c8dc6
Dogs/Eye Infection in Dog/Image_24.jpeg,7,7,Dog - Eye Infection,image_family_1d39d8a063b6d924d69c5eff,retain,readable; no cleaning exclusion,,,split_group_1d39d8a063b6d924d69c5eff
Dogs/Eye Infection in Dog/Image_25.jpg,7,7,Dog - Eye Infection,image_family_c7133d18676d5caeb2088088,retain,readable; no cleaning exclusion,,,split_group_c7133d18676d5caeb2088088
Dogs/Eye Infection in Dog/Image_26.jpg,7,7,Dog - Eye Infection,image_family_498b1aa6c72f2306c9083a6f,retain,readable; no cleaning exclusion,,,split_group_498b1aa6c72f2306c9083a6f
Dogs/Eye Infection in Dog/Image_27.jpg,7,7,Dog - Eye Infection,image_family_4a5dfa478baf22f06e490267,retain,readable; no cleaning exclusion,,,split_group_4a5dfa478baf22f06e490267
Dogs/Eye Infection in Dog/Image_28.jpg,7,7,Dog - Eye Infection,image_family_c3923ba5b06c61bde1c2dc9b,retain,readable; no cleaning exclusion,,,split_group_c3923ba5b06c61bde1c2dc9b
Dogs/Eye Infection in Dog/Image_29.jpg,7,7,Dog - Eye Infection,image_family_701b84c464c1f2f5d6af5132,retain,readable; no cleaning exclusion,,,split_group_701b84c464c1f2f5d6af5132
Dogs/Eye Infection in Dog/Image_3.jpg,7,7,Dog - Eye Infection,image_family_976cf2e4b7a39e0629f8c32e,retain,readable; no cleaning exclusion,,,split_group_976cf2e4b7a39e0629f8c32e
Dogs/Eye Infection in Dog/Image_30.jpg,7,7,Dog - Eye Infection,image_family_2b1adbc1b9fef4c84f292dd3,retain,readable; no cleaning exclusion,,,split_group_2b1adbc1b9fef4c84f292dd3
Dogs/Eye Infection in Dog/Image_30.png,7,7,Dog - Eye Infection,image_family_6061bae5f71dab066f82591c,retain,readable; no cleaning exclusion,,,split_group_6061bae5f71dab066f82591c
Dogs/Eye Infection in Dog/Image_31.jpg,7,7,Dog - Eye Infection,image_family_b8327d612f19a7d4f7391f54,retain,readable; no cleaning exclusion,,,split_group_b8327d612f19a7d4f7391f54
Dogs/Eye Infection in Dog/Image_33.jpg,7,7,Dog - Eye Infection,image_family_8712e7658d1746b9835d1a64,retain,readable; no cleaning exclusion,,,split_group_8712e7658d1746b9835d1a64
Dogs/Eye Infection in Dog/Image_33.png,7,7,Dog - Eye Infection,image_family_80bfc4683b7909b1128b92bd,exclude_same_class_exact_duplicate,same-class exact RGB duplicate; retained representative Dogs/Eye Infection in Dog/Image_18.png,,,split_group_80bfc4683b7909b1128b92bd
Dogs/Eye Infection in Dog/Image_35.jpg,7,7,Dog - Eye Infection,image_family_b71b73dbf1115dd975083f3d,retain,readable; no cleaning exclusion,,,split_group_b71b73dbf1115dd975083f3d
Dogs/Eye Infection in Dog/Image_36.jpg,7,7,Dog - Eye Infection,image_family_b1ed77f1bb008333094023c5,retain,readable; no cleaning exclusion,,,split_group_b1ed77f1bb008333094023c5
Dogs/Eye Infection in Dog/Image_37.jpg,7,7,Dog - Eye Infection,image_family_8e2469a0bb3194ccd20815af,retain,readable; no cleaning exclusion,,,split_group_8e2469a0bb3194ccd20815af
Dogs/Eye Infection in Dog/Image_38.jpg,7,7,Dog - Eye Infection,image_family_406a5c93570851533cc89832,retain,readable; no cleaning exclusion,,,split_group_406a5c93570851533cc89832
Dogs/Eye Infection in Dog/Image_39.jpg,7,7,Dog - Eye Infection,image_family_26dd22f07b9e80e90ea86bde,retain,readable; no cleaning exclusion,,,split_group_26dd22f07b9e80e90ea86bde
Dogs/Eye Infection in Dog/Image_4.jpg,7,7,Dog - Eye Infection,image_family_b1180b7e1c054ae47d0f1283,retain,readable; no cleaning exclusion,,,split_group_81fc7a9d5b0759667b9a5a69
Dogs/Eye Infection in Dog/Image_42.jpg,7,7,Dog - Eye Infection,image_family_7942410989c9664ddfac52f3,retain,readable; no cleaning exclusion,,,split_group_7942410989c9664ddfac52f3
Dogs/Eye Infection in Dog/Image_43.jpg,7,7,Dog - Eye Infection,image_family_e183ca354e4d94c5671d3009,retain,readable; no cleaning exclusion,,,split_group_e183ca354e4d94c5671d3009
Dogs/Eye Infection in Dog/Image_44.jpg,7,7,Dog - Eye Infection,image_family_7ddf67b1609b2cad72431cb2,retain,readable; no cleaning exclusion,,,split_group_81fc7a9d5b0759667b9a5a69
Dogs/Eye Infection in Dog/Image_47.jpg,7,7,Dog - Eye Infection,image_family_da32aa752c334f11602bfce3,retain,readable; no cleaning exclusion,,,split_group_da32aa752c334f11602bfce3
Dogs/Eye Infection in Dog/Image_48.jpg,7,7,Dog - Eye Infection,image_family_e5650b374afff95199970669,retain,readable; no cleaning exclusion,,,split_group_e5650b374afff95199970669
Dogs/Eye Infection in Dog/Image_49.jpg,7,7,Dog - Eye Infection,image_family_7e9713a9ecee86e099024394,retain,readable; no cleaning exclusion,,,split_group_7e9713a9ecee86e099024394
Dogs/Eye Infection in Dog/Image_5.jpg,7,7,Dog - Eye Infection,image_family_5d5a02f2b482366ecfe5802a,retain,readable; no cleaning exclusion,,,split_group_5d5a02f2b482366ecfe5802a
Dogs/Eye Infection in Dog/Image_50.jpg,7,7,Dog - Eye Infection,image_family_9fe0f1d8a6d84d5d5c18fee3,retain,readable; no cleaning exclusion,,,split_group_9fe0f1d8a6d84d5d5c18fee3
Dogs/Eye Infection in Dog/Image_51.jpg,7,7,Dog - Eye Infection,image_family_4199f199a5838a7725843d44,retain,readable; no cleaning exclusion,,,split_group_4199f199a5838a7725843d44
Dogs/Eye Infection in Dog/Image_52.jpg,7,7,Dog - Eye Infection,image_family_4434508bedc774fda0e722e7,retain,readable; no cleaning exclusion,,,split_group_6e98105424237c0f84558f7f
Dogs/Eye Infection in Dog/Image_53.jpg,7,7,Dog - Eye Infection,image_family_2d16b885a0b2a9c8206cd909,retain,readable; no cleaning exclusion,,,split_group_2d16b885a0b2a9c8206cd909
Dogs/Eye Infection in Dog/Image_55.jpg,7,7,Dog - Eye Infection,image_family_cc891f4b9e1c115cf4835976,retain,readable; no cleaning exclusion,,,split_group_03538dc2b83b04d3daaf4d95
Dogs/Eye Infection in Dog/Image_59.jpg,7,7,Dog - Eye Infection,image_family_5a0ce0e8fb1973f2e4390eff,retain,readable; no cleaning exclusion,,,split_group_5a0ce0e8fb1973f2e4390eff
Dogs/Eye Infection in Dog/Image_68.jpg,7,7,Dog - Eye Infection,image_family_9bb849546c37332f8b308438,retain,readable; no cleaning exclusion,,,split_group_9bb849546c37332f8b308438
Dogs/Eye Infection in Dog/Image_7.jpg,7,7,Dog - Eye Infection,image_family_ac594d7ec20d53160b16c879,retain,readable; no cleaning exclusion,,,split_group_ac594d7ec20d53160b16c879
Dogs/Eye Infection in Dog/Image_73.jpg,7,7,Dog - Eye Infection,image_family_072101441ec4f9e44d262911,retain,readable; no cleaning exclusion,,,split_group_072101441ec4f9e44d262911
Dogs/Eye Infection in Dog/Image_74.jpg,7,7,Dog - Eye Infection,image_family_5f42d581533ddefe8cb83f1d,retain,readable; no cleaning exclusion,,,split_group_5f42d581533ddefe8cb83f1d
Dogs/Eye Infection in Dog/Image_75.png,7,7,Dog - Eye Infection,image_family_65d6536772ecab68304dac91,retain,readable; no cleaning exclusion,,,split_group_65d6536772ecab68304dac91
Dogs/Eye Infection in Dog/Image_76.jpg,7,7,Dog - Eye Infection,image_family_4736d960eef83f2aacf2b04f,retain,readable; no cleaning exclusion,,,split_group_4736d960eef83f2aacf2b04f
Dogs/Eye Infection in Dog/Image_8.jpg,7,7,Dog - Eye Infection,image_family_adc1ff9e40ac7c8f34dfcfc9,retain,readable; no cleaning exclusion,,,split_group_adc1ff9e40ac7c8f34dfcfc9
Dogs/Eye Infection in Dog/Image_84.jpg,7,7,Dog - Eye Infection,image_family_bf6e0ed0f767a4acee61f193,retain,readable; no cleaning exclusion,,,split_group_bf6e0ed0f767a4acee61f193
Dogs/Eye Infection in Dog/Image_89.jpeg,7,7,Dog - Eye Infection,image_family_352e1688b5692497ce1b1a8c,retain,readable; no cleaning exclusion,,,split_group_352e1688b5692497ce1b1a8c
Dogs/Eye Infection in Dog/Image_9.jpg,7,7,Dog - Eye Infection,image_family_5cd472b8f5acbc468e31f58e,retain,readable; no cleaning exclusion,,,split_group_5cd472b8f5acbc468e31f58e
Dogs/Eye Infection in Dog/Image_96.jpg,7,7,Dog - Eye Infection,image_family_5013bc0d3b40d2ef44bbafba,retain,readable; no cleaning exclusion,,,split_group_5013bc0d3b40d2ef44bbafba
Dogs/Eye Infection in Dog/Image_98.webp,7,7,Dog - Eye Infection,image_family_db889d2510bb17ab9f042d7d,retain,readable; no cleaning exclusion,,,split_group_db889d2510bb17ab9f042d7d
Dogs/Eye Infection in Dog/cataracts_003_jpg.rf.8LWj58y4aFlPb6je1L7M.jpg,7,7,Dog - Eye Infection,image_family_98c89b4b75a050c363404421,retain,readable; no cleaning exclusion,,,split_group_98c89b4b75a050c363404421
Dogs/Eye Infection in Dog/cataracts_004_webp.rf.L5i3EqNMaNSVZBEXf22Q.webp,7,7,Dog - Eye Infection,image_family_c7ddce0c0796d4838d7a0bd3,quarantine_exact_label_conflict,identical EXIF-oriented RGB pixels occur under conflicting class labels; human label resolution required,,,split_group_c7ddce0c0796d4838d7a0bd3
Dogs/Eye Infection in Dog/cataracts_005_webp.rf.mojZJKkck0iwMAottCDq.webp,7,7,Dog - Eye Infection,image_family_0605b745b47fc442d73741bb,retain,readable; no cleaning exclusion,,,split_group_0605b745b47fc442d73741bb
Dogs/Eye Infection in Dog/cataracts_006_webp.rf.vyh5agN25OOZSFfMZDec.webp,7,7,Dog - Eye Infection,image_family_5f8bf51a9b2e8971a39eaada,retain,readable; no cleaning exclusion,,,split_group_5f8bf51a9b2e8971a39eaada
Dogs/Eye Infection in Dog/cataracts_023_webp.rf.ScH33GX1tWAJ4a6BbT1L.webp,7,7,Dog - Eye Infection,image_family_150389dbab8c50af3b9f7a18,retain,readable; no cleaning exclusion,,,split_group_150389dbab8c50af3b9f7a18
Dogs/Eye Infection in Dog/cataracts_024_jpg.rf.BT5UxIBMLewqZziUgN8E.jpg,7,7,Dog - Eye Infection,image_family_0098357703ccbeaa714178be,retain,readable; no cleaning exclusion,,,split_group_0098357703ccbeaa714178be
Dogs/Eye Infection in Dog/cataracts_025_jpg.rf.Ucp5pHwlopcYK2KPUjzD.jpg,7,7,Dog - Eye Infection,image_family_fd89bd081d2b6da352502bd2,retain,readable; no cleaning exclusion,,,split_group_fd89bd081d2b6da352502bd2
Dogs/Eye Infection in Dog/cataracts_026_webp.rf.NnRokbVmxPXL5S5dmfM7.webp,7,7,Dog - Eye Infection,image_family_191a2e747de2528629ea5b09,retain,readable; no cleaning exclusion,,,split_group_191a2e747de2528629ea5b09
Dogs/Eye Infection in Dog/cataracts_027_webp.rf.9WFUA9IUVgc8K3m3VcGI.webp,7,7,Dog - Eye Infection,image_family_4bbf8a310e0414b9e3e391ce,quarantine_exact_label_conflict,identical EXIF-oriented RGB pixels occur under conflicting class labels; human label resolution required,,,split_group_4bbf8a310e0414b9e3e391ce
Dogs/Eye Infection in Dog/cataracts_028_webp.rf.pqdoUEURz8QYqHruSzec.webp,7,7,Dog - Eye Infection,image_family_fdbfa62ff88ee4cc2dc36d8f,retain,readable; no cleaning exclusion,,,split_group_fdbfa62ff88ee4cc2dc36d8f
Dogs/Eye Infection in Dog/cataracts_030_jpg.rf.7e6p7mhtaC3LlgUQ2vcI.jpg,7,7,Dog - Eye Infection,image_family_3bb9ae7c57245b5ebcceb42c,retain,readable; no cleaning exclusion,,,split_group_b88145412a9e84e4e8cb0570
Dogs/Eye Infection in Dog/cataracts_032_webp.rf.to1uJFYftJVnJWsaTgDP.webp,7,7,Dog - Eye Infection,image_family_a8c3f23da514289074204c79,retain,readable; no cleaning exclusion,,,split_group_a8c3f23da514289074204c79
Dogs/Eye Infection in Dog/cataracts_033_webp.rf.ywmCFOgsE1CCBvhqYtbv.webp,7,7,Dog - Eye Infection,image_family_44e2a468009d9407b5974378,retain,readable; no cleaning exclusion,,,split_group_44e2a468009d9407b5974378
Dogs/Eye Infection in Dog/cataracts_034_webp.rf.R5VD7hDSOPrAKyYJrYnV.webp,7,7,Dog - Eye Infection,image_family_841f414fe235a6bb44b2a071,retain,readable; no cleaning exclusion,,,split_group_841f414fe235a6bb44b2a071
Dogs/Eye Infection in Dog/cataracts_036_webp.rf.q9B2MoAnB8jbGZvUrIiD.webp,7,7,Dog - Eye Infection,image_family_87f9fe875c87e0aba43d8662,quarantine_exact_label_conflict,identical EXIF-oriented RGB pixels occur under conflicting class labels; human label resolution required,,,split_group_87f9fe875c87e0aba43d8662
Dogs/Eye Infection in Dog/cataracts_037_webp.rf.TJBQhr4NWfMFncfzSTrs.webp,7,7,Dog - Eye Infection,image_family_6c0ce6904a0adeba660c1448,retain,readable; no cleaning exclusion,,,split_group_6c0ce6904a0adeba660c1448
Dogs/Eye Infection in Dog/cataracts_040_webp.rf.g6XDn5VinssvhwBSs0fi.webp,7,7,Dog - Eye Infection,image_family_c04ac900cef87ad682c9c5c8,retain,readable; no cleaning exclusion,,,split_group_b88145412a9e84e4e8cb0570
Dogs/Eye Infection in Dog/cataracts_041_jpg.rf.0bmIt0V0BaoD9R0ey35H.jpg,7,7,Dog - Eye Infection,image_family_8e161fe3157940551c3aea00,retain,readable; no cleaning exclusion,,,split_group_8e161fe3157940551c3aea00
Dogs/Eye Infection in Dog/cataracts_042_webp.rf.7CssFgjbmfH3bDm3Fl1I.webp,7,7,Dog - Eye Infection,image_family_22d50033f4fb1c69e5939e60,quarantine_exact_label_conflict,identical EXIF-oriented RGB pixels occur under conflicting class labels; human label resolution required,,,split_group_22d50033f4fb1c69e5939e60
Dogs/Eye Infection in Dog/cataracts_044_webp.rf.zgaQkfDYSCr70L10vc4C.webp,7,7,Dog - Eye Infection,image_family_73cb8ae543b4a92590ce94ca,retain,readable; no cleaning exclusion,,,split_group_73cb8ae543b4a92590ce94ca
Dogs/Eye Infection in Dog/cataracts_045_jpg.rf.ycxjjA0obdTlwNpi8wUc.jpg,7,7,Dog - Eye Infection,image_family_992d9d27f303f7701d514558,retain,readable; no cleaning exclusion,,,split_group_992d9d27f303f7701d514558
Dogs/Eye Infection in Dog/cataracts_046_webp.rf.0OAkERYGTccmu3H93VXc.webp,7,7,Dog - Eye Infection,image_family_01c9e8f147c2d04a49ec70c2,retain,readable; no cleaning exclusion,,,split_group_01c9e8f147c2d04a49ec70c2
Dogs/Eye Infection in Dog/cataracts_047_webp.rf.ZHhxY1GTUWuOqQczUmnu.webp,7,7,Dog - Eye Infection,image_family_a8e8bbdbad021145a78f604f,retain,readable; no cleaning exclusion,,,split_group_a8e8bbdbad021145a78f604f
Dogs/Eye Infection in Dog/cataracts_048_jpg.rf.SNX2FCy1D54wfGSzfT9a.jpg,7,7,Dog - Eye Infection,image_family_55bbc3f7e70e8dbf60b1259b,retain,readable; no cleaning exclusion,,,split_group_55bbc3f7e70e8dbf60b1259b
Dogs/Eye Infection in Dog/cataracts_049_jpg.rf.wWZ8s32Sk53PU50viNj5.jpg,7,7,Dog - Eye Infection,image_family_0b627e8d9bad2d3f20057293,quarantine_exact_label_conflict,identical EXIF-oriented RGB pixels occur under conflicting class labels; human label resolution required,,,split_group_0b627e8d9bad2d3f20057293
Dogs/Eye Infection in Dog/conjunctivitis_009_webp.rf.wHypVCuOw7WwyQUWc0hD.webp,7,7,Dog - Eye Infection,image_family_b98724e0254cd7400e2e6837,quarantine_exact_label_conflict,identical EXIF-oriented RGB pixels occur under conflicting class labels; human label resolution required,,,split_group_2bec92201ebf51fd7358dced
Dogs/Eye Infection in Dog/conjunctivitis_068_png.rf.YTcy09krVOUmO6Uuc51G.png,7,7,Dog - Eye Infection,image_family_2a41c730f6c2ec886c42f9da,retain,readable; no cleaning exclusion,,,split_group_2a41c730f6c2ec886c42f9da
Dogs/Eye Infection in Dog/conjunctivitis_069_webp.rf.ZEjI36R8WklT2t7lDVub.webp,7,7,Dog - Eye Infection,image_family_cee7b161279abcbd286885a2,retain,readable; no cleaning exclusion,,,split_group_1de42b99ba4803ffab0758d1
Dogs/Eye Infection in Dog/conjunctivitis_070_jpg.rf.0ICDQboNOv0h6IIDRGdX.jpg,7,7,Dog - Eye Infection,image_family_3489113895c167d76d9add5d,quarantine_exact_label_conflict,identical EXIF-oriented RGB pixels occur under conflicting class labels; human label resolution required,,,split_group_c432d9e51e209a31c824e1fd
Dogs/Eye Infection in Dog/conjunctivitis_071_jpg.rf.O96A9x1GBZsaY6PiRKD0.jpg,7,7,Dog - Eye Infection,image_family_ad71f271a56d56f00e4c985f,retain,readable; no cleaning exclusion,,,split_group_ad71f271a56d56f00e4c985f
Dogs/Eye Infection in Dog/conjunctivitis_072_webp.rf.DywI8iJ2LTM4GVcvFBb3.webp,7,7,Dog - Eye Infection,image_family_ced3308f9a2e9086c134aa08,retain,readable; no cleaning exclusion,,,split_group_ced3308f9a2e9086c134aa08
Dogs/Eye Infection in Dog/conjunctivitis_073_webp.rf.sLnu4KzylMzX1NTGxhga.webp,7,7,Dog - Eye Infection,image_family_c45ee662e1f2f2fec3bab286,retain,readable; no cleaning exclusion,,,split_group_c45ee662e1f2f2fec3bab286
Dogs/Eye Infection in Dog/conjunctivitis_074_webp.rf.f5WCNe6GkksALeT1g7jI.webp,7,7,Dog - Eye Infection,image_family_115cd3ec786b45f718751800,quarantine_exact_label_conflict,identical EXIF-oriented RGB pixels occur under conflicting class labels; human label resolution required,,,split_group_c2b5a00f8dbe6a89a2f387bc
Dogs/Eye Infection in Dog/conjunctivitis_077_webp.rf.SyshEiNgz28ArQ6DdW40.webp,7,7,Dog - Eye Infection,image_family_96209e207ee309e22db390ed,retain,readable; no cleaning exclusion,,,split_group_96209e207ee309e22db390ed
Dogs/Eye Infection in Dog/conjunctivitis_078_webp.rf.hfvoKWaljryUtlE8pX5g.webp,7,7,Dog - Eye Infection,image_family_e0649f9f9253b2971e18ccaa,retain,readable; no cleaning exclusion,,,split_group_e0649f9f9253b2971e18ccaa
Dogs/Eye Infection in Dog/conjunctivitis_079_webp.rf.xeHKqnQtI3iqNT9YihjC.webp,7,7,Dog - Eye Infection,image_family_1980e8e58e7d344f9ed6a9ae,retain,readable; no cleaning exclusion,,,split_group_1980e8e58e7d344f9ed6a9ae
Dogs/Eye Infection in Dog/conjunctivitis_080_webp.rf.SRtqdLZ6dnAGs2vk3nMU.webp,7,7,Dog - Eye Infection,image_family_ef594eb23323e15b9e7822ce,retain,readable; no cleaning exclusion,,,split_group_ef594eb23323e15b9e7822ce
Dogs/Eye Infection in Dog/conjunctivitis_081_webp.rf.5ZZMejnjWIH4bEjlXJ1r.webp,7,7,Dog - Eye Infection,image_family_8a9de18483c9d4088b1cd3d7,retain,readable; no cleaning exclusion,,,split_group_8a9de18483c9d4088b1cd3d7
Dogs/Eye Infection in Dog/conjunctivitis_083_webp.rf.vKlFwwzS9mzUHpZfGJsI.webp,7,7,Dog - Eye Infection,image_family_9286d28a3df19ee9a3b41e01,retain,readable; no cleaning exclusion,,,split_group_9286d28a3df19ee9a3b41e01
Dogs/Eye Infection in Dog/conjunctivitis_084_webp.rf.7q7UnkD3GluOnqwBQuUr.webp,7,7,Dog - Eye Infection,image_family_75dba3c486636436344fc8e5,retain,readable; no cleaning exclusion,,,split_group_75dba3c486636436344fc8e5
Dogs/Eye Infection in Dog/conjunctivitis_085_jpg.rf.Z3mwWRYNWVVdUhGyiUzE.jpg,7,7,Dog - Eye Infection,image_family_cdb6050b067c4592d1a9811e,retain,readable; no cleaning exclusion,,,split_group_cdb6050b067c4592d1a9811e
Dogs/Eye Infection in Dog/conjunctivitis_088_jpg.rf.iPXLvcMgVmR7eOQTE0IN.jpg,7,7,Dog - Eye Infection,image_family_1f9b3e584b775365e8374c97,retain,readable; no cleaning exclusion,,,split_group_1f9b3e584b775365e8374c97
Dogs/Eye Infection in Dog/conjunctivitis_089_jpg.rf.SkfdcqXtyrGLulg6TSSt.jpg,7,7,Dog - Eye Infection,image_family_b93c46140c27cc5e4f179710,retain,readable; no cleaning exclusion,,,split_group_b93c46140c27cc5e4f179710
Dogs/Eye Infection in Dog/conjunctivitis_090_jpg.rf.3IYx8oLBAx5jaf4cOpqw.jpg,7,7,Dog - Eye Infection,image_family_13dbf818aa0c697ff4278a37,retain,readable; no cleaning exclusion,,,split_group_13dbf818aa0c697ff4278a37
Dogs/Eye Infection in Dog/conjunctivitis_091_jpg.rf.C1fvzmyorHEiihx6rrdY.jpg,7,7,Dog - Eye Infection,image_family_419b7ec22e0fe69a3f266e01,retain,readable; no cleaning exclusion,,,split_group_419b7ec22e0fe69a3f266e01
Dogs/Eye Infection in Dog/conjunctivitis_092_jpg.rf.6ubYkVvntiTXWk05EYN8.jpg,7,7,Dog - Eye Infection,image_family_5ff7fddbcda0f7c5599f7b13,retain,readable; no cleaning exclusion,,,split_group_5ff7fddbcda0f7c5599f7b13
Dogs/Eye Infection in Dog/conjunctivitis_093_jpg.rf.CmRsNUleeaolbmIWCo4Z.jpg,7,7,Dog - Eye Infection,image_family_e31a43595cafd739d4815ccf,retain,readable; no cleaning exclusion,,,split_group_e31a43595cafd739d4815ccf
Dogs/Eye Infection in Dog/conjunctivitis_095_jpg.rf.vo2s5mxepXGLRqbfFuJX.jpg,7,7,Dog - Eye Infection,image_family_c2fbb74a71b92abbe5e08f66,retain,readable; no cleaning exclusion,,,split_group_c2fbb74a71b92abbe5e08f66
Dogs/Eye Infection in Dog/conjunctivitis_096_jpg.rf.UdJYExpFOqyobrmzKH7V.jpg,7,7,Dog - Eye Infection,image_family_5a988529c7bc838fca5b0de1,retain,readable; no cleaning exclusion,,,split_group_5a988529c7bc838fca5b0de1
Dogs/Eye Infection in Dog/conjunctivitis_097_jpg.rf.YM4ThXA6SRB8oaxeoGmn.jpg,7,7,Dog - Eye Infection,image_family_71b7ec216e54d33a2b0c6d43,retain,readable; no cleaning exclusion,,,split_group_71b7ec216e54d33a2b0c6d43
Dogs/Eye Infection in Dog/conjunctivitis_098_jpg.rf.XmTeuTpyBwdyhrhsuQeE.jpg,7,7,Dog - Eye Infection,image_family_d0d8e4de2c19ae05a748810b,retain,readable; no cleaning exclusion,,,split_group_d0d8e4de2c19ae05a748810b
Dogs/Eye Infection in Dog/conjunctivitis_099_jpg.rf.v7FaatwwhPuWNmp4ecDK.jpg,7,7,Dog - Eye Infection,image_family_eef975c3d4bf1c6c7c57ffcd,retain,readable; no cleaning exclusion,,,split_group_17e37eb782da08b5e6db6e8a
Dogs/Eye Infection in Dog/conjunctivitis_100_jpg.rf.aWe6lIKTMbR4AyxyUfx3.jpg,7,7,Dog - Eye Infection,image_family_7ad5466e063ea6269e0e4ccb,quarantine_exact_label_conflict,identical EXIF-oriented RGB pixels occur under conflicting class labels; human label resolution required,,,split_group_7ad5466e063ea6269e0e4ccb
Dogs/Eye Infection in Dog/cornealulcer_001_jpg.rf.bG6LVpU9f1mc7vzqvHev.jpg,7,7,Dog - Eye Infection,image_family_b76642c06cb5e9f29b9ea30f,quarantine_exact_label_conflict,identical EXIF-oriented RGB pixels occur under conflicting class labels; human label resolution required,,,split_group_b76642c06cb5e9f29b9ea30f
Dogs/Eye Infection in Dog/cornealulcer_002_webp.rf.sH2U4PMzjgNjbBUd12XJ.webp,7,7,Dog - Eye Infection,image_family_993a64ce539ca547e61235de,retain,readable; no cleaning exclusion,,,split_group_993a64ce539ca547e61235de
Dogs/Eye Infection in Dog/cornealulcer_003_jpg.rf.TPB6Fd0xFJAtLR0ISKN0.jpg,7,7,Dog - Eye Infection,image_family_9bb849546c37332f8b308438,exclude_same_class_exact_duplicate,same-class exact RGB duplicate; retained representative Dogs/Eye Infection in Dog/Image_68.jpg,,,split_group_9bb849546c37332f8b308438
Dogs/Eye Infection in Dog/cornealulcer_004_webp.rf.rQbfxSrkMFSlZYjx7TvA.webp,7,7,Dog - Eye Infection,image_family_c374e6213659fb5e37d693c0,retain,readable; no cleaning exclusion,,,split_group_c374e6213659fb5e37d693c0
Dogs/Eye Infection in Dog/cornealulcer_005_jpg.rf.z9Au5j3xbi5r5YSByw8c.jpg,7,7,Dog - Eye Infection,image_family_1ec5ebbdf129dbc09716a34d,retain,readable; no cleaning exclusion,,,split_group_1ec5ebbdf129dbc09716a34d
Dogs/Eye Infection in Dog/cornealulcer_006_jpg.rf.CZBihFFjzvGEHlFmARAQ.jpg,7,7,Dog - Eye Infection,image_family_95cd6e571213bdc30298bde8,retain,readable; no cleaning exclusion,,,split_group_95cd6e571213bdc30298bde8
Dogs/Eye Infection in Dog/cornealulcer_007_jpg.rf.5JCpC5DXld4knz2iStbt.jpg,7,7,Dog - Eye Infection,image_family_ecdb77e166db0e7ae1da1ffc,retain,readable; no cleaning exclusion,,,split_group_1b8e69c00990c2613ea19f12
Dogs/Eye Infection in Dog/cornealulcer_008_jpg.rf.C3xzjsYzrjUdrco94F34.jpg,7,7,Dog - Eye Infection,image_family_3a3262db044767eba7834ac5,quarantine_exact_label_conflict,identical EXIF-oriented RGB pixels occur under conflicting class labels; human label resolution required,,,split_group_3a3262db044767eba7834ac5
Dogs/Eye Infection in Dog/cornealulcer_009_jpg.rf.C2k9o3WsonYFwnK3RnKv.jpg,7,7,Dog - Eye Infection,image_family_714faf6db777e7cb90ee3dd8,retain,readable; no cleaning exclusion,,,split_group_714faf6db777e7cb90ee3dd8
Dogs/Eye Infection in Dog/cornealulcer_010_png.rf.FcJpieRkLppdgSt8zPWU.png,7,7,Dog - Eye Infection,image_family_8ca973d6a7e0d657be16d2d5,retain,readable; no cleaning exclusion,,,split_group_8ca973d6a7e0d657be16d2d5
Dogs/Eye Infection in Dog/cornealulcer_011_jpg.rf.iUmcCIRnZI0vtTYgRm8S.jpg,7,7,Dog - Eye Infection,image_family_59ee49053a8540978c1ed6f7,retain,readable; no cleaning exclusion,,,split_group_59ee49053a8540978c1ed6f7
Dogs/Eye Infection in Dog/cornealulcer_012_webp.rf.WK7X9yzsSFfGL8u0epwW.webp,7,7,Dog - Eye Infection,image_family_983bd60e385fa1e5b1c0cb4e,quarantine_exact_label_conflict,identical EXIF-oriented RGB pixels occur under conflicting class labels; human label resolution required,,,split_group_983bd60e385fa1e5b1c0cb4e
Dogs/Eye Infection in Dog/cornealulcer_013_jpg.rf.7KZP9iWcaWwsLG78tBlt.jpg,7,7,Dog - Eye Infection,image_family_a0a37c463fe57209bf249307,quarantine_exact_label_conflict,identical EXIF-oriented RGB pixels occur under conflicting class labels; human label resolution required,,,split_group_a0a37c463fe57209bf249307
Dogs/Eye Infection in Dog/cornealulcer_014_webp.rf.b2T8dyHC99HHsMsplN6E.webp,7,7,Dog - Eye Infection,image_family_46531ff5a8c8f50e0736d338,quarantine_exact_label_conflict,identical EXIF-oriented RGB pixels occur under conflicting class labels; human label resolution required,,,split_group_46531ff5a8c8f50e0736d338
Dogs/Eye Infection in Dog/cornealulcer_015_webp.rf.4YcD2wIEtaxqIlkTPGp9.webp,7,7,Dog - Eye Infection,image_family_e335d4678fbb79accbf0f28b,quarantine_exact_label_conflict,identical EXIF-oriented RGB pixels occur under conflicting class labels; human label resolution required,,,split_group_e335d4678fbb79accbf0f28b
Dogs/Eye Infection in Dog/cornealulcer_016_webp.rf.jcoRaLaPdHTtk4wN35gN.webp,7,7,Dog - Eye Infection,image_family_6d019c8f5b52647f9f7452e2,retain,readable; no cleaning exclusion,,,split_group_6d019c8f5b52647f9f7452e2
Dogs/Eye Infection in Dog/cornealulcer_017_jpg.rf.GiryKVUq0phVjPNuYPvt.jpg,7,7,Dog - Eye Infection,image_family_00a706e30d68b8ca5e2ac489,retain,readable; no cleaning exclusion,,,split_group_1b8e69c00990c2613ea19f12
Dogs/Eye Infection in Dog/cornealulcer_018_webp.rf.DE2lCkesTU2ghAO4S6f6.webp,7,7,Dog - Eye Infection,image_family_5ea90d07943e2848fe2cf20c,retain,readable; no cleaning exclusion,,,split_group_5ea90d07943e2848fe2cf20c
Dogs/Eye Infection in Dog/cornealulcer_019_jpg.rf.O10CIM8YvlktjSndI33H.jpg,7,7,Dog - Eye Infection,image_family_ad75b4539ed90930b4fd9491,retain,readable; no cleaning exclusion,,,split_group_ad75b4539ed90930b4fd9491
Dogs/Eye Infection in Dog/cornealulcer_020_PNG.rf.HTzSY9RMmDvWTVICMb5r.PNG,7,7,Dog - Eye Infection,image_family_e82bc56c0fd30abbe828eb03,retain,readable; no cleaning exclusion,,,split_group_e82bc56c0fd30abbe828eb03
Dogs/Eye Infection in Dog/cornealulcer_021_PNG.rf.F5Q2RVdRCwLiJeRHdnDF.PNG,7,7,Dog - Eye Infection,image_family_bad774830d7ad456c078a93b,quarantine_exact_label_conflict,identical EXIF-oriented RGB pixels occur under conflicting class labels; human label resolution required,,,split_group_bad774830d7ad456c078a93b
Dogs/Eye Infection in Dog/cornealulcer_022_webp.rf.0W9IGU1umhlrrkMJmJ51.webp,7,7,Dog - Eye Infection,image_family_b7a5297c75098e0945eab351,retain,readable; no cleaning exclusion,,,split_group_b7a5297c75098e0945eab351
Dogs/Eye Infection in Dog/cornealulcer_023_webp.rf.qQf9nOts1rkFueXSuOhr.webp,7,7,Dog - Eye Infection,image_family_3977b636ece51cc58595ab0f,retain,readable; no cleaning exclusion,,,split_group_3977b636ece51cc58595ab0f
Dogs/Eye Infection in Dog/cornealulcer_024_webp.rf.hDgIKNbIZ3rNJHbDrV12.webp,7,7,Dog - Eye Infection,image_family_3869421192599f3fae704c58,retain,readable; no cleaning exclusion,,,split_group_3869421192599f3fae704c58
Dogs/Eye Infection in Dog/cornealulcer_025_png.rf.ohe0OvXPM7cgMF3e6DNB.png,7,7,Dog - Eye Infection,image_family_612bea1178eff47e57062466,quarantine_exact_label_conflict,identical EXIF-oriented RGB pixels occur under conflicting class labels; human label resolution required,,,split_group_612bea1178eff47e57062466
Dogs/Eye Infection in Dog/cornealulcer_029_jpg.rf.i6WAfT47VQklkmUMadZB.jpg,7,7,Dog - Eye Infection,image_family_edca549656f37a021589985a,retain,readable; no cleaning exclusion,,,split_group_edca549656f37a021589985a
Dogs/Eye Infection in Dog/cornealulcer_033_webp.rf.cRpww5CsPmGbxmVApUrm.webp,7,7,Dog - Eye Infection,image_family_b4c492c1699d44dd591e9d8e,retain,readable; no cleaning exclusion,,,split_group_c1ddb4631dbe0d770d8104b9
Dogs/Eye Infection in Dog/cornealulcer_034_webp.rf.M2Dcmdl1KL8t9VesataG.webp,7,7,Dog - Eye Infection,image_family_223c60be9d17ee9e996eaaeb,retain,readable; no cleaning exclusion,,,split_group_223c60be9d17ee9e996eaaeb
Dogs/Eye Infection in Dog/cornealulcer_035_webp.rf.7hHX3cG3ibaBz1n8LwRI.webp,7,7,Dog - Eye Infection,image_family_b8a7ca7743d06c4807d4e8ec,retain,readable; no cleaning exclusion,,,split_group_b8a7ca7743d06c4807d4e8ec
Dogs/Eye Infection in Dog/cornealulcer_036_jpg.rf.Dv9BXew6oEOJxLY1bVF0.jpg,7,7,Dog - Eye Infection,image_family_e1c0f45ad4aa2bd1c18164e2,retain,readable; no cleaning exclusion,,,split_group_e1c0f45ad4aa2bd1c18164e2
Dogs/Eye Infection in Dog/cornealulcer_038_webp.rf.U0Sei1FoDZtCkQ0G300J.webp,7,7,Dog - Eye Infection,image_family_ead0bc6032741ac83e928172,retain,readable; no cleaning exclusion,,,split_group_ead0bc6032741ac83e928172
Dogs/Eye Infection in Dog/cornealulcer_039_webp.rf.mDz73LPxOo30GY4kH38E.webp,7,7,Dog - Eye Infection,image_family_b029b1f9d4e1c860660aa02c,retain,readable; no cleaning exclusion,,,split_group_b029b1f9d4e1c860660aa02c
Dogs/Eye Infection in Dog/cornealulcer_040_webp.rf.zpFTbwUi13fZPZCWKUUm.webp,7,7,Dog - Eye Infection,image_family_440949662a7fc5aa2fcdcb61,retain,readable; no cleaning exclusion,,,split_group_440949662a7fc5aa2fcdcb61
Dogs/Eye Infection in Dog/cornealulcer_041_jpg.rf.wslqBuYXXUtFZk19Adfl.jpg,7,7,Dog - Eye Infection,image_family_93cdbd859d89cc659da349c4,retain,readable; no cleaning exclusion,,,split_group_c1ddb4631dbe0d770d8104b9
Dogs/Eye Infection in Dog/cornealulcer_043_webp.rf.rlaEPk8NV82sLKsQnb6l.webp,7,7,Dog - Eye Infection,image_family_67eaae2dfc467305c6080a40,quarantine_exact_label_conflict,identical EXIF-oriented RGB pixels occur under conflicting class labels; human label resolution required,,,split_group_67eaae2dfc467305c6080a40
Dogs/Eye Infection in Dog/cornealulcer_044_jpg.rf.kCLWsOzlPAiSVts84FiO.jpg,7,7,Dog - Eye Infection,image_family_5e12eaa1dcf7e22659c8c2bd,retain,readable; no cleaning exclusion,,,split_group_5e12eaa1dcf7e22659c8c2bd
Dogs/Eye Infection in Dog/cornealulcer_046_jpg.rf.8hrvZoFjO20dMttTElYq.jpg,7,7,Dog - Eye Infection,image_family_77d2bd4bf9bea77bad86a58b,retain,readable; no cleaning exclusion,,,split_group_77d2bd4bf9bea77bad86a58b
Dogs/Eye Infection in Dog/cornealulcer_047_webp.rf.SoipVm9KE67dMT1gu06S.webp,7,7,Dog - Eye Infection,image_family_df579b47cce7543e66434320,retain,readable; no cleaning exclusion,,,split_group_df579b47cce7543e66434320
Dogs/Eye Infection in Dog/cornealulcer_048_webp.rf.IeR4Vr9G0IgNRtioeos9.webp,7,7,Dog - Eye Infection,image_family_4ce33944e20d1ecad4ebf869,retain,readable; no cleaning exclusion,,,split_group_4ce33944e20d1ecad4ebf869
Dogs/Eye Infection in Dog/cornealulcer_049_jpg.rf.n9IXEi2tGFamgaKf8aJE.jpg,7,7,Dog - Eye Infection,image_family_27bc1d4ee6e9610803e73d66,retain,readable; no cleaning exclusion,,,split_group_27bc1d4ee6e9610803e73d66
Dogs/Eye Infection in Dog/glaucoma_001_webp.rf.xMWFGDWC4uwHOTuNDGaI.webp,7,7,Dog - Eye Infection,image_family_fa06860c67c82187d412bd9c,retain,readable; no cleaning exclusion,,,split_group_fa06860c67c82187d412bd9c
Dogs/Eye Infection in Dog/glaucoma_002_webp.rf.FbMX3k66UaY2mgpJ4S1v.webp,7,7,Dog - Eye Infection,image_family_e147efad1934cc5986bfe1e7,retain,readable; no cleaning exclusion,,,split_group_e147efad1934cc5986bfe1e7
Dogs/Eye Infection in Dog/glaucoma_003_jpg.rf.ivfSbP5fNWen2oznd3Gr.jpg,7,7,Dog - Eye Infection,image_family_b135a04d404ded666f90d6c6,retain,readable; no cleaning exclusion,,,split_group_b135a04d404ded666f90d6c6
Dogs/Eye Infection in Dog/glaucoma_004_jpeg.rf.jGsaY7ZCeVLuQYaBW5R8.jpeg,7,7,Dog - Eye Infection,image_family_3ac8cba51efcb017dd11b687,retain,readable; no cleaning exclusion,,,split_group_3ac8cba51efcb017dd11b687
Dogs/Eye Infection in Dog/glaucoma_005_webp.rf.ti5xiw786PfSCGFQgW5z.webp,7,7,Dog - Eye Infection,image_family_41d47f84fe8d93c2671cd0a2,retain,readable; no cleaning exclusion,,,split_group_41d47f84fe8d93c2671cd0a2
Dogs/Eye Infection in Dog/glaucoma_006_jpg.rf.9mB308u1bRRVdApe3N6D.jpg,7,7,Dog - Eye Infection,image_family_3f4add2ceaeca2f9acc3bdc4,retain,readable; no cleaning exclusion,,,split_group_3f4add2ceaeca2f9acc3bdc4
Dogs/Eye Infection in Dog/glaucoma_007_jpg.rf.35M5iIrmFaHoJGVgTP7L.jpg,7,7,Dog - Eye Infection,image_family_c4f411576e388e611231fe2a,quarantine_exact_label_conflict,identical EXIF-oriented RGB pixels occur under conflicting class labels; human label resolution required,,,split_group_c4f411576e388e611231fe2a
Dogs/Eye Infection in Dog/glaucoma_008_jpg.rf.YqZH2fRdaAVKsdf2gZcY.jpg,7,7,Dog - Eye Infection,image_family_947764c6a511ac33b8c6169b,retain,readable; no cleaning exclusion,,,split_group_947764c6a511ac33b8c6169b
Dogs/Eye Infection in Dog/glaucoma_010_jpg.rf.YLjBvSIDdBXZKVt4sh6c.jpg,7,7,Dog - Eye Infection,image_family_abb62ed8efb8efb645ed7aaa,retain,readable; no cleaning exclusion,,,split_group_abb62ed8efb8efb645ed7aaa
Dogs/Eye Infection in Dog/glaucoma_012_jpg.rf.pukXsfm9iJz966p7cz3Q.jpg,7,7,Dog - Eye Infection,image_family_4549bc5af2782de9b7dbf951,quarantine_exact_label_conflict,identical EXIF-oriented RGB pixels occur under conflicting class labels; human label resolution required,,,split_group_4549bc5af2782de9b7dbf951
Dogs/Eye Infection in Dog/glaucoma_013_jpg.rf.pCQJ88zqQDiwIjCVD9F8.jpg,7,7,Dog - Eye Infection,image_family_fe3b19d32aee02902cc22c41,quarantine_exact_label_conflict,identical EXIF-oriented RGB pixels occur under conflicting class labels; human label resolution required,,,split_group_fe3b19d32aee02902cc22c41
Dogs/Eye Infection in Dog/glaucoma_014_webp.rf.o0B78vFHDVHZgdst5X8B.webp,7,7,Dog - Eye Infection,image_family_20381e5c597507d533f83c69,retain,readable; no cleaning exclusion,,,split_group_20381e5c597507d533f83c69
Dogs/Eye Infection in Dog/glaucoma_015_webp.rf.BycZ41mIaIitnVIsBoVw.webp,7,7,Dog - Eye Infection,image_family_d5de8eacd84287b9d867c67b,retain,readable; no cleaning exclusion,,,split_group_d5de8eacd84287b9d867c67b
Dogs/Eye Infection in Dog/glaucoma_016_webp.rf.nn0KjAJKLr1JyaHOxcMG.webp,7,7,Dog - Eye Infection,image_family_80b26ac0515b7bcef0b9dc3f,retain,readable; no cleaning exclusion,,,split_group_80b26ac0515b7bcef0b9dc3f
Dogs/Eye Infection in Dog/glaucoma_017_webp.rf.5uLLKDxfF6paPZekBuHN.webp,7,7,Dog - Eye Infection,image_family_2a29c0f84e941e786ef8ab0f,quarantine_exact_label_conflict,identical EXIF-oriented RGB pixels occur under conflicting class labels; human label resolution required,,,split_group_2a29c0f84e941e786ef8ab0f
Dogs/Eye Infection in Dog/glaucoma_019_webp.rf.KyOMlAP5IssxwoXUkfnt.webp,7,7,Dog - Eye Infection,image_family_3daa2a9d7789b73ba4c6283d,retain,readable; no cleaning exclusion,,,split_group_3daa2a9d7789b73ba4c6283d
Dogs/Eye Infection in Dog/glaucoma_020_jpg.rf.8AVeCD1V4EDbuubWYFRE.jpg,7,7,Dog - Eye Infection,image_family_021954b7755a793989227f59,quarantine_exact_label_conflict,identical EXIF-oriented RGB pixels occur under conflicting class labels; human label resolution required,,,split_group_021954b7755a793989227f59
Dogs/Eye Infection in Dog/glaucoma_021_jpg.rf.rvnQNAGKs91D83FgSluy.jpg,7,7,Dog - Eye Infection,image_family_a47077489a3b373ca7f2c2ee,retain,readable; no cleaning exclusion,,,split_group_a47077489a3b373ca7f2c2ee
Dogs/Eye Infection in Dog/glaucoma_022_webp.rf.uHUbrYf6QnET3QBvAq9X.webp,7,7,Dog - Eye Infection,image_family_da044c99f17dec8bc4675d55,retain,readable; no cleaning exclusion,,,split_group_da044c99f17dec8bc4675d55
Dogs/Eye Infection in Dog/glaucoma_023_png.rf.4q6YTzwye0W8Loqy9mJt.png,7,7,Dog - Eye Infection,image_family_60cf5137d7a6831870c7a867,retain,readable; no cleaning exclusion,,,split_group_60cf5137d7a6831870c7a867
Dogs/Eye Infection in Dog/glaucoma_024_jpg.rf.T4wo45JmUpKFo1tx7L8d.jpg,7,7,Dog - Eye Infection,image_family_a0744800cf0fdd574d5095db,retain,readable; no cleaning exclusion,,,split_group_a0744800cf0fdd574d5095db
Dogs/Eye Infection in Dog/glaucoma_025_webp.rf.j535cl8ldoFDHoQgOy3U.webp,7,7,Dog - Eye Infection,image_family_f37ce4442e53b9ac1421d81d,retain,readable; no cleaning exclusion,,,split_group_f37ce4442e53b9ac1421d81d
Dogs/Eye Infection in Dog/uveitis_001_webp.rf.k0Ut1HjtwuQbvZQA0mr1.webp,7,7,Dog - Eye Infection,image_family_2bb7bc0cddaac7b98a3d1908,retain,readable; no cleaning exclusion,,,split_group_2bb7bc0cddaac7b98a3d1908
Dogs/Eye Infection in Dog/uveitis_002_jpg.rf.60FwhkFzPS6gQ5q7twdC.jpg,7,7,Dog - Eye Infection,image_family_81cad46a3fa9845d9c04bf4f,retain,readable; no cleaning exclusion,,,split_group_81cad46a3fa9845d9c04bf4f
Dogs/Eye Infection in Dog/uveitis_003_webp.rf.J1LDfd6RTslrLHwAVrbm.webp,7,7,Dog - Eye Infection,image_family_54a3833e9bd038c58bee633a,quarantine_exact_label_conflict,identical EXIF-oriented RGB pixels occur under conflicting class labels; human label resolution required,,,split_group_54a3833e9bd038c58bee633a
Dogs/Eye Infection in Dog/uveitis_004_jpg.rf.6YsG8gznX7lL32atDBEc.jpg,7,7,Dog - Eye Infection,image_family_57b6ff9f5fac0b0ed5978a2d,retain,readable; no cleaning exclusion,,,split_group_57b6ff9f5fac0b0ed5978a2d
Dogs/Eye Infection in Dog/uveitis_005_jpg.rf.3Pf8oZvSViLS9EKVpn7F.jpg,7,7,Dog - Eye Infection,image_family_a2db147cc3845a321775c867,retain,readable; no cleaning exclusion,,,split_group_a2db147cc3845a321775c867
Dogs/Eye Infection in Dog/uveitis_006_jpeg.rf.UveRaA96J8sBK31TNY3f.jpeg,7,7,Dog - Eye Infection,image_family_d1f610f7de3fc0e68a5c0f39,retain,readable; no cleaning exclusion,,,split_group_d1f610f7de3fc0e68a5c0f39
Dogs/Eye Infection in Dog/uveitis_007_webp.rf.c349FOf3XEmAbQKZPPpi.webp,7,7,Dog - Eye Infection,image_family_1ba020e438ac9d40b9d77928,retain,readable; no cleaning exclusion,,,split_group_1ba020e438ac9d40b9d77928
Dogs/Eye Infection in Dog/uveitis_008_webp.rf.iTailoSSUfyijDgClVML.webp,7,7,Dog - Eye Infection,image_family_445988875c19535b7069425d,retain,readable; no cleaning exclusion,,,split_group_445988875c19535b7069425d
Dogs/Eye Infection in Dog/uveitis_009_jpg.rf.xmurDBYqS7mlWGJ1OGv7.jpg,7,7,Dog - Eye Infection,image_family_cee794bd23559da7860cad9b,retain,readable; no cleaning exclusion,,,split_group_cee794bd23559da7860cad9b
Dogs/Eye Infection in Dog/uveitis_010_webp.rf.ZtbLI31DiPJZnemyhd5C.webp,7,7,Dog - Eye Infection,image_family_b64aa9306876cb67176c4d67,quarantine_exact_label_conflict,identical EXIF-oriented RGB pixels occur under conflicting class labels; human label resolution required,,,split_group_b64aa9306876cb67176c4d67
Dogs/Eye Infection in Dog/uveitis_011_webp.rf.uRrIp9z0wVamBU0oRTyS.webp,7,7,Dog - Eye Infection,image_family_b6656af58d957b37bd4c8651,quarantine_exact_label_conflict,identical EXIF-oriented RGB pixels occur under conflicting class labels; human label resolution required,,,split_group_7479e5765f28c97ff9ee5a60
Dogs/Eye Infection in Dog/uveitis_012_jpeg.rf.sGkjn1sgHXdBkYCeY7nW.jpeg,7,7,Dog - Eye Infection,image_family_2636a2838844119b06d7c8dd,retain,readable; no cleaning exclusion,,,split_group_2636a2838844119b06d7c8dd
Dogs/Eye Infection in Dog/uveitis_013_jpg.rf.vmHafMGhQWgWt894c3Uh.jpg,7,7,Dog - Eye Infection,image_family_01acf014583a785c133118fe,quarantine_exact_label_conflict,identical EXIF-oriented RGB pixels occur under conflicting class labels; human label resolution required,,,split_group_01acf014583a785c133118fe
Dogs/Eye Infection in Dog/uveitis_014_webp.rf.oEiauoi8tAQSEGswTvrb.webp,7,7,Dog - Eye Infection,image_family_dbcc508e39e084ff8e9e882e,retain,readable; no cleaning exclusion,,,split_group_dbcc508e39e084ff8e9e882e
Dogs/Eye Infection in Dog/uveitis_015_webp.rf.H3aaaXTDoZ8u0atCMtw6.webp,7,7,Dog - Eye Infection,image_family_51235ec39cf30dbca402d96b,retain,readable; no cleaning exclusion,,,split_group_51235ec39cf30dbca402d96b
Dogs/Eye Infection in Dog/uveitis_016_webp.rf.YzQPPXiXRlHoA80Hv4Kg.webp,7,7,Dog - Eye Infection,image_family_ff816aed3d1250acdb9c7275,retain,readable; no cleaning exclusion,,,split_group_ff816aed3d1250acdb9c7275
Dogs/Eye Infection in Dog/uveitis_017_webp.rf.xukNmO9OH5k1Gxej01wm.webp,7,7,Dog - Eye Infection,image_family_b157490460c0dd739129a196,quarantine_exact_label_conflict,identical EXIF-oriented RGB pixels occur under conflicting class labels; human label resolution required,,,split_group_b157490460c0dd739129a196
Dogs/Eye Infection in Dog/uveitis_018_jpg.rf.uxM5xrJ8JOyxHCLUcLbT.jpg,7,7,Dog - Eye Infection,image_family_8a2d5f2fb1bac5c149321add,retain,readable; no cleaning exclusion,,,split_group_8a2d5f2fb1bac5c149321add
Dogs/Eye Infection in Dog/uveitis_019_webp.rf.VwHBSdJhfu6gnFvWBhaI.webp,7,7,Dog - Eye Infection,image_family_2551a27607c032a6a77db6b5,quarantine_exact_label_conflict,identical EXIF-oriented RGB pixels occur under conflicting class labels; human label resolution required,,,split_group_2551a27607c032a6a77db6b5
Dogs/Eye Infection in Dog/uveitis_020_webp.rf.UWdjAPN669hqept27frZ.webp,7,7,Dog - Eye Infection,image_family_79b6e8e36193d16a6005c1d1,retain,readable; no cleaning exclusion,,,split_group_79b6e8e36193d16a6005c1d1
Dogs/Eye Infection in Dog/uveitis_021_jpg.rf.LINtLDIzdL0YdYRSVOUm.jpg,7,7,Dog - Eye Infection,image_family_c2c6c71fe3d88cb1d141db10,retain,readable; no cleaning exclusion,,,split_group_c2c6c71fe3d88cb1d141db10
Dogs/Eye Infection in Dog/uveitis_022_jpg.rf.ddhIEgfyzeB2hRNbgcIO.jpg,7,7,Dog - Eye Infection,image_family_b8cdf0bae1c9f8052cb03846,retain,readable; no cleaning exclusion,,,split_group_d3488f838830402dcbe2cc0b
Dogs/Eye Infection in Dog/uveitis_025_jpg.rf.qWUvlcfp7hdCVWoRqowA.jpg,7,7,Dog - Eye Infection,image_family_7929752c955c012bcca5ceb5,retain,readable; no cleaning exclusion,,,split_group_7929752c955c012bcca5ceb5
Dogs/Eye Infection in Dog/uveitis_026_jpg.rf.oppOVtrS4Nkhtpm0pGTn.jpg,7,7,Dog - Eye Infection,image_family_d30356ea93d03519db10f5eb,retain,readable; no cleaning exclusion,,,split_group_d30356ea93d03519db10f5eb
Dogs/Eye Infection in Dog/uveitis_027_jpg.rf.mrq2dLapWkRDICbkyuH3.jpg,7,7,Dog - Eye Infection,image_family_4af33c3d4ecb68bfe620b933,retain,readable; no cleaning exclusion,,,split_group_4af33c3d4ecb68bfe620b933
Dogs/Eye Infection in Dog/uveitis_028_jpg.rf.r0kKLTYvMBs9dL9RBKy1.jpg,7,7,Dog - Eye Infection,image_family_6900830f12372fc76e9c9c44,quarantine_exact_label_conflict,identical EXIF-oriented RGB pixels occur under conflicting class labels; human label resolution required,,,split_group_6900830f12372fc76e9c9c44
Dogs/Eye Infection in Dog/uveitis_029_jpg.rf.6qM41ePtAgQyISOjFcAA.jpg,7,7,Dog - Eye Infection,image_family_917a9e8854d0eeef73d4a84c,retain,readable; no cleaning exclusion,,,split_group_d3488f838830402dcbe2cc0b
Dogs/Eye Infection in Dog/uveitis_030_webp.rf.OdG8lr4210d6CFWN7n7t.webp,7,7,Dog - Eye Infection,image_family_569d9946c0e644bb9d38f382,retain,readable; no cleaning exclusion,,,split_group_569d9946c0e644bb9d38f382
Dogs/Eye Infection in Dog/uveitis_031_webp.rf.SkVTEEoXIpDfmUaETwew.webp,7,7,Dog - Eye Infection,image_family_946964f2ae5bb7565700878b,retain,readable; no cleaning exclusion,,,split_group_946964f2ae5bb7565700878b
Dogs/Eye Infection in Dog/uveitis_032_png.rf.gne25chv8iLNohWiJFkh.png,7,7,Dog - Eye Infection,image_family_e18645292f4f52f3db23020a,retain,readable; no cleaning exclusion,,,split_group_e18645292f4f52f3db23020a
Dogs/Eye Infection in Dog/uveitis_033_webp.rf.4mjFFKmIJuUCSoinChG5.webp,7,7,Dog - Eye Infection,image_family_7e8641e43a00fe41684bcf27,retain,readable; no cleaning exclusion,,,split_group_7e8641e43a00fe41684bcf27
Dogs/Eye Infection in Dog/uveitis_035_jpg.rf.GRE5jtn4j7SMlYAmyLty.jpg,7,7,Dog - Eye Infection,image_family_2d236e8baf011abded802bbf,retain,readable; no cleaning exclusion,,,split_group_2d236e8baf011abded802bbf
Dogs/Eye Infection in Dog/uveitis_037_jpg.rf.J37GEA9xB1TudmwPUVTa.jpg,7,7,Dog - Eye Infection,image_family_898c3de9a6e8aaabc5ac99d6,quarantine_exact_label_conflict,identical EXIF-oriented RGB pixels occur under conflicting class labels; human label resolution required,,,split_group_898c3de9a6e8aaabc5ac99d6
Dogs/Eye Infection in Dog/uveitis_038_webp.rf.D5LFHKEVONDP8H5Lgzpx.webp,7,7,Dog - Eye Infection,image_family_a2f6c796ceb769c9e5b47a1c,retain,readable; no cleaning exclusion,,,split_group_a2f6c796ceb769c9e5b47a1c
Dogs/Eye Infection in Dog/uveitis_039_webp.rf.ic1sxqJwWGBMnpxQ7ygm.webp,7,7,Dog - Eye Infection,image_family_934665a25e23456981cba0ed,retain,readable; no cleaning exclusion,,,split_group_934665a25e23456981cba0ed
Dogs/Eye Infection in Dog/uveitis_040_jpg.rf.rDpkIuCjMvMaIojBSi3Z.jpg,7,7,Dog - Eye Infection,image_family_8ac550aafad8d8b00cd17c01,retain,readable; no cleaning exclusion,,,split_group_7479e5765f28c97ff9ee5a60
Dogs/Eye Infection in Dog/uveitis_041_webp.rf.yKZ3whc3lrUz5W6ke9WZ.webp,7,7,Dog - Eye Infection,image_family_2a5c7664c5ed11a3a5767dc9,quarantine_exact_label_conflict,identical EXIF-oriented RGB pixels occur under conflicting class labels; human label resolution required,,,split_group_2a5c7664c5ed11a3a5767dc9
Dogs/Eye Infection in Dog/uveitis_043_jpg.rf.ZSEuWeuT739QsfUFKr0M.jpg,7,7,Dog - Eye Infection,image_family_a488d04dff647f258784144f,retain,readable; no cleaning exclusion,,,split_group_a488d04dff647f258784144f
Dogs/Eye Infection in Dog/uveitis_044_webp.rf.0L6lioAnYlhJNWE7QRis.webp,7,7,Dog - Eye Infection,image_family_9678694f2ae15b511f94b3fb,retain,readable; no cleaning exclusion,,,split_group_9678694f2ae15b511f94b3fb
Dogs/Eye Infection in Dog/uveitis_045_webp.rf.R25bJWJ8zovW8qECoQll.webp,7,7,Dog - Eye Infection,image_family_566711a268246741cd86fa8e,retain,readable; no cleaning exclusion,,,split_group_566711a268246741cd86fa8e
Dogs/Eye Infection in Dog/uveitis_046_webp.rf.H44WOt1gDlANknJXyOjw.webp,7,7,Dog - Eye Infection,image_family_7edf82b0d87ac74dad6ade18,retain,readable; no cleaning exclusion,,,split_group_7edf82b0d87ac74dad6ade18
Dogs/Eye Infection in Dog/uveitis_047_webp.rf.GsHhV4aKB30MnZ10kGOf.webp,7,7,Dog - Eye Infection,image_family_626cee56244a909a623ac11b,retain,readable; no cleaning exclusion,,,split_group_c2b5a00f8dbe6a89a2f387bc
Dogs/Eye Infection in Dog/uveitis_050_png.rf.Dc0DS9I6Cv4Ztj2ZN6HU.png,7,7,Dog - Eye Infection,image_family_557fc52f71adc1b061ea66bb,retain,readable; no cleaning exclusion,,,split_group_557fc52f71adc1b061ea66bb
Dogs/Fungal Infection in Dog/1016_jpg.rf.GBMgm42T7OEGn46yDgPv.jpg,8,8,Dog - Fungal Infection,image_family_4c8ac9c375087deea0e90c1e,retain,readable; no cleaning exclusion,,,split_group_4c8ac9c375087deea0e90c1e
Dogs/Fungal Infection in Dog/1090_jpg.rf.75G1UC27PmvkuRI7JpFu.jpg,8,8,Dog - Fungal Infection,image_family_36c268f5470b80a18896d588,retain,readable; no cleaning exclusion,,,split_group_36c268f5470b80a18896d588
Dogs/Fungal Infection in Dog/1173_jpg.rf.Kq5qNxPcwZ7KIb52GgAf.jpg,8,8,Dog - Fungal Infection,image_family_55a8741a4756067c68e000ed,retain,readable; no cleaning exclusion,,,split_group_55a8741a4756067c68e000ed
Dogs/Fungal Infection in Dog/1555_jpg.rf.fWf93LUFSdYlQn1nHC9S.jpg,8,8,Dog - Fungal Infection,image_family_37fe4a39c57fd9f4d8fbc543,retain,readable; no cleaning exclusion,,,split_group_37fe4a39c57fd9f4d8fbc543
Dogs/Fungal Infection in Dog/1577_jpg.rf.6kpGeR4YjFct3J9hBSus.jpg,8,8,Dog - Fungal Infection,image_family_6bdad476975d24aa747e3cc8,retain,readable; no cleaning exclusion,,,split_group_6bdad476975d24aa747e3cc8
Dogs/Fungal Infection in Dog/1670_jpg.rf.L08bS9TKqIOGqnc6DzDp.jpg,8,8,Dog - Fungal Infection,image_family_7671ec729c86ce21bf33bebc,retain,readable; no cleaning exclusion,,,split_group_7671ec729c86ce21bf33bebc
Dogs/Fungal Infection in Dog/1739_jpg.rf.5nRKTltP3DxG7kBj9vFl.jpg,8,8,Dog - Fungal Infection,image_family_b9ab839b33c6ef0fc576bba1,retain,readable; no cleaning exclusion,,,split_group_b9ab839b33c6ef0fc576bba1
Dogs/Fungal Infection in Dog/1739_jpg.rf.YQTpi5GHhQOfGdova7tF.jpg,8,8,Dog - Fungal Infection,image_family_b9ab839b33c6ef0fc576bba1,exclude_additional_source_family_member,one source-family representative policy; retained Dogs/Fungal Infection in Dog/1739_jpg.rf.5nRKTltP3DxG7kBj9vFl.jpg; original/animal identity not verified,,,split_group_b9ab839b33c6ef0fc576bba1
Dogs/Fungal Infection in Dog/1776_jpg.rf.oQqcexHaoYQ7S5DsXZQh.jpg,8,8,Dog - Fungal Infection,image_family_6221d9d172b7137a2280ec8b,retain,readable; no cleaning exclusion,,,split_group_6221d9d172b7137a2280ec8b
Dogs/Fungal Infection in Dog/FUNGAL-INFECTION_004_png_jpg.rf.Nzv3uS0nVtIJFlRDdziS.jpg,8,8,Dog - Fungal Infection,image_family_be46d27fe53a6baf946382d1,retain,readable; no cleaning exclusion,,,split_group_be46d27fe53a6baf946382d1
Dogs/Fungal Infection in Dog/FUNGAL-INFECTION_007_jpg.rf.lbCULypkhlZKjq8iy6xn.jpg,8,8,Dog - Fungal Infection,image_family_84ffb9f74a7e806a44ded537,retain,readable; no cleaning exclusion,,,split_group_84ffb9f74a7e806a44ded537
Dogs/Fungal Infection in Dog/FUNGAL-INFECTION_012_jpg.rf.qGwDPa8GXuIhjc1gawcn.jpg,8,8,Dog - Fungal Infection,image_family_c30c2e879880dd51c021634b,retain,readable; no cleaning exclusion,,,split_group_c30c2e879880dd51c021634b
Dogs/Fungal Infection in Dog/FUNGAL-INFECTION_018_jpg.rf.VtYqz3SUpaMrDGOip0T5.jpg,8,8,Dog - Fungal Infection,image_family_83bf1c3260c1c35ddcc3b71a,retain,readable; no cleaning exclusion,,,split_group_83bf1c3260c1c35ddcc3b71a
Dogs/Fungal Infection in Dog/FUNGAL-INFECTION_020_jpg.rf.E0BMlMXyIaI8IAhD66GR.jpg,8,8,Dog - Fungal Infection,image_family_5150f959a826e918ec3f2754,retain,readable; no cleaning exclusion,,,split_group_5150f959a826e918ec3f2754
Dogs/Fungal Infection in Dog/FUNGAL-INFECTION_021_jpg.rf.hDO72O5DniXBzCqhTL2E.jpg,8,8,Dog - Fungal Infection,image_family_8e71ed4398ff2b3ec27c216e,retain,readable; no cleaning exclusion,,,split_group_8e71ed4398ff2b3ec27c216e
Dogs/Fungal Infection in Dog/FUNGAL-INFECTION_023_jpg.rf.AsHRPIh5XOuAvKnrq3b2.jpg,8,8,Dog - Fungal Infection,image_family_800daa7e1bb44b857d41a6f7,retain,readable; no cleaning exclusion,,,split_group_800daa7e1bb44b857d41a6f7
Dogs/Fungal Infection in Dog/FUNGAL-INFECTION_043_jpg.rf.X2Mf6Dvmz5DlEcwCEW0w.jpg,8,8,Dog - Fungal Infection,image_family_64bc511b8477942499417124,retain,readable; no cleaning exclusion,,,split_group_64bc511b8477942499417124
Dogs/Fungal Infection in Dog/FUNGAL-INFECTION_046_jpg.rf.h7o5bTH6A4ZcLOclD5yM.jpg,8,8,Dog - Fungal Infection,image_family_457cbcf679e909e50aac3369,retain,readable; no cleaning exclusion,,,split_group_457cbcf679e909e50aac3369
Dogs/Fungal Infection in Dog/FUNGAL-INFECTION_047_png_jpg.rf.OixxlITPzUxEli0MknN3.jpg,8,8,Dog - Fungal Infection,image_family_c0057a8f8702dd712cfbdc5c,retain,readable; no cleaning exclusion,,,split_group_c0057a8f8702dd712cfbdc5c
Dogs/Fungal Infection in Dog/FUNGAL-INFECTION_049_jpg.rf.mH50JsY4IiOmm9PEZlep.jpg,8,8,Dog - Fungal Infection,image_family_8b52c1a51fcdcfabd9b02d45,retain,readable; no cleaning exclusion,,,split_group_8b52c1a51fcdcfabd9b02d45
Dogs/Fungal Infection in Dog/FUNGAL-INFECTION_054_jpg.rf.HNetvno7KAdpygP2A2sz.jpg,8,8,Dog - Fungal Infection,image_family_3a6ff45f8eac98916c7f29a0,retain,readable; no cleaning exclusion,,,split_group_3a6ff45f8eac98916c7f29a0
Dogs/Fungal Infection in Dog/FUNGAL-INFECTION_062_jpg.rf.zgAMVTlq5CovjP9cMKwy.jpg,8,8,Dog - Fungal Infection,image_family_c1741def414957b11054b88b,retain,readable; no cleaning exclusion,,,split_group_c1741def414957b11054b88b
Dogs/Fungal Infection in Dog/FUNGAL-INFECTION_063_jpg.rf.9ElGBMbb8RjB2kYDYzhL.jpg,8,8,Dog - Fungal Infection,image_family_d3d2132b0c296f9668587785,retain,readable; no cleaning exclusion,,,split_group_d3d2132b0c296f9668587785
Dogs/Fungal Infection in Dog/FUNGAL-INFECTION_066_jpg.rf.ZGrG5v40KOEJAoSO6Fs7.jpg,8,8,Dog - Fungal Infection,image_family_f8d622a94ae2e1dc210edaa8,retain,readable; no cleaning exclusion,,,split_group_f8d622a94ae2e1dc210edaa8
Dogs/Fungal Infection in Dog/FUNGAL-INFECTION_068_jpg.rf.5vRh1xgBy3B7aENqvjj1.jpg,8,8,Dog - Fungal Infection,image_family_6b906b12fe25c97b87010f74,retain,readable; no cleaning exclusion,,,split_group_6b906b12fe25c97b87010f74
Dogs/Fungal Infection in Dog/FUNGAL-INFECTION_069_jpg.rf.eEAqEGPbT7VOJSAvizFD.jpg,8,8,Dog - Fungal Infection,image_family_ed574fb3bc843683e33c80b9,retain,readable; no cleaning exclusion,,,split_group_ed574fb3bc843683e33c80b9
Dogs/Fungal Infection in Dog/FUNGAL-INFECTION_070_jpg.rf.bGOv6Kr19qncbTBKarAI.jpg,8,8,Dog - Fungal Infection,image_family_244f4ac47037362b1824fcd4,retain,readable; no cleaning exclusion,,,split_group_244f4ac47037362b1824fcd4
Dogs/Fungal Infection in Dog/FUNGAL-INFECTION_070_jpg.rf.gOhREguIj64TPpC28w63.jpg,8,8,Dog - Fungal Infection,image_family_244f4ac47037362b1824fcd4,exclude_additional_source_family_member,one source-family representative policy; retained Dogs/Fungal Infection in Dog/FUNGAL-INFECTION_070_jpg.rf.bGOv6Kr19qncbTBKarAI.jpg; original/animal identity not verified,,,split_group_244f4ac47037362b1824fcd4
Dogs/Fungal Infection in Dog/Fungal3_png_jpg.rf.KANtXg8WJyNshfbZCWkS.jpg,8,8,Dog - Fungal Infection,image_family_328dc108d5a4caa93cbb8829,retain,readable; no cleaning exclusion,,,split_group_328dc108d5a4caa93cbb8829
Dogs/Fungal Infection in Dog/Fungal4_png_jpg.rf.UDQ0lkVUHLSbZwD91Uvc.jpg,8,8,Dog - Fungal Infection,image_family_777fc3f6e25c86d7a1e0f97c,retain,readable; no cleaning exclusion,,,split_group_777fc3f6e25c86d7a1e0f97c
Dogs/Fungal Infection in Dog/Fungal4_png_jpg.rf.tji7YZEDxMTjk3Pw7CG6.jpg,8,8,Dog - Fungal Infection,image_family_777fc3f6e25c86d7a1e0f97c,exclude_additional_source_family_member,one source-family representative policy; retained Dogs/Fungal Infection in Dog/Fungal4_png_jpg.rf.UDQ0lkVUHLSbZwD91Uvc.jpg; original/animal identity not verified,,,split_group_777fc3f6e25c86d7a1e0f97c
Dogs/Fungal Infection in Dog/Fungal_2_jpg.rf.kG4j7revBsdtJtyO4UoX.jpg,8,8,Dog - Fungal Infection,image_family_3cc4d7a1531b65b5a6a4c28c,retain,readable; no cleaning exclusion,,,split_group_3cc4d7a1531b65b5a6a4c28c
Dogs/Fungal Infection in Dog/Fungal_Image_1_jpg.rf.lYLvYGeDP2JqUdzLlwrg.jpg,8,8,Dog - Fungal Infection,image_family_f072ffb5d3dba62bc64e722b,retain,readable; no cleaning exclusion,,,split_group_f072ffb5d3dba62bc64e722b
Dogs/Fungal Infection in Dog/Fungal_Image_1_jpg.rf.wjXG2jihc1MyQrIsV0aH.jpg,8,8,Dog - Fungal Infection,image_family_f072ffb5d3dba62bc64e722b,exclude_additional_source_family_member,one source-family representative policy; retained Dogs/Fungal Infection in Dog/Fungal_Image_1_jpg.rf.lYLvYGeDP2JqUdzLlwrg.jpg; original/animal identity not verified,,,split_group_f072ffb5d3dba62bc64e722b
Dogs/Fungal Infection in Dog/Fungal_Image_2_jpg.rf.XyBTFCfTEvRhU5HzMlEY.jpg,8,8,Dog - Fungal Infection,image_family_7f1e3e512c2bc05a748fd4d0,retain,readable; no cleaning exclusion,,,split_group_7f1e3e512c2bc05a748fd4d0
Dogs/Fungal Infection in Dog/Fungal_Image_4_jpg.rf.4J6JUqnIp1JwG9faeb4a.jpg,8,8,Dog - Fungal Infection,image_family_f1ed16780f8ff392cc3f4928,retain,readable; no cleaning exclusion,,,split_group_f1ed16780f8ff392cc3f4928
Dogs/Fungal Infection in Dog/Image_1.jpg,8,8,Dog - Fungal Infection,image_family_6e811c736b09e72597be2996,retain,readable; no cleaning exclusion,,,split_group_6e811c736b09e72597be2996
Dogs/Fungal Infection in Dog/Image_10.jpg,8,8,Dog - Fungal Infection,image_family_5d3636bd03c66aecf6de9839,retain,readable; no cleaning exclusion,,,split_group_5d3636bd03c66aecf6de9839
Dogs/Fungal Infection in Dog/Image_10.png,8,8,Dog - Fungal Infection,image_family_fc2371836a487bbb9ed84b84,retain,readable; no cleaning exclusion,,,split_group_fc2371836a487bbb9ed84b84
Dogs/Fungal Infection in Dog/Image_100.png,8,8,Dog - Fungal Infection,image_family_cb2e9c44d93c913c80c8a963,retain,readable; no cleaning exclusion,,,split_group_cb2e9c44d93c913c80c8a963
Dogs/Fungal Infection in Dog/Image_101.jpg,8,8,Dog - Fungal Infection,image_family_44d16df7ad10cc9ae0c40f67,retain,readable; no cleaning exclusion,,,split_group_44d16df7ad10cc9ae0c40f67
Dogs/Fungal Infection in Dog/Image_102.jpg,8,8,Dog - Fungal Infection,image_family_92a97a95195217902863fb8a,retain,readable; no cleaning exclusion,,,split_group_92a97a95195217902863fb8a
Dogs/Fungal Infection in Dog/Image_11.jpg,8,8,Dog - Fungal Infection,image_family_89f5f479637a301cc33b8c71,retain,readable; no cleaning exclusion,,,split_group_89f5f479637a301cc33b8c71
Dogs/Fungal Infection in Dog/Image_13.jpg,8,8,Dog - Fungal Infection,image_family_4528a1ea8336199aed52393f,retain,readable; no cleaning exclusion,,,split_group_4528a1ea8336199aed52393f
Dogs/Fungal Infection in Dog/Image_14.jpg,8,8,Dog - Fungal Infection,image_family_f1d493106ef9acae563c8a50,retain,readable; no cleaning exclusion,,,split_group_f1d493106ef9acae563c8a50
Dogs/Fungal Infection in Dog/Image_15.jpg,8,8,Dog - Fungal Infection,image_family_2b0defdc11dcb66faf1515b7,retain,readable; no cleaning exclusion,,,split_group_2b0defdc11dcb66faf1515b7
Dogs/Fungal Infection in Dog/Image_16.jpg,8,8,Dog - Fungal Infection,image_family_750e5a3d952d4e28115a0382,retain,readable; no cleaning exclusion,,,split_group_750e5a3d952d4e28115a0382
Dogs/Fungal Infection in Dog/Image_17.jpg,8,8,Dog - Fungal Infection,image_family_89ae1c083b4e68e6b5e197a1,retain,readable; no cleaning exclusion,,,split_group_89ae1c083b4e68e6b5e197a1
Dogs/Fungal Infection in Dog/Image_18.jpg,8,8,Dog - Fungal Infection,image_family_d7d419248d43c8629945e037,retain,readable; no cleaning exclusion,,,split_group_91740011c1b59f256ee38dd2
Dogs/Fungal Infection in Dog/Image_19.jpg,8,8,Dog - Fungal Infection,image_family_d1dd8757de234fdc38b78da5,retain,readable; no cleaning exclusion,,,split_group_d1dd8757de234fdc38b78da5
Dogs/Fungal Infection in Dog/Image_2.jpg,8,8,Dog - Fungal Infection,image_family_9b5ef6112807bbf595ba242d,retain,readable; no cleaning exclusion,,,split_group_9b5ef6112807bbf595ba242d
Dogs/Fungal Infection in Dog/Image_20.jpg,8,8,Dog - Fungal Infection,image_family_392aa886a3a23444785fc7cf,retain,readable; no cleaning exclusion,,,split_group_392aa886a3a23444785fc7cf
Dogs/Fungal Infection in Dog/Image_21.jpg,8,8,Dog - Fungal Infection,image_family_e1fc503d8252ea7f298177ec,retain,readable; no cleaning exclusion,,,split_group_e1fc503d8252ea7f298177ec
Dogs/Fungal Infection in Dog/Image_22.jpg,8,8,Dog - Fungal Infection,image_family_da88a0de15371afbb73358ae,retain,readable; no cleaning exclusion,,,split_group_da88a0de15371afbb73358ae
Dogs/Fungal Infection in Dog/Image_24.jpg,8,8,Dog - Fungal Infection,image_family_1c27852406fabfe47d95e063,retain,readable; no cleaning exclusion,,,split_group_1c27852406fabfe47d95e063
Dogs/Fungal Infection in Dog/Image_26.jpg,8,8,Dog - Fungal Infection,image_family_c5b6d46cc1bea3dc624eea79,retain,readable; no cleaning exclusion,,,split_group_c5b6d46cc1bea3dc624eea79
Dogs/Fungal Infection in Dog/Image_27.jpg,8,8,Dog - Fungal Infection,image_family_0548196ce95dfaeffe71c80d,retain,readable; no cleaning exclusion,,,split_group_0548196ce95dfaeffe71c80d
Dogs/Fungal Infection in Dog/Image_28.jpg,8,8,Dog - Fungal Infection,image_family_0548196ce95dfaeffe71c80d,exclude_same_class_exact_duplicate,same-class exact RGB duplicate; retained representative Dogs/Fungal Infection in Dog/Image_27.jpg,,,split_group_0548196ce95dfaeffe71c80d
Dogs/Fungal Infection in Dog/Image_28.png,8,8,Dog - Fungal Infection,image_family_4607c4dad4ace40b3a5f0e1e,retain,readable; no cleaning exclusion,,,split_group_4607c4dad4ace40b3a5f0e1e
Dogs/Fungal Infection in Dog/Image_29.jpg,8,8,Dog - Fungal Infection,image_family_c1192239ea4b91e537354d5c,retain,readable; no cleaning exclusion,,,split_group_c1192239ea4b91e537354d5c
Dogs/Fungal Infection in Dog/Image_29.png,8,8,Dog - Fungal Infection,image_family_4607c4dad4ace40b3a5f0e1e,exclude_same_class_exact_duplicate,same-class exact RGB duplicate; retained representative Dogs/Fungal Infection in Dog/Image_28.png,,,split_group_4607c4dad4ace40b3a5f0e1e
Dogs/Fungal Infection in Dog/Image_3.jpg,8,8,Dog - Fungal Infection,image_family_6efd1901d8f32741022a5fb1,retain,readable; no cleaning exclusion,,,split_group_91740011c1b59f256ee38dd2
Dogs/Fungal Infection in Dog/Image_31.jpg,8,8,Dog - Fungal Infection,image_family_d5395265ea6a8fa99df6bc67,retain,readable; no cleaning exclusion,,,split_group_d5395265ea6a8fa99df6bc67
Dogs/Fungal Infection in Dog/Image_39.jpg,8,8,Dog - Fungal Infection,image_family_23abdb0af62ec7d683af8dd7,retain,readable; no cleaning exclusion,,,split_group_23abdb0af62ec7d683af8dd7
Dogs/Fungal Infection in Dog/Image_4.webp,8,8,Dog - Fungal Infection,image_family_3c0a0705aa19a3cdc187d1da,retain,readable; no cleaning exclusion,,,split_group_83a2ab42f50bb72995df3fdc
Dogs/Fungal Infection in Dog/Image_40.png,8,8,Dog - Fungal Infection,image_family_7a4cebc29f57a4952cf1ca52,retain,readable; no cleaning exclusion,,,split_group_7a4cebc29f57a4952cf1ca52
Dogs/Fungal Infection in Dog/Image_41.jpg,8,8,Dog - Fungal Infection,image_family_f7fcb0af8700d3d41d19230e,retain,readable; no cleaning exclusion,,,split_group_f7fcb0af8700d3d41d19230e
Dogs/Fungal Infection in Dog/Image_42.jpg,8,8,Dog - Fungal Infection,image_family_6ac70a0f6cefe88c888ee35d,retain,readable; no cleaning exclusion,,,split_group_6ac70a0f6cefe88c888ee35d
Dogs/Fungal Infection in Dog/Image_43.jpg,8,8,Dog - Fungal Infection,image_family_f6b2e2aefce0346a5291ca59,retain,readable; no cleaning exclusion,,,split_group_f6b2e2aefce0346a5291ca59
Dogs/Fungal Infection in Dog/Image_45.jpg,8,8,Dog - Fungal Infection,image_family_c830fcea279b68b8e16b25c8,retain,readable; no cleaning exclusion,,,split_group_c830fcea279b68b8e16b25c8
Dogs/Fungal Infection in Dog/Image_46.jpg,8,8,Dog - Fungal Infection,image_family_e949ea83b98379d8022ebe21,retain,readable; no cleaning exclusion,,,split_group_e949ea83b98379d8022ebe21
Dogs/Fungal Infection in Dog/Image_47.jpg,8,8,Dog - Fungal Infection,image_family_44a89e57d05f8af9f0a8f1e6,retain,readable; no cleaning exclusion,,,split_group_44a89e57d05f8af9f0a8f1e6
Dogs/Fungal Infection in Dog/Image_48.jpg,8,8,Dog - Fungal Infection,image_family_75be9136fbb25308a293adae,retain,readable; no cleaning exclusion,,,split_group_75be9136fbb25308a293adae
Dogs/Fungal Infection in Dog/Image_49.jpg,8,8,Dog - Fungal Infection,image_family_75be9136fbb25308a293adae,exclude_same_class_exact_duplicate,same-class exact RGB duplicate; retained representative Dogs/Fungal Infection in Dog/Image_48.jpg,,,split_group_75be9136fbb25308a293adae
Dogs/Fungal Infection in Dog/Image_5.jpg,8,8,Dog - Fungal Infection,image_family_8eb6e416cf2748d19448626d,retain,readable; no cleaning exclusion,,,split_group_8eb6e416cf2748d19448626d
Dogs/Fungal Infection in Dog/Image_50.jpg,8,8,Dog - Fungal Infection,image_family_1e4f467158d34d559cbbb1c9,retain,readable; no cleaning exclusion,,,split_group_1e4f467158d34d559cbbb1c9
Dogs/Fungal Infection in Dog/Image_50.png,8,8,Dog - Fungal Infection,image_family_ad508e7546021818ae3384ae,retain,readable; no cleaning exclusion,,,split_group_ad508e7546021818ae3384ae
Dogs/Fungal Infection in Dog/Image_51.jpg,8,8,Dog - Fungal Infection,image_family_233a1bf78447201451ec6cad,retain,readable; no cleaning exclusion,,,split_group_233a1bf78447201451ec6cad
Dogs/Fungal Infection in Dog/Image_52.jpg,8,8,Dog - Fungal Infection,image_family_92ee6185009e136da5fc6221,retain,readable; no cleaning exclusion,,,split_group_83a2ab42f50bb72995df3fdc
Dogs/Fungal Infection in Dog/Image_53.jpg,8,8,Dog - Fungal Infection,image_family_f657a0473eab35dee11fc6f5,retain,readable; no cleaning exclusion,,,split_group_f657a0473eab35dee11fc6f5
Dogs/Fungal Infection in Dog/Image_54.jpg,8,8,Dog - Fungal Infection,image_family_8ff42c1b35812a331f2ece42,retain,readable; no cleaning exclusion,,,split_group_16cb4a8c711e6a9aeda22775
Dogs/Fungal Infection in Dog/Image_56.jpg,8,8,Dog - Fungal Infection,image_family_02fd246b9950dd3e16a67fa6,retain,readable; no cleaning exclusion,,,split_group_02fd246b9950dd3e16a67fa6
Dogs/Fungal Infection in Dog/Image_57.jpg,8,8,Dog - Fungal Infection,image_family_51fe0f79a9bcbfba0a783106,retain,readable; no cleaning exclusion,,,split_group_51fe0f79a9bcbfba0a783106
Dogs/Fungal Infection in Dog/Image_58.jpg,8,8,Dog - Fungal Infection,image_family_068935cc2e592b99f94bb80e,retain,readable; no cleaning exclusion,,,split_group_068935cc2e592b99f94bb80e
Dogs/Fungal Infection in Dog/Image_59.jpg,8,8,Dog - Fungal Infection,image_family_6e5a2f98ba81cb20229d713a,retain,readable; no cleaning exclusion,,,split_group_6e5a2f98ba81cb20229d713a
Dogs/Fungal Infection in Dog/Image_6.jpg,8,8,Dog - Fungal Infection,image_family_e9eb8017e4bbdeae7c4126b8,retain,readable; no cleaning exclusion,,,split_group_e9eb8017e4bbdeae7c4126b8
Dogs/Fungal Infection in Dog/Image_61.png,8,8,Dog - Fungal Infection,image_family_691d7cf9c92c2896c10d21af,retain,readable; no cleaning exclusion,,,split_group_691d7cf9c92c2896c10d21af
Dogs/Fungal Infection in Dog/Image_62.jpg,8,8,Dog - Fungal Infection,image_family_3fdeaded78da30ece8c71ffe,retain,readable; no cleaning exclusion,,,split_group_3fdeaded78da30ece8c71ffe
Dogs/Fungal Infection in Dog/Image_63.jpg,8,8,Dog - Fungal Infection,image_family_fc01854644405bb530652171,retain,readable; no cleaning exclusion,,,split_group_fc01854644405bb530652171
Dogs/Fungal Infection in Dog/Image_64.jpg,8,8,Dog - Fungal Infection,image_family_1c18939b6973a2597626c77b,retain,readable; no cleaning exclusion,,,split_group_1c18939b6973a2597626c77b
Dogs/Fungal Infection in Dog/Image_67.jpg,8,8,Dog - Fungal Infection,image_family_69627eb454c5a11bade5c44b,retain,readable; no cleaning exclusion,,,split_group_69627eb454c5a11bade5c44b
Dogs/Fungal Infection in Dog/Image_68.jpg,8,8,Dog - Fungal Infection,image_family_d96c7ceb5e569f280f7940bb,retain,readable; no cleaning exclusion,,,split_group_d96c7ceb5e569f280f7940bb
Dogs/Fungal Infection in Dog/Image_69.jpg,8,8,Dog - Fungal Infection,image_family_181e3950f61285919c4ae0a1,retain,readable; no cleaning exclusion,,,split_group_181e3950f61285919c4ae0a1
Dogs/Fungal Infection in Dog/Image_7.jpg,8,8,Dog - Fungal Infection,image_family_59b23250f52c77402323307b,retain,readable; no cleaning exclusion,,,split_group_59b23250f52c77402323307b
Dogs/Fungal Infection in Dog/Image_70.jpg,8,8,Dog - Fungal Infection,image_family_32896d110ea158e6acbc9095,retain,readable; no cleaning exclusion,,,split_group_32896d110ea158e6acbc9095
Dogs/Fungal Infection in Dog/Image_72.jpg,8,8,Dog - Fungal Infection,image_family_1e4f467158d34d559cbbb1c9,exclude_same_class_exact_duplicate,same-class exact RGB duplicate; retained representative Dogs/Fungal Infection in Dog/Image_50.jpg,,,split_group_1e4f467158d34d559cbbb1c9
Dogs/Fungal Infection in Dog/Image_73.jpg,8,8,Dog - Fungal Infection,image_family_332877ef61c3f40c7383763e,retain,readable; no cleaning exclusion,,,split_group_56c0eb08b61ec957f78d71bf
Dogs/Fungal Infection in Dog/Image_74.jpg,8,8,Dog - Fungal Infection,image_family_7dcd0c07ef6c5c57c8433ec4,retain,readable; no cleaning exclusion,,,split_group_7dcd0c07ef6c5c57c8433ec4
Dogs/Fungal Infection in Dog/Image_76.jpg,8,8,Dog - Fungal Infection,image_family_e9303534b68ba25d29928af5,retain,readable; no cleaning exclusion,,,split_group_e9303534b68ba25d29928af5
Dogs/Fungal Infection in Dog/Image_77.jpg,8,8,Dog - Fungal Infection,image_family_8d7dbf26b5a3f2baf77af03d,retain,readable; no cleaning exclusion,,,split_group_8d7dbf26b5a3f2baf77af03d
Dogs/Fungal Infection in Dog/Image_8.jpeg,8,8,Dog - Fungal Infection,image_family_3f6afff43b9910152166f04f,retain,readable; no cleaning exclusion,,,split_group_3f6afff43b9910152166f04f
Dogs/Fungal Infection in Dog/Image_80.jpg,8,8,Dog - Fungal Infection,image_family_127e3070cc4fa5bde962fefe,retain,readable; no cleaning exclusion,,,split_group_127e3070cc4fa5bde962fefe
Dogs/Fungal Infection in Dog/Image_81.jpg,8,8,Dog - Fungal Infection,image_family_e600c32f17def9ca6c99f2e3,retain,readable; no cleaning exclusion,,,split_group_16cb4a8c711e6a9aeda22775
Dogs/Fungal Infection in Dog/Image_84.jpg,8,8,Dog - Fungal Infection,image_family_9d98faf9719d4f609bf612c3,retain,readable; no cleaning exclusion,,,split_group_9d98faf9719d4f609bf612c3
Dogs/Fungal Infection in Dog/Image_85.jpg,8,8,Dog - Fungal Infection,image_family_8b515261cf3900934c8c4d8e,retain,readable; no cleaning exclusion,,,split_group_8b515261cf3900934c8c4d8e
Dogs/Fungal Infection in Dog/Image_87.png,8,8,Dog - Fungal Infection,image_family_5d3636bd03c66aecf6de9839,exclude_same_class_exact_duplicate,same-class exact RGB duplicate; retained representative Dogs/Fungal Infection in Dog/Image_10.jpg,,,split_group_5d3636bd03c66aecf6de9839
Dogs/Fungal Infection in Dog/Image_88.jpg,8,8,Dog - Fungal Infection,image_family_b86d6ba69973ca9905d00218,retain,readable; no cleaning exclusion,,,split_group_b86d6ba69973ca9905d00218
Dogs/Fungal Infection in Dog/Image_89.jpg,8,8,Dog - Fungal Infection,image_family_da6ea3e10f3a25d728a17d82,retain,readable; no cleaning exclusion,,,split_group_da6ea3e10f3a25d728a17d82
Dogs/Fungal Infection in Dog/Image_9.jpg,8,8,Dog - Fungal Infection,image_family_f657a0473eab35dee11fc6f5,exclude_same_class_exact_duplicate,same-class exact RGB duplicate; retained representative Dogs/Fungal Infection in Dog/Image_53.jpg,,,split_group_f657a0473eab35dee11fc6f5
Dogs/Fungal Infection in Dog/Image_9.png,8,8,Dog - Fungal Infection,image_family_fc2371836a487bbb9ed84b84,exclude_same_class_exact_duplicate,same-class exact RGB duplicate; retained representative Dogs/Fungal Infection in Dog/Image_10.png,,,split_group_fc2371836a487bbb9ed84b84
Dogs/Fungal Infection in Dog/Image_90.jpg,8,8,Dog - Fungal Infection,image_family_a657f3892e6f8e6466e0769f,retain,readable; no cleaning exclusion,,,split_group_a657f3892e6f8e6466e0769f
Dogs/Fungal Infection in Dog/Image_94.jpg,8,8,Dog - Fungal Infection,image_family_84fb6875ee8d25864d684e57,retain,readable; no cleaning exclusion,,,split_group_84fb6875ee8d25864d684e57
Dogs/Fungal Infection in Dog/Image_96.jpg,8,8,Dog - Fungal Infection,image_family_25b8a1245dea63bcfca89c58,retain,readable; no cleaning exclusion,,,split_group_25b8a1245dea63bcfca89c58
Dogs/Fungal Infection in Dog/Image_98.jpeg,8,8,Dog - Fungal Infection,image_family_9030beb7ac607951fd1c474c,retain,readable; no cleaning exclusion,,,split_group_9030beb7ac607951fd1c474c
Dogs/Fungal Infection in Dog/Image_98.jpg,8,8,Dog - Fungal Infection,image_family_cf9b676dd21df26f0a40496d,retain,readable; no cleaning exclusion,,,split_group_cf9b676dd21df26f0a40496d
Dogs/Fungal Infection in Dog/Image_99.jpg,8,8,Dog - Fungal Infection,image_family_e7c335f0c3f2809b327063ad,retain,readable; no cleaning exclusion,,,split_group_e7c335f0c3f2809b327063ad
Dogs/Fungal Infection in Dog/fung4_jpg.rf.SRzgtZ3ClF0sXjEqfBBI.jpg,8,8,Dog - Fungal Infection,image_family_f4a096d622eb46a042d6e3c0,retain,readable; no cleaning exclusion,,,split_group_f4a096d622eb46a042d6e3c0
Dogs/Fungal Infection in Dog/fung5_jpg.rf.iveTW7GGUo6NCCFT26cf.jpg,8,8,Dog - Fungal Infection,image_family_9b2a7dfd9a8f58b0176b598b,retain,readable; no cleaning exclusion,,,split_group_9b2a7dfd9a8f58b0176b598b
Dogs/Fungal Infection in Dog/fungal2_jpg.rf.AGuutYGLa02lS6Q8t5yo.jpg,8,8,Dog - Fungal Infection,image_family_cce5634d92b4c0c53b6ecd8d,retain,readable; no cleaning exclusion,,,split_group_cce5634d92b4c0c53b6ecd8d
Dogs/Fungal Infection in Dog/fungal3_jpg.rf.a0HiW6hAABfle3HvidIH.jpg,8,8,Dog - Fungal Infection,image_family_23fef4ee59bb2178f03a74a9,retain,readable; no cleaning exclusion,,,split_group_23fef4ee59bb2178f03a74a9
Dogs/Fungal Infection in Dog/pic24_jpg.rf.NgZbNSxcw4VlBVynu1hQ.jpg,8,8,Dog - Fungal Infection,image_family_d488706c502f96debaffabd4,retain,readable; no cleaning exclusion,,,split_group_d488706c502f96debaffabd4
Dogs/Fungal Infection in Dog/pic26_jpg.rf.0vanHPkBlLdtvBb5tCT8.jpg,8,8,Dog - Fungal Infection,image_family_13105cbdbe6386eac5fa89c1,retain,readable; no cleaning exclusion,,,split_group_13105cbdbe6386eac5fa89c1
Dogs/Fungal Infection in Dog/pic33_jpg.rf.Q3jzjuogqnFODP6pkI6B.jpg,8,8,Dog - Fungal Infection,image_family_adcf52062600628e3135f3eb,retain,readable; no cleaning exclusion,,,split_group_adcf52062600628e3135f3eb
Dogs/Fungal Infection in Dog/pic35_jpg.rf.USlgwxK8rkXh1tindC4O.jpg,8,8,Dog - Fungal Infection,image_family_902af251922f10e988ded61f,retain,readable; no cleaning exclusion,,,split_group_902af251922f10e988ded61f
Dogs/Fungal Infection in Dog/pic36_jpg.rf.bpxbIiq4mq5XzCqD67Yr.jpg,8,8,Dog - Fungal Infection,image_family_d1d03e4607fd6e7a3175c096,retain,readable; no cleaning exclusion,,,split_group_d1d03e4607fd6e7a3175c096
Dogs/Fungal Infection in Dog/pic54_jpg.rf.1JZ6mDmLir5mbXkEs4Gf.jpg,8,8,Dog - Fungal Infection,image_family_cff8276017611288e11e2b80,retain,readable; no cleaning exclusion,,,split_group_cff8276017611288e11e2b80
Dogs/Fungal Infection in Dog/pic76_jpg.rf.7m91QZKmJVfJIxt1sa4l.jpg,8,8,Dog - Fungal Infection,image_family_60b72ea190c69394c3ba3bbf,retain,readable; no cleaning exclusion,,,split_group_60b72ea190c69394c3ba3bbf
Dogs/Fungal Infection in Dog/pic80_jpg.rf.bvOaapa1N1y3NnQw21kd.jpg,8,8,Dog - Fungal Infection,image_family_2c869159e4d6ca589646488e,retain,readable; no cleaning exclusion,,,split_group_2c869159e4d6ca589646488e
Dogs/Fungal Infection in Dog/pic88_jpg.rf.4MilS85vOE6BqGdRWk4m.jpg,8,8,Dog - Fungal Infection,image_family_1613fe0b5ef3a53ea7001b32,retain,readable; no cleaning exclusion,,,split_group_1613fe0b5ef3a53ea7001b32
Dogs/Fungal Infection in Dog/pic89_jpg.rf.gji3hSE14LWp9ijwbwuy.jpg,8,8,Dog - Fungal Infection,image_family_ff142ad8852fc91a0124ace4,retain,readable; no cleaning exclusion,,,split_group_ff142ad8852fc91a0124ace4
Dogs/Fungal Infection in Dog/pic89_jpg.rf.zyCn9uBlvM3JR9a5j0Wu.jpg,8,8,Dog - Fungal Infection,image_family_ff142ad8852fc91a0124ace4,exclude_additional_source_family_member,one source-family representative policy; retained Dogs/Fungal Infection in Dog/pic89_jpg.rf.gji3hSE14LWp9ijwbwuy.jpg; original/animal identity not verified,,,split_group_ff142ad8852fc91a0124ace4
Dogs/Fungal Infection in Dog/pic90_jpg.rf.4Fyape4vfYnJGwNbdC5v.jpg,8,8,Dog - Fungal Infection,image_family_fd3efc077359139b4246d50b,retain,readable; no cleaning exclusion,,,split_group_fd3efc077359139b4246d50b
Dogs/Fungal Infection in Dog/pic90_jpg.rf.5b4FdC8r9YPpaYizmwmB.jpg,8,8,Dog - Fungal Infection,image_family_fd3efc077359139b4246d50b,exclude_additional_source_family_member,one source-family representative policy; retained Dogs/Fungal Infection in Dog/pic90_jpg.rf.4Fyape4vfYnJGwNbdC5v.jpg; original/animal identity not verified,,,split_group_fd3efc077359139b4246d50b
Dogs/Hot Spots in Dog/10_jpg.rf.VEVeNUb292cjDY0yh5an.jpg,9,9,Dog - Hot Spots,image_family_2c04e7ab8a28c60853fb8c40,retain,readable; no cleaning exclusion,,,split_group_2c04e7ab8a28c60853fb8c40
Dogs/Hot Spots in Dog/11_jpeg.rf.DaZYKBW8YEj6oEr2pWvI.jpeg,9,9,Dog - Hot Spots,image_family_bc65cd8edafa433736b9c5cf,retain,readable; no cleaning exclusion,,,split_group_bc65cd8edafa433736b9c5cf
Dogs/Hot Spots in Dog/12_jpeg.rf.3rN4F1b3PQHnjNUnvukr.jpeg,9,9,Dog - Hot Spots,image_family_dace70d56278e6c1e0e242a9,retain,readable; no cleaning exclusion,,,split_group_dace70d56278e6c1e0e242a9
Dogs/Hot Spots in Dog/13_jpeg.rf.noTN4geONEefX9M06ssc.jpeg,9,9,Dog - Hot Spots,image_family_89718919888aa43d55e55a64,retain,readable; no cleaning exclusion,,,split_group_89718919888aa43d55e55a64
Dogs/Hot Spots in Dog/14_jpeg.rf.UlVfvaNB6yJ2UFUK3kmf.jpeg,9,9,Dog - Hot Spots,image_family_4eb4999374cf4e3cc05b9c16,retain,readable; no cleaning exclusion,,,split_group_4eb4999374cf4e3cc05b9c16
Dogs/Hot Spots in Dog/16_jpg.rf.cYa4Kc7AxwarxJMA1FrG.jpg,9,9,Dog - Hot Spots,image_family_043f7f567b03dad578897f39,retain,readable; no cleaning exclusion,,,split_group_46c25957820f4405ceb6872c
Dogs/Hot Spots in Dog/17_jpg.rf.71qCPv1eynaXnsYwPwMo.jpg,9,9,Dog - Hot Spots,image_family_e253f3e119fc0780fa33e74d,retain,readable; no cleaning exclusion,,,split_group_e253f3e119fc0780fa33e74d
Dogs/Hot Spots in Dog/19_jpeg.rf.0GJ3Zaj7JASKipqMJ4Fv.jpeg,9,9,Dog - Hot Spots,image_family_31da394d7f2d88fc00ab1c18,retain,readable; no cleaning exclusion,,,split_group_31da394d7f2d88fc00ab1c18
Dogs/Hot Spots in Dog/20_jpeg.rf.AQsmzxe9fM4J876g5sle.jpeg,9,9,Dog - Hot Spots,image_family_8e0956bdb032ec89e24f2b7f,retain,readable; no cleaning exclusion,,,split_group_8e0956bdb032ec89e24f2b7f
Dogs/Hot Spots in Dog/21c_jpg.rf.cxYDASd7RYCZJqA2EDe2.jpg,9,9,Dog - Hot Spots,image_family_c357aaea6c5f7e795210e5fd,retain,readable; no cleaning exclusion,,,split_group_c357aaea6c5f7e795210e5fd
Dogs/Hot Spots in Dog/22c_jpg.rf.uOOLQ59B0j14hndq6Nio.jpg,9,9,Dog - Hot Spots,image_family_1c0eebcaa0f738f1e5ed28ee,retain,readable; no cleaning exclusion,,,split_group_1c0eebcaa0f738f1e5ed28ee
Dogs/Hot Spots in Dog/23c_jpg.rf.Yb1Cx39mBO5AvdFMZyfd.jpg,9,9,Dog - Hot Spots,image_family_edbb7fd079ed0e6d4bef0480,retain,readable; no cleaning exclusion,,,split_group_edbb7fd079ed0e6d4bef0480
Dogs/Hot Spots in Dog/25_jpg.rf.dYOBoZCUFyDsk1FTanDG.jpg,9,9,Dog - Hot Spots,image_family_0585a997c960b9eb5204bdc6,retain,readable; no cleaning exclusion,,,split_group_0585a997c960b9eb5204bdc6
Dogs/Hot Spots in Dog/26_jpg.rf.eYoTX5RmXemgUOQ33nWb.jpg,9,9,Dog - Hot Spots,image_family_58dff8e56f5cbf660065322a,retain,readable; no cleaning exclusion,,,split_group_58dff8e56f5cbf660065322a
Dogs/Hot Spots in Dog/27c_jpg.rf.j7KBYUDlWH0N9NGl6X53.jpg,9,9,Dog - Hot Spots,image_family_a136d621df3bbd50060b977d,retain,readable; no cleaning exclusion,,,split_group_a136d621df3bbd50060b977d
Dogs/Hot Spots in Dog/28c_jpg.rf.V5zSHN5LUGS861ebSzrI.jpg,9,9,Dog - Hot Spots,image_family_ea84ba5f3bdb2e43dcedf4a0,retain,readable; no cleaning exclusion,,,split_group_ea84ba5f3bdb2e43dcedf4a0
Dogs/Hot Spots in Dog/29c_jpg.rf.PnXateBnooQLalm7iPGx.jpg,9,9,Dog - Hot Spots,image_family_fbac3edbf025171e32000ab6,retain,readable; no cleaning exclusion,,,split_group_fbac3edbf025171e32000ab6
Dogs/Hot Spots in Dog/2_jpg.rf.cRa8sjsVUWOUD8R3mgJb.jpg,9,9,Dog - Hot Spots,image_family_20d8cf16a37e228afca1b262,retain,readable; no cleaning exclusion,,,split_group_20d8cf16a37e228afca1b262
Dogs/Hot Spots in Dog/30_jpg.rf.vleJb5GrvHUlb0JeKG2Y.jpg,9,9,Dog - Hot Spots,image_family_a20106a83c3f9b66b4a8c624,retain,readable; no cleaning exclusion,,,split_group_a20106a83c3f9b66b4a8c624
Dogs/Hot Spots in Dog/31c_jpg.rf.0gOfT4R9fj3ZhTFyJ7ad.jpg,9,9,Dog - Hot Spots,image_family_227c0de6b10f5901f2ea1680,retain,readable; no cleaning exclusion,,,split_group_227c0de6b10f5901f2ea1680
Dogs/Hot Spots in Dog/32_jpeg.rf.RRHaOcTl4HggNiRfS5oz.jpeg,9,9,Dog - Hot Spots,image_family_ae59739c934df94a6f500901,retain,readable; no cleaning exclusion,,,split_group_a9adb1a9a3424885f221787d
Dogs/Hot Spots in Dog/33c_jpg.rf.UoVhXVVQJPwpe3OQehRq.jpg,9,9,Dog - Hot Spots,image_family_55e06cdb94eeeb99062a13c8,retain,readable; no cleaning exclusion,,,split_group_55e06cdb94eeeb99062a13c8
Dogs/Hot Spots in Dog/34_jpeg.rf.BmlYLyFdyJDAh9Iz9sxT.jpeg,9,9,Dog - Hot Spots,image_family_667e630fb8d20b0ca9938220,retain,readable; no cleaning exclusion,,,split_group_667e630fb8d20b0ca9938220
Dogs/Hot Spots in Dog/35_jpeg.rf.fwnqYNWfJjf8al3pIFP4.jpeg,9,9,Dog - Hot Spots,image_family_c4103f4fc198c06c44f76d03,retain,readable; no cleaning exclusion,,,split_group_c4103f4fc198c06c44f76d03
Dogs/Hot Spots in Dog/36_jpeg.rf.Z3S9ukMWFKRVSrQkkRHl.jpeg,9,9,Dog - Hot Spots,image_family_d3ab895165f2382725ee223d,retain,readable; no cleaning exclusion,,,split_group_d3ab895165f2382725ee223d
Dogs/Hot Spots in Dog/37_jpeg.rf.oEjkRPEPiPAod1nQzZOJ.jpeg,9,9,Dog - Hot Spots,image_family_d17dc12264593d326acd542d,retain,readable; no cleaning exclusion,,,split_group_d17dc12264593d326acd542d
Dogs/Hot Spots in Dog/38_jpg.rf.9uS4dg87b31T5UMLDRWn.jpg,9,9,Dog - Hot Spots,image_family_f5e8bfabadf86120ffde1730,retain,readable; no cleaning exclusion,,,split_group_f5e8bfabadf86120ffde1730
Dogs/Hot Spots in Dog/39c_jpg.rf.AURTG5uBaKBRkRa2msA5.jpg,9,9,Dog - Hot Spots,image_family_ef1d5c4af182b689a4f2d863,retain,readable; no cleaning exclusion,,,split_group_ef1d5c4af182b689a4f2d863
Dogs/Hot Spots in Dog/3c_jpg.rf.uvFIlOhSIQMuYF87IL94.jpg,9,9,Dog - Hot Spots,image_family_4317314cdc6f09e21ac0569e,retain,readable; no cleaning exclusion,,,split_group_4317314cdc6f09e21ac0569e
Dogs/Hot Spots in Dog/40_jpg.rf.9DPsenvHpuD1Z7W0VWSe.jpg,9,9,Dog - Hot Spots,image_family_214ba7e37f1d902f776c225c,retain,readable; no cleaning exclusion,,,split_group_214ba7e37f1d902f776c225c
Dogs/Hot Spots in Dog/4c_jpg.rf.4DIQFvhaYDyvYScQasPi.jpg,9,9,Dog - Hot Spots,image_family_ab961ed7de8466a6c8e4d87d,retain,readable; no cleaning exclusion,,,split_group_a9adb1a9a3424885f221787d
Dogs/Hot Spots in Dog/5c_jpg.rf.58IiTEK9t4vYBPNnS6bZ.jpg,9,9,Dog - Hot Spots,image_family_821a87378bcb9ec012353704,retain,readable; no cleaning exclusion,,,split_group_821a87378bcb9ec012353704
Dogs/Hot Spots in Dog/6c_jpg.rf.dychhaHMkhWQoARlaZ4t.jpg,9,9,Dog - Hot Spots,image_family_542e5f6e474b8b512132ee32,retain,readable; no cleaning exclusion,,,split_group_542e5f6e474b8b512132ee32
Dogs/Hot Spots in Dog/7c_jpg.rf.TjQDwYmZjimYczYE9N0Z.jpg,9,9,Dog - Hot Spots,image_family_cc9d259b61ed2e3cc11f5aae,retain,readable; no cleaning exclusion,,,split_group_cc9d259b61ed2e3cc11f5aae
Dogs/Hot Spots in Dog/8c_jpg.rf.AWNYq6tCge4vNVXyrIcu.jpg,9,9,Dog - Hot Spots,image_family_a694624103c415e5c79b336b,retain,readable; no cleaning exclusion,,,split_group_a694624103c415e5c79b336b
Dogs/Hot Spots in Dog/Image_1.jpg,9,9,Dog - Hot Spots,image_family_5b74dcad1900e05a07c5336f,retain,readable; no cleaning exclusion,,,split_group_5b74dcad1900e05a07c5336f
Dogs/Hot Spots in Dog/Image_10.jpg,9,9,Dog - Hot Spots,image_family_68d03d5afe38026e5099a5fc,retain,readable; no cleaning exclusion,,,split_group_68d03d5afe38026e5099a5fc
Dogs/Hot Spots in Dog/Image_10_jpg.rf.Y0aZqvJVACh1rkQyXvfr.jpg,9,9,Dog - Hot Spots,image_family_68d03d5afe38026e5099a5fc,exclude_same_class_exact_duplicate,same-class exact RGB duplicate; retained representative Dogs/Hot Spots in Dog/Image_10.jpg,,,split_group_68d03d5afe38026e5099a5fc
Dogs/Hot Spots in Dog/Image_11.jpg,9,9,Dog - Hot Spots,image_family_d29c67194a555df19e9606a4,retain,readable; no cleaning exclusion,,,split_group_d29c67194a555df19e9606a4
Dogs/Hot Spots in Dog/Image_11_jpg.rf.GWdt4JahHfqR5RcMyU8d.jpg,9,9,Dog - Hot Spots,image_family_d29c67194a555df19e9606a4,exclude_same_class_exact_duplicate,same-class exact RGB duplicate; retained representative Dogs/Hot Spots in Dog/Image_11.jpg,,,split_group_d29c67194a555df19e9606a4
Dogs/Hot Spots in Dog/Image_12.jpg,9,9,Dog - Hot Spots,image_family_b67e5e4e9655c8cc3a1fb26f,retain,readable; no cleaning exclusion,,,split_group_b67e5e4e9655c8cc3a1fb26f
Dogs/Hot Spots in Dog/Image_12_jpg.rf.8TbzSpXfanQL0fooHsIX.jpg,9,9,Dog - Hot Spots,image_family_b67e5e4e9655c8cc3a1fb26f,exclude_same_class_exact_duplicate,same-class exact RGB duplicate; retained representative Dogs/Hot Spots in Dog/Image_12.jpg,,,split_group_b67e5e4e9655c8cc3a1fb26f
Dogs/Hot Spots in Dog/Image_14.jpg,9,9,Dog - Hot Spots,image_family_51a340906c99d94b04e4c77a,retain,readable; no cleaning exclusion,,,split_group_51a340906c99d94b04e4c77a
Dogs/Hot Spots in Dog/Image_14_jpg.rf.s0jJ1lq2qhZOlpb0Lc2C.jpg,9,9,Dog - Hot Spots,image_family_51a340906c99d94b04e4c77a,exclude_same_class_exact_duplicate,same-class exact RGB duplicate; retained representative Dogs/Hot Spots in Dog/Image_14.jpg,,,split_group_51a340906c99d94b04e4c77a
Dogs/Hot Spots in Dog/Image_15.jpg,9,9,Dog - Hot Spots,image_family_24536a439a6b63c3457140b6,retain,readable; no cleaning exclusion,,,split_group_24536a439a6b63c3457140b6
Dogs/Hot Spots in Dog/Image_16.jpg,9,9,Dog - Hot Spots,image_family_3ebb593b01a843fe9c0be70d,retain,readable; no cleaning exclusion,,,split_group_3ebb593b01a843fe9c0be70d
Dogs/Hot Spots in Dog/Image_16_jpg.rf.4YiGCQ2G76mV5B1YtEZ4.jpg,9,9,Dog - Hot Spots,image_family_3ebb593b01a843fe9c0be70d,exclude_same_class_exact_duplicate,same-class exact RGB duplicate; retained representative Dogs/Hot Spots in Dog/Image_16.jpg,,,split_group_3ebb593b01a843fe9c0be70d
Dogs/Hot Spots in Dog/Image_18.jpg,9,9,Dog - Hot Spots,image_family_5000b1de50f80b1b8f04370c,retain,readable; no cleaning exclusion,,,split_group_5000b1de50f80b1b8f04370c
Dogs/Hot Spots in Dog/Image_19.jpg,9,9,Dog - Hot Spots,image_family_4d0d9897fc0db7bb2cd6b606,retain,readable; no cleaning exclusion,,,split_group_4d0d9897fc0db7bb2cd6b606
Dogs/Hot Spots in Dog/Image_19_jpg.rf.tKYLU5YbnOgCJAYeGzQY.jpg,9,9,Dog - Hot Spots,image_family_4d0d9897fc0db7bb2cd6b606,exclude_same_class_exact_duplicate,same-class exact RGB duplicate; retained representative Dogs/Hot Spots in Dog/Image_19.jpg,,,split_group_4d0d9897fc0db7bb2cd6b606
Dogs/Hot Spots in Dog/Image_1_jpg.rf.OytkwpABWY9oaidRsDQL.jpg,9,9,Dog - Hot Spots,image_family_5b74dcad1900e05a07c5336f,exclude_same_class_exact_duplicate,same-class exact RGB duplicate; retained representative Dogs/Hot Spots in Dog/Image_1.jpg,,,split_group_5b74dcad1900e05a07c5336f
Dogs/Hot Spots in Dog/Image_2.jpeg,9,9,Dog - Hot Spots,image_family_a39582d26c3680b16848426b,retain,readable; no cleaning exclusion,,,split_group_a39582d26c3680b16848426b
Dogs/Hot Spots in Dog/Image_2.jpg,9,9,Dog - Hot Spots,image_family_a39582d26c3680b16848426b,exclude_additional_source_family_member,one source-family representative policy; retained Dogs/Hot Spots in Dog/Image_2.jpeg; original/animal identity not verified,,,split_group_a39582d26c3680b16848426b
Dogs/Hot Spots in Dog/Image_21.jpg,9,9,Dog - Hot Spots,image_family_ab88b66bb688f578136e784b,retain,readable; no cleaning exclusion,,,split_group_ab88b66bb688f578136e784b
Dogs/Hot Spots in Dog/Image_22.jpg,9,9,Dog - Hot Spots,image_family_72312ef7a68a1ddd4412c29e,retain,readable; no cleaning exclusion,,,split_group_72312ef7a68a1ddd4412c29e
Dogs/Hot Spots in Dog/Image_22_jpg.rf.GNkLccEk4IvIoHG4kC1w.jpg,9,9,Dog - Hot Spots,image_family_72312ef7a68a1ddd4412c29e,exclude_same_class_exact_duplicate,same-class exact RGB duplicate; retained representative Dogs/Hot Spots in Dog/Image_22.jpg,,,split_group_72312ef7a68a1ddd4412c29e
Dogs/Hot Spots in Dog/Image_23.jpg,9,9,Dog - Hot Spots,image_family_3844127fe4e9e8ef78a2e358,retain,readable; no cleaning exclusion,,,split_group_3844127fe4e9e8ef78a2e358
Dogs/Hot Spots in Dog/Image_23_jpg.rf.jYT243An9LsrRK93tnHN.jpg,9,9,Dog - Hot Spots,image_family_3844127fe4e9e8ef78a2e358,exclude_same_class_exact_duplicate,same-class exact RGB duplicate; retained representative Dogs/Hot Spots in Dog/Image_23.jpg,,,split_group_3844127fe4e9e8ef78a2e358
Dogs/Hot Spots in Dog/Image_24.jpg,9,9,Dog - Hot Spots,image_family_3844127fe4e9e8ef78a2e358,exclude_same_class_exact_duplicate,same-class exact RGB duplicate; retained representative Dogs/Hot Spots in Dog/Image_23.jpg,,,split_group_3844127fe4e9e8ef78a2e358
Dogs/Hot Spots in Dog/Image_25.jpg,9,9,Dog - Hot Spots,image_family_6e4e1eb810bf15ce87b8c1a0,retain,readable; no cleaning exclusion,,,split_group_6e4e1eb810bf15ce87b8c1a0
Dogs/Hot Spots in Dog/Image_25_jpg.rf.2aOJAw2TOAMpKH0ecCDy.jpg,9,9,Dog - Hot Spots,image_family_6e4e1eb810bf15ce87b8c1a0,exclude_same_class_exact_duplicate,same-class exact RGB duplicate; retained representative Dogs/Hot Spots in Dog/Image_25.jpg,,,split_group_6e4e1eb810bf15ce87b8c1a0
Dogs/Hot Spots in Dog/Image_26.jpg,9,9,Dog - Hot Spots,image_family_fe628256ab9e2c02be6648cf,retain,readable; no cleaning exclusion,,,split_group_fe628256ab9e2c02be6648cf
Dogs/Hot Spots in Dog/Image_26_jpg.rf.Y1kyqLWc0AgERYvYryJJ.jpg,9,9,Dog - Hot Spots,image_family_fe628256ab9e2c02be6648cf,exclude_same_class_exact_duplicate,same-class exact RGB duplicate; retained representative Dogs/Hot Spots in Dog/Image_26.jpg,,,split_group_fe628256ab9e2c02be6648cf
Dogs/Hot Spots in Dog/Image_27.jpg,9,9,Dog - Hot Spots,image_family_735c19996d11a855e86cc39a,retain,readable; no cleaning exclusion,,,split_group_735c19996d11a855e86cc39a
Dogs/Hot Spots in Dog/Image_27_jpg.rf.kHPAQMBCZRFe517pRqwY.jpg,9,9,Dog - Hot Spots,image_family_735c19996d11a855e86cc39a,exclude_same_class_exact_duplicate,same-class exact RGB duplicate; retained representative Dogs/Hot Spots in Dog/Image_27.jpg,,,split_group_735c19996d11a855e86cc39a
Dogs/Hot Spots in Dog/Image_29.jpg,9,9,Dog - Hot Spots,image_family_666b5af7651771cfa1f7b872,retain,readable; no cleaning exclusion,,,split_group_666b5af7651771cfa1f7b872
Dogs/Hot Spots in Dog/Image_2_jpeg.rf.ldV3Oa7mDIV4cYZZJ1qE.jpeg,9,9,Dog - Hot Spots,image_family_a39582d26c3680b16848426b,exclude_same_class_exact_duplicate,same-class exact RGB duplicate; retained representative Dogs/Hot Spots in Dog/Image_2.jpeg,,,split_group_a39582d26c3680b16848426b
Dogs/Hot Spots in Dog/Image_2_jpg.rf.Y0g4SaE33ReVknZFoMb6.jpg,9,9,Dog - Hot Spots,image_family_a39582d26c3680b16848426b,exclude_same_class_exact_duplicate,same-class exact RGB duplicate; retained representative Dogs/Hot Spots in Dog/Image_2.jpg,,,split_group_a39582d26c3680b16848426b
Dogs/Hot Spots in Dog/Image_3.jpeg,9,9,Dog - Hot Spots,image_family_a39582d26c3680b16848426b,exclude_same_class_exact_duplicate,same-class exact RGB duplicate; retained representative Dogs/Hot Spots in Dog/Image_2.jpeg,,,split_group_a39582d26c3680b16848426b
Dogs/Hot Spots in Dog/Image_3.jpg,9,9,Dog - Hot Spots,image_family_a39582d26c3680b16848426b,exclude_same_class_exact_duplicate,same-class exact RGB duplicate; retained representative Dogs/Hot Spots in Dog/Image_2.jpg,,,split_group_a39582d26c3680b16848426b
Dogs/Hot Spots in Dog/Image_31.jpg,9,9,Dog - Hot Spots,image_family_34aab18fe4ddad92fac13eb8,retain,readable; no cleaning exclusion,,,split_group_4bc31070a5525217dab91ac0
Dogs/Hot Spots in Dog/Image_31_jpg.rf.fJTht98urKlU9z1AJJou.jpg,9,9,Dog - Hot Spots,image_family_34aab18fe4ddad92fac13eb8,exclude_same_class_exact_duplicate,same-class exact RGB duplicate; retained representative Dogs/Hot Spots in Dog/Image_31.jpg,,,split_group_4bc31070a5525217dab91ac0
Dogs/Hot Spots in Dog/Image_32.jpg,9,9,Dog - Hot Spots,image_family_ef5deef1f93e9280376ce6a8,retain,readable; no cleaning exclusion,,,split_group_ef5deef1f93e9280376ce6a8
Dogs/Hot Spots in Dog/Image_33.jpg,9,9,Dog - Hot Spots,image_family_f14a4be95796323752f4b138,retain,readable; no cleaning exclusion,,,split_group_f14a4be95796323752f4b138
Dogs/Hot Spots in Dog/Image_33_jpg.rf.fLwvc5KMqxfC1OUqYwNu.jpg,9,9,Dog - Hot Spots,image_family_f14a4be95796323752f4b138,exclude_same_class_exact_duplicate,same-class exact RGB duplicate; retained representative Dogs/Hot Spots in Dog/Image_33.jpg,,,split_group_f14a4be95796323752f4b138
Dogs/Hot Spots in Dog/Image_34.jpg,9,9,Dog - Hot Spots,image_family_d020c7be8e77f05fd76949e6,retain,readable; no cleaning exclusion,,,split_group_d020c7be8e77f05fd76949e6
Dogs/Hot Spots in Dog/Image_36.jpg,9,9,Dog - Hot Spots,image_family_39b8aa8b24dc1922ac4aebf4,retain,readable; no cleaning exclusion,,,split_group_39b8aa8b24dc1922ac4aebf4
Dogs/Hot Spots in Dog/Image_36_jpg.rf.jNQFoJa4qrwTgnKAAjFy.jpg,9,9,Dog - Hot Spots,image_family_39b8aa8b24dc1922ac4aebf4,exclude_same_class_exact_duplicate,same-class exact RGB duplicate; retained representative Dogs/Hot Spots in Dog/Image_36.jpg,,,split_group_39b8aa8b24dc1922ac4aebf4
Dogs/Hot Spots in Dog/Image_37.jpg,9,9,Dog - Hot Spots,image_family_35d114cbd5b58a548a26b1cb,retain,readable; no cleaning exclusion,,,split_group_4bc31070a5525217dab91ac0
Dogs/Hot Spots in Dog/Image_37_jpg.rf.azVOUrHGXbwXL7R4wxPG.jpg,9,9,Dog - Hot Spots,image_family_35d114cbd5b58a548a26b1cb,exclude_same_class_exact_duplicate,same-class exact RGB duplicate; retained representative Dogs/Hot Spots in Dog/Image_37.jpg,,,split_group_4bc31070a5525217dab91ac0
Dogs/Hot Spots in Dog/Image_38.jpg,9,9,Dog - Hot Spots,image_family_bd5061d0fbae7ea738ab6bff,retain,readable; no cleaning exclusion,,,split_group_bd5061d0fbae7ea738ab6bff
Dogs/Hot Spots in Dog/Image_38_jpg.rf.GzVWrfigh7AWQhzBUCxc.jpg,9,9,Dog - Hot Spots,image_family_bd5061d0fbae7ea738ab6bff,exclude_same_class_exact_duplicate,same-class exact RGB duplicate; retained representative Dogs/Hot Spots in Dog/Image_38.jpg,,,split_group_bd5061d0fbae7ea738ab6bff
Dogs/Hot Spots in Dog/Image_39.jpg,9,9,Dog - Hot Spots,image_family_2bfbe2774c676cc845143713,retain,readable; no cleaning exclusion,,,split_group_2bfbe2774c676cc845143713
Dogs/Hot Spots in Dog/Image_39_jpg.rf.84kZ4JsGeKGwdKe8FbRZ.jpg,9,9,Dog - Hot Spots,image_family_2bfbe2774c676cc845143713,exclude_same_class_exact_duplicate,same-class exact RGB duplicate; retained representative Dogs/Hot Spots in Dog/Image_39.jpg,,,split_group_2bfbe2774c676cc845143713
Dogs/Hot Spots in Dog/Image_4.jpg,9,9,Dog - Hot Spots,image_family_e8b25578c92790a832a33c6a,retain,readable; no cleaning exclusion,,,split_group_e8b25578c92790a832a33c6a
Dogs/Hot Spots in Dog/Image_40.jpg,9,9,Dog - Hot Spots,image_family_6989ebb6ab0b0986fabbdb12,retain,readable; no cleaning exclusion,,,split_group_6989ebb6ab0b0986fabbdb12
Dogs/Hot Spots in Dog/Image_41.jpg,9,9,Dog - Hot Spots,image_family_b67e5e4e9655c8cc3a1fb26f,exclude_same_class_exact_duplicate,same-class exact RGB duplicate; retained representative Dogs/Hot Spots in Dog/Image_12.jpg,,,split_group_b67e5e4e9655c8cc3a1fb26f
Dogs/Hot Spots in Dog/Image_42.jpg,9,9,Dog - Hot Spots,image_family_ba2a1c7898a76fb61277a3d8,retain,readable; no cleaning exclusion,,,split_group_ba2a1c7898a76fb61277a3d8
Dogs/Hot Spots in Dog/Image_43.jpg,9,9,Dog - Hot Spots,image_family_0b9b61a8385c9caa7656ed4d,retain,readable; no cleaning exclusion,,,split_group_0b9b61a8385c9caa7656ed4d
Dogs/Hot Spots in Dog/Image_44.jpg,9,9,Dog - Hot Spots,image_family_ea8a95ba78ee109798081cf7,retain,readable; no cleaning exclusion,,,split_group_ea8a95ba78ee109798081cf7
Dogs/Hot Spots in Dog/Image_45.jpg,9,9,Dog - Hot Spots,image_family_0da1c42189e40df613bb4e10,retain,readable; no cleaning exclusion,,,split_group_0da1c42189e40df613bb4e10
Dogs/Hot Spots in Dog/Image_45_jpg.rf.mDztZlvYJ4AqW0vr6z96.jpg,9,9,Dog - Hot Spots,image_family_0da1c42189e40df613bb4e10,exclude_same_class_exact_duplicate,same-class exact RGB duplicate; retained representative Dogs/Hot Spots in Dog/Image_45.jpg,,,split_group_0da1c42189e40df613bb4e10
Dogs/Hot Spots in Dog/Image_46.jpg,9,9,Dog - Hot Spots,image_family_b169765dd90a8e399e13af4a,retain,readable; no cleaning exclusion,,,split_group_b169765dd90a8e399e13af4a
Dogs/Hot Spots in Dog/Image_46_jpg.rf.xRWZe4ZlerwR4B8cH4DD.jpg,9,9,Dog - Hot Spots,image_family_b169765dd90a8e399e13af4a,exclude_same_class_exact_duplicate,same-class exact RGB duplicate; retained representative Dogs/Hot Spots in Dog/Image_46.jpg,,,split_group_b169765dd90a8e399e13af4a
Dogs/Hot Spots in Dog/Image_47.jpg,9,9,Dog - Hot Spots,image_family_0da1c42189e40df613bb4e10,exclude_same_class_exact_duplicate,same-class exact RGB duplicate; retained representative Dogs/Hot Spots in Dog/Image_45.jpg,,,split_group_0da1c42189e40df613bb4e10
Dogs/Hot Spots in Dog/Image_47.png,9,9,Dog - Hot Spots,image_family_0da1c42189e40df613bb4e10,exclude_additional_source_family_member,one source-family representative policy; retained Dogs/Hot Spots in Dog/Image_45.jpg; original/animal identity not verified,,,split_group_0da1c42189e40df613bb4e10
Dogs/Hot Spots in Dog/Image_47_png.rf.TaYjt58gev9vRpDxuEAo.png,9,9,Dog - Hot Spots,image_family_0da1c42189e40df613bb4e10,exclude_same_class_exact_duplicate,same-class exact RGB duplicate; retained representative Dogs/Hot Spots in Dog/Image_47.png,,,split_group_0da1c42189e40df613bb4e10
Dogs/Hot Spots in Dog/Image_48.jpg,9,9,Dog - Hot Spots,image_family_6600ba14a04b357291f9b191,retain,readable; no cleaning exclusion,,,split_group_6600ba14a04b357291f9b191
Dogs/Hot Spots in Dog/Image_49.jpg,9,9,Dog - Hot Spots,image_family_ab926db46c466c6f83faeff1,retain,readable; no cleaning exclusion,,,split_group_ab926db46c466c6f83faeff1
Dogs/Hot Spots in Dog/Image_49.png,9,9,Dog - Hot Spots,image_family_0da1c42189e40df613bb4e10,exclude_same_class_exact_duplicate,same-class exact RGB duplicate; retained representative Dogs/Hot Spots in Dog/Image_47.png,,,split_group_0da1c42189e40df613bb4e10
Dogs/Hot Spots in Dog/Image_4_jpg.rf.OaiQUz8IxY48imfT2fNA.jpg,9,9,Dog - Hot Spots,image_family_e8b25578c92790a832a33c6a,exclude_same_class_exact_duplicate,same-class exact RGB duplicate; retained representative Dogs/Hot Spots in Dog/Image_4.jpg,,,split_group_e8b25578c92790a832a33c6a
Dogs/Hot Spots in Dog/Image_5.jpg,9,9,Dog - Hot Spots,image_family_e8b25578c92790a832a33c6a,exclude_same_class_exact_duplicate,same-class exact RGB duplicate; retained representative Dogs/Hot Spots in Dog/Image_4.jpg,,,split_group_e8b25578c92790a832a33c6a
Dogs/Hot Spots in Dog/Image_5.png,9,9,Dog - Hot Spots,image_family_e8b25578c92790a832a33c6a,exclude_additional_source_family_member,one source-family representative policy; retained Dogs/Hot Spots in Dog/Image_4.jpg; original/animal identity not verified,,,split_group_e8b25578c92790a832a33c6a
Dogs/Hot Spots in Dog/Image_50.jpg,9,9,Dog - Hot Spots,image_family_f9002f74cbe891bb03c40491,retain,readable; no cleaning exclusion,,,split_group_f9002f74cbe891bb03c40491
Dogs/Hot Spots in Dog/Image_50_jpg.rf.YiOUrWGyPvqFMHqD9dkR.jpg,9,9,Dog - Hot Spots,image_family_f9002f74cbe891bb03c40491,exclude_same_class_exact_duplicate,same-class exact RGB duplicate; retained representative Dogs/Hot Spots in Dog/Image_50.jpg,,,split_group_f9002f74cbe891bb03c40491
Dogs/Hot Spots in Dog/Image_51.jpg,9,9,Dog - Hot Spots,image_family_cd12d75930a3524446238692,retain,readable; no cleaning exclusion,,,split_group_cd12d75930a3524446238692
Dogs/Hot Spots in Dog/Image_51_jpg.rf.NByd0FUlf2AJSJJgjZqs.jpg,9,9,Dog - Hot Spots,image_family_cd12d75930a3524446238692,exclude_same_class_exact_duplicate,same-class exact RGB duplicate; retained representative Dogs/Hot Spots in Dog/Image_51.jpg,,,split_group_cd12d75930a3524446238692
Dogs/Hot Spots in Dog/Image_52.png,9,9,Dog - Hot Spots,image_family_62a62a8e9a25f9d7ae9dfea5,retain,readable; no cleaning exclusion,,,split_group_62a62a8e9a25f9d7ae9dfea5
Dogs/Hot Spots in Dog/Image_53.jpg,9,9,Dog - Hot Spots,image_family_ccae40c8f3928a065fdc570c,retain,readable; no cleaning exclusion,,,split_group_ccae40c8f3928a065fdc570c
Dogs/Hot Spots in Dog/Image_54.jpg,9,9,Dog - Hot Spots,image_family_043f7f567b03dad578897f39,exclude_same_class_exact_duplicate,same-class exact RGB duplicate; retained representative Dogs/Hot Spots in Dog/16_jpg.rf.cYa4Kc7AxwarxJMA1FrG.jpg,,,split_group_46c25957820f4405ceb6872c
Dogs/Hot Spots in Dog/Image_55.jpg,9,9,Dog - Hot Spots,image_family_73aea38081fc7ce295969e25,retain,readable; no cleaning exclusion,,,split_group_73aea38081fc7ce295969e25
Dogs/Hot Spots in Dog/Image_55_jpg.rf.758cW1gC1FnBBqQc55iB.jpg,9,9,Dog - Hot Spots,image_family_73aea38081fc7ce295969e25,exclude_same_class_exact_duplicate,same-class exact RGB duplicate; retained representative Dogs/Hot Spots in Dog/Image_55.jpg,,,split_group_73aea38081fc7ce295969e25
Dogs/Hot Spots in Dog/Image_57.jpg,9,9,Dog - Hot Spots,image_family_e8e11d46ea4f82f6644b268f,retain,readable; no cleaning exclusion,,,split_group_e8e11d46ea4f82f6644b268f
Dogs/Hot Spots in Dog/Image_58.jpg,9,9,Dog - Hot Spots,image_family_a017814c23a4d8ec765fa69c,retain,readable; no cleaning exclusion,,,split_group_a017814c23a4d8ec765fa69c
Dogs/Hot Spots in Dog/Image_58_jpg.rf.E4yFwgGLhWHJOo8RiUlj.jpg,9,9,Dog - Hot Spots,image_family_a017814c23a4d8ec765fa69c,exclude_same_class_exact_duplicate,same-class exact RGB duplicate; retained representative Dogs/Hot Spots in Dog/Image_58.jpg,,,split_group_a017814c23a4d8ec765fa69c
Dogs/Hot Spots in Dog/Image_59.jpg,9,9,Dog - Hot Spots,image_family_a452ce3557b5aed2b4b7767c,retain,readable; no cleaning exclusion,,,split_group_a452ce3557b5aed2b4b7767c
Dogs/Hot Spots in Dog/Image_59_jpg.rf.sljRKMIBFxPgwsL27K59.jpg,9,9,Dog - Hot Spots,image_family_a452ce3557b5aed2b4b7767c,exclude_same_class_exact_duplicate,same-class exact RGB duplicate; retained representative Dogs/Hot Spots in Dog/Image_59.jpg,,,split_group_a452ce3557b5aed2b4b7767c
Dogs/Hot Spots in Dog/Image_5_png.rf.fxGqkC4ajzooqOzG4FRT.png,9,9,Dog - Hot Spots,image_family_e8b25578c92790a832a33c6a,exclude_same_class_exact_duplicate,same-class exact RGB duplicate; retained representative Dogs/Hot Spots in Dog/Image_5.png,,,split_group_e8b25578c92790a832a33c6a
Dogs/Hot Spots in Dog/Image_6.jpg,9,9,Dog - Hot Spots,image_family_e8b25578c92790a832a33c6a,exclude_additional_source_family_member,one source-family representative policy; retained Dogs/Hot Spots in Dog/Image_4.jpg; original/animal identity not verified,,,split_group_e8b25578c92790a832a33c6a
Dogs/Hot Spots in Dog/Image_6.png,9,9,Dog - Hot Spots,image_family_e8b25578c92790a832a33c6a,exclude_same_class_exact_duplicate,same-class exact RGB duplicate; retained representative Dogs/Hot Spots in Dog/Image_5.png,,,split_group_e8b25578c92790a832a33c6a
Dogs/Hot Spots in Dog/Image_61.jpg,9,9,Dog - Hot Spots,image_family_c950f075c2044d3741635b9a,retain,readable; no cleaning exclusion,,,split_group_c950f075c2044d3741635b9a
Dogs/Hot Spots in Dog/Image_66.jpg,9,9,Dog - Hot Spots,image_family_66a2a86a7dd3f5d866077abb,retain,readable; no cleaning exclusion,,,split_group_66a2a86a7dd3f5d866077abb
Dogs/Hot Spots in Dog/Image_67.jpg,9,9,Dog - Hot Spots,image_family_abd527d12bb42205e9ae53e5,retain,readable; no cleaning exclusion,,,split_group_abd527d12bb42205e9ae53e5
Dogs/Hot Spots in Dog/Image_69.jpg,9,9,Dog - Hot Spots,image_family_4492ed6e215e15f8c10ac3a0,retain,readable; no cleaning exclusion,,,split_group_4492ed6e215e15f8c10ac3a0
Dogs/Hot Spots in Dog/Image_6_jpg.rf.CrGZMJTLuUH3LQoO4a2Z.jpg,9,9,Dog - Hot Spots,image_family_e8b25578c92790a832a33c6a,exclude_same_class_exact_duplicate,same-class exact RGB duplicate; retained representative Dogs/Hot Spots in Dog/Image_6.jpg,,,split_group_e8b25578c92790a832a33c6a
Dogs/Hot Spots in Dog/Image_7.jpg,9,9,Dog - Hot Spots,image_family_3e90107eef9ae0b749a9b45a,retain,readable; no cleaning exclusion,,,split_group_3e90107eef9ae0b749a9b45a
Dogs/Hot Spots in Dog/Image_73.jpg,9,9,Dog - Hot Spots,image_family_79c70e1307e1f432fbb10d8c,retain,readable; no cleaning exclusion,,,split_group_79c70e1307e1f432fbb10d8c
Dogs/Hot Spots in Dog/Image_77.png,9,9,Dog - Hot Spots,image_family_398472eada19d4174e40c332,retain,readable; no cleaning exclusion,,,split_group_398472eada19d4174e40c332
Dogs/Hot Spots in Dog/Image_77_png.rf.rpPTf6pmsHM7jiFbYQwL.png,9,9,Dog - Hot Spots,image_family_398472eada19d4174e40c332,exclude_same_class_exact_duplicate,same-class exact RGB duplicate; retained representative Dogs/Hot Spots in Dog/Image_77.png,,,split_group_398472eada19d4174e40c332
Dogs/Hot Spots in Dog/Image_78.jpg,9,9,Dog - Hot Spots,image_family_dccde3fcc20b701f03cc5d2a,retain,readable; no cleaning exclusion,,,split_group_dccde3fcc20b701f03cc5d2a
Dogs/Hot Spots in Dog/Image_79.jpg,9,9,Dog - Hot Spots,image_family_3b7a5042944f95ce84c8071b,retain,readable; no cleaning exclusion,,,split_group_3b7a5042944f95ce84c8071b
Dogs/Hot Spots in Dog/Image_7_jpg.rf.25fpT9tKGAzQn9btrbaq.jpg,9,9,Dog - Hot Spots,image_family_3e90107eef9ae0b749a9b45a,exclude_same_class_exact_duplicate,same-class exact RGB duplicate; retained representative Dogs/Hot Spots in Dog/Image_7.jpg,,,split_group_3e90107eef9ae0b749a9b45a
Dogs/Hot Spots in Dog/Image_83.JPG,9,9,Dog - Hot Spots,image_family_4c29f8a6b82598d1ccca0a46,retain,readable; no cleaning exclusion,,,split_group_4c29f8a6b82598d1ccca0a46
Dogs/Hot Spots in Dog/Image_83_JPG.rf.83kSt54Vv7sbE6KH6Mxp.JPG,9,9,Dog - Hot Spots,image_family_4c29f8a6b82598d1ccca0a46,exclude_same_class_exact_duplicate,same-class exact RGB duplicate; retained representative Dogs/Hot Spots in Dog/Image_83.JPG,,,split_group_4c29f8a6b82598d1ccca0a46
Dogs/Hot Spots in Dog/Image_84.jpg,9,9,Dog - Hot Spots,image_family_a9cd9710e914c3524ffd6018,retain,readable; no cleaning exclusion,,,split_group_a9cd9710e914c3524ffd6018
Dogs/Hot Spots in Dog/Image_9.jpg,9,9,Dog - Hot Spots,image_family_8c684e31cbb6d7a61291ce92,retain,readable; no cleaning exclusion,,,split_group_46c25957820f4405ceb6872c
Dogs/Hot Spots in Dog/Image_97.jpg,9,9,Dog - Hot Spots,image_family_0585a997c960b9eb5204bdc6,exclude_same_class_exact_duplicate,same-class exact RGB duplicate; retained representative Dogs/Hot Spots in Dog/25_jpg.rf.dYOBoZCUFyDsk1FTanDG.jpg,,,split_group_0585a997c960b9eb5204bdc6
Dogs/Hot Spots in Dog/Image_98_jpg.rf.jaLb5kO6zWGkkZO9Icwb.jpg,9,9,Dog - Hot Spots,image_family_8c0e9022ecd55e1bb9efde01,retain,readable; no cleaning exclusion,,,split_group_8c0e9022ecd55e1bb9efde01
Dogs/Hot Spots in Dog/Image_9_jpg.rf.7CZrmX2K11l7pvH7f3C4.jpg,9,9,Dog - Hot Spots,image_family_8c684e31cbb6d7a61291ce92,exclude_same_class_exact_duplicate,same-class exact RGB duplicate; retained representative Dogs/Hot Spots in Dog/Image_9.jpg,,,split_group_46c25957820f4405ceb6872c
Dogs/Mange in Dog/1-1-_jpg.rf.ouXreTZl7t7sQebK2bxz.jpg,10,10,Dog - Mange,image_family_5e9bb521d5755e59e6d6c9c5,retain,readable; no cleaning exclusion,,,split_group_5e9bb521d5755e59e6d6c9c5
Dogs/Mange in Dog/1-10-_jpg.rf.uOqljsXmjUv2Gz1PyQ56.jpg,10,10,Dog - Mange,image_family_0fc6158a33cd9b27dfed87f4,retain,readable; no cleaning exclusion,,,split_group_0fc6158a33cd9b27dfed87f4
Dogs/Mange in Dog/1-10-_png_jpg.rf.7gUMBB79vVHUdLF40ZOl.jpg,10,10,Dog - Mange,image_family_6f58405eba1ad86fea0a6c0c,retain,readable; no cleaning exclusion,,,split_group_6f58405eba1ad86fea0a6c0c
Dogs/Mange in Dog/1-10-_png_jpg.rf.ueIpnopXDKLRGwbQmHZv.jpg,10,10,Dog - Mange,image_family_6f58405eba1ad86fea0a6c0c,exclude_additional_source_family_member,one source-family representative policy; retained Dogs/Mange in Dog/1-10-_png_jpg.rf.7gUMBB79vVHUdLF40ZOl.jpg; original/animal identity not verified,,,split_group_6f58405eba1ad86fea0a6c0c
Dogs/Mange in Dog/1-11-_jpg.rf.6nFz21HOZ6G7PkmVUm2T.jpg,10,10,Dog - Mange,image_family_c91f60b2f69cc3458e762d78,retain,readable; no cleaning exclusion,,,split_group_c91f60b2f69cc3458e762d78
Dogs/Mange in Dog/1-11-_jpg.rf.fdjjRDIqVKobhSM7DNYq.jpg,10,10,Dog - Mange,image_family_c91f60b2f69cc3458e762d78,exclude_additional_source_family_member,one source-family representative policy; retained Dogs/Mange in Dog/1-11-_jpg.rf.6nFz21HOZ6G7PkmVUm2T.jpg; original/animal identity not verified,,,split_group_c91f60b2f69cc3458e762d78
Dogs/Mange in Dog/1-11-_png_jpg.rf.kufgu5wiuxqcTcvw0gQ7.jpg,10,10,Dog - Mange,image_family_18a0b92d94a5aec611669cf0,retain,readable; no cleaning exclusion,,,split_group_18a0b92d94a5aec611669cf0
Dogs/Mange in Dog/1-12-_jpg.rf.J6uDcgT4gmnVW9sZmNaw.jpg,10,10,Dog - Mange,image_family_5d306d996a6bdec92bd42d19,retain,readable; no cleaning exclusion,,,split_group_5d306d996a6bdec92bd42d19
Dogs/Mange in Dog/1-12-_jpg.rf.p6QjlCoNp1L1hXRQbb9f.jpg,10,10,Dog - Mange,image_family_5d306d996a6bdec92bd42d19,exclude_additional_source_family_member,one source-family representative policy; retained Dogs/Mange in Dog/1-12-_jpg.rf.J6uDcgT4gmnVW9sZmNaw.jpg; original/animal identity not verified,,,split_group_5d306d996a6bdec92bd42d19
Dogs/Mange in Dog/1-12-_png_jpg.rf.8VOYmfmJc0QXyUoXqhIP.jpg,10,10,Dog - Mange,image_family_b7495c529f21f3de620131e9,retain,readable; no cleaning exclusion,,,split_group_b7495c529f21f3de620131e9
Dogs/Mange in Dog/1-12-_png_jpg.rf.C2uwhazVEEhJPNSd2e2T.jpg,10,10,Dog - Mange,image_family_b7495c529f21f3de620131e9,exclude_additional_source_family_member,one source-family representative policy; retained Dogs/Mange in Dog/1-12-_png_jpg.rf.8VOYmfmJc0QXyUoXqhIP.jpg; original/animal identity not verified,,,split_group_b7495c529f21f3de620131e9
Dogs/Mange in Dog/1-12-_png_jpg.rf.jf3XTe6GgNFk6tfYd3gN.jpg,10,10,Dog - Mange,image_family_b7495c529f21f3de620131e9,exclude_additional_source_family_member,one source-family representative policy; retained Dogs/Mange in Dog/1-12-_png_jpg.rf.8VOYmfmJc0QXyUoXqhIP.jpg; original/animal identity not verified,,,split_group_b7495c529f21f3de620131e9
Dogs/Mange in Dog/1-13-_jpg.rf.kZneSUDkW23LJuspbR4j.jpg,10,10,Dog - Mange,image_family_94fefb3a8e2ecc2d0c79dd32,retain,readable; no cleaning exclusion,,,split_group_94fefb3a8e2ecc2d0c79dd32
Dogs/Mange in Dog/1-13-_png_jpg.rf.sF1rdXQu59szDGSav0un.jpg,10,10,Dog - Mange,image_family_8319906582b577ee6a4cd0b8,retain,readable; no cleaning exclusion,,,split_group_8319906582b577ee6a4cd0b8
Dogs/Mange in Dog/1-14-_png_jpg.rf.PRyAIttpNZm2pf75hHRj.jpg,10,10,Dog - Mange,image_family_7f51144ea30aaa3dab01251d,retain,readable; no cleaning exclusion,,,split_group_7f51144ea30aaa3dab01251d
Dogs/Mange in Dog/1-14-_png_jpg.rf.bCo4PdA2jvE3bFA04u05.jpg,10,10,Dog - Mange,image_family_7f51144ea30aaa3dab01251d,exclude_additional_source_family_member,one source-family representative policy; retained Dogs/Mange in Dog/1-14-_png_jpg.rf.PRyAIttpNZm2pf75hHRj.jpg; original/animal identity not verified,,,split_group_7f51144ea30aaa3dab01251d
Dogs/Mange in Dog/1-14-_png_jpg.rf.eLTmQkJdJvli8KYYWTM8.jpg,10,10,Dog - Mange,image_family_7f51144ea30aaa3dab01251d,exclude_additional_source_family_member,one source-family representative policy; retained Dogs/Mange in Dog/1-14-_png_jpg.rf.PRyAIttpNZm2pf75hHRj.jpg; original/animal identity not verified,,,split_group_7f51144ea30aaa3dab01251d
Dogs/Mange in Dog/1-15-_png_jpg.rf.BVfcx5CbJeOewgl3T7l2.jpg,10,10,Dog - Mange,image_family_0c5fd113a83365e63703344b,retain,readable; no cleaning exclusion,,,split_group_0c5fd113a83365e63703344b
Dogs/Mange in Dog/1-15-_png_jpg.rf.jVPi7amdqtdtgxmYTe9X.jpg,10,10,Dog - Mange,image_family_0c5fd113a83365e63703344b,exclude_additional_source_family_member,one source-family representative policy; retained Dogs/Mange in Dog/1-15-_png_jpg.rf.BVfcx5CbJeOewgl3T7l2.jpg; original/animal identity not verified,,,split_group_0c5fd113a83365e63703344b
Dogs/Mange in Dog/1-16-_png_jpg.rf.WrrsKvzJdflS09HnwCv1.jpg,10,10,Dog - Mange,image_family_9db0aab7b1896138319cd6fd,retain,readable; no cleaning exclusion,,,split_group_9db0aab7b1896138319cd6fd
Dogs/Mange in Dog/1-17-_png_jpg.rf.3ggH2pItimtGKxv1oqvc.jpg,10,10,Dog - Mange,image_family_16d181eb94b08c6e37ab5dab,retain,readable; no cleaning exclusion,,,split_group_16d181eb94b08c6e37ab5dab
Dogs/Mange in Dog/1-18-_png_jpg.rf.MnHpkCtiRvwyVMiVNRsW.jpg,10,10,Dog - Mange,image_family_c8586ae0aa97def75cd51bc5,retain,readable; no cleaning exclusion,,,split_group_c8586ae0aa97def75cd51bc5
Dogs/Mange in Dog/1-19-_png_jpg.rf.2UkJK1S6Hsb8T6xgGGnY.jpg,10,10,Dog - Mange,image_family_6ebda2a25f282e7ae1f577e7,retain,readable; no cleaning exclusion,,,split_group_6ebda2a25f282e7ae1f577e7
Dogs/Mange in Dog/1-2-_jpg.rf.VgWj8pxqUjWJITcOIFH6.jpg,10,10,Dog - Mange,image_family_6d7796dcec512281fb2087f8,retain,readable; no cleaning exclusion,,,split_group_6d7796dcec512281fb2087f8
Dogs/Mange in Dog/1-2-_jpg.rf.uJmKh1tJoiJjiYdHl7sG.jpg,10,10,Dog - Mange,image_family_6d7796dcec512281fb2087f8,exclude_additional_source_family_member,one source-family representative policy; retained Dogs/Mange in Dog/1-2-_jpg.rf.VgWj8pxqUjWJITcOIFH6.jpg; original/animal identity not verified,,,split_group_6d7796dcec512281fb2087f8
Dogs/Mange in Dog/1-2-_png_jpg.rf.eA8uOnbeFLPl9WzDnwMa.jpg,10,10,Dog - Mange,image_family_8a27845bac0f35c82a6ef72d,retain,readable; no cleaning exclusion,,,split_group_8a27845bac0f35c82a6ef72d
Dogs/Mange in Dog/1-2-_png_jpg.rf.eSiO85MWTdb2L7nwCOZP.jpg,10,10,Dog - Mange,image_family_8a27845bac0f35c82a6ef72d,exclude_additional_source_family_member,one source-family representative policy; retained Dogs/Mange in Dog/1-2-_png_jpg.rf.eA8uOnbeFLPl9WzDnwMa.jpg; original/animal identity not verified,,,split_group_8a27845bac0f35c82a6ef72d
Dogs/Mange in Dog/1-2-_png_jpg.rf.eqUXmkJfjPJfsl0fqg9E.jpg,10,10,Dog - Mange,image_family_8a27845bac0f35c82a6ef72d,exclude_additional_source_family_member,one source-family representative policy; retained Dogs/Mange in Dog/1-2-_png_jpg.rf.eA8uOnbeFLPl9WzDnwMa.jpg; original/animal identity not verified,,,split_group_8a27845bac0f35c82a6ef72d
Dogs/Mange in Dog/1-23-_png_jpg.rf.TXg3ZyRL7jEVmUE3Vg6D.jpg,10,10,Dog - Mange,image_family_baddd4473d0fedbe782b658e,retain,readable; no cleaning exclusion,,,split_group_baddd4473d0fedbe782b658e
Dogs/Mange in Dog/1-24-_png_jpg.rf.IBMTFe1iUGEorjvGeNqe.jpg,10,10,Dog - Mange,image_family_6017fdf41f619683555be4de,retain,readable; no cleaning exclusion,,,split_group_6017fdf41f619683555be4de
Dogs/Mange in Dog/1-24-_png_jpg.rf.d2nRnkbbsmIG2HGsheEw.jpg,10,10,Dog - Mange,image_family_6017fdf41f619683555be4de,exclude_additional_source_family_member,one source-family representative policy; retained Dogs/Mange in Dog/1-24-_png_jpg.rf.IBMTFe1iUGEorjvGeNqe.jpg; original/animal identity not verified,,,split_group_6017fdf41f619683555be4de
Dogs/Mange in Dog/1-25-_png_jpg.rf.5fcr7qX83hntxuHf3xmk.jpg,10,10,Dog - Mange,image_family_9f628b93e0bc4b8a0101f062,retain,readable; no cleaning exclusion,,,split_group_9f628b93e0bc4b8a0101f062
Dogs/Mange in Dog/1-25-_png_jpg.rf.F3dIZDY2chrht0tygAwn.jpg,10,10,Dog - Mange,image_family_9f628b93e0bc4b8a0101f062,exclude_additional_source_family_member,one source-family representative policy; retained Dogs/Mange in Dog/1-25-_png_jpg.rf.5fcr7qX83hntxuHf3xmk.jpg; original/animal identity not verified,,,split_group_9f628b93e0bc4b8a0101f062
Dogs/Mange in Dog/1-26-_png_jpg.rf.VvWhc59LgmXjm9wtR7ez.jpg,10,10,Dog - Mange,image_family_278aa039857685dd20a28432,retain,readable; no cleaning exclusion,,,split_group_278aa039857685dd20a28432
Dogs/Mange in Dog/1-26-_png_jpg.rf.nKzInKtOm9aFn09Lgezs.jpg,10,10,Dog - Mange,image_family_278aa039857685dd20a28432,exclude_additional_source_family_member,one source-family representative policy; retained Dogs/Mange in Dog/1-26-_png_jpg.rf.VvWhc59LgmXjm9wtR7ez.jpg; original/animal identity not verified,,,split_group_278aa039857685dd20a28432
Dogs/Mange in Dog/1-27-_png_jpg.rf.4MnurYxVG94ePWaQIF4g.jpg,10,10,Dog - Mange,image_family_035a875fecf80c053ee6a16b,retain,readable; no cleaning exclusion,,,split_group_035a875fecf80c053ee6a16b
Dogs/Mange in Dog/1-27-_png_jpg.rf.UATe9VxYD1rcLLwkdMFt.jpg,10,10,Dog - Mange,image_family_035a875fecf80c053ee6a16b,exclude_additional_source_family_member,one source-family representative policy; retained Dogs/Mange in Dog/1-27-_png_jpg.rf.4MnurYxVG94ePWaQIF4g.jpg; original/animal identity not verified,,,split_group_035a875fecf80c053ee6a16b
Dogs/Mange in Dog/1-27-_png_jpg.rf.tkYfuS4P86QRDNpnfg6c.jpg,10,10,Dog - Mange,image_family_035a875fecf80c053ee6a16b,exclude_additional_source_family_member,one source-family representative policy; retained Dogs/Mange in Dog/1-27-_png_jpg.rf.4MnurYxVG94ePWaQIF4g.jpg; original/animal identity not verified,,,split_group_035a875fecf80c053ee6a16b
Dogs/Mange in Dog/1-28-_png_jpg.rf.KhwtvzPBJ4mP98MjTZJc.jpg,10,10,Dog - Mange,image_family_9252f377ef7e96f6ed7223aa,retain,readable; no cleaning exclusion,,,split_group_9252f377ef7e96f6ed7223aa
Dogs/Mange in Dog/1-29-_png_jpg.rf.8sT5qnoZrCXLRXqcdHwP.jpg,10,10,Dog - Mange,image_family_74bb130616087bd0ef729686,retain,readable; no cleaning exclusion,,,split_group_74bb130616087bd0ef729686
Dogs/Mange in Dog/1-3-_jpg.rf.JEKcnXROV5BaZ3G5QRZw.jpg,10,10,Dog - Mange,image_family_7bb463c363532b42cf460788,retain,readable; no cleaning exclusion,,,split_group_7bb463c363532b42cf460788
Dogs/Mange in Dog/1-3-_png_jpg.rf.rVvQQ2zlwtGU34ravKZh.jpg,10,10,Dog - Mange,image_family_52a677ed19523a05fe165b4a,retain,readable; no cleaning exclusion,,,split_group_52a677ed19523a05fe165b4a
Dogs/Mange in Dog/1-30-_png_jpg.rf.THz4z1oRBwwolKG8EusM.jpg,10,10,Dog - Mange,image_family_fa0e44b976b958af3e496f40,retain,readable; no cleaning exclusion,,,split_group_fa0e44b976b958af3e496f40
Dogs/Mange in Dog/1-30-_png_jpg.rf.e914Af8D74jmGhSk6Pmt.jpg,10,10,Dog - Mange,image_family_fa0e44b976b958af3e496f40,exclude_additional_source_family_member,one source-family representative policy; retained Dogs/Mange in Dog/1-30-_png_jpg.rf.THz4z1oRBwwolKG8EusM.jpg; original/animal identity not verified,,,split_group_fa0e44b976b958af3e496f40
Dogs/Mange in Dog/1-31-_png_jpg.rf.KG7STAqWlf8V5UGQutFH.jpg,10,10,Dog - Mange,image_family_8702f2af653673aef0f5f2a2,retain,readable; no cleaning exclusion,,,split_group_8702f2af653673aef0f5f2a2
Dogs/Mange in Dog/1-32-_png_jpg.rf.6f53dlXOtVnX57ZyfaRV.jpg,10,10,Dog - Mange,image_family_17de2fc9d9aa1ffb9f88779a,retain,readable; no cleaning exclusion,,,split_group_17de2fc9d9aa1ffb9f88779a
Dogs/Mange in Dog/1-32-_png_jpg.rf.Ie5prgwpGexkM8C4352J.jpg,10,10,Dog - Mange,image_family_17de2fc9d9aa1ffb9f88779a,exclude_additional_source_family_member,one source-family representative policy; retained Dogs/Mange in Dog/1-32-_png_jpg.rf.6f53dlXOtVnX57ZyfaRV.jpg; original/animal identity not verified,,,split_group_17de2fc9d9aa1ffb9f88779a
Dogs/Mange in Dog/1-32-_png_jpg.rf.K8tbvT8qvmoO2tyQEWp4.jpg,10,10,Dog - Mange,image_family_17de2fc9d9aa1ffb9f88779a,exclude_additional_source_family_member,one source-family representative policy; retained Dogs/Mange in Dog/1-32-_png_jpg.rf.6f53dlXOtVnX57ZyfaRV.jpg; original/animal identity not verified,,,split_group_17de2fc9d9aa1ffb9f88779a
Dogs/Mange in Dog/1-33-_png_jpg.rf.DnE8WKYk5kfYI6x4Ha8t.jpg,10,10,Dog - Mange,image_family_3a22310e750076dd6332d34b,retain,readable; no cleaning exclusion,,,split_group_3a22310e750076dd6332d34b
Dogs/Mange in Dog/1-33-_png_jpg.rf.Jwxe646mF2dYzpYQPBP9.jpg,10,10,Dog - Mange,image_family_3a22310e750076dd6332d34b,exclude_additional_source_family_member,one source-family representative policy; retained Dogs/Mange in Dog/1-33-_png_jpg.rf.DnE8WKYk5kfYI6x4Ha8t.jpg; original/animal identity not verified,,,split_group_3a22310e750076dd6332d34b
Dogs/Mange in Dog/1-33-_png_jpg.rf.KWg8F1i38xkdS8RmeyBw.jpg,10,10,Dog - Mange,image_family_3a22310e750076dd6332d34b,exclude_additional_source_family_member,one source-family representative policy; retained Dogs/Mange in Dog/1-33-_png_jpg.rf.DnE8WKYk5kfYI6x4Ha8t.jpg; original/animal identity not verified,,,split_group_3a22310e750076dd6332d34b
Dogs/Mange in Dog/1-34-_png_jpg.rf.ZMXrxKEdxEKPzMwbdYyV.jpg,10,10,Dog - Mange,image_family_65c006614a9188b8d4e81b3d,retain,readable; no cleaning exclusion,,,split_group_65c006614a9188b8d4e81b3d
Dogs/Mange in Dog/1-36-_png_jpg.rf.wpYezoxoqeQsdkQX0epc.jpg,10,10,Dog - Mange,image_family_27faea51d7dc4567e263bf3b,retain,readable; no cleaning exclusion,,,split_group_27faea51d7dc4567e263bf3b
Dogs/Mange in Dog/1-38-_png_jpg.rf.MafEurq3JTbGLFRoqv5t.jpg,10,10,Dog - Mange,image_family_fb00dca3bac0e724b9ad667c,retain,readable; no cleaning exclusion,,,split_group_fb00dca3bac0e724b9ad667c
Dogs/Mange in Dog/1-38-_png_jpg.rf.SFCBtVOm9TQfFFj7bHK0.jpg,10,10,Dog - Mange,image_family_fb00dca3bac0e724b9ad667c,exclude_additional_source_family_member,one source-family representative policy; retained Dogs/Mange in Dog/1-38-_png_jpg.rf.MafEurq3JTbGLFRoqv5t.jpg; original/animal identity not verified,,,split_group_fb00dca3bac0e724b9ad667c
Dogs/Mange in Dog/1-38-_png_jpg.rf.hyqgGiTli4CwcSh7vpwy.jpg,10,10,Dog - Mange,image_family_fb00dca3bac0e724b9ad667c,exclude_additional_source_family_member,one source-family representative policy; retained Dogs/Mange in Dog/1-38-_png_jpg.rf.MafEurq3JTbGLFRoqv5t.jpg; original/animal identity not verified,,,split_group_fb00dca3bac0e724b9ad667c
Dogs/Mange in Dog/1-39-_png_jpg.rf.9t6MGKS7tujohhhWzF06.jpg,10,10,Dog - Mange,image_family_a817bf1171edb6d6d3830869,retain,readable; no cleaning exclusion,,,split_group_a817bf1171edb6d6d3830869
Dogs/Mange in Dog/1-39-_png_jpg.rf.XIGRvLrVLmTo8lpfkZVg.jpg,10,10,Dog - Mange,image_family_a817bf1171edb6d6d3830869,exclude_additional_source_family_member,one source-family representative policy; retained Dogs/Mange in Dog/1-39-_png_jpg.rf.9t6MGKS7tujohhhWzF06.jpg; original/animal identity not verified,,,split_group_a817bf1171edb6d6d3830869
Dogs/Mange in Dog/1-4-_png_jpg.rf.KEODlAsPhgNJZ7vWz0GC.jpg,10,10,Dog - Mange,image_family_7addba8230141c9a73127dcd,retain,readable; no cleaning exclusion,,,split_group_7addba8230141c9a73127dcd
Dogs/Mange in Dog/1-40-_png_jpg.rf.2hEesh2XRLp5VfvCC2vf.jpg,10,10,Dog - Mange,image_family_4eea24d1c75e287190a4e45d,retain,readable; no cleaning exclusion,,,split_group_4eea24d1c75e287190a4e45d
Dogs/Mange in Dog/1-40-_png_jpg.rf.bB1nrvqzCNfqIfkRpgwX.jpg,10,10,Dog - Mange,image_family_4eea24d1c75e287190a4e45d,exclude_additional_source_family_member,one source-family representative policy; retained Dogs/Mange in Dog/1-40-_png_jpg.rf.2hEesh2XRLp5VfvCC2vf.jpg; original/animal identity not verified,,,split_group_4eea24d1c75e287190a4e45d
Dogs/Mange in Dog/1-40-_png_jpg.rf.s9SZtb0A8bq4GQ7Bi3vn.jpg,10,10,Dog - Mange,image_family_4eea24d1c75e287190a4e45d,exclude_additional_source_family_member,one source-family representative policy; retained Dogs/Mange in Dog/1-40-_png_jpg.rf.2hEesh2XRLp5VfvCC2vf.jpg; original/animal identity not verified,,,split_group_4eea24d1c75e287190a4e45d
Dogs/Mange in Dog/1-41-_png_jpg.rf.I8XdDUi3JF88UyrB5nmP.jpg,10,10,Dog - Mange,image_family_133206d6b5d4b4a76c643789,retain,readable; no cleaning exclusion,,,split_group_133206d6b5d4b4a76c643789
Dogs/Mange in Dog/1-41-_png_jpg.rf.tDY0bEpZPTfnr9hP7xta.jpg,10,10,Dog - Mange,image_family_133206d6b5d4b4a76c643789,exclude_additional_source_family_member,one source-family representative policy; retained Dogs/Mange in Dog/1-41-_png_jpg.rf.I8XdDUi3JF88UyrB5nmP.jpg; original/animal identity not verified,,,split_group_133206d6b5d4b4a76c643789
Dogs/Mange in Dog/1-42-_png_jpg.rf.GPebwS5QYA0ZywpYuszF.jpg,10,10,Dog - Mange,image_family_421917bd1eebd448c53bb132,retain,readable; no cleaning exclusion,,,split_group_421917bd1eebd448c53bb132
Dogs/Mange in Dog/1-42-_png_jpg.rf.I4OCAqBEdpN4BuJRn9bB.jpg,10,10,Dog - Mange,image_family_421917bd1eebd448c53bb132,exclude_additional_source_family_member,one source-family representative policy; retained Dogs/Mange in Dog/1-42-_png_jpg.rf.GPebwS5QYA0ZywpYuszF.jpg; original/animal identity not verified,,,split_group_421917bd1eebd448c53bb132
Dogs/Mange in Dog/1-43-_png_jpg.rf.Ha9a3fTTGzC6FjJkD4OK.jpg,10,10,Dog - Mange,image_family_8201812f6c41e565239081db,retain,readable; no cleaning exclusion,,,split_group_8201812f6c41e565239081db
Dogs/Mange in Dog/1-44-_png_jpg.rf.oNUM1Hp4Pozp4qsszCQx.jpg,10,10,Dog - Mange,image_family_d3ed35fee1488625315a764f,retain,readable; no cleaning exclusion,,,split_group_d3ed35fee1488625315a764f
Dogs/Mange in Dog/1-45-_png_jpg.rf.3SIAQwVkOGyoLct8wQl6.jpg,10,10,Dog - Mange,image_family_b4a3d857b9b3b159d157e687,retain,readable; no cleaning exclusion,,,split_group_b4a3d857b9b3b159d157e687
Dogs/Mange in Dog/1-46-_png_jpg.rf.8tfTSziTqN1BRJrbaHke.jpg,10,10,Dog - Mange,image_family_12198fe0b61eace457378197,retain,readable; no cleaning exclusion,,,split_group_12198fe0b61eace457378197
Dogs/Mange in Dog/1-46-_png_jpg.rf.B7XntiXltMObsdc1Lrg0.jpg,10,10,Dog - Mange,image_family_12198fe0b61eace457378197,exclude_additional_source_family_member,one source-family representative policy; retained Dogs/Mange in Dog/1-46-_png_jpg.rf.8tfTSziTqN1BRJrbaHke.jpg; original/animal identity not verified,,,split_group_12198fe0b61eace457378197
Dogs/Mange in Dog/1-46-_png_jpg.rf.h9NESW5ahXl5Qg7B7lZ6.jpg,10,10,Dog - Mange,image_family_12198fe0b61eace457378197,exclude_additional_source_family_member,one source-family representative policy; retained Dogs/Mange in Dog/1-46-_png_jpg.rf.8tfTSziTqN1BRJrbaHke.jpg; original/animal identity not verified,,,split_group_12198fe0b61eace457378197
Dogs/Mange in Dog/1-47-_png_jpg.rf.iqRRArN5PiMGXJPJAuCx.jpg,10,10,Dog - Mange,image_family_9a885b99998a0fa139e823e3,retain,readable; no cleaning exclusion,,,split_group_9a885b99998a0fa139e823e3
Dogs/Mange in Dog/1-49-_png_jpg.rf.CHjDOvJi24aWchnav5q1.jpg,10,10,Dog - Mange,image_family_53944ed4863551fb9d52404e,retain,readable; no cleaning exclusion,,,split_group_53944ed4863551fb9d52404e
Dogs/Mange in Dog/1-49-_png_jpg.rf.hS1LsPolCSL4RoinnPaK.jpg,10,10,Dog - Mange,image_family_53944ed4863551fb9d52404e,exclude_additional_source_family_member,one source-family representative policy; retained Dogs/Mange in Dog/1-49-_png_jpg.rf.CHjDOvJi24aWchnav5q1.jpg; original/animal identity not verified,,,split_group_53944ed4863551fb9d52404e
Dogs/Mange in Dog/1-49-_png_jpg.rf.xXWSfC5ToqbFW5b47ze6.jpg,10,10,Dog - Mange,image_family_53944ed4863551fb9d52404e,exclude_additional_source_family_member,one source-family representative policy; retained Dogs/Mange in Dog/1-49-_png_jpg.rf.CHjDOvJi24aWchnav5q1.jpg; original/animal identity not verified,,,split_group_53944ed4863551fb9d52404e
Dogs/Mange in Dog/1-5-_jpg.rf.cmRLabDguVQtz6pXQJqh.jpg,10,10,Dog - Mange,image_family_697bada1aa7e8dcf3fc23526,retain,readable; no cleaning exclusion,,,split_group_697bada1aa7e8dcf3fc23526
Dogs/Mange in Dog/1-5-_jpg.rf.tJROPyRZ01whaUVtHa6D.jpg,10,10,Dog - Mange,image_family_697bada1aa7e8dcf3fc23526,exclude_additional_source_family_member,one source-family representative policy; retained Dogs/Mange in Dog/1-5-_jpg.rf.cmRLabDguVQtz6pXQJqh.jpg; original/animal identity not verified,,,split_group_697bada1aa7e8dcf3fc23526
Dogs/Mange in Dog/1-5-_png_jpg.rf.zLycQle5m0ZQlmFTur56.jpg,10,10,Dog - Mange,image_family_9df27b2e0301c90aefddaa95,retain,readable; no cleaning exclusion,,,split_group_9df27b2e0301c90aefddaa95
Dogs/Mange in Dog/1-51-_png_jpg.rf.ahojPldPBpk1kALF48qJ.jpg,10,10,Dog - Mange,image_family_fc234c148b026bace3a78f62,retain,readable; no cleaning exclusion,,,split_group_fc234c148b026bace3a78f62
Dogs/Mange in Dog/1-51-_png_jpg.rf.f1emFJRC38T8BSAoiW6y.jpg,10,10,Dog - Mange,image_family_fc234c148b026bace3a78f62,exclude_additional_source_family_member,one source-family representative policy; retained Dogs/Mange in Dog/1-51-_png_jpg.rf.ahojPldPBpk1kALF48qJ.jpg; original/animal identity not verified,,,split_group_fc234c148b026bace3a78f62
Dogs/Mange in Dog/1-51-_png_jpg.rf.vWrEr3V0aUjM0z13MZev.jpg,10,10,Dog - Mange,image_family_fc234c148b026bace3a78f62,exclude_additional_source_family_member,one source-family representative policy; retained Dogs/Mange in Dog/1-51-_png_jpg.rf.ahojPldPBpk1kALF48qJ.jpg; original/animal identity not verified,,,split_group_fc234c148b026bace3a78f62
Dogs/Mange in Dog/1-52-_png_jpg.rf.GK0Dl6K87MXxm5RoozAU.jpg,10,10,Dog - Mange,image_family_debd287183000f9629176811,retain,readable; no cleaning exclusion,,,split_group_debd287183000f9629176811
Dogs/Mange in Dog/1-53-_png_jpg.rf.GZys7Qbk8XZapnHeAkRE.jpg,10,10,Dog - Mange,image_family_1366572674118ea6cc62cdd6,retain,readable; no cleaning exclusion,,,split_group_1366572674118ea6cc62cdd6
Dogs/Mange in Dog/1-53-_png_jpg.rf.jwlKMEfqj1D1AcEphTfN.jpg,10,10,Dog - Mange,image_family_1366572674118ea6cc62cdd6,exclude_additional_source_family_member,one source-family representative policy; retained Dogs/Mange in Dog/1-53-_png_jpg.rf.GZys7Qbk8XZapnHeAkRE.jpg; original/animal identity not verified,,,split_group_1366572674118ea6cc62cdd6
Dogs/Mange in Dog/1-55-_png_jpg.rf.PaHWJ4xoUeDsSNFWtSmL.jpg,10,10,Dog - Mange,image_family_987380f3949ca901d34045a3,retain,readable; no cleaning exclusion,,,split_group_987380f3949ca901d34045a3
Dogs/Mange in Dog/1-55-_png_jpg.rf.VCC7b42eO24qZEDkA9WF.jpg,10,10,Dog - Mange,image_family_987380f3949ca901d34045a3,exclude_additional_source_family_member,one source-family representative policy; retained Dogs/Mange in Dog/1-55-_png_jpg.rf.PaHWJ4xoUeDsSNFWtSmL.jpg; original/animal identity not verified,,,split_group_987380f3949ca901d34045a3
Dogs/Mange in Dog/1-56-_png_jpg.rf.vq7ArkGAEAXe9J0nYdiT.jpg,10,10,Dog - Mange,image_family_f364ff198e5185aa0ca627eb,retain,readable; no cleaning exclusion,,,split_group_f364ff198e5185aa0ca627eb
Dogs/Mange in Dog/1-57-_png_jpg.rf.jN706ECA521auG1ButID.jpg,10,10,Dog - Mange,image_family_d5cbfd2fd8966f401602da45,retain,readable; no cleaning exclusion,,,split_group_d5cbfd2fd8966f401602da45
Dogs/Mange in Dog/1-57-_png_jpg.rf.kTFiwgavNMb5LpLDJY4E.jpg,10,10,Dog - Mange,image_family_d5cbfd2fd8966f401602da45,exclude_additional_source_family_member,one source-family representative policy; retained Dogs/Mange in Dog/1-57-_png_jpg.rf.jN706ECA521auG1ButID.jpg; original/animal identity not verified,,,split_group_d5cbfd2fd8966f401602da45
Dogs/Mange in Dog/1-58-_png_jpg.rf.w9JV2Swvb04cxlhUk7d3.jpg,10,10,Dog - Mange,image_family_ca587898e5c144128c0d541f,retain,readable; no cleaning exclusion,,,split_group_ca587898e5c144128c0d541f
Dogs/Mange in Dog/1-59-_png_jpg.rf.V3Z3KCgPuWfAnsuvUbvl.jpg,10,10,Dog - Mange,image_family_336587ba4fb5ff3de8ab6145,retain,readable; no cleaning exclusion,,,split_group_336587ba4fb5ff3de8ab6145
Dogs/Mange in Dog/1-59-_png_jpg.rf.ZUzUjAqxqxEL9MkgQ5LI.jpg,10,10,Dog - Mange,image_family_336587ba4fb5ff3de8ab6145,exclude_additional_source_family_member,one source-family representative policy; retained Dogs/Mange in Dog/1-59-_png_jpg.rf.V3Z3KCgPuWfAnsuvUbvl.jpg; original/animal identity not verified,,,split_group_336587ba4fb5ff3de8ab6145
Dogs/Mange in Dog/1-59-_png_jpg.rf.zvcZGfYyt17QCLEKlEC8.jpg,10,10,Dog - Mange,image_family_336587ba4fb5ff3de8ab6145,exclude_additional_source_family_member,one source-family representative policy; retained Dogs/Mange in Dog/1-59-_png_jpg.rf.V3Z3KCgPuWfAnsuvUbvl.jpg; original/animal identity not verified,,,split_group_336587ba4fb5ff3de8ab6145
Dogs/Mange in Dog/1-6-_jpg.rf.gGTyrhXFLOXRmswADzlC.jpg,10,10,Dog - Mange,image_family_a911562f44996175657523f9,retain,readable; no cleaning exclusion,,,split_group_a911562f44996175657523f9
Dogs/Mange in Dog/1-6-_png_jpg.rf.nAPgU5bdkBXD5ERQUmqO.jpg,10,10,Dog - Mange,image_family_c928e7b551f7ef1f36755d3a,retain,readable; no cleaning exclusion,,,split_group_c928e7b551f7ef1f36755d3a
Dogs/Mange in Dog/1-6-_png_jpg.rf.tIibknFJnU9ycCrang8k.jpg,10,10,Dog - Mange,image_family_c928e7b551f7ef1f36755d3a,exclude_additional_source_family_member,one source-family representative policy; retained Dogs/Mange in Dog/1-6-_png_jpg.rf.nAPgU5bdkBXD5ERQUmqO.jpg; original/animal identity not verified,,,split_group_c928e7b551f7ef1f36755d3a
Dogs/Mange in Dog/1-60-_png_jpg.rf.qutokMPo7en0dVhJtk43.jpg,10,10,Dog - Mange,image_family_e7126725197dbcd2ebc350a9,retain,readable; no cleaning exclusion,,,split_group_e7126725197dbcd2ebc350a9
Dogs/Mange in Dog/1-61-_png_jpg.rf.A68fn3iyFvlXcH8IBQfN.jpg,10,10,Dog - Mange,image_family_5548f0e2462b51c6bd21da12,retain,readable; no cleaning exclusion,,,split_group_5548f0e2462b51c6bd21da12
Dogs/Mange in Dog/1-61-_png_jpg.rf.zShtogieOBtYXuUdmRyQ.jpg,10,10,Dog - Mange,image_family_5548f0e2462b51c6bd21da12,exclude_additional_source_family_member,one source-family representative policy; retained Dogs/Mange in Dog/1-61-_png_jpg.rf.A68fn3iyFvlXcH8IBQfN.jpg; original/animal identity not verified,,,split_group_5548f0e2462b51c6bd21da12
Dogs/Mange in Dog/1-62-_png_jpg.rf.d8dg5yw1tAKZyDuROAZo.jpg,10,10,Dog - Mange,image_family_deab6fb5f39f5a2d2c5443b1,retain,readable; no cleaning exclusion,,,split_group_deab6fb5f39f5a2d2c5443b1
Dogs/Mange in Dog/1-63-_png_jpg.rf.Ko1jrJq9Hvn87A7VqYpP.jpg,10,10,Dog - Mange,image_family_990bace477fbd733e90d8d91,retain,readable; no cleaning exclusion,,,split_group_990bace477fbd733e90d8d91
Dogs/Mange in Dog/1-65-_png_jpg.rf.Oy3j56ZoO2fdfNiz9ApO.jpg,10,10,Dog - Mange,image_family_558eec81b47740300a788ee6,retain,readable; no cleaning exclusion,,,split_group_558eec81b47740300a788ee6
Dogs/Mange in Dog/1-65-_png_jpg.rf.c6ZzuyFcqCzZr17p2eaP.jpg,10,10,Dog - Mange,image_family_558eec81b47740300a788ee6,exclude_additional_source_family_member,one source-family representative policy; retained Dogs/Mange in Dog/1-65-_png_jpg.rf.Oy3j56ZoO2fdfNiz9ApO.jpg; original/animal identity not verified,,,split_group_558eec81b47740300a788ee6
Dogs/Mange in Dog/1-66-_png_jpg.rf.mRZ5ZQGUrORrb0PAHxFL.jpg,10,10,Dog - Mange,image_family_921f3d9427ef71588882fcfa,retain,readable; no cleaning exclusion,,,split_group_921f3d9427ef71588882fcfa
Dogs/Mange in Dog/1-67-_png_jpg.rf.JAOrBU7urNPiv79v2Uua.jpg,10,10,Dog - Mange,image_family_e8824952fe829b8580edc0de,retain,readable; no cleaning exclusion,,,split_group_e8824952fe829b8580edc0de
Dogs/Mange in Dog/1-69-_png_jpg.rf.FLHPjVeuzJbiSxZ0r5SZ.jpg,10,10,Dog - Mange,image_family_d110c3275acc682176784331,retain,readable; no cleaning exclusion,,,split_group_d110c3275acc682176784331
Dogs/Mange in Dog/1-69-_png_jpg.rf.qajiZBhwswOWITHrpKAm.jpg,10,10,Dog - Mange,image_family_d110c3275acc682176784331,exclude_additional_source_family_member,one source-family representative policy; retained Dogs/Mange in Dog/1-69-_png_jpg.rf.FLHPjVeuzJbiSxZ0r5SZ.jpg; original/animal identity not verified,,,split_group_d110c3275acc682176784331
Dogs/Mange in Dog/1-7-_jpg.rf.PjJvpHmyCfs6Es7yMGXj.jpg,10,10,Dog - Mange,image_family_42fd490eab956049c499529e,retain,readable; no cleaning exclusion,,,split_group_42fd490eab956049c499529e
Dogs/Mange in Dog/1-7-_png_jpg.rf.Y6uPYNf48koiev9ylz2U.jpg,10,10,Dog - Mange,image_family_d48573f59c1437d059654cb6,retain,readable; no cleaning exclusion,,,split_group_d48573f59c1437d059654cb6
Dogs/Mange in Dog/1-70-_png_jpg.rf.0wqvgfuLuJZq85f2fXhw.jpg,10,10,Dog - Mange,image_family_a51e074e83e936bda9657688,retain,readable; no cleaning exclusion,,,split_group_a51e074e83e936bda9657688
Dogs/Mange in Dog/1-70-_png_jpg.rf.jrLzPR5gLfhLbptjNtAz.jpg,10,10,Dog - Mange,image_family_a51e074e83e936bda9657688,exclude_additional_source_family_member,one source-family representative policy; retained Dogs/Mange in Dog/1-70-_png_jpg.rf.0wqvgfuLuJZq85f2fXhw.jpg; original/animal identity not verified,,,split_group_a51e074e83e936bda9657688
Dogs/Mange in Dog/1-72-_png_jpg.rf.aNQ32qfGBlzg0cHJnN18.jpg,10,10,Dog - Mange,image_family_a0a8d0f840bea45be3fecf56,retain,readable; no cleaning exclusion,,,split_group_a0a8d0f840bea45be3fecf56
Dogs/Mange in Dog/1-72-_png_jpg.rf.jb1nhU7dGkEnQ0qxo0Pe.jpg,10,10,Dog - Mange,image_family_a0a8d0f840bea45be3fecf56,exclude_additional_source_family_member,one source-family representative policy; retained Dogs/Mange in Dog/1-72-_png_jpg.rf.aNQ32qfGBlzg0cHJnN18.jpg; original/animal identity not verified,,,split_group_a0a8d0f840bea45be3fecf56
Dogs/Mange in Dog/1-72-_png_jpg.rf.vKgCfUheQGxdlHyawZ68.jpg,10,10,Dog - Mange,image_family_a0a8d0f840bea45be3fecf56,exclude_additional_source_family_member,one source-family representative policy; retained Dogs/Mange in Dog/1-72-_png_jpg.rf.aNQ32qfGBlzg0cHJnN18.jpg; original/animal identity not verified,,,split_group_a0a8d0f840bea45be3fecf56
Dogs/Mange in Dog/1-8-_jpg.rf.BAkoegNXiLue8T37Gedj.jpg,10,10,Dog - Mange,image_family_8dee68c455be591947c5d62a,retain,readable; no cleaning exclusion,,,split_group_8dee68c455be591947c5d62a
Dogs/Mange in Dog/1-8-_png_jpg.rf.Xn5y6z2vQnsz6kcp0x5W.jpg,10,10,Dog - Mange,image_family_496f79d7f885744d2b36fd7d,retain,readable; no cleaning exclusion,,,split_group_496f79d7f885744d2b36fd7d
Dogs/Mange in Dog/1-8-_png_jpg.rf.t7efSasqt8P4BIMVOjhZ.jpg,10,10,Dog - Mange,image_family_496f79d7f885744d2b36fd7d,exclude_additional_source_family_member,one source-family representative policy; retained Dogs/Mange in Dog/1-8-_png_jpg.rf.Xn5y6z2vQnsz6kcp0x5W.jpg; original/animal identity not verified,,,split_group_496f79d7f885744d2b36fd7d
Dogs/Mange in Dog/1-9-_jpg.rf.DrgLih6WZCU7XnA4V2tF.jpg,10,10,Dog - Mange,image_family_cd374a683a7e29726e0700f6,retain,readable; no cleaning exclusion,,,split_group_cd374a683a7e29726e0700f6
Dogs/Mange in Dog/1-9-_jpg.rf.RCaysz3biV8KQ6yc4kOu.jpg,10,10,Dog - Mange,image_family_cd374a683a7e29726e0700f6,exclude_additional_source_family_member,one source-family representative policy; retained Dogs/Mange in Dog/1-9-_jpg.rf.DrgLih6WZCU7XnA4V2tF.jpg; original/animal identity not verified,,,split_group_cd374a683a7e29726e0700f6
Dogs/Mange in Dog/1-9-_png_jpg.rf.HuiZzi1XvtQpti1mXtlO.jpg,10,10,Dog - Mange,image_family_594b3e7ed311b9882ff93d22,retain,readable; no cleaning exclusion,,,split_group_594b3e7ed311b9882ff93d22
Dogs/Mange in Dog/1-9-_png_jpg.rf.MFdgx9GNmpxuR6YfoF7j.jpg,10,10,Dog - Mange,image_family_594b3e7ed311b9882ff93d22,exclude_additional_source_family_member,one source-family representative policy; retained Dogs/Mange in Dog/1-9-_png_jpg.rf.HuiZzi1XvtQpti1mXtlO.jpg; original/animal identity not verified,,,split_group_594b3e7ed311b9882ff93d22
Dogs/Mange in Dog/14_png.rf.NrbmnbVvu7Fe0La2hHOg.jpg,10,10,Dog - Mange,image_family_89d52e1053835321ed13457f,retain,readable; no cleaning exclusion,,,split_group_89d52e1053835321ed13457f
Dogs/Mange in Dog/1694587697_dog-skin-disease-leprous_898x450_jpg.rf.zBsvY9LUIe59NeJYlbed.jpg,10,10,Dog - Mange,image_family_a556d2d467a4ef564407745e,retain,readable; no cleaning exclusion,,,split_group_a556d2d467a4ef564407745e
Dogs/Mange in Dog/2024-05-13-133205_1_jpg.rf.CIOi1Ne240sLm1m5cwUE.jpg,10,10,Dog - Mange,image_family_27eea625b25b65b162129515,retain,readable; no cleaning exclusion,,,split_group_27eea625b25b65b162129515
Dogs/Mange in Dog/2024-05-13-133205_2_jpg.rf.P75HXpadmOITaG7flgaj.jpg,10,10,Dog - Mange,image_family_20f14d39844ef3afc1a5a1a2,retain,readable; no cleaning exclusion,,,split_group_20f14d39844ef3afc1a5a1a2
Dogs/Mange in Dog/2024-05-13-133205_2_jpg.rf.ThIpUVMrfEFrfl27MC6u.jpg,10,10,Dog - Mange,image_family_20f14d39844ef3afc1a5a1a2,exclude_additional_source_family_member,one source-family representative policy; retained Dogs/Mange in Dog/2024-05-13-133205_2_jpg.rf.P75HXpadmOITaG7flgaj.jpg; original/animal identity not verified,,,split_group_20f14d39844ef3afc1a5a1a2
Dogs/Mange in Dog/2024-05-13-133205_2_jpg.rf.lDfsGLRFN9umDWYQEVVT.jpg,10,10,Dog - Mange,image_family_20f14d39844ef3afc1a5a1a2,exclude_additional_source_family_member,one source-family representative policy; retained Dogs/Mange in Dog/2024-05-13-133205_2_jpg.rf.P75HXpadmOITaG7flgaj.jpg; original/animal identity not verified,,,split_group_20f14d39844ef3afc1a5a1a2
Dogs/Mange in Dog/2024-05-13-133332_2_jpg.rf.LC5sEorKios5ywp6KHTM.jpg,10,10,Dog - Mange,image_family_bd35165ce9852cdaadc6b607,retain,readable; no cleaning exclusion,,,split_group_bd35165ce9852cdaadc6b607
Dogs/Mange in Dog/2024-05-13-133332_2_jpg.rf.bmYZIiaYeCx52a4fqFjm.jpg,10,10,Dog - Mange,image_family_bd35165ce9852cdaadc6b607,exclude_additional_source_family_member,one source-family representative policy; retained Dogs/Mange in Dog/2024-05-13-133332_2_jpg.rf.LC5sEorKios5ywp6KHTM.jpg; original/animal identity not verified,,,split_group_bd35165ce9852cdaadc6b607
Dogs/Mange in Dog/2024-05-13-133458_1_jpg.rf.0RJ8sKquPFh6rBxiEBea.jpg,10,10,Dog - Mange,image_family_0ca791ac40fbd17c115e6b27,retain,readable; no cleaning exclusion,,,split_group_0ca791ac40fbd17c115e6b27
Dogs/Mange in Dog/2024-05-13-133458_1_jpg.rf.bfHdOTcxA2na624TjaUk.jpg,10,10,Dog - Mange,image_family_0ca791ac40fbd17c115e6b27,exclude_additional_source_family_member,one source-family representative policy; retained Dogs/Mange in Dog/2024-05-13-133458_1_jpg.rf.0RJ8sKquPFh6rBxiEBea.jpg; original/animal identity not verified,,,split_group_0ca791ac40fbd17c115e6b27
Dogs/Mange in Dog/2024-05-13-133458_3_jpg.rf.nENSPnBX2YCcWtAmsHXS.jpg,10,10,Dog - Mange,image_family_1f3709a6b4aef4d9285cc12c,retain,readable; no cleaning exclusion,,,split_group_1f3709a6b4aef4d9285cc12c
Dogs/Mange in Dog/2024-05-13-133458_4_jpg.rf.6Hx78HIFrXnfYk5dxBoF.jpg,10,10,Dog - Mange,image_family_5af1cedeb84d4b2ce3b06584,retain,readable; no cleaning exclusion,,,split_group_5af1cedeb84d4b2ce3b06584
Dogs/Mange in Dog/2024-05-13-133620_4_jpg.rf.8vFx0pt5c1toyNbnyChk.jpg,10,10,Dog - Mange,image_family_720471fa53f32f499ee0b86e,retain,readable; no cleaning exclusion,,,split_group_720471fa53f32f499ee0b86e
Dogs/Mange in Dog/2024-05-13-133853_2_jpg.rf.1PzAewhGvtiNYrGb7tix.jpg,10,10,Dog - Mange,image_family_9d70372c8d3b7f6693994de3,retain,readable; no cleaning exclusion,,,split_group_9d70372c8d3b7f6693994de3
Dogs/Mange in Dog/2024-05-13-133920_2_jpg.rf.gq62fPrA2cbfCvCHySOz.jpg,10,10,Dog - Mange,image_family_2beb9772bb8e6a1740379b67,retain,readable; no cleaning exclusion,,,split_group_2beb9772bb8e6a1740379b67
Dogs/Mange in Dog/2024-05-13-133940_4_jpg.rf.eWopTJ45AjpxyEwg5n93.jpg,10,10,Dog - Mange,image_family_1d149d0a5eba82278db9752e,retain,readable; no cleaning exclusion,,,split_group_1d149d0a5eba82278db9752e
Dogs/Mange in Dog/2024-05-13-134005_2_jpg.rf.vhM2fAEl7Ed54bIVQQ3B.jpg,10,10,Dog - Mange,image_family_07e9acc01538976c2faebf4f,retain,readable; no cleaning exclusion,,,split_group_07e9acc01538976c2faebf4f
Dogs/Mange in Dog/2024-05-13-134023_1_jpg.rf.4pGUYtwBfIDN9qOtmN2g.jpg,10,10,Dog - Mange,image_family_5b8d16e2c71d636028cfe145,retain,readable; no cleaning exclusion,,,split_group_5b8d16e2c71d636028cfe145
Dogs/Mange in Dog/2024-05-13-134023_1_jpg.rf.Ai5LoYsIanJfIVTezVFh.jpg,10,10,Dog - Mange,image_family_5b8d16e2c71d636028cfe145,exclude_additional_source_family_member,one source-family representative policy; retained Dogs/Mange in Dog/2024-05-13-134023_1_jpg.rf.4pGUYtwBfIDN9qOtmN2g.jpg; original/animal identity not verified,,,split_group_5b8d16e2c71d636028cfe145
Dogs/Mange in Dog/2024-05-13-134023_1_jpg.rf.hoGI8xtbph3VI3xOqFiG.jpg,10,10,Dog - Mange,image_family_5b8d16e2c71d636028cfe145,exclude_additional_source_family_member,one source-family representative policy; retained Dogs/Mange in Dog/2024-05-13-134023_1_jpg.rf.4pGUYtwBfIDN9qOtmN2g.jpg; original/animal identity not verified,,,split_group_5b8d16e2c71d636028cfe145
Dogs/Mange in Dog/2024-05-13-134023_4_jpg.rf.cHWoj0r9eU3piC4LMGFE.jpg,10,10,Dog - Mange,image_family_e94108ed385019c6fbdc1217,retain,readable; no cleaning exclusion,,,split_group_e94108ed385019c6fbdc1217
Dogs/Mange in Dog/2024-05-13-134023_4_jpg.rf.zDSxGYRaRbBeOlwULL5H.jpg,10,10,Dog - Mange,image_family_e94108ed385019c6fbdc1217,exclude_additional_source_family_member,one source-family representative policy; retained Dogs/Mange in Dog/2024-05-13-134023_4_jpg.rf.cHWoj0r9eU3piC4LMGFE.jpg; original/animal identity not verified,,,split_group_e94108ed385019c6fbdc1217
Dogs/Mange in Dog/2024-05-13-134130_1_jpg.rf.Eec7Vig2vNofkPYFX4ld.jpg,10,10,Dog - Mange,image_family_cbcdec9ff89cb63e3b78429a,retain,readable; no cleaning exclusion,,,split_group_cbcdec9ff89cb63e3b78429a
Dogs/Mange in Dog/2024-05-13-134130_1_jpg.rf.KQ5xqIlKAZFQWp4bJ5Jw.jpg,10,10,Dog - Mange,image_family_cbcdec9ff89cb63e3b78429a,exclude_additional_source_family_member,one source-family representative policy; retained Dogs/Mange in Dog/2024-05-13-134130_1_jpg.rf.Eec7Vig2vNofkPYFX4ld.jpg; original/animal identity not verified,,,split_group_cbcdec9ff89cb63e3b78429a
Dogs/Mange in Dog/2024-05-13-134130_2_jpg.rf.CJrGYevC6JECLN6SR1eN.jpg,10,10,Dog - Mange,image_family_97e7e7eff1ace0cbf58ccc6a,retain,readable; no cleaning exclusion,,,split_group_97e7e7eff1ace0cbf58ccc6a
Dogs/Mange in Dog/2024-05-13-134130_2_jpg.rf.gpIE9UNQ95hOFOs0KohY.jpg,10,10,Dog - Mange,image_family_97e7e7eff1ace0cbf58ccc6a,exclude_additional_source_family_member,one source-family representative policy; retained Dogs/Mange in Dog/2024-05-13-134130_2_jpg.rf.CJrGYevC6JECLN6SR1eN.jpg; original/animal identity not verified,,,split_group_97e7e7eff1ace0cbf58ccc6a
Dogs/Mange in Dog/2024-05-13-134130_3_jpg.rf.CXKSnnxvBRyzbfv2ngc1.jpg,10,10,Dog - Mange,image_family_54b98aec47d5fad065fff927,retain,readable; no cleaning exclusion,,,split_group_54b98aec47d5fad065fff927
Dogs/Mange in Dog/2024-05-13-134130_3_jpg.rf.UarXAvMZ6HGEQieSZyNx.jpg,10,10,Dog - Mange,image_family_54b98aec47d5fad065fff927,exclude_additional_source_family_member,one source-family representative policy; retained Dogs/Mange in Dog/2024-05-13-134130_3_jpg.rf.CXKSnnxvBRyzbfv2ngc1.jpg; original/animal identity not verified,,,split_group_54b98aec47d5fad065fff927
Dogs/Mange in Dog/2024-05-13-134130_4_jpg.rf.xDmWlNsy7c1bba62aUYt.jpg,10,10,Dog - Mange,image_family_17b4e17b6de62e4be5f3e578,retain,readable; no cleaning exclusion,,,split_group_17b4e17b6de62e4be5f3e578
Dogs/Mange in Dog/2024-05-13-134153_3_jpg.rf.LK9E9u3PuXWjYvTDdTdr.jpg,10,10,Dog - Mange,image_family_410a7aea6b56d369f451c715,retain,readable; no cleaning exclusion,,,split_group_410a7aea6b56d369f451c715
Dogs/Mange in Dog/2024-05-13-134214_4_jpg.rf.RIFU66pLjN6wqC5JQxrI.jpg,10,10,Dog - Mange,image_family_cc104b45a87b60d5bd9c0863,retain,readable; no cleaning exclusion,,,split_group_cc104b45a87b60d5bd9c0863
Dogs/Mange in Dog/2024-05-13-134258_3_jpg.rf.AvMBIslkWurbqEiJhx4h.jpg,10,10,Dog - Mange,image_family_8eee37c14872f9896b07eb98,retain,readable; no cleaning exclusion,,,split_group_8eee37c14872f9896b07eb98
Dogs/Mange in Dog/2024-05-13-134258_3_jpg.rf.XvEJ7ax4rBGCNvmNl0v5.jpg,10,10,Dog - Mange,image_family_8eee37c14872f9896b07eb98,exclude_additional_source_family_member,one source-family representative policy; retained Dogs/Mange in Dog/2024-05-13-134258_3_jpg.rf.AvMBIslkWurbqEiJhx4h.jpg; original/animal identity not verified,,,split_group_8eee37c14872f9896b07eb98
Dogs/Mange in Dog/2024-05-13-134258_3_jpg.rf.ZEc32RL3srRpFPXnqw80.jpg,10,10,Dog - Mange,image_family_8eee37c14872f9896b07eb98,exclude_additional_source_family_member,one source-family representative policy; retained Dogs/Mange in Dog/2024-05-13-134258_3_jpg.rf.AvMBIslkWurbqEiJhx4h.jpg; original/animal identity not verified,,,split_group_8eee37c14872f9896b07eb98
Dogs/Mange in Dog/2024-05-13-134258_4_jpg.rf.EYmAKmbZsOrEyJMBDIKw.jpg,10,10,Dog - Mange,image_family_81f62861838fed82fe04539c,retain,readable; no cleaning exclusion,,,split_group_81f62861838fed82fe04539c
Dogs/Mange in Dog/2024-05-13-134258_4_jpg.rf.thZRMImR0i0R5rUB4URg.jpg,10,10,Dog - Mange,image_family_81f62861838fed82fe04539c,exclude_additional_source_family_member,one source-family representative policy; retained Dogs/Mange in Dog/2024-05-13-134258_4_jpg.rf.EYmAKmbZsOrEyJMBDIKw.jpg; original/animal identity not verified,,,split_group_81f62861838fed82fe04539c
Dogs/Mange in Dog/2024-05-13-134316_2_jpg.rf.6fWsyLWLtYrwGeAmR38v.jpg,10,10,Dog - Mange,image_family_0ef247db40534947364b472a,retain,readable; no cleaning exclusion,,,split_group_0ef247db40534947364b472a
Dogs/Mange in Dog/2024-05-13-134316_3_jpg.rf.6swuwOG4W9q1zcwbbReq.jpg,10,10,Dog - Mange,image_family_441e48f77f6dc2442124f2f9,retain,readable; no cleaning exclusion,,,split_group_441e48f77f6dc2442124f2f9
Dogs/Mange in Dog/2024-05-13-134316_4_jpg.rf.jgxe6m3TgoF9MakBqH59.jpg,10,10,Dog - Mange,image_family_96a2a4e43746f76d4b39b227,retain,readable; no cleaning exclusion,,,split_group_96a2a4e43746f76d4b39b227
Dogs/Mange in Dog/2024-05-13-134336_2_jpg.rf.4NTiMPqdbTgjTxWCUpsZ.jpg,10,10,Dog - Mange,image_family_0fef99565a6d56473fe71ccf,retain,readable; no cleaning exclusion,,,split_group_0fef99565a6d56473fe71ccf
Dogs/Mange in Dog/2024-05-13-134336_2_jpg.rf.FcIsm6qCIvV922q24BDP.jpg,10,10,Dog - Mange,image_family_0fef99565a6d56473fe71ccf,exclude_additional_source_family_member,one source-family representative policy; retained Dogs/Mange in Dog/2024-05-13-134336_2_jpg.rf.4NTiMPqdbTgjTxWCUpsZ.jpg; original/animal identity not verified,,,split_group_0fef99565a6d56473fe71ccf
Dogs/Mange in Dog/2024-05-13-134336_3_jpg.rf.B57IVoL3dvHJyH8UTme7.jpg,10,10,Dog - Mange,image_family_9c30a20c380ba826542f7e98,retain,readable; no cleaning exclusion,,,split_group_9c30a20c380ba826542f7e98
Dogs/Mange in Dog/2024-05-13-134429_1_jpg.rf.aNoUvK7ASgHxhkWBWyPZ.jpg,10,10,Dog - Mange,image_family_21ba03f914e395c6636dfad4,retain,readable; no cleaning exclusion,,,split_group_21ba03f914e395c6636dfad4
Dogs/Mange in Dog/2024-05-13-134508_1_jpg.rf.3zBlgt8CLQvTuKPVC0Xu.jpg,10,10,Dog - Mange,image_family_9620ae2e8a01d76d3dcf3b63,retain,readable; no cleaning exclusion,,,split_group_9620ae2e8a01d76d3dcf3b63
Dogs/Mange in Dog/2024-05-13-134508_1_jpg.rf.LczaEuGJ04Rk6noy7jER.jpg,10,10,Dog - Mange,image_family_9620ae2e8a01d76d3dcf3b63,exclude_additional_source_family_member,one source-family representative policy; retained Dogs/Mange in Dog/2024-05-13-134508_1_jpg.rf.3zBlgt8CLQvTuKPVC0Xu.jpg; original/animal identity not verified,,,split_group_9620ae2e8a01d76d3dcf3b63
Dogs/Mange in Dog/2024-05-13-134529_2_jpg.rf.99XzkXhDJVm6kGVjWB1Y.jpg,10,10,Dog - Mange,image_family_ebcc1c1c2117a49d393714e2,retain,readable; no cleaning exclusion,,,split_group_ebcc1c1c2117a49d393714e2
Dogs/Mange in Dog/2024-05-13-134529_2_jpg.rf.ANilvBDofWONOv0M1BVw.jpg,10,10,Dog - Mange,image_family_ebcc1c1c2117a49d393714e2,exclude_additional_source_family_member,one source-family representative policy; retained Dogs/Mange in Dog/2024-05-13-134529_2_jpg.rf.99XzkXhDJVm6kGVjWB1Y.jpg; original/animal identity not verified,,,split_group_ebcc1c1c2117a49d393714e2
Dogs/Mange in Dog/2024-05-13-155521_1_jpg.rf.dNOVQwndOak05vNawjIC.jpg,10,10,Dog - Mange,image_family_7180743125d1063bd8acd632,retain,readable; no cleaning exclusion,,,split_group_7180743125d1063bd8acd632
Dogs/Mange in Dog/2024-05-13-155521_1_jpg.rf.dfPTdNxG9kfIApJ4SEUW.jpg,10,10,Dog - Mange,image_family_7180743125d1063bd8acd632,exclude_additional_source_family_member,one source-family representative policy; retained Dogs/Mange in Dog/2024-05-13-155521_1_jpg.rf.dNOVQwndOak05vNawjIC.jpg; original/animal identity not verified,,,split_group_7180743125d1063bd8acd632
Dogs/Mange in Dog/2024-05-13-155521_2_jpg.rf.aQoLo0qYGFsaEAyDkQJq.jpg,10,10,Dog - Mange,image_family_d7fc387135da19363b553f28,retain,readable; no cleaning exclusion,,,split_group_d7fc387135da19363b553f28
Dogs/Mange in Dog/2024-05-13-155521_2_jpg.rf.jb6dYpUqKi2zCaCTNERy.jpg,10,10,Dog - Mange,image_family_d7fc387135da19363b553f28,exclude_additional_source_family_member,one source-family representative policy; retained Dogs/Mange in Dog/2024-05-13-155521_2_jpg.rf.aQoLo0qYGFsaEAyDkQJq.jpg; original/animal identity not verified,,,split_group_d7fc387135da19363b553f28
Dogs/Mange in Dog/2024-05-13-155521_3_jpg.rf.2ruw7nlq2uuXAgh9HYyo.jpg,10,10,Dog - Mange,image_family_aa4b1987eb7b8e7e25cb581f,retain,readable; no cleaning exclusion,,,split_group_aa4b1987eb7b8e7e25cb581f
Dogs/Mange in Dog/2024-05-13-155521_3_jpg.rf.yW2xbGGvGvCib7hzUBgd.jpg,10,10,Dog - Mange,image_family_aa4b1987eb7b8e7e25cb581f,exclude_additional_source_family_member,one source-family representative policy; retained Dogs/Mange in Dog/2024-05-13-155521_3_jpg.rf.2ruw7nlq2uuXAgh9HYyo.jpg; original/animal identity not verified,,,split_group_aa4b1987eb7b8e7e25cb581f
Dogs/Mange in Dog/2024-05-13-161645_jpg.rf.8gYfQG6zwAcvIdwMJOwx.jpg,10,10,Dog - Mange,image_family_690f4b7ec9dc28eb67bafe2a,retain,readable; no cleaning exclusion,,,split_group_690f4b7ec9dc28eb67bafe2a
Dogs/Mange in Dog/2024-05-13-161645_jpg.rf.DCDbBArnhVnx05DxvekV.jpg,10,10,Dog - Mange,image_family_690f4b7ec9dc28eb67bafe2a,exclude_additional_source_family_member,one source-family representative policy; retained Dogs/Mange in Dog/2024-05-13-161645_jpg.rf.8gYfQG6zwAcvIdwMJOwx.jpg; original/animal identity not verified,,,split_group_690f4b7ec9dc28eb67bafe2a
Dogs/Mange in Dog/2024-05-13-161705_jpg.rf.1NqzMh4PJq6H0rjS7k3o.jpg,10,10,Dog - Mange,image_family_5250d64b73e6dfff4a81f7cf,retain,readable; no cleaning exclusion,,,split_group_5250d64b73e6dfff4a81f7cf
Dogs/Mange in Dog/2024-05-13-161705_jpg.rf.8DxPEFXwlCAitEgS3gGX.jpg,10,10,Dog - Mange,image_family_5250d64b73e6dfff4a81f7cf,exclude_additional_source_family_member,one source-family representative policy; retained Dogs/Mange in Dog/2024-05-13-161705_jpg.rf.1NqzMh4PJq6H0rjS7k3o.jpg; original/animal identity not verified,,,split_group_5250d64b73e6dfff4a81f7cf
Dogs/Mange in Dog/2024-05-13-161705_jpg.rf.ARr0WEhGTu6rlFV9OZ91.jpg,10,10,Dog - Mange,image_family_5250d64b73e6dfff4a81f7cf,exclude_additional_source_family_member,one source-family representative policy; retained Dogs/Mange in Dog/2024-05-13-161705_jpg.rf.1NqzMh4PJq6H0rjS7k3o.jpg; original/animal identity not verified,,,split_group_5250d64b73e6dfff4a81f7cf
Dogs/Mange in Dog/2024-05-13-161803_jpg.rf.kp7vWY3xDFMG15tHPPkW.jpg,10,10,Dog - Mange,image_family_4b061384ea58f35e1baf7ddc,retain,readable; no cleaning exclusion,,,split_group_4b061384ea58f35e1baf7ddc
Dogs/Mange in Dog/2024-05-13-161905_jpg.rf.wZxy8PuxohtYYbxGQhoQ.jpg,10,10,Dog - Mange,image_family_743fbd761f8c3ebf92f28a48,retain,readable; no cleaning exclusion,,,split_group_743fbd761f8c3ebf92f28a48
Dogs/Mange in Dog/2024-05-13-161913_jpg.rf.3NnRvCzdAmlPEKoA8nf1.jpg,10,10,Dog - Mange,image_family_04c8cc183c505f77f107a8e3,retain,readable; no cleaning exclusion,,,split_group_04c8cc183c505f77f107a8e3
Dogs/Mange in Dog/2024-05-13-161913_jpg.rf.mbjBbnUb2rwzKzA5f8m3.jpg,10,10,Dog - Mange,image_family_04c8cc183c505f77f107a8e3,exclude_additional_source_family_member,one source-family representative policy; retained Dogs/Mange in Dog/2024-05-13-161913_jpg.rf.3NnRvCzdAmlPEKoA8nf1.jpg; original/animal identity not verified,,,split_group_04c8cc183c505f77f107a8e3
Dogs/Mange in Dog/2024-05-13-161913_jpg.rf.xz8tPepZNQCrOPfvoBwm.jpg,10,10,Dog - Mange,image_family_04c8cc183c505f77f107a8e3,exclude_additional_source_family_member,one source-family representative policy; retained Dogs/Mange in Dog/2024-05-13-161913_jpg.rf.3NnRvCzdAmlPEKoA8nf1.jpg; original/animal identity not verified,,,split_group_04c8cc183c505f77f107a8e3
Dogs/Mange in Dog/2024-05-13-161921_jpg.rf.oK1E9qHZyXRlKbUqIV6H.jpg,10,10,Dog - Mange,image_family_6e198f29911bda2ce5192dc7,retain,readable; no cleaning exclusion,,,split_group_6e198f29911bda2ce5192dc7
Dogs/Mange in Dog/2024-05-13-161943_jpg.rf.VohTJCvaFFlu6MA8jYrZ.jpg,10,10,Dog - Mange,image_family_b4c66fd2476781b02f792433,retain,readable; no cleaning exclusion,,,split_group_b4c66fd2476781b02f792433
Dogs/Mange in Dog/2024-05-13-161952_jpg.rf.GAnz3fO65358cUGXzEv2.jpg,10,10,Dog - Mange,image_family_c8c2efe29ce382ffb01c5cbf,retain,readable; no cleaning exclusion,,,split_group_c8c2efe29ce382ffb01c5cbf
Dogs/Mange in Dog/2024-05-13-161952_jpg.rf.HuB1ykFQtmsVz3b96vQm.jpg,10,10,Dog - Mange,image_family_c8c2efe29ce382ffb01c5cbf,exclude_additional_source_family_member,one source-family representative policy; retained Dogs/Mange in Dog/2024-05-13-161952_jpg.rf.GAnz3fO65358cUGXzEv2.jpg; original/animal identity not verified,,,split_group_c8c2efe29ce382ffb01c5cbf
Dogs/Mange in Dog/2024-05-13-162001_jpg.rf.KudQ9rW268a0mv6lCZHs.jpg,10,10,Dog - Mange,image_family_d2b2e8c52660d7c8d50d334b,retain,readable; no cleaning exclusion,,,split_group_d2b2e8c52660d7c8d50d334b
Dogs/Mange in Dog/2024-05-13-162001_jpg.rf.qRIjg73hCvHF6800miTK.jpg,10,10,Dog - Mange,image_family_d2b2e8c52660d7c8d50d334b,exclude_additional_source_family_member,one source-family representative policy; retained Dogs/Mange in Dog/2024-05-13-162001_jpg.rf.KudQ9rW268a0mv6lCZHs.jpg; original/animal identity not verified,,,split_group_d2b2e8c52660d7c8d50d334b
Dogs/Mange in Dog/2024-05-13-162013_2_jpg.rf.GQNn5ajsYFuYKeCWqcj6.jpg,10,10,Dog - Mange,image_family_78d5587081d422fa723b10c4,retain,readable; no cleaning exclusion,,,split_group_78d5587081d422fa723b10c4
Dogs/Mange in Dog/2024-05-13-162013_2_jpg.rf.XTpQYJOeTDtblyIDvx6u.jpg,10,10,Dog - Mange,image_family_78d5587081d422fa723b10c4,exclude_additional_source_family_member,one source-family representative policy; retained Dogs/Mange in Dog/2024-05-13-162013_2_jpg.rf.GQNn5ajsYFuYKeCWqcj6.jpg; original/animal identity not verified,,,split_group_78d5587081d422fa723b10c4
Dogs/Mange in Dog/2024-05-13-162032_4_jpg.rf.ZoWsJOgkMDpKg3xDwuoU.jpg,10,10,Dog - Mange,image_family_968cc7473ce7b2c4f4157476,retain,readable; no cleaning exclusion,,,split_group_968cc7473ce7b2c4f4157476
Dogs/Mange in Dog/2024-05-13-162032_4_jpg.rf.fJxFL96pvwgZl4wYnb5k.jpg,10,10,Dog - Mange,image_family_968cc7473ce7b2c4f4157476,exclude_additional_source_family_member,one source-family representative policy; retained Dogs/Mange in Dog/2024-05-13-162032_4_jpg.rf.ZoWsJOgkMDpKg3xDwuoU.jpg; original/animal identity not verified,,,split_group_968cc7473ce7b2c4f4157476
Dogs/Mange in Dog/2024-05-13-162105_jpg.rf.EArVe6FBV3XoN87SNnKh.jpg,10,10,Dog - Mange,image_family_b81e0325b4ab2ea44bbbf5fc,retain,readable; no cleaning exclusion,,,split_group_b81e0325b4ab2ea44bbbf5fc
Dogs/Mange in Dog/2024-05-13-162105_jpg.rf.G76J0rPTVk7zaEMK1yv9.jpg,10,10,Dog - Mange,image_family_b81e0325b4ab2ea44bbbf5fc,exclude_additional_source_family_member,one source-family representative policy; retained Dogs/Mange in Dog/2024-05-13-162105_jpg.rf.EArVe6FBV3XoN87SNnKh.jpg; original/animal identity not verified,,,split_group_b81e0325b4ab2ea44bbbf5fc
Dogs/Mange in Dog/2024-05-13-162105_jpg.rf.VGmyteqlA99Urfl0o978.jpg,10,10,Dog - Mange,image_family_b81e0325b4ab2ea44bbbf5fc,exclude_additional_source_family_member,one source-family representative policy; retained Dogs/Mange in Dog/2024-05-13-162105_jpg.rf.EArVe6FBV3XoN87SNnKh.jpg; original/animal identity not verified,,,split_group_b81e0325b4ab2ea44bbbf5fc
Dogs/Mange in Dog/2024-05-13-162226_jpg.rf.Roy75wK5m1KN1yh5qoC7.jpg,10,10,Dog - Mange,image_family_1946b1563a10072957121328,retain,readable; no cleaning exclusion,,,split_group_1946b1563a10072957121328
Dogs/Mange in Dog/2024-05-13-162235_jpg.rf.6PZZEbETiBezv4NXxRUq.jpg,10,10,Dog - Mange,image_family_100ccc7dcd0476a9543e0fe1,retain,readable; no cleaning exclusion,,,split_group_100ccc7dcd0476a9543e0fe1
Dogs/Mange in Dog/2024-05-13-162235_jpg.rf.juwToyrr4CXCtKagZEJO.jpg,10,10,Dog - Mange,image_family_100ccc7dcd0476a9543e0fe1,exclude_additional_source_family_member,one source-family representative policy; retained Dogs/Mange in Dog/2024-05-13-162235_jpg.rf.6PZZEbETiBezv4NXxRUq.jpg; original/animal identity not verified,,,split_group_100ccc7dcd0476a9543e0fe1
Dogs/Mange in Dog/2024-05-13-162235_jpg.rf.lEYGV0zgACBZBKkR2ewL.jpg,10,10,Dog - Mange,image_family_100ccc7dcd0476a9543e0fe1,exclude_additional_source_family_member,one source-family representative policy; retained Dogs/Mange in Dog/2024-05-13-162235_jpg.rf.6PZZEbETiBezv4NXxRUq.jpg; original/animal identity not verified,,,split_group_100ccc7dcd0476a9543e0fe1
Dogs/Mange in Dog/2024-05-13-162242_jpg.rf.4lFBxKOKak7udxm7mlRA.jpg,10,10,Dog - Mange,image_family_60310be963854480cba1cb51,retain,readable; no cleaning exclusion,,,split_group_60310be963854480cba1cb51
Dogs/Mange in Dog/2024-05-13-162242_jpg.rf.qtEdWAdZDksDeQkh7frB.jpg,10,10,Dog - Mange,image_family_60310be963854480cba1cb51,exclude_additional_source_family_member,one source-family representative policy; retained Dogs/Mange in Dog/2024-05-13-162242_jpg.rf.4lFBxKOKak7udxm7mlRA.jpg; original/animal identity not verified,,,split_group_60310be963854480cba1cb51
Dogs/Mange in Dog/2024-05-13-162254_jpg.rf.p2Vh56pY6PYhwOWLnUK7.jpg,10,10,Dog - Mange,image_family_f5457a82fa5dd956e1e266e5,retain,readable; no cleaning exclusion,,,split_group_f5457a82fa5dd956e1e266e5
Dogs/Mange in Dog/2024-05-13-162359_jpg.rf.HPRAuijooHaPlcYWp2AZ.jpg,10,10,Dog - Mange,image_family_502b793f413dc6222a4cdff8,retain,readable; no cleaning exclusion,,,split_group_da0bc15d5b4be06fc42c3434
Dogs/Mange in Dog/2024-05-13-162429_jpg.rf.oOerAi7z1IwNo7ynVW0G.jpg,10,10,Dog - Mange,image_family_e673fb36829064bae733b5fe,retain,readable; no cleaning exclusion,,,split_group_da0bc15d5b4be06fc42c3434
Dogs/Mange in Dog/2024-05-13-162638_jpg.rf.nMP1Fl51jRADBwjdQz1j.jpg,10,10,Dog - Mange,image_family_e7b264a6a005af75a22749fd,retain,readable; no cleaning exclusion,,,split_group_e7b264a6a005af75a22749fd
Dogs/Mange in Dog/2024-05-13-162700_jpg.rf.dRq6xyXQPx69ukcaKvIQ.jpg,10,10,Dog - Mange,image_family_558a8f66c92bb7475c5868d2,retain,readable; no cleaning exclusion,,,split_group_558a8f66c92bb7475c5868d2
Dogs/Mange in Dog/2024-05-13-162700_jpg.rf.ytcNdjzvbswqzucBDZcM.jpg,10,10,Dog - Mange,image_family_558a8f66c92bb7475c5868d2,exclude_additional_source_family_member,one source-family representative policy; retained Dogs/Mange in Dog/2024-05-13-162700_jpg.rf.dRq6xyXQPx69ukcaKvIQ.jpg; original/animal identity not verified,,,split_group_558a8f66c92bb7475c5868d2
Dogs/Mange in Dog/2024-05-13-162700_jpg.rf.zCSHvwPet07JiCgq5HPK.jpg,10,10,Dog - Mange,image_family_558a8f66c92bb7475c5868d2,exclude_additional_source_family_member,one source-family representative policy; retained Dogs/Mange in Dog/2024-05-13-162700_jpg.rf.dRq6xyXQPx69ukcaKvIQ.jpg; original/animal identity not verified,,,split_group_558a8f66c92bb7475c5868d2
Dogs/Mange in Dog/2024-05-13-162717_jpg.rf.k029UBeRfw0yLaK2FhZi.jpg,10,10,Dog - Mange,image_family_20a25aa63aa5bc0f3cda8065,retain,readable; no cleaning exclusion,,,split_group_20a25aa63aa5bc0f3cda8065
Dogs/Mange in Dog/2024-05-13-162741_jpg.rf.L02D7fA1JFJj1XXN6H92.jpg,10,10,Dog - Mange,image_family_3d6924eb51350e965e192d4f,retain,readable; no cleaning exclusion,,,split_group_3d6924eb51350e965e192d4f
Dogs/Mange in Dog/2024-05-13-162741_jpg.rf.brPsvrP6Ayu12qkB6Fa6.jpg,10,10,Dog - Mange,image_family_3d6924eb51350e965e192d4f,exclude_additional_source_family_member,one source-family representative policy; retained Dogs/Mange in Dog/2024-05-13-162741_jpg.rf.L02D7fA1JFJj1XXN6H92.jpg; original/animal identity not verified,,,split_group_3d6924eb51350e965e192d4f
Dogs/Mange in Dog/2024-05-13-162741_jpg.rf.eF5d5sg4HR2sv2QIQEJQ.jpg,10,10,Dog - Mange,image_family_3d6924eb51350e965e192d4f,exclude_additional_source_family_member,one source-family representative policy; retained Dogs/Mange in Dog/2024-05-13-162741_jpg.rf.L02D7fA1JFJj1XXN6H92.jpg; original/animal identity not verified,,,split_group_3d6924eb51350e965e192d4f
Dogs/Mange in Dog/2024-05-13-162811_jpg.rf.09PhIpEQWNsfFUhYzFML.jpg,10,10,Dog - Mange,image_family_68e887e2b911a00aa524a546,retain,readable; no cleaning exclusion,,,split_group_68e887e2b911a00aa524a546
Dogs/Mange in Dog/2024-05-13-162811_jpg.rf.0o2tXMFHQ7AupByQIF5P.jpg,10,10,Dog - Mange,image_family_68e887e2b911a00aa524a546,exclude_additional_source_family_member,one source-family representative policy; retained Dogs/Mange in Dog/2024-05-13-162811_jpg.rf.09PhIpEQWNsfFUhYzFML.jpg; original/animal identity not verified,,,split_group_68e887e2b911a00aa524a546
Dogs/Mange in Dog/2024-05-13-162811_jpg.rf.kE7XfCkh8eSxCgjGBYMz.jpg,10,10,Dog - Mange,image_family_68e887e2b911a00aa524a546,exclude_additional_source_family_member,one source-family representative policy; retained Dogs/Mange in Dog/2024-05-13-162811_jpg.rf.09PhIpEQWNsfFUhYzFML.jpg; original/animal identity not verified,,,split_group_68e887e2b911a00aa524a546
Dogs/Mange in Dog/2024-05-13-162817_jpg.rf.2V8mvDtCaiKISxEsYwU7.jpg,10,10,Dog - Mange,image_family_f2680f764681561562866553,retain,readable; no cleaning exclusion,,,split_group_f2680f764681561562866553
Dogs/Mange in Dog/2024-05-13-162817_jpg.rf.8CADVL6wJPCaP8IXLr28.jpg,10,10,Dog - Mange,image_family_f2680f764681561562866553,exclude_additional_source_family_member,one source-family representative policy; retained Dogs/Mange in Dog/2024-05-13-162817_jpg.rf.2V8mvDtCaiKISxEsYwU7.jpg; original/animal identity not verified,,,split_group_f2680f764681561562866553
Dogs/Mange in Dog/2024-05-13-162838_jpg.rf.aUrBnNrSbzY93Davjpuz.jpg,10,10,Dog - Mange,image_family_3578a7b27a904813db729f3f,retain,readable; no cleaning exclusion,,,split_group_3578a7b27a904813db729f3f
Dogs/Mange in Dog/2024-05-13-162850_jpg.rf.OehCbiQEvrCCxJFsK5Ss.jpg,10,10,Dog - Mange,image_family_7a6609b1acfd2fd4825ac38c,retain,readable; no cleaning exclusion,,,split_group_7a6609b1acfd2fd4825ac38c
Dogs/Mange in Dog/2024-05-13-162850_jpg.rf.eBS6AorFn5uo3CplXhR2.jpg,10,10,Dog - Mange,image_family_7a6609b1acfd2fd4825ac38c,exclude_additional_source_family_member,one source-family representative policy; retained Dogs/Mange in Dog/2024-05-13-162850_jpg.rf.OehCbiQEvrCCxJFsK5Ss.jpg; original/animal identity not verified,,,split_group_7a6609b1acfd2fd4825ac38c
Dogs/Mange in Dog/2024-05-13-162923_jpg.rf.EnYUq7j8BiLKkKBl9twr.jpg,10,10,Dog - Mange,image_family_f0a27f8fb924f6fa08729c3a,retain,readable; no cleaning exclusion,,,split_group_f0a27f8fb924f6fa08729c3a
Dogs/Mange in Dog/2024-05-13-162923_jpg.rf.HYviKvIpAOgIrQU8oc82.jpg,10,10,Dog - Mange,image_family_f0a27f8fb924f6fa08729c3a,exclude_additional_source_family_member,one source-family representative policy; retained Dogs/Mange in Dog/2024-05-13-162923_jpg.rf.EnYUq7j8BiLKkKBl9twr.jpg; original/animal identity not verified,,,split_group_f0a27f8fb924f6fa08729c3a
Dogs/Mange in Dog/2024-05-13-162923_jpg.rf.mnq9MzQDw7xmFim7muhS.jpg,10,10,Dog - Mange,image_family_f0a27f8fb924f6fa08729c3a,exclude_additional_source_family_member,one source-family representative policy; retained Dogs/Mange in Dog/2024-05-13-162923_jpg.rf.EnYUq7j8BiLKkKBl9twr.jpg; original/animal identity not verified,,,split_group_f0a27f8fb924f6fa08729c3a
Dogs/Mange in Dog/2024-05-13-162941_jpg.rf.KDUlwUK7Eh2zPHrVMlBB.jpg,10,10,Dog - Mange,image_family_9ce42161763f80bc26653e64,retain,readable; no cleaning exclusion,,,split_group_9ce42161763f80bc26653e64
Dogs/Mange in Dog/2024-05-13-162941_jpg.rf.MG8ienWZ7bs029UKQtar.jpg,10,10,Dog - Mange,image_family_9ce42161763f80bc26653e64,exclude_additional_source_family_member,one source-family representative policy; retained Dogs/Mange in Dog/2024-05-13-162941_jpg.rf.KDUlwUK7Eh2zPHrVMlBB.jpg; original/animal identity not verified,,,split_group_9ce42161763f80bc26653e64
Dogs/Mange in Dog/2024-05-13-163218_jpg.rf.i45WRwXMXiOUi0vV2V43.jpg,10,10,Dog - Mange,image_family_df1c78883cea98adb200acc6,retain,readable; no cleaning exclusion,,,split_group_df1c78883cea98adb200acc6
Dogs/Mange in Dog/2024-05-13-163616_jpg.rf.P5MW4IGNvq6MTJ2bI3gz.jpg,10,10,Dog - Mange,image_family_afa87b912268654de02b6a54,retain,readable; no cleaning exclusion,,,split_group_afa87b912268654de02b6a54
Dogs/Mange in Dog/2024-05-13-163616_jpg.rf.pbVlU4cCbkJ66B9uxn4k.jpg,10,10,Dog - Mange,image_family_afa87b912268654de02b6a54,exclude_additional_source_family_member,one source-family representative policy; retained Dogs/Mange in Dog/2024-05-13-163616_jpg.rf.P5MW4IGNvq6MTJ2bI3gz.jpg; original/animal identity not verified,,,split_group_afa87b912268654de02b6a54
Dogs/Mange in Dog/2024-05-13-163631_jpg.rf.4eaBATFqwbtvSbuNw4SO.jpg,10,10,Dog - Mange,image_family_66c32d260e0f7376f6421f05,retain,readable; no cleaning exclusion,,,split_group_66c32d260e0f7376f6421f05
Dogs/Mange in Dog/2024-05-13-163733_jpg.rf.4PsaJCwYkaL8fOX35PkM.jpg,10,10,Dog - Mange,image_family_4b6d2b0a00aa1a75b9382676,retain,readable; no cleaning exclusion,,,split_group_4b6d2b0a00aa1a75b9382676
Dogs/Mange in Dog/2024-05-13-163749_jpg.rf.9OVldlCZnB84R8QW88pM.jpg,10,10,Dog - Mange,image_family_5cf86c2612eee030dd612e71,retain,readable; no cleaning exclusion,,,split_group_5cf86c2612eee030dd612e71
Dogs/Mange in Dog/2024-05-13-163800_jpg.rf.VbSATlABSZ1mN4zut9yo.jpg,10,10,Dog - Mange,image_family_c00dbdf30dd377d2eb5cdfdb,retain,readable; no cleaning exclusion,,,split_group_c00dbdf30dd377d2eb5cdfdb
Dogs/Mange in Dog/2024-05-13-163942_jpg.rf.uAMohZSCuU8BCC03PZRa.jpg,10,10,Dog - Mange,image_family_821829a0cabddd4a499a6e9d,retain,readable; no cleaning exclusion,,,split_group_821829a0cabddd4a499a6e9d
Dogs/Mange in Dog/2024-05-13-163942_jpg.rf.wbTnNnRj5aspo3UsnZ7h.jpg,10,10,Dog - Mange,image_family_821829a0cabddd4a499a6e9d,exclude_additional_source_family_member,one source-family representative policy; retained Dogs/Mange in Dog/2024-05-13-163942_jpg.rf.uAMohZSCuU8BCC03PZRa.jpg; original/animal identity not verified,,,split_group_821829a0cabddd4a499a6e9d
Dogs/Mange in Dog/2024-05-13-164000_jpg.rf.II5Uva850AklPsOXYNpD.jpg,10,10,Dog - Mange,image_family_a827ef9980c1a8188b10b13a,retain,readable; no cleaning exclusion,,,split_group_a827ef9980c1a8188b10b13a
Dogs/Mange in Dog/2024-05-13-164000_jpg.rf.POs6hYw6PFZlHgSDGpHL.jpg,10,10,Dog - Mange,image_family_a827ef9980c1a8188b10b13a,exclude_additional_source_family_member,one source-family representative policy; retained Dogs/Mange in Dog/2024-05-13-164000_jpg.rf.II5Uva850AklPsOXYNpD.jpg; original/animal identity not verified,,,split_group_a827ef9980c1a8188b10b13a
Dogs/Mange in Dog/2024-05-13-164132_jpg.rf.259DrISXb0vDYpNeTVNw.jpg,10,10,Dog - Mange,image_family_054d1316013c867c162a1bdb,retain,readable; no cleaning exclusion,,,split_group_054d1316013c867c162a1bdb
Dogs/Mange in Dog/2024-05-13-164132_jpg.rf.o35SOUww3Ld027CLJuyo.jpg,10,10,Dog - Mange,image_family_054d1316013c867c162a1bdb,exclude_additional_source_family_member,one source-family representative policy; retained Dogs/Mange in Dog/2024-05-13-164132_jpg.rf.259DrISXb0vDYpNeTVNw.jpg; original/animal identity not verified,,,split_group_054d1316013c867c162a1bdb
Dogs/Mange in Dog/2024-05-13-164141_jpg.rf.KAteVSKcm75IRh4P3ikC.jpg,10,10,Dog - Mange,image_family_f4780a87513b34333dfbbac2,retain,readable; no cleaning exclusion,,,split_group_f4780a87513b34333dfbbac2
Dogs/Mange in Dog/2024-05-13-164141_jpg.rf.h0fTobBUDeH1R1QgJ7In.jpg,10,10,Dog - Mange,image_family_f4780a87513b34333dfbbac2,exclude_additional_source_family_member,one source-family representative policy; retained Dogs/Mange in Dog/2024-05-13-164141_jpg.rf.KAteVSKcm75IRh4P3ikC.jpg; original/animal identity not verified,,,split_group_f4780a87513b34333dfbbac2
Dogs/Mange in Dog/2024-05-13-164141_jpg.rf.nZjSTykXJLogPzzwtEDr.jpg,10,10,Dog - Mange,image_family_f4780a87513b34333dfbbac2,exclude_additional_source_family_member,one source-family representative policy; retained Dogs/Mange in Dog/2024-05-13-164141_jpg.rf.KAteVSKcm75IRh4P3ikC.jpg; original/animal identity not verified,,,split_group_f4780a87513b34333dfbbac2
Dogs/Mange in Dog/2024-05-13-164158_jpg.rf.KYdDHF9weTV5kIOVHccX.jpg,10,10,Dog - Mange,image_family_9be1f3ebcc2b740ba4ef1dde,retain,readable; no cleaning exclusion,,,split_group_9be1f3ebcc2b740ba4ef1dde
Dogs/Mange in Dog/2024-05-13-164158_jpg.rf.UXAnk2afJVQx0fStTGf5.jpg,10,10,Dog - Mange,image_family_9be1f3ebcc2b740ba4ef1dde,exclude_additional_source_family_member,one source-family representative policy; retained Dogs/Mange in Dog/2024-05-13-164158_jpg.rf.KYdDHF9weTV5kIOVHccX.jpg; original/animal identity not verified,,,split_group_9be1f3ebcc2b740ba4ef1dde
Dogs/Mange in Dog/2024-05-13-164158_jpg.rf.waumN47XaTlue8FyHotC.jpg,10,10,Dog - Mange,image_family_9be1f3ebcc2b740ba4ef1dde,exclude_additional_source_family_member,one source-family representative policy; retained Dogs/Mange in Dog/2024-05-13-164158_jpg.rf.KYdDHF9weTV5kIOVHccX.jpg; original/animal identity not verified,,,split_group_9be1f3ebcc2b740ba4ef1dde
Dogs/Mange in Dog/2024-05-13-164224_2_jpg.rf.oNTPHSz69bzm01PDC7K0.jpg,10,10,Dog - Mange,image_family_79a7100f1fc462591982089b,retain,readable; no cleaning exclusion,,,split_group_79a7100f1fc462591982089b
Dogs/Mange in Dog/2024-05-13-164224_3_jpg.rf.rOXM2w0GeUD6j10evJB2.jpg,10,10,Dog - Mange,image_family_efe535702990ca7bf9627fa9,retain,readable; no cleaning exclusion,,,split_group_efe535702990ca7bf9627fa9
Dogs/Mange in Dog/2024-05-13-164224_4_jpg.rf.3jBEXK0CQEAqgCS4aDga.jpg,10,10,Dog - Mange,image_family_8b5fa9ea1e654e228368da37,retain,readable; no cleaning exclusion,,,split_group_8b5fa9ea1e654e228368da37
Dogs/Mange in Dog/2024-05-13-164224_4_jpg.rf.WIOeRXjrYjjEjwpEUzbw.jpg,10,10,Dog - Mange,image_family_8b5fa9ea1e654e228368da37,exclude_additional_source_family_member,one source-family representative policy; retained Dogs/Mange in Dog/2024-05-13-164224_4_jpg.rf.3jBEXK0CQEAqgCS4aDga.jpg; original/animal identity not verified,,,split_group_8b5fa9ea1e654e228368da37
Dogs/Mange in Dog/2024-05-13-164224_4_jpg.rf.rkJnuFUxV0jt9DmyTVOY.jpg,10,10,Dog - Mange,image_family_8b5fa9ea1e654e228368da37,exclude_additional_source_family_member,one source-family representative policy; retained Dogs/Mange in Dog/2024-05-13-164224_4_jpg.rf.3jBEXK0CQEAqgCS4aDga.jpg; original/animal identity not verified,,,split_group_8b5fa9ea1e654e228368da37
Dogs/Mange in Dog/2024-05-13-164256_1_jpg.rf.07Q50z0w2hCraOwMHN4Q.jpg,10,10,Dog - Mange,image_family_182c95e950f66449b509a729,retain,readable; no cleaning exclusion,,,split_group_182c95e950f66449b509a729
Dogs/Mange in Dog/2024-05-13-164256_1_jpg.rf.D22R6g2fOIUVMVc4B3TF.jpg,10,10,Dog - Mange,image_family_182c95e950f66449b509a729,exclude_additional_source_family_member,one source-family representative policy; retained Dogs/Mange in Dog/2024-05-13-164256_1_jpg.rf.07Q50z0w2hCraOwMHN4Q.jpg; original/animal identity not verified,,,split_group_182c95e950f66449b509a729
Dogs/Mange in Dog/2024-05-13-164256_2_jpg.rf.QryVUqnuFdPs1umjgI3L.jpg,10,10,Dog - Mange,image_family_3d32216b9160f8c745e3fc20,retain,readable; no cleaning exclusion,,,split_group_3d32216b9160f8c745e3fc20
Dogs/Mange in Dog/2024-05-13-164325_3_jpg.rf.EeQfUpeQWIkeG4DjsdzJ.jpg,10,10,Dog - Mange,image_family_489f5acb7acfe22377652cd1,retain,readable; no cleaning exclusion,,,split_group_489f5acb7acfe22377652cd1
Dogs/Mange in Dog/2024-05-13-164325_3_jpg.rf.qs8nit87imSoJE6nXLua.jpg,10,10,Dog - Mange,image_family_489f5acb7acfe22377652cd1,exclude_additional_source_family_member,one source-family representative policy; retained Dogs/Mange in Dog/2024-05-13-164325_3_jpg.rf.EeQfUpeQWIkeG4DjsdzJ.jpg; original/animal identity not verified,,,split_group_489f5acb7acfe22377652cd1
Dogs/Mange in Dog/2024-05-13-164346_1_jpg.rf.yq3k7XTwhzmVEK5Vv5WI.jpg,10,10,Dog - Mange,image_family_d0a80d667dcba15383516cc2,retain,readable; no cleaning exclusion,,,split_group_d0a80d667dcba15383516cc2
Dogs/Mange in Dog/2024-05-13-165025_jpg.rf.4Cc7nhmAd5Dr9U5FWDhs.jpg,10,10,Dog - Mange,image_family_931ff7e55c7cff0e62640ecf,retain,readable; no cleaning exclusion,,,split_group_931ff7e55c7cff0e62640ecf
Dogs/Mange in Dog/2024-05-13-165037_jpg.rf.Q4bUhijVIXLyNv2kLDZ1.jpg,10,10,Dog - Mange,image_family_d02ab8c12cfaa842656ac14d,retain,readable; no cleaning exclusion,,,split_group_d02ab8c12cfaa842656ac14d
Dogs/Mange in Dog/2024-05-13-165104_jpg.rf.AX76Q2XkD7TqKyGgrLZ8.jpg,10,10,Dog - Mange,image_family_26a2eb3c1b5eec785ee22820,retain,readable; no cleaning exclusion,,,split_group_26a2eb3c1b5eec785ee22820
Dogs/Mange in Dog/2024-05-13-165130_jpg.rf.QpJKjToA1YvjnFCIshAJ.jpg,10,10,Dog - Mange,image_family_19115efca8e6bdd8fd1ed6e8,retain,readable; no cleaning exclusion,,,split_group_19115efca8e6bdd8fd1ed6e8
Dogs/Mange in Dog/2024-05-13-165139_jpg.rf.ER02W4FwIRxsiXA69cxJ.jpg,10,10,Dog - Mange,image_family_983eec00db8067d414dc923c,retain,readable; no cleaning exclusion,,,split_group_983eec00db8067d414dc923c
Dogs/Mange in Dog/2024-05-13-165139_jpg.rf.eKxKzN5Cm1YHiCmJaPEF.jpg,10,10,Dog - Mange,image_family_983eec00db8067d414dc923c,exclude_additional_source_family_member,one source-family representative policy; retained Dogs/Mange in Dog/2024-05-13-165139_jpg.rf.ER02W4FwIRxsiXA69cxJ.jpg; original/animal identity not verified,,,split_group_983eec00db8067d414dc923c
Dogs/Mange in Dog/2024-05-13-165218_jpg.rf.NIDmC8sRuaCiVl81HSLo.jpg,10,10,Dog - Mange,image_family_2ebd4bde6fd480d4235c2d74,retain,readable; no cleaning exclusion,,,split_group_2ebd4bde6fd480d4235c2d74
Dogs/Mange in Dog/2024-05-13-165246_jpg.rf.xEdxv2nCgyvorflqLcnP.jpg,10,10,Dog - Mange,image_family_bfdd5e6d7eccff6fec8973c5,retain,readable; no cleaning exclusion,,,split_group_bfdd5e6d7eccff6fec8973c5
Dogs/Mange in Dog/2024-05-13-165349_jpg.rf.5SL1jmTEpQDlvAMjbnU2.jpg,10,10,Dog - Mange,image_family_5cd85d87967d922d9a3e0197,retain,readable; no cleaning exclusion,,,split_group_5cd85d87967d922d9a3e0197
Dogs/Mange in Dog/2024-05-13-165349_jpg.rf.6DZG1N062IiosvxC2U8i.jpg,10,10,Dog - Mange,image_family_5cd85d87967d922d9a3e0197,exclude_additional_source_family_member,one source-family representative policy; retained Dogs/Mange in Dog/2024-05-13-165349_jpg.rf.5SL1jmTEpQDlvAMjbnU2.jpg; original/animal identity not verified,,,split_group_5cd85d87967d922d9a3e0197
Dogs/Mange in Dog/2024-05-13-165412_jpg.rf.WmvnvByTN0EgpJKRtAsR.jpg,10,10,Dog - Mange,image_family_eb29fd1f08d215f10073fd24,retain,readable; no cleaning exclusion,,,split_group_eb29fd1f08d215f10073fd24
Dogs/Mange in Dog/2024-05-13-165423_jpg.rf.P9W6mXY2JdtUCE8pgIGc.jpg,10,10,Dog - Mange,image_family_3fac24caaceb92d2d4c74e5b,retain,readable; no cleaning exclusion,,,split_group_3fac24caaceb92d2d4c74e5b
Dogs/Mange in Dog/2024-05-13-165432_jpg.rf.QMWti6DQ6wZstZqeoZpr.jpg,10,10,Dog - Mange,image_family_c1e0fb5435e158fe8e9cae07,retain,readable; no cleaning exclusion,,,split_group_c1e0fb5435e158fe8e9cae07
Dogs/Mange in Dog/2024-05-13-165441_jpg.rf.QZnZuXAOrMdugdGwj8Rl.jpg,10,10,Dog - Mange,image_family_48e8502c100e702ec93c2c9b,retain,readable; no cleaning exclusion,,,split_group_48e8502c100e702ec93c2c9b
Dogs/Mange in Dog/2024-05-13-165441_jpg.rf.TB8a0wDppRGGfKrl4WfS.jpg,10,10,Dog - Mange,image_family_48e8502c100e702ec93c2c9b,exclude_additional_source_family_member,one source-family representative policy; retained Dogs/Mange in Dog/2024-05-13-165441_jpg.rf.QZnZuXAOrMdugdGwj8Rl.jpg; original/animal identity not verified,,,split_group_48e8502c100e702ec93c2c9b
Dogs/Mange in Dog/2024-05-13-165441_jpg.rf.yzCHwmYAO4OisECoQ0k5.jpg,10,10,Dog - Mange,image_family_48e8502c100e702ec93c2c9b,exclude_additional_source_family_member,one source-family representative policy; retained Dogs/Mange in Dog/2024-05-13-165441_jpg.rf.QZnZuXAOrMdugdGwj8Rl.jpg; original/animal identity not verified,,,split_group_48e8502c100e702ec93c2c9b
Dogs/Mange in Dog/2024-05-13-165649_jpg.rf.XegVi4nfiecfqmTxpk60.jpg,10,10,Dog - Mange,image_family_604ac1161d8e8ca0032c8f79,retain,readable; no cleaning exclusion,,,split_group_604ac1161d8e8ca0032c8f79
Dogs/Mange in Dog/2024-05-13-165649_jpg.rf.mj14IUozQF3B7WFOtsbz.jpg,10,10,Dog - Mange,image_family_604ac1161d8e8ca0032c8f79,exclude_additional_source_family_member,one source-family representative policy; retained Dogs/Mange in Dog/2024-05-13-165649_jpg.rf.XegVi4nfiecfqmTxpk60.jpg; original/animal identity not verified,,,split_group_604ac1161d8e8ca0032c8f79
Dogs/Mange in Dog/30697962-the-dog-skin-disease-sarcoptic-mange_jpg.rf.QKPvGsw8MEJ2eKQydPUK.jpg,10,10,Dog - Mange,image_family_5d4c46348ad7c3480272a17c,retain,readable; no cleaning exclusion,,,split_group_5d4c46348ad7c3480272a17c
Dogs/Mange in Dog/9624d4ccd492d763ddf0e6832ee38e0c_webp.rf.zX62tLBsmfM5cqrK2uGk.jpg,10,10,Dog - Mange,image_family_01695b0878a10479fea7ff25,retain,readable; no cleaning exclusion,,,split_group_01695b0878a10479fea7ff25
Dogs/Mange in Dog/Causes-Of-Scabies-In-Dogs_jpg.rf.8SXaq0OqMAKwQet3vQsW.jpg,10,10,Dog - Mange,image_family_e701159bb9fcf52656e19ce1,retain,readable; no cleaning exclusion,,,split_group_e701159bb9fcf52656e19ce1
Dogs/Mange in Dog/D105_png_jpg.rf.G7Ydymirx6nbMHzQ1XHt.jpg,10,10,Dog - Mange,image_family_416880311b756de132344fa8,retain,readable; no cleaning exclusion,,,split_group_416880311b756de132344fa8
Dogs/Mange in Dog/D105_png_jpg.rf.IfwMVawDhRahhO6DnGLh.jpg,10,10,Dog - Mange,image_family_416880311b756de132344fa8,exclude_additional_source_family_member,one source-family representative policy; retained Dogs/Mange in Dog/D105_png_jpg.rf.G7Ydymirx6nbMHzQ1XHt.jpg; original/animal identity not verified,,,split_group_416880311b756de132344fa8
Dogs/Mange in Dog/D108_png_jpg.rf.CYB7vHejwvCwiQHMh2Vl.jpg,10,10,Dog - Mange,image_family_7fbc3a23889c5257fd0d5033,retain,readable; no cleaning exclusion,,,split_group_7fbc3a23889c5257fd0d5033
Dogs/Mange in Dog/D110_png_jpg.rf.RMu7mD7wE4vYoZl6couF.jpg,10,10,Dog - Mange,image_family_336eebaa35016b2b9cd5aa23,retain,readable; no cleaning exclusion,,,split_group_336eebaa35016b2b9cd5aa23
Dogs/Mange in Dog/D110_png_jpg.rf.SWvsVBNYI7Kk7Wu6NpwF.jpg,10,10,Dog - Mange,image_family_336eebaa35016b2b9cd5aa23,exclude_additional_source_family_member,one source-family representative policy; retained Dogs/Mange in Dog/D110_png_jpg.rf.RMu7mD7wE4vYoZl6couF.jpg; original/animal identity not verified,,,split_group_336eebaa35016b2b9cd5aa23
Dogs/Mange in Dog/D110_png_jpg.rf.bW3ydoTavoDmRafEbiOK.jpg,10,10,Dog - Mange,image_family_336eebaa35016b2b9cd5aa23,exclude_additional_source_family_member,one source-family representative policy; retained Dogs/Mange in Dog/D110_png_jpg.rf.RMu7mD7wE4vYoZl6couF.jpg; original/animal identity not verified,,,split_group_336eebaa35016b2b9cd5aa23
Dogs/Mange in Dog/D111_png_jpg.rf.nQpue26FhLiLQQ2TtY0D.jpg,10,10,Dog - Mange,image_family_70f9dedf376e1a16cfe7df16,retain,readable; no cleaning exclusion,,,split_group_70f9dedf376e1a16cfe7df16
Dogs/Mange in Dog/D115_png_jpg.rf.9nCWQrXQvOAi4RVhaSCf.jpg,10,10,Dog - Mange,image_family_68a81014d49d72d8845ba051,retain,readable; no cleaning exclusion,,,split_group_68a81014d49d72d8845ba051
Dogs/Mange in Dog/D115_png_jpg.rf.sjrI1wgQ2aqxuH0A8mWU.jpg,10,10,Dog - Mange,image_family_68a81014d49d72d8845ba051,exclude_additional_source_family_member,one source-family representative policy; retained Dogs/Mange in Dog/D115_png_jpg.rf.9nCWQrXQvOAi4RVhaSCf.jpg; original/animal identity not verified,,,split_group_68a81014d49d72d8845ba051
Dogs/Mange in Dog/D116_png_jpg.rf.HJ7Yj78ZJQSaJC43Lze6.jpg,10,10,Dog - Mange,image_family_8ad428411c7088c57aabd061,retain,readable; no cleaning exclusion,,,split_group_8ad428411c7088c57aabd061
Dogs/Mange in Dog/D116_png_jpg.rf.rLiTsT83oIYYoHYFyVAk.jpg,10,10,Dog - Mange,image_family_8ad428411c7088c57aabd061,exclude_additional_source_family_member,one source-family representative policy; retained Dogs/Mange in Dog/D116_png_jpg.rf.HJ7Yj78ZJQSaJC43Lze6.jpg; original/animal identity not verified,,,split_group_8ad428411c7088c57aabd061
Dogs/Mange in Dog/D120_png_jpg.rf.0GAISyJl5C9bqkCkgf02.jpg,10,10,Dog - Mange,image_family_aa4dd5e90c3d7572572ab406,retain,readable; no cleaning exclusion,,,split_group_aa4dd5e90c3d7572572ab406
Dogs/Mange in Dog/D120_png_jpg.rf.I47HXu3puHvIcil4em3N.jpg,10,10,Dog - Mange,image_family_aa4dd5e90c3d7572572ab406,exclude_additional_source_family_member,one source-family representative policy; retained Dogs/Mange in Dog/D120_png_jpg.rf.0GAISyJl5C9bqkCkgf02.jpg; original/animal identity not verified,,,split_group_aa4dd5e90c3d7572572ab406
Dogs/Mange in Dog/D120_png_jpg.rf.lq7jGjAwFXQc70X3oI4x.jpg,10,10,Dog - Mange,image_family_aa4dd5e90c3d7572572ab406,exclude_additional_source_family_member,one source-family representative policy; retained Dogs/Mange in Dog/D120_png_jpg.rf.0GAISyJl5C9bqkCkgf02.jpg; original/animal identity not verified,,,split_group_aa4dd5e90c3d7572572ab406
Dogs/Mange in Dog/D123_png_jpg.rf.SkkhUb8ppw1EAhiUoRvd.jpg,10,10,Dog - Mange,image_family_4ebebe89d2c3aca00e8b3068,retain,readable; no cleaning exclusion,,,split_group_4ebebe89d2c3aca00e8b3068
Dogs/Mange in Dog/D123_png_jpg.rf.lhou97H8VwSBdIkXUSwE.jpg,10,10,Dog - Mange,image_family_4ebebe89d2c3aca00e8b3068,exclude_additional_source_family_member,one source-family representative policy; retained Dogs/Mange in Dog/D123_png_jpg.rf.SkkhUb8ppw1EAhiUoRvd.jpg; original/animal identity not verified,,,split_group_4ebebe89d2c3aca00e8b3068
Dogs/Mange in Dog/D123_png_jpg.rf.x5HY3BB1vL4imgZIB39V.jpg,10,10,Dog - Mange,image_family_4ebebe89d2c3aca00e8b3068,exclude_additional_source_family_member,one source-family representative policy; retained Dogs/Mange in Dog/D123_png_jpg.rf.SkkhUb8ppw1EAhiUoRvd.jpg; original/animal identity not verified,,,split_group_4ebebe89d2c3aca00e8b3068
Dogs/Mange in Dog/D124_png_jpg.rf.T56e332hxXkuPiYdzlYt.jpg,10,10,Dog - Mange,image_family_2280819682f468ec0b066d66,retain,readable; no cleaning exclusion,,,split_group_2280819682f468ec0b066d66
Dogs/Mange in Dog/D126_png_jpg.rf.0YQQZd7MwHYbzmsKLLnq.jpg,10,10,Dog - Mange,image_family_d1829d96a6028654cd569751,retain,readable; no cleaning exclusion,,,split_group_d1829d96a6028654cd569751
Dogs/Mange in Dog/D126_png_jpg.rf.EjtG9IG4w2Qy2KFEpsOq.jpg,10,10,Dog - Mange,image_family_d1829d96a6028654cd569751,exclude_additional_source_family_member,one source-family representative policy; retained Dogs/Mange in Dog/D126_png_jpg.rf.0YQQZd7MwHYbzmsKLLnq.jpg; original/animal identity not verified,,,split_group_d1829d96a6028654cd569751
Dogs/Mange in Dog/D126_png_jpg.rf.agwTE2twMHh7yYOhCiH0.jpg,10,10,Dog - Mange,image_family_d1829d96a6028654cd569751,exclude_additional_source_family_member,one source-family representative policy; retained Dogs/Mange in Dog/D126_png_jpg.rf.0YQQZd7MwHYbzmsKLLnq.jpg; original/animal identity not verified,,,split_group_d1829d96a6028654cd569751
Dogs/Mange in Dog/D130_png_jpg.rf.QTobYvyEQ7M6cp1OPKhs.jpg,10,10,Dog - Mange,image_family_b539088e1dbf892ab0bd0ca7,retain,readable; no cleaning exclusion,,,split_group_b539088e1dbf892ab0bd0ca7
Dogs/Mange in Dog/D130_png_jpg.rf.YyJ6iFkTBbyVnf3vEKDz.jpg,10,10,Dog - Mange,image_family_b539088e1dbf892ab0bd0ca7,exclude_additional_source_family_member,one source-family representative policy; retained Dogs/Mange in Dog/D130_png_jpg.rf.QTobYvyEQ7M6cp1OPKhs.jpg; original/animal identity not verified,,,split_group_b539088e1dbf892ab0bd0ca7
Dogs/Mange in Dog/D133_png_jpg.rf.RF4U9K7GhwyCeCFhXGvt.jpg,10,10,Dog - Mange,image_family_8756e267269b2e1e9c261c0f,retain,readable; no cleaning exclusion,,,split_group_8756e267269b2e1e9c261c0f
Dogs/Mange in Dog/D133_png_jpg.rf.Rtp25EHMkdnZQncYMLiB.jpg,10,10,Dog - Mange,image_family_8756e267269b2e1e9c261c0f,exclude_additional_source_family_member,one source-family representative policy; retained Dogs/Mange in Dog/D133_png_jpg.rf.RF4U9K7GhwyCeCFhXGvt.jpg; original/animal identity not verified,,,split_group_8756e267269b2e1e9c261c0f
Dogs/Mange in Dog/D134_png_jpg.rf.GSFYUXW6ppZIEDO3v0cg.jpg,10,10,Dog - Mange,image_family_915038585622d40f36b2bfb8,retain,readable; no cleaning exclusion,,,split_group_915038585622d40f36b2bfb8
Dogs/Mange in Dog/Dogmangeeee_jpg.rf.CQOgsyyH2EfBXBS1Tpfu.jpg,10,10,Dog - Mange,image_family_2155b3e437f78ffb9c08e6ac,retain,readable; no cleaning exclusion,,,split_group_2155b3e437f78ffb9c08e6ac
Dogs/Mange in Dog/FUNGAL-INFECTION_105_jpg.rf.3OHb4WZKp6o83PlUBITM.jpg,10,10,Dog - Mange,image_family_393b8a3befbf2db7d2f6cb90,retain,readable; no cleaning exclusion,,,split_group_393b8a3befbf2db7d2f6cb90
Dogs/Mange in Dog/IMG_5146_jpeg_jpg.rf.TtkvnNQRJF5jS70DgDUb.jpg,10,10,Dog - Mange,image_family_f1d6b287871c680a6a59420f,retain,readable; no cleaning exclusion,,,split_group_f1d6b287871c680a6a59420f
Dogs/Mange in Dog/IMG_5147_jpeg_jpg.rf.iLyaAY5ZvPwbNtcymWVI.jpg,10,10,Dog - Mange,image_family_e93e69331c8b5c7e3a48f516,retain,readable; no cleaning exclusion,,,split_group_e93e69331c8b5c7e3a48f516
Dogs/Mange in Dog/IMG_5147_jpeg_jpg.rf.mGD62OTRg92FsGhSUsIX.jpg,10,10,Dog - Mange,image_family_e93e69331c8b5c7e3a48f516,exclude_additional_source_family_member,one source-family representative policy; retained Dogs/Mange in Dog/IMG_5147_jpeg_jpg.rf.iLyaAY5ZvPwbNtcymWVI.jpg; original/animal identity not verified,,,split_group_e93e69331c8b5c7e3a48f516
Dogs/Mange in Dog/IMG_5149_jpeg_jpg.rf.0eDj5CuFJOPJ41aa6YO5.jpg,10,10,Dog - Mange,image_family_55db88756c0bf6c9e191c4ba,retain,readable; no cleaning exclusion,,,split_group_55db88756c0bf6c9e191c4ba
Dogs/Mange in Dog/IMG_5149_jpeg_jpg.rf.CoVVvgAvV7XTdoN3ILi1.jpg,10,10,Dog - Mange,image_family_55db88756c0bf6c9e191c4ba,exclude_additional_source_family_member,one source-family representative policy; retained Dogs/Mange in Dog/IMG_5149_jpeg_jpg.rf.0eDj5CuFJOPJ41aa6YO5.jpg; original/animal identity not verified,,,split_group_55db88756c0bf6c9e191c4ba
Dogs/Mange in Dog/IMG_5150_jpeg_jpg.rf.IfY50sczdLNex9MsD4vW.jpg,10,10,Dog - Mange,image_family_695cce81d80675cd73ecbc4a,retain,readable; no cleaning exclusion,,,split_group_695cce81d80675cd73ecbc4a
Dogs/Mange in Dog/IMG_5150_jpeg_jpg.rf.zlvdO0mgQlRSPzDunsy0.jpg,10,10,Dog - Mange,image_family_695cce81d80675cd73ecbc4a,exclude_additional_source_family_member,one source-family representative policy; retained Dogs/Mange in Dog/IMG_5150_jpeg_jpg.rf.IfY50sczdLNex9MsD4vW.jpg; original/animal identity not verified,,,split_group_695cce81d80675cd73ecbc4a
Dogs/Mange in Dog/IMG_5151_jpeg_jpg.rf.J1zJc1BNmMjsOEsd762V.jpg,10,10,Dog - Mange,image_family_9c0396af2bd92df1ec034acd,retain,readable; no cleaning exclusion,,,split_group_9c0396af2bd92df1ec034acd
Dogs/Mange in Dog/IMG_5153_jpeg_jpg.rf.9uzphGYp32a2ClITHtYi.jpg,10,10,Dog - Mange,image_family_d5803bb6a3a78cb735c341b5,retain,readable; no cleaning exclusion,,,split_group_d5803bb6a3a78cb735c341b5
Dogs/Mange in Dog/IMG_5153_jpeg_jpg.rf.LOfxzAPb7zzhBOZvXwVf.jpg,10,10,Dog - Mange,image_family_d5803bb6a3a78cb735c341b5,exclude_additional_source_family_member,one source-family representative policy; retained Dogs/Mange in Dog/IMG_5153_jpeg_jpg.rf.9uzphGYp32a2ClITHtYi.jpg; original/animal identity not verified,,,split_group_d5803bb6a3a78cb735c341b5
Dogs/Mange in Dog/IMG_5153_jpeg_jpg.rf.ekUk3iEvFBOj3j7FAaq9.jpg,10,10,Dog - Mange,image_family_d5803bb6a3a78cb735c341b5,exclude_additional_source_family_member,one source-family representative policy; retained Dogs/Mange in Dog/IMG_5153_jpeg_jpg.rf.9uzphGYp32a2ClITHtYi.jpg; original/animal identity not verified,,,split_group_d5803bb6a3a78cb735c341b5
Dogs/Mange in Dog/IMG_5156_jpeg_jpg.rf.4O93Gfm9sukbNjMYyih5.jpg,10,10,Dog - Mange,image_family_4c00387aff3833bdc542b152,retain,readable; no cleaning exclusion,,,split_group_4c00387aff3833bdc542b152
Dogs/Mange in Dog/IMG_5156_jpeg_jpg.rf.MKyIWhevKiE0ite9xLcF.jpg,10,10,Dog - Mange,image_family_4c00387aff3833bdc542b152,exclude_additional_source_family_member,one source-family representative policy; retained Dogs/Mange in Dog/IMG_5156_jpeg_jpg.rf.4O93Gfm9sukbNjMYyih5.jpg; original/animal identity not verified,,,split_group_4c00387aff3833bdc542b152
Dogs/Mange in Dog/IMG_5159_jpeg_jpg.rf.TmklsfM29romHYXmaM1d.jpg,10,10,Dog - Mange,image_family_d4575b90f4425f1928e5ac5e,retain,readable; no cleaning exclusion,,,split_group_d4575b90f4425f1928e5ac5e
Dogs/Mange in Dog/IMG_5159_jpeg_jpg.rf.UQ7VZJW99R72E2Cu9OV2.jpg,10,10,Dog - Mange,image_family_d4575b90f4425f1928e5ac5e,exclude_additional_source_family_member,one source-family representative policy; retained Dogs/Mange in Dog/IMG_5159_jpeg_jpg.rf.TmklsfM29romHYXmaM1d.jpg; original/animal identity not verified,,,split_group_d4575b90f4425f1928e5ac5e
Dogs/Mange in Dog/IMG_5160_jpeg_jpg.rf.hdkl0AU4GMpSkDaUL9xg.jpg,10,10,Dog - Mange,image_family_484760b3137986060935ff37,retain,readable; no cleaning exclusion,,,split_group_484760b3137986060935ff37
Dogs/Mange in Dog/IMG_5161_jpeg_jpg.rf.cyvHa0ejvGRio6EMAdWP.jpg,10,10,Dog - Mange,image_family_e42951cc0e15ec3a37b1dcd5,retain,readable; no cleaning exclusion,,,split_group_e42951cc0e15ec3a37b1dcd5
Dogs/Mange in Dog/IMG_5162_jpeg_jpg.rf.oRB5hD4rPhsV3sTnF6oD.jpg,10,10,Dog - Mange,image_family_4a92a143e73d677725a4bcfe,retain,readable; no cleaning exclusion,,,split_group_4a92a143e73d677725a4bcfe
Dogs/Mange in Dog/IMG_5162_jpeg_jpg.rf.q40511juNWcIwnSC7h48.jpg,10,10,Dog - Mange,image_family_4a92a143e73d677725a4bcfe,exclude_additional_source_family_member,one source-family representative policy; retained Dogs/Mange in Dog/IMG_5162_jpeg_jpg.rf.oRB5hD4rPhsV3sTnF6oD.jpg; original/animal identity not verified,,,split_group_4a92a143e73d677725a4bcfe
Dogs/Mange in Dog/IMG_5164_jpeg_jpg.rf.Pp5I7FRODjWUX4vb0bFD.jpg,10,10,Dog - Mange,image_family_d20258e70a10695fdaa69dbe,retain,readable; no cleaning exclusion,,,split_group_d20258e70a10695fdaa69dbe
Dogs/Mange in Dog/IMG_5164_jpeg_jpg.rf.mBf4KecEGe642BEz8paV.jpg,10,10,Dog - Mange,image_family_d20258e70a10695fdaa69dbe,exclude_additional_source_family_member,one source-family representative policy; retained Dogs/Mange in Dog/IMG_5164_jpeg_jpg.rf.Pp5I7FRODjWUX4vb0bFD.jpg; original/animal identity not verified,,,split_group_d20258e70a10695fdaa69dbe
Dogs/Mange in Dog/IMG_5165_jpeg_jpg.rf.OVBsRHkyVKvXfF0Mk0a4.jpg,10,10,Dog - Mange,image_family_98ece439e1497d9c9030be67,retain,readable; no cleaning exclusion,,,split_group_98ece439e1497d9c9030be67
Dogs/Mange in Dog/IMG_5168_jpeg_jpg.rf.b66qJy7EJAJuu0TCZ4xO.jpg,10,10,Dog - Mange,image_family_3af2da6a9dd3f3f9320a19f9,retain,readable; no cleaning exclusion,,,split_group_3af2da6a9dd3f3f9320a19f9
Dogs/Mange in Dog/IMG_5168_jpeg_jpg.rf.sogEt62WerABkgqj4XlJ.jpg,10,10,Dog - Mange,image_family_3af2da6a9dd3f3f9320a19f9,exclude_additional_source_family_member,one source-family representative policy; retained Dogs/Mange in Dog/IMG_5168_jpeg_jpg.rf.b66qJy7EJAJuu0TCZ4xO.jpg; original/animal identity not verified,,,split_group_3af2da6a9dd3f3f9320a19f9
Dogs/Mange in Dog/IMG_5171_jpeg_jpg.rf.dhYFfghwtYPMdJC2VabC.jpg,10,10,Dog - Mange,image_family_3e4fee08115072e3fc801a02,retain,readable; no cleaning exclusion,,,split_group_3e4fee08115072e3fc801a02
Dogs/Mange in Dog/IMG_5172_jpeg_jpg.rf.RwjmuHMAKIpJv5WI9Cea.jpg,10,10,Dog - Mange,image_family_efccbe2be56cc2e4fde55eb0,retain,readable; no cleaning exclusion,,,split_group_efccbe2be56cc2e4fde55eb0
Dogs/Mange in Dog/IMG_5173_jpeg_jpg.rf.cjJYEKheHanPqYUAUB58.jpg,10,10,Dog - Mange,image_family_d99582a570d85cb38088a9dd,retain,readable; no cleaning exclusion,,,split_group_d99582a570d85cb38088a9dd
Dogs/Mange in Dog/IMG_5176_jpeg_jpg.rf.rom5U0cPoUQorEDBx9MA.jpg,10,10,Dog - Mange,image_family_e28431ed3e1bc1f3555ee780,retain,readable; no cleaning exclusion,,,split_group_2bc89029e0e934ee7be2f4fa
Dogs/Mange in Dog/IMG_5179_jpeg_jpg.rf.Dfw4l6q0sKfqQcBsYdHw.jpg,10,10,Dog - Mange,image_family_3d5ccd187ec31abc7d257a5c,retain,readable; no cleaning exclusion,,,split_group_2bc89029e0e934ee7be2f4fa
Dogs/Mange in Dog/IMG_5180_jpeg_jpg.rf.gQklIihzLOFfdf9bzFjR.jpg,10,10,Dog - Mange,image_family_946dd202b47d50f7bdcc2dc1,retain,readable; no cleaning exclusion,,,split_group_946dd202b47d50f7bdcc2dc1
Dogs/Mange in Dog/IMG_5181_jpeg_jpg.rf.sePAT0bSJwbm8ps2uiHF.jpg,10,10,Dog - Mange,image_family_0ef0fa274e17479c16dfc640,retain,readable; no cleaning exclusion,,,split_group_0ef0fa274e17479c16dfc640
Dogs/Mange in Dog/IMG_5184_jpeg_jpg.rf.youDVm8IPCJnBzA9hlZI.jpg,10,10,Dog - Mange,image_family_6a328bed55ec0e70af42e9bb,retain,readable; no cleaning exclusion,,,split_group_6a328bed55ec0e70af42e9bb
Dogs/Mange in Dog/IMG_5185_jpeg_jpg.rf.QDchfS4X3d2nn2A0Bv1w.jpg,10,10,Dog - Mange,image_family_a538ce0d459e6d2e7aecd242,retain,readable; no cleaning exclusion,,,split_group_a538ce0d459e6d2e7aecd242
Dogs/Mange in Dog/IMG_5186_jpeg_jpg.rf.60SXVxLXessVzPmt5hxN.jpg,10,10,Dog - Mange,image_family_e6d8a11a767ec324de9e0335,retain,readable; no cleaning exclusion,,,split_group_e6d8a11a767ec324de9e0335
Dogs/Mange in Dog/IMG_5188_jpeg_jpg.rf.L1t8qIwycGvKC19sQsg1.jpg,10,10,Dog - Mange,image_family_0ac48dba46c331c93977a5e6,retain,readable; no cleaning exclusion,,,split_group_0ac48dba46c331c93977a5e6
Dogs/Mange in Dog/IMG_5188_jpeg_jpg.rf.n2odJlTGcv9JyM22GGHH.jpg,10,10,Dog - Mange,image_family_0ac48dba46c331c93977a5e6,exclude_additional_source_family_member,one source-family representative policy; retained Dogs/Mange in Dog/IMG_5188_jpeg_jpg.rf.L1t8qIwycGvKC19sQsg1.jpg; original/animal identity not verified,,,split_group_0ac48dba46c331c93977a5e6
Dogs/Mange in Dog/IMG_5195_jpeg_jpg.rf.rdUvXYKfV7hnzaE9V9fu.jpg,10,10,Dog - Mange,image_family_907d566d242a6385ef338b4f,retain,readable; no cleaning exclusion,,,split_group_907d566d242a6385ef338b4f
Dogs/Mange in Dog/IMG_5197_jpeg_jpg.rf.AGNQzmdekh4WDP8xQ3JU.jpg,10,10,Dog - Mange,image_family_9cfdd1de3c094df8682c8d85,retain,readable; no cleaning exclusion,,,split_group_9cfdd1de3c094df8682c8d85
Dogs/Mange in Dog/IMG_5200_jpeg_jpg.rf.35N8c3Dm6coBrcI5hbBh.jpg,10,10,Dog - Mange,image_family_54ddb2e21c9a34a9f063d76c,retain,readable; no cleaning exclusion,,,split_group_54ddb2e21c9a34a9f063d76c
Dogs/Mange in Dog/IMG_5214_jpeg_jpg.rf.1cR6pELpABtxBPp8PaV9.jpg,10,10,Dog - Mange,image_family_5b3fe54ce8c03029a3980c63,retain,readable; no cleaning exclusion,,,split_group_5b3fe54ce8c03029a3980c63
Dogs/Mange in Dog/IMG_5214_jpeg_jpg.rf.QGP9wXXAEV6HSRz3NLga.jpg,10,10,Dog - Mange,image_family_5b3fe54ce8c03029a3980c63,exclude_additional_source_family_member,one source-family representative policy; retained Dogs/Mange in Dog/IMG_5214_jpeg_jpg.rf.1cR6pELpABtxBPp8PaV9.jpg; original/animal identity not verified,,,split_group_5b3fe54ce8c03029a3980c63
Dogs/Mange in Dog/IMG_5215_jpeg_jpg.rf.OElKvoukIdELrf4pIi8K.jpg,10,10,Dog - Mange,image_family_53e31fa7a5c3ac0edf945d47,retain,readable; no cleaning exclusion,,,split_group_53e31fa7a5c3ac0edf945d47
Dogs/Mange in Dog/IMG_5218_jpeg_jpg.rf.Dn0HeDJ41g1QKsNUIW49.jpg,10,10,Dog - Mange,image_family_d990f3762c51abb911758486,retain,readable; no cleaning exclusion,,,split_group_d990f3762c51abb911758486
Dogs/Mange in Dog/IMG_5218_jpeg_jpg.rf.XdBD73ee1OIZuJv5L1t4.jpg,10,10,Dog - Mange,image_family_d990f3762c51abb911758486,exclude_additional_source_family_member,one source-family representative policy; retained Dogs/Mange in Dog/IMG_5218_jpeg_jpg.rf.Dn0HeDJ41g1QKsNUIW49.jpg; original/animal identity not verified,,,split_group_d990f3762c51abb911758486
Dogs/Mange in Dog/IMG_5219_jpeg_jpg.rf.joYtn0IX0VywuqVC9PFC.jpg,10,10,Dog - Mange,image_family_b3790250a3c896183fbd91df,retain,readable; no cleaning exclusion,,,split_group_b3790250a3c896183fbd91df
Dogs/Mange in Dog/IMG_5222_jpeg_jpg.rf.SPz2oZ1OVtsdKvOWbcLW.jpg,10,10,Dog - Mange,image_family_f470a0a9831abd312a5ebfac,retain,readable; no cleaning exclusion,,,split_group_f470a0a9831abd312a5ebfac
Dogs/Mange in Dog/IMG_5222_jpeg_jpg.rf.qXj12uYICzYHjDF6IcKW.jpg,10,10,Dog - Mange,image_family_f470a0a9831abd312a5ebfac,exclude_additional_source_family_member,one source-family representative policy; retained Dogs/Mange in Dog/IMG_5222_jpeg_jpg.rf.SPz2oZ1OVtsdKvOWbcLW.jpg; original/animal identity not verified,,,split_group_f470a0a9831abd312a5ebfac
Dogs/Mange in Dog/IMG_5223_jpeg_jpg.rf.8SuYXcOoItKoyMvEikRF.jpg,10,10,Dog - Mange,image_family_c9a57e64ae654157a662fb3c,retain,readable; no cleaning exclusion,,,split_group_c9a57e64ae654157a662fb3c
Dogs/Mange in Dog/IMG_5227_jpeg_jpg.rf.IqNmFkb2tf97byOSQZGS.jpg,10,10,Dog - Mange,image_family_e53cc9a8823295451a1a2609,retain,readable; no cleaning exclusion,,,split_group_e53cc9a8823295451a1a2609
Dogs/Mange in Dog/IMG_5244_jpeg_jpg.rf.1UNSRowyb5A7xBogmDkD.jpg,10,10,Dog - Mange,image_family_473a78198eb42d9748f3c13e,retain,readable; no cleaning exclusion,,,split_group_473a78198eb42d9748f3c13e
Dogs/Mange in Dog/IMG_5244_jpeg_jpg.rf.EqKwteYUPWbbAgZgK2P7.jpg,10,10,Dog - Mange,image_family_473a78198eb42d9748f3c13e,exclude_additional_source_family_member,one source-family representative policy; retained Dogs/Mange in Dog/IMG_5244_jpeg_jpg.rf.1UNSRowyb5A7xBogmDkD.jpg; original/animal identity not verified,,,split_group_473a78198eb42d9748f3c13e
Dogs/Mange in Dog/IMG_5247_jpeg_jpg.rf.AC9oftYrcyAKic65hThr.jpg,10,10,Dog - Mange,image_family_8dde9ded0af5cfebed94c8d9,retain,readable; no cleaning exclusion,,,split_group_8dde9ded0af5cfebed94c8d9
Dogs/Mange in Dog/IMG_5247_jpeg_jpg.rf.XhT4fZ6j54piYsTGvGxQ.jpg,10,10,Dog - Mange,image_family_8dde9ded0af5cfebed94c8d9,exclude_additional_source_family_member,one source-family representative policy; retained Dogs/Mange in Dog/IMG_5247_jpeg_jpg.rf.AC9oftYrcyAKic65hThr.jpg; original/animal identity not verified,,,split_group_8dde9ded0af5cfebed94c8d9
Dogs/Mange in Dog/IMG_5257_jpeg_jpg.rf.0kcPnEKq3kSCCUbq99wz.jpg,10,10,Dog - Mange,image_family_5b5d66605972937916248c35,retain,readable; no cleaning exclusion,,,split_group_5b5d66605972937916248c35
Dogs/Mange in Dog/IMG_5264_jpeg_jpg.rf.cpXY9NqzTjxYlmEaQMZP.jpg,10,10,Dog - Mange,image_family_97406766d3f858ea9f9b06fa,retain,readable; no cleaning exclusion,,,split_group_97406766d3f858ea9f9b06fa
Dogs/Mange in Dog/IMG_5265_jpeg_jpg.rf.J3cJQj7134MltyzzufrJ.jpg,10,10,Dog - Mange,image_family_2d18952e811ab1319b0ecffa,retain,readable; no cleaning exclusion,,,split_group_2d18952e811ab1319b0ecffa
Dogs/Mange in Dog/IMG_5278_jpeg_jpg.rf.e2KwVAGpm5Rm0fRFK8ff.jpg,10,10,Dog - Mange,image_family_754c0efb62bdce41564c130b,retain,readable; no cleaning exclusion,,,split_group_754c0efb62bdce41564c130b
Dogs/Mange in Dog/IMG_5286_jpeg_jpg.rf.KTgAif4Eqpwl8cqjjSGd.jpg,10,10,Dog - Mange,image_family_3565acf6bc43387df2fb3004,retain,readable; no cleaning exclusion,,,split_group_3565acf6bc43387df2fb3004
Dogs/Mange in Dog/IMG_5291_jpeg_jpg.rf.jd2Zr8yoFnMzQvGZL718.jpg,10,10,Dog - Mange,image_family_adcf43495379e45775c6ca82,retain,readable; no cleaning exclusion,,,split_group_adcf43495379e45775c6ca82
Dogs/Mange in Dog/IMG_5298_jpeg_jpg.rf.Fs7axg26y7C8CTpueo53.jpg,10,10,Dog - Mange,image_family_d49f8cff337da4552ea41ba6,retain,readable; no cleaning exclusion,,,split_group_d49f8cff337da4552ea41ba6
Dogs/Mange in Dog/IMG_5302_jpeg_jpg.rf.TMFaCTH9jL7P6SUp91Y0.jpg,10,10,Dog - Mange,image_family_54458c774194440a0d125860,retain,readable; no cleaning exclusion,,,split_group_54458c774194440a0d125860
Dogs/Mange in Dog/IMG_5310_jpeg_jpg.rf.5fWGw7QMfKXn05bCrg9G.jpg,10,10,Dog - Mange,image_family_d8d72be69285d50198f67356,retain,readable; no cleaning exclusion,,,split_group_d8d72be69285d50198f67356
Dogs/Mange in Dog/Image_1.jpg,10,10,Dog - Mange,image_family_0eacf2af7616706bc30ef561,retain,readable; no cleaning exclusion,,,split_group_0eacf2af7616706bc30ef561
Dogs/Mange in Dog/Image_10.jpg,10,10,Dog - Mange,image_family_c39840785ec72e30e747c429,retain,readable; no cleaning exclusion,,,split_group_c39840785ec72e30e747c429
Dogs/Mange in Dog/Image_10_jpg.rf.NhZ9xNco5HwadiMMKVBs.jpg,10,10,Dog - Mange,image_family_c39840785ec72e30e747c429,exclude_additional_source_family_member,one source-family representative policy; retained Dogs/Mange in Dog/Image_10.jpg; original/animal identity not verified,,,split_group_c39840785ec72e30e747c429
Dogs/Mange in Dog/Image_12.jpg,10,10,Dog - Mange,image_family_ac0b855f76445568fcf865e8,retain,readable; no cleaning exclusion,,,split_group_ac0b855f76445568fcf865e8
Dogs/Mange in Dog/Image_13.jpg,10,10,Dog - Mange,image_family_80b8044d73a2b14590d165a6,retain,readable; no cleaning exclusion,,,split_group_bebe3b57bf958395089d9c42
Dogs/Mange in Dog/Image_15.jpg,10,10,Dog - Mange,image_family_e6e94e60bb21c1d8b1d94a6d,retain,readable; no cleaning exclusion,,,split_group_e6e94e60bb21c1d8b1d94a6d
Dogs/Mange in Dog/Image_16.jpg,10,10,Dog - Mange,image_family_83e6785fe3fe33568bcd6976,retain,readable; no cleaning exclusion,,,split_group_83e6785fe3fe33568bcd6976
Dogs/Mange in Dog/Image_16_jpg.rf.7UX5TIcZD8PKe3lSrb1g.jpg,10,10,Dog - Mange,image_family_83e6785fe3fe33568bcd6976,exclude_additional_source_family_member,one source-family representative policy; retained Dogs/Mange in Dog/Image_16.jpg; original/animal identity not verified,,,split_group_83e6785fe3fe33568bcd6976
Dogs/Mange in Dog/Image_17.jpg,10,10,Dog - Mange,image_family_9a44af8ade3328bf636c0a89,retain,readable; no cleaning exclusion,,,split_group_9a44af8ade3328bf636c0a89
Dogs/Mange in Dog/Image_18.jpg,10,10,Dog - Mange,image_family_423e8d481b830dac11d8b111,retain,readable; no cleaning exclusion,,,split_group_423e8d481b830dac11d8b111
Dogs/Mange in Dog/Image_18_jpg.rf.C4Q3sGv3Arh0p7h2eRNy.jpg,10,10,Dog - Mange,image_family_423e8d481b830dac11d8b111,exclude_additional_source_family_member,one source-family representative policy; retained Dogs/Mange in Dog/Image_18.jpg; original/animal identity not verified,,,split_group_423e8d481b830dac11d8b111
Dogs/Mange in Dog/Image_19.jpg,10,10,Dog - Mange,image_family_ac7851b7c3d6b77134e900f2,retain,readable; no cleaning exclusion,,,split_group_ac7851b7c3d6b77134e900f2
Dogs/Mange in Dog/Image_1_jpg.rf.EyLSs70CSPP4i2mNB1e9.jpg,10,10,Dog - Mange,image_family_0eacf2af7616706bc30ef561,exclude_additional_source_family_member,one source-family representative policy; retained Dogs/Mange in Dog/Image_1.jpg; original/animal identity not verified,,,split_group_0eacf2af7616706bc30ef561
Dogs/Mange in Dog/Image_2.jpg,10,10,Dog - Mange,image_family_d05083438a3ab5498a81f1f5,retain,readable; no cleaning exclusion,,,split_group_5328c809ce3579aa78b7261e
Dogs/Mange in Dog/Image_20.jpg,10,10,Dog - Mange,image_family_eedafc23b3c706279efe2d93,retain,readable; no cleaning exclusion,,,split_group_eedafc23b3c706279efe2d93
Dogs/Mange in Dog/Image_21.jpg,10,10,Dog - Mange,image_family_2966c23ffd22bc8129328397,retain,readable; no cleaning exclusion,,,split_group_2966c23ffd22bc8129328397
Dogs/Mange in Dog/Image_21_jpg.rf.qqTLoIfDpN9uM23acY2o.jpg,10,10,Dog - Mange,image_family_2966c23ffd22bc8129328397,exclude_additional_source_family_member,one source-family representative policy; retained Dogs/Mange in Dog/Image_21.jpg; original/animal identity not verified,,,split_group_2966c23ffd22bc8129328397
Dogs/Mange in Dog/Image_22.jpg,10,10,Dog - Mange,image_family_668fc12d460559f98f335200,retain,readable; no cleaning exclusion,,,split_group_668fc12d460559f98f335200
Dogs/Mange in Dog/Image_22_jpg.rf.QJD41W3JuCfGchxJCcuF.jpg,10,10,Dog - Mange,image_family_668fc12d460559f98f335200,exclude_additional_source_family_member,one source-family representative policy; retained Dogs/Mange in Dog/Image_22.jpg; original/animal identity not verified,,,split_group_668fc12d460559f98f335200
Dogs/Mange in Dog/Image_23.jpg,10,10,Dog - Mange,image_family_ec3366451ba64049ecfd2631,retain,readable; no cleaning exclusion,,,split_group_ec3366451ba64049ecfd2631
Dogs/Mange in Dog/Image_23_jpg.rf.8FhOVQCsU8P09GS6PJV8.jpg,10,10,Dog - Mange,image_family_ec3366451ba64049ecfd2631,exclude_additional_source_family_member,one source-family representative policy; retained Dogs/Mange in Dog/Image_23.jpg; original/animal identity not verified,,,split_group_ec3366451ba64049ecfd2631
Dogs/Mange in Dog/Image_24.jpg,10,10,Dog - Mange,image_family_2b08e590918b2c11cf0b969e,retain,readable; no cleaning exclusion,,,split_group_9da88ec90a6a017430c95cce
Dogs/Mange in Dog/Image_24_jpg.rf.5XH09W44uFGzXF9isZOe.jpg,10,10,Dog - Mange,image_family_2b08e590918b2c11cf0b969e,exclude_additional_source_family_member,one source-family representative policy; retained Dogs/Mange in Dog/Image_24.jpg; original/animal identity not verified,,,split_group_9da88ec90a6a017430c95cce
Dogs/Mange in Dog/Image_26.jpg,10,10,Dog - Mange,image_family_2e4e85487b57c550991f4ca8,retain,readable; no cleaning exclusion,,,split_group_2e4e85487b57c550991f4ca8
Dogs/Mange in Dog/Image_26_jpg.rf.MM5GXnG3dKtdETIq898b.jpg,10,10,Dog - Mange,image_family_2e4e85487b57c550991f4ca8,exclude_additional_source_family_member,one source-family representative policy; retained Dogs/Mange in Dog/Image_26.jpg; original/animal identity not verified,,,split_group_2e4e85487b57c550991f4ca8
Dogs/Mange in Dog/Image_27.jpg,10,10,Dog - Mange,image_family_cbfb848805bd6fc1084ac868,retain,readable; no cleaning exclusion,,,split_group_cbfb848805bd6fc1084ac868
Dogs/Mange in Dog/Image_27_jpg.rf.hoDsGNpTne5eo7QPdCAR.jpg,10,10,Dog - Mange,image_family_cbfb848805bd6fc1084ac868,exclude_additional_source_family_member,one source-family representative policy; retained Dogs/Mange in Dog/Image_27.jpg; original/animal identity not verified,,,split_group_cbfb848805bd6fc1084ac868
Dogs/Mange in Dog/Image_28.jpg,10,10,Dog - Mange,image_family_c16cb7d5a51b3ac0b108efeb,retain,readable; no cleaning exclusion,,,split_group_c16cb7d5a51b3ac0b108efeb
Dogs/Mange in Dog/Image_29.jpg,10,10,Dog - Mange,image_family_7c7ec3b31b26aaaf5fa16d50,retain,readable; no cleaning exclusion,,,split_group_7c7ec3b31b26aaaf5fa16d50
Dogs/Mange in Dog/Image_29_jpg.rf.D4CgyQeifmDSzYVqvwYE.jpg,10,10,Dog - Mange,image_family_7c7ec3b31b26aaaf5fa16d50,exclude_additional_source_family_member,one source-family representative policy; retained Dogs/Mange in Dog/Image_29.jpg; original/animal identity not verified,,,split_group_7c7ec3b31b26aaaf5fa16d50
Dogs/Mange in Dog/Image_3.jpg,10,10,Dog - Mange,image_family_470187414fd127a5b21032cc,retain,readable; no cleaning exclusion,,,split_group_470187414fd127a5b21032cc
Dogs/Mange in Dog/Image_31.jpg,10,10,Dog - Mange,image_family_d70f81e9381fe800c80992b7,retain,readable; no cleaning exclusion,,,split_group_d70f81e9381fe800c80992b7
Dogs/Mange in Dog/Image_31_jpg.rf.6mGyVN10WWuKimpM9JdG.jpg,10,10,Dog - Mange,image_family_d70f81e9381fe800c80992b7,exclude_additional_source_family_member,one source-family representative policy; retained Dogs/Mange in Dog/Image_31.jpg; original/animal identity not verified,,,split_group_d70f81e9381fe800c80992b7
Dogs/Mange in Dog/Image_32.jpg,10,10,Dog - Mange,image_family_fcbab61067426c56072e6fbd,retain,readable; no cleaning exclusion,,,split_group_fcbab61067426c56072e6fbd
Dogs/Mange in Dog/Image_32_jpg.rf.TpEzOnJafaheb2hsqQEd.jpg,10,10,Dog - Mange,image_family_fcbab61067426c56072e6fbd,exclude_additional_source_family_member,one source-family representative policy; retained Dogs/Mange in Dog/Image_32.jpg; original/animal identity not verified,,,split_group_fcbab61067426c56072e6fbd
Dogs/Mange in Dog/Image_33.jpg,10,10,Dog - Mange,image_family_668fc12d460559f98f335200,exclude_same_class_exact_duplicate,same-class exact RGB duplicate; retained representative Dogs/Mange in Dog/Image_22.jpg,,,split_group_668fc12d460559f98f335200
Dogs/Mange in Dog/Image_35.jpg,10,10,Dog - Mange,image_family_87928d66ef3a931c7a6cc022,retain,readable; no cleaning exclusion,,,split_group_5328c809ce3579aa78b7261e
Dogs/Mange in Dog/Image_36.jpg,10,10,Dog - Mange,image_family_3354e8ca9f93493e2a3e88c3,retain,readable; no cleaning exclusion,,,split_group_3354e8ca9f93493e2a3e88c3
Dogs/Mange in Dog/Image_37.jpg,10,10,Dog - Mange,image_family_33ee7428525483d90d9d20ab,retain,readable; no cleaning exclusion,,,split_group_33ee7428525483d90d9d20ab
Dogs/Mange in Dog/Image_37_jpg.rf.0aknT47CTbj58wDXyLjA.jpg,10,10,Dog - Mange,image_family_33ee7428525483d90d9d20ab,exclude_additional_source_family_member,one source-family representative policy; retained Dogs/Mange in Dog/Image_37.jpg; original/animal identity not verified,,,split_group_33ee7428525483d90d9d20ab
Dogs/Mange in Dog/Image_38.jpg,10,10,Dog - Mange,image_family_64be5fa1211db6fd5ebeb238,retain,readable; no cleaning exclusion,,,split_group_707f36b77ed1e13f2e0d566c
Dogs/Mange in Dog/Image_39.jpg,10,10,Dog - Mange,image_family_ed18042fee11c01a908a2f08,retain,readable; no cleaning exclusion,,,split_group_ed18042fee11c01a908a2f08
Dogs/Mange in Dog/Image_39.png,10,10,Dog - Mange,image_family_ed18042fee11c01a908a2f08,exclude_additional_source_family_member,one source-family representative policy; retained Dogs/Mange in Dog/Image_39.jpg; original/animal identity not verified,,,split_group_ed18042fee11c01a908a2f08
Dogs/Mange in Dog/Image_39_jpg.rf.EcnD6Cs1ZZqXVi2UrsIU.jpg,10,10,Dog - Mange,image_family_ed18042fee11c01a908a2f08,exclude_additional_source_family_member,one source-family representative policy; retained Dogs/Mange in Dog/Image_39.jpg; original/animal identity not verified,,,split_group_ed18042fee11c01a908a2f08
Dogs/Mange in Dog/Image_39_png.rf.Ek0hW5muwSi9ReWTlVRw.jpg,10,10,Dog - Mange,image_family_ed18042fee11c01a908a2f08,exclude_additional_source_family_member,one source-family representative policy; retained Dogs/Mange in Dog/Image_39.jpg; original/animal identity not verified,,,split_group_ed18042fee11c01a908a2f08
Dogs/Mange in Dog/Image_3_jpg.rf.Y5jcWHlArPMe3RjvP5SF.jpg,10,10,Dog - Mange,image_family_470187414fd127a5b21032cc,exclude_additional_source_family_member,one source-family representative policy; retained Dogs/Mange in Dog/Image_3.jpg; original/animal identity not verified,,,split_group_470187414fd127a5b21032cc
Dogs/Mange in Dog/Image_4.jpg,10,10,Dog - Mange,image_family_9d2d4fc424af942821ab001b,retain,readable; no cleaning exclusion,,,split_group_707f36b77ed1e13f2e0d566c
Dogs/Mange in Dog/Image_40.jpg,10,10,Dog - Mange,image_family_010951e3f8e8a499594ff6fe,retain,readable; no cleaning exclusion,,,split_group_010951e3f8e8a499594ff6fe
Dogs/Mange in Dog/Image_41.jpg,10,10,Dog - Mange,image_family_ed18042fee11c01a908a2f08,exclude_same_class_exact_duplicate,same-class exact RGB duplicate; retained representative Dogs/Mange in Dog/Image_39.jpg,,,split_group_ed18042fee11c01a908a2f08
Dogs/Mange in Dog/Image_41.png,10,10,Dog - Mange,image_family_ed18042fee11c01a908a2f08,exclude_same_class_exact_duplicate,same-class exact RGB duplicate; retained representative Dogs/Mange in Dog/Image_39.png,,,split_group_ed18042fee11c01a908a2f08
Dogs/Mange in Dog/Image_43.jpg,10,10,Dog - Mange,image_family_7cc7216ea7df83316cd4b522,retain,readable; no cleaning exclusion,,,split_group_7cc7216ea7df83316cd4b522
Dogs/Mange in Dog/Image_43_jpg.rf.Rku4tNp7BpDxhwNaZHZ4.jpg,10,10,Dog - Mange,image_family_7cc7216ea7df83316cd4b522,exclude_additional_source_family_member,one source-family representative policy; retained Dogs/Mange in Dog/Image_43.jpg; original/animal identity not verified,,,split_group_7cc7216ea7df83316cd4b522
Dogs/Mange in Dog/Image_45.jpg,10,10,Dog - Mange,image_family_2025278614190c46e45ebeb2,retain,readable; no cleaning exclusion,,,split_group_2025278614190c46e45ebeb2
Dogs/Mange in Dog/Image_45_jpg.rf.mZC2LtXHvKvbpyvQ14UM.jpg,10,10,Dog - Mange,image_family_2025278614190c46e45ebeb2,exclude_additional_source_family_member,one source-family representative policy; retained Dogs/Mange in Dog/Image_45.jpg; original/animal identity not verified,,,split_group_2025278614190c46e45ebeb2
Dogs/Mange in Dog/Image_46.jpg,10,10,Dog - Mange,image_family_2d0801a43f4d90d59c9b3c86,retain,readable; no cleaning exclusion,,,split_group_934ab0221895c8fd4f51fe4f
Dogs/Mange in Dog/Image_46_jpg.rf.rAxGTqAogqYO8dzbILIo.jpg,10,10,Dog - Mange,image_family_2d0801a43f4d90d59c9b3c86,exclude_additional_source_family_member,one source-family representative policy; retained Dogs/Mange in Dog/Image_46.jpg; original/animal identity not verified,,,split_group_934ab0221895c8fd4f51fe4f
Dogs/Mange in Dog/Image_47.jpg,10,10,Dog - Mange,image_family_a12dc5d81e0843d795142c15,retain,readable; no cleaning exclusion,,,split_group_a12dc5d81e0843d795142c15
Dogs/Mange in Dog/Image_47_jpg.rf.dHOtkOvEmuTAbEqbVXEV.jpg,10,10,Dog - Mange,image_family_a12dc5d81e0843d795142c15,exclude_additional_source_family_member,one source-family representative policy; retained Dogs/Mange in Dog/Image_47.jpg; original/animal identity not verified,,,split_group_a12dc5d81e0843d795142c15
Dogs/Mange in Dog/Image_49.jpg,10,10,Dog - Mange,image_family_3e3ff367c42b48038b221f92,retain,readable; no cleaning exclusion,,,split_group_3e3ff367c42b48038b221f92
Dogs/Mange in Dog/Image_49_jpg.rf.Ub6rrmynazPOcGnWtfVT.jpg,10,10,Dog - Mange,image_family_3e3ff367c42b48038b221f92,exclude_additional_source_family_member,one source-family representative policy; retained Dogs/Mange in Dog/Image_49.jpg; original/animal identity not verified,,,split_group_3e3ff367c42b48038b221f92
Dogs/Mange in Dog/Image_4_jpg.rf.F8Ld77Z1WSAZpmeXYcWQ.jpg,10,10,Dog - Mange,image_family_9d2d4fc424af942821ab001b,exclude_additional_source_family_member,one source-family representative policy; retained Dogs/Mange in Dog/Image_4.jpg; original/animal identity not verified,,,split_group_707f36b77ed1e13f2e0d566c
Dogs/Mange in Dog/Image_5.jpg,10,10,Dog - Mange,image_family_9f2e1b3c095ade0047ee230c,retain,readable; no cleaning exclusion,,,split_group_9f2e1b3c095ade0047ee230c
Dogs/Mange in Dog/Image_50.jpg,10,10,Dog - Mange,image_family_e98eed6b535402f2da187488,retain,readable; no cleaning exclusion,,,split_group_e98eed6b535402f2da187488
Dogs/Mange in Dog/Image_50_jpg.rf.wfUSNzDjQ8wSs23GVxan.jpg,10,10,Dog - Mange,image_family_e98eed6b535402f2da187488,exclude_additional_source_family_member,one source-family representative policy; retained Dogs/Mange in Dog/Image_50.jpg; original/animal identity not verified,,,split_group_e98eed6b535402f2da187488
Dogs/Mange in Dog/Image_51.jpg,10,10,Dog - Mange,image_family_f099f4ab809debb387cd5f25,retain,readable; no cleaning exclusion,,,split_group_f099f4ab809debb387cd5f25
Dogs/Mange in Dog/Image_52.jpg,10,10,Dog - Mange,image_family_d75f7027c4d5c2602d336a42,retain,readable; no cleaning exclusion,,,split_group_d75f7027c4d5c2602d336a42
Dogs/Mange in Dog/Image_52_jpg.rf.t6CNALwmOacjSnHWcb6q.jpg,10,10,Dog - Mange,image_family_d75f7027c4d5c2602d336a42,exclude_additional_source_family_member,one source-family representative policy; retained Dogs/Mange in Dog/Image_52.jpg; original/animal identity not verified,,,split_group_d75f7027c4d5c2602d336a42
Dogs/Mange in Dog/Image_57.jpg,10,10,Dog - Mange,image_family_534916a8baf8e8abd3c41ebd,retain,readable; no cleaning exclusion,,,split_group_534916a8baf8e8abd3c41ebd
Dogs/Mange in Dog/Image_57_jpg.rf.tNTvCBac5K6YVVYUrW8s.jpg,10,10,Dog - Mange,image_family_534916a8baf8e8abd3c41ebd,exclude_additional_source_family_member,one source-family representative policy; retained Dogs/Mange in Dog/Image_57.jpg; original/animal identity not verified,,,split_group_534916a8baf8e8abd3c41ebd
Dogs/Mange in Dog/Image_5_jpg.rf.Zg1BRhtuORL6HX7BIvFI.jpg,10,10,Dog - Mange,image_family_9f2e1b3c095ade0047ee230c,exclude_additional_source_family_member,one source-family representative policy; retained Dogs/Mange in Dog/Image_5.jpg; original/animal identity not verified,,,split_group_9f2e1b3c095ade0047ee230c
Dogs/Mange in Dog/Image_6.jpg,10,10,Dog - Mange,image_family_c5e12e9f2fa4c516fa336f10,retain,readable; no cleaning exclusion,,,split_group_c5e12e9f2fa4c516fa336f10
Dogs/Mange in Dog/Image_61.jpg,10,10,Dog - Mange,image_family_4257a2887e5d8bbecd8e343c,retain,readable; no cleaning exclusion,,,split_group_4257a2887e5d8bbecd8e343c
Dogs/Mange in Dog/Image_62.jpg,10,10,Dog - Mange,image_family_b24047a5911a60a159800226,retain,readable; no cleaning exclusion,,,split_group_b24047a5911a60a159800226
Dogs/Mange in Dog/Image_62_jpg.rf.46oxrvu1zNHPXl72kU0l.jpg,10,10,Dog - Mange,image_family_b24047a5911a60a159800226,exclude_additional_source_family_member,one source-family representative policy; retained Dogs/Mange in Dog/Image_62.jpg; original/animal identity not verified,,,split_group_b24047a5911a60a159800226
Dogs/Mange in Dog/Image_64.jpg,10,10,Dog - Mange,image_family_a287a73bdc605bdb66fd52cd,retain,readable; no cleaning exclusion,,,split_group_a287a73bdc605bdb66fd52cd
Dogs/Mange in Dog/Image_64_jpg.rf.l9bN2lWg418H8B9LLWEj.jpg,10,10,Dog - Mange,image_family_a287a73bdc605bdb66fd52cd,exclude_additional_source_family_member,one source-family representative policy; retained Dogs/Mange in Dog/Image_64.jpg; original/animal identity not verified,,,split_group_a287a73bdc605bdb66fd52cd
Dogs/Mange in Dog/Image_65.jpg,10,10,Dog - Mange,image_family_8cb8b4fcfd30b68f4a6fd531,retain,readable; no cleaning exclusion,,,split_group_9da88ec90a6a017430c95cce
Dogs/Mange in Dog/Image_66.jpg,10,10,Dog - Mange,image_family_784b2934d10f7099c00707c7,retain,readable; no cleaning exclusion,,,split_group_784b2934d10f7099c00707c7
Dogs/Mange in Dog/Image_68.jpeg,10,10,Dog - Mange,image_family_40e6548b22f63d15357ce2ce,retain,readable; no cleaning exclusion,,,split_group_40e6548b22f63d15357ce2ce
Dogs/Mange in Dog/Image_7.jpg,10,10,Dog - Mange,image_family_12ce126a54969401a669e499,retain,readable; no cleaning exclusion,,,split_group_12ce126a54969401a669e499
Dogs/Mange in Dog/Image_71.jpg,10,10,Dog - Mange,image_family_10f74df8c94bd11db75b118d,retain,readable; no cleaning exclusion,,,split_group_10f74df8c94bd11db75b118d
Dogs/Mange in Dog/Image_77.png,10,10,Dog - Mange,image_family_e8f1fc0097e2cfcbc3b450b7,retain,readable; no cleaning exclusion,,,split_group_e8f1fc0097e2cfcbc3b450b7
Dogs/Mange in Dog/Image_77_png.rf.HJbqhaoxegIgnhC4ddAn.jpg,10,10,Dog - Mange,image_family_e8f1fc0097e2cfcbc3b450b7,exclude_additional_source_family_member,one source-family representative policy; retained Dogs/Mange in Dog/Image_77.png; original/animal identity not verified,,,split_group_e8f1fc0097e2cfcbc3b450b7
Dogs/Mange in Dog/Image_7_jpg.rf.24VgreAPsRjDixSBMcgX.jpg,10,10,Dog - Mange,image_family_12ce126a54969401a669e499,exclude_additional_source_family_member,one source-family representative policy; retained Dogs/Mange in Dog/Image_7.jpg; original/animal identity not verified,,,split_group_12ce126a54969401a669e499
Dogs/Mange in Dog/Image_8.jpg,10,10,Dog - Mange,image_family_dfc37bdd2c7fea9760fd0a37,retain,readable; no cleaning exclusion,,,split_group_dfc37bdd2c7fea9760fd0a37
Dogs/Mange in Dog/Image_85.jpg,10,10,Dog - Mange,image_family_0cf615de8e97d871a88de7b9,retain,readable; no cleaning exclusion,,,split_group_0cf615de8e97d871a88de7b9
Dogs/Mange in Dog/Image_88.jpg,10,10,Dog - Mange,image_family_5f4f5dcf9c955bc5e6173561,retain,readable; no cleaning exclusion,,,split_group_bebe3b57bf958395089d9c42
Dogs/Mange in Dog/Image_9.jpg,10,10,Dog - Mange,image_family_1f82b643f30a0a5d06754775,retain,readable; no cleaning exclusion,,,split_group_1f82b643f30a0a5d06754775
Dogs/Mange in Dog/Image_94.png,10,10,Dog - Mange,image_family_252cc924af6109eb8d4ffa3a,retain,readable; no cleaning exclusion,,,split_group_252cc924af6109eb8d4ffa3a
Dogs/Mange in Dog/Image_9_jpg.rf.YjsKK5YWZY9gAzOmp9xn.jpg,10,10,Dog - Mange,image_family_1f82b643f30a0a5d06754775,exclude_additional_source_family_member,one source-family representative policy; retained Dogs/Mange in Dog/Image_9.jpg; original/animal identity not verified,,,split_group_1f82b643f30a0a5d06754775
Dogs/Mange in Dog/MANGE-horoscope-IMG_9146_jpg.rf.F9nA0DjDSjWEtI0QTflv.jpg,10,10,Dog - Mange,image_family_e729ca69bc04d3d676abd272,retain,readable; no cleaning exclusion,,,split_group_e729ca69bc04d3d676abd272
Dogs/Mange in Dog/MedVet-Website-BlogFeaturedImage-DogWithMange_jpg.rf.axZlMMPSjI4ETe81eWt7.jpg,10,10,Dog - Mange,image_family_ef33c7c41f57b1ec97c34e63,retain,readable; no cleaning exclusion,,,split_group_ef33c7c41f57b1ec97c34e63
Dogs/Mange in Dog/P10_png_jpg.rf.gvPHiv2gDOyJbmTmyZcC.jpg,10,10,Dog - Mange,image_family_0e542fbbe924e941ff6664fd,retain,readable; no cleaning exclusion,,,split_group_0e542fbbe924e941ff6664fd
Dogs/Mange in Dog/P11_png_jpg.rf.W9y2oBT7Iqp74qsVRG6g.jpg,10,10,Dog - Mange,image_family_dbe0f2e649ec4cb6277cce03,retain,readable; no cleaning exclusion,,,split_group_dbe0f2e649ec4cb6277cce03
Dogs/Mange in Dog/P12_png_jpg.rf.Oshxu1JYLu1OS38t1NEM.jpg,10,10,Dog - Mange,image_family_04d9bc819b73d005fad24583,retain,readable; no cleaning exclusion,,,split_group_04d9bc819b73d005fad24583
Dogs/Mange in Dog/P12_png_jpg.rf.o7hnlICB7bPctEktZI6R.jpg,10,10,Dog - Mange,image_family_04d9bc819b73d005fad24583,exclude_additional_source_family_member,one source-family representative policy; retained Dogs/Mange in Dog/P12_png_jpg.rf.Oshxu1JYLu1OS38t1NEM.jpg; original/animal identity not verified,,,split_group_04d9bc819b73d005fad24583
Dogs/Mange in Dog/P13_png_jpg.rf.UJtuIQfGflk0gFkXwedc.jpg,10,10,Dog - Mange,image_family_29c522b83f0a65dee78eacfd,retain,readable; no cleaning exclusion,,,split_group_29c522b83f0a65dee78eacfd
Dogs/Mange in Dog/P15_png_jpg.rf.wSPBnkct9F4I0QtKyD1E.jpg,10,10,Dog - Mange,image_family_d029fc8c9fc2890d5df197d4,retain,readable; no cleaning exclusion,,,split_group_d029fc8c9fc2890d5df197d4
Dogs/Mange in Dog/P20_png_jpg.rf.17nl4dmSnrEkEmm2tTgj.jpg,10,10,Dog - Mange,image_family_bf371bf3e934cfd94be13ff9,retain,readable; no cleaning exclusion,,,split_group_bf371bf3e934cfd94be13ff9
Dogs/Mange in Dog/P23_png_jpg.rf.7sDKLuuBKfLhqT9pF6sk.jpg,10,10,Dog - Mange,image_family_7657083f9d0542570c774638,retain,readable; no cleaning exclusion,,,split_group_7657083f9d0542570c774638
Dogs/Mange in Dog/P24_png_jpg.rf.ORS3piyKStEM0505FBtT.jpg,10,10,Dog - Mange,image_family_136f76a06e26423d35b44c09,retain,readable; no cleaning exclusion,,,split_group_136f76a06e26423d35b44c09
Dogs/Mange in Dog/P26_png_jpg.rf.yWGnJ679LLnCFFDUirO9.jpg,10,10,Dog - Mange,image_family_9596edbd0491f8d1222bfeca,retain,readable; no cleaning exclusion,,,split_group_9596edbd0491f8d1222bfeca
Dogs/Mange in Dog/P30_png_jpg.rf.Mj0mTu77TqNOF3TnwjsJ.jpg,10,10,Dog - Mange,image_family_5181035dd15bbdfd80454b5b,retain,readable; no cleaning exclusion,,,split_group_5181035dd15bbdfd80454b5b
Dogs/Mange in Dog/P30_png_jpg.rf.a5z8ZQrKBzoKY1Eq0lmB.jpg,10,10,Dog - Mange,image_family_5181035dd15bbdfd80454b5b,exclude_additional_source_family_member,one source-family representative policy; retained Dogs/Mange in Dog/P30_png_jpg.rf.Mj0mTu77TqNOF3TnwjsJ.jpg; original/animal identity not verified,,,split_group_5181035dd15bbdfd80454b5b
Dogs/Mange in Dog/P33_png_jpg.rf.JPd4hwHwrZAbSaQUAfoZ.jpg,10,10,Dog - Mange,image_family_e5ca4f0036e46ac371554488,retain,readable; no cleaning exclusion,,,split_group_e5ca4f0036e46ac371554488
Dogs/Mange in Dog/P33_png_jpg.rf.uU62mYdDWYjxhtBxAMZw.jpg,10,10,Dog - Mange,image_family_e5ca4f0036e46ac371554488,exclude_additional_source_family_member,one source-family representative policy; retained Dogs/Mange in Dog/P33_png_jpg.rf.JPd4hwHwrZAbSaQUAfoZ.jpg; original/animal identity not verified,,,split_group_e5ca4f0036e46ac371554488
Dogs/Mange in Dog/P34_png_jpg.rf.0GAfVntljIQQPUXuHEfh.jpg,10,10,Dog - Mange,image_family_c0ac70dd8e826d50ec22023b,retain,readable; no cleaning exclusion,,,split_group_c0ac70dd8e826d50ec22023b
Dogs/Mange in Dog/P44_jpg.rf.576tUsPAEMWsppdmGeR3.jpg,10,10,Dog - Mange,image_family_35d7931807ab73fa07bd8a1c,retain,readable; no cleaning exclusion,,,split_group_35d7931807ab73fa07bd8a1c
Dogs/Mange in Dog/P47_jpg.rf.8TUwgQh3fPcZJUphEluA.jpg,10,10,Dog - Mange,image_family_f4d7251a20d0eaf1b5c6f0c8,retain,readable; no cleaning exclusion,,,split_group_f4d7251a20d0eaf1b5c6f0c8
Dogs/Mange in Dog/P47_jpg.rf.eGZ2CuUsrOc7D5ptrEA8.jpg,10,10,Dog - Mange,image_family_f4d7251a20d0eaf1b5c6f0c8,exclude_additional_source_family_member,one source-family representative policy; retained Dogs/Mange in Dog/P47_jpg.rf.8TUwgQh3fPcZJUphEluA.jpg; original/animal identity not verified,,,split_group_f4d7251a20d0eaf1b5c6f0c8
Dogs/Mange in Dog/P50_jpg.rf.nUH3KBaOIk4qVTbHPqK0.jpg,10,10,Dog - Mange,image_family_536f65ff09ee2ec9b7599ce9,retain,readable; no cleaning exclusion,,,split_group_536f65ff09ee2ec9b7599ce9
Dogs/Mange in Dog/P52_jpg.rf.s7Panf50dkEElUK6XozN.jpg,10,10,Dog - Mange,image_family_4f7d81c6897938d619fc497a,retain,readable; no cleaning exclusion,,,split_group_4f7d81c6897938d619fc497a
Dogs/Mange in Dog/P5_png_jpg.rf.Ch6da7PYWIo702ir1Wko.jpg,10,10,Dog - Mange,image_family_61e96a7f5bf4889138a75f03,retain,readable; no cleaning exclusion,,,split_group_61e96a7f5bf4889138a75f03
Dogs/Mange in Dog/demodectic-mange-in-dogs_avif.rf.DlBIRVpEkED9Vz2aUTvZ.jpg,10,10,Dog - Mange,image_family_9c79970c49ca27aa7b4271b2,retain,readable; no cleaning exclusion,,,split_group_9c79970c49ca27aa7b4271b2
Dogs/Mange in Dog/dog-mange-infestation-1024x683_jpg.rf.9xNldEr6pcinIwCgerxQ.jpg,10,10,Dog - Mange,image_family_63cae85e8472b054a9828901,retain,readable; no cleaning exclusion,,,split_group_63cae85e8472b054a9828901
Dogs/Mange in Dog/dog-patchy-mange-505072102-2000-7465de4bd8054207bdf7e6ee2f1d0155-1-_jpg.rf.zOBRoHUZwwQ4KgdoUMKq.jpg,10,10,Dog - Mange,image_family_02d0cf4cc0a4056fc8477cc9,retain,readable; no cleaning exclusion,,,split_group_02d0cf4cc0a4056fc8477cc9
Dogs/Mange in Dog/dog-with-mange-copy_jpg.rf.EUsWxpID6ram4U4c3ocF.jpg,10,10,Dog - Mange,image_family_b8cadcc14f81d7716cc1a3ed,retain,readable; no cleaning exclusion,,,split_group_b8cadcc14f81d7716cc1a3ed
Dogs/Mange in Dog/istockphoto-1130760725-612x612_jpg.rf.pHd0lihJs3xvdhXOQ0Me.jpg,10,10,Dog - Mange,image_family_9ac63099de0d6b54d8de3b8d,retain,readable; no cleaning exclusion,,,split_group_9ac63099de0d6b54d8de3b8d
Dogs/Mange in Dog/istockphoto-1130760732-612x612_jpg.rf.4I0niXheDL2C57eEHRnV.jpg,10,10,Dog - Mange,image_family_454dec10a9bca8d8e6aa0973,retain,readable; no cleaning exclusion,,,split_group_934ab0221895c8fd4f51fe4f
Dogs/Mange in Dog/istockphoto-1174560620-640x640_jpg.rf.OEdtVprNQ3UtPqFBcFbG.jpg,10,10,Dog - Mange,image_family_821e1a40f0dbc2d29db2bf0a,retain,readable; no cleaning exclusion,,,split_group_821e1a40f0dbc2d29db2bf0a
Dogs/Mange in Dog/istockphoto-1339051472-612x612_jpg.rf.2vIYJF3gobmc8a4VnDar.jpg,10,10,Dog - Mange,image_family_547400579177ae96ea0e7b01,retain,readable; no cleaning exclusion,,,split_group_547400579177ae96ea0e7b01
Dogs/Mange in Dog/istockphoto-1388886348-640x640_jpg.rf.XeQEz8E4IrF2HD8Dcl2F.jpg,10,10,Dog - Mange,image_family_fbf45d31036913a1bad53d84,retain,readable; no cleaning exclusion,,,split_group_fbf45d31036913a1bad53d84
Dogs/Mange in Dog/istockphoto-1441346600-612x612_jpg.rf.6KLYt8zixUNZGfFKxQsT.jpg,10,10,Dog - Mange,image_family_7e1f3a3aec0904c59fb4f5b7,retain,readable; no cleaning exclusion,,,split_group_7e1f3a3aec0904c59fb4f5b7
Dogs/Mange in Dog/istockphoto-494039113-612x612_jpg.rf.9CrHYEtnsSGbSBDOBTXT.jpg,10,10,Dog - Mange,image_family_9991d83e098eee9020903d64,retain,readable; no cleaning exclusion,,,split_group_9991d83e098eee9020903d64
Dogs/Mange in Dog/istockphoto-636370750-612x612_jpg.rf.bfaC7gS7qH8Sralqv4tC.jpg,10,10,Dog - Mange,image_family_18829e5aa23c60a03033316c,retain,readable; no cleaning exclusion,,,split_group_18829e5aa23c60a03033316c
Dogs/Mange in Dog/istockphoto-894318642-640x640_jpg.rf.QAVHQd2M3e9C6nUODK8u.jpg,10,10,Dog - Mange,image_family_66063b637acf53584dc0e829,retain,readable; no cleaning exclusion,,,split_group_66063b637acf53584dc0e829
Dogs/Mange in Dog/istockphoto-964940988-612x612_jpg.rf.yfBx7ec4d86ueLRsByqc.jpg,10,10,Dog - Mange,image_family_c0484c48d42b757fba31c8e2,retain,readable; no cleaning exclusion,,,split_group_c0484c48d42b757fba31c8e2
Dogs/Mange in Dog/mange-1-_jpg.rf.6QhhK5hhncUP2z7KUuFP.jpg,10,10,Dog - Mange,image_family_776a26197950c0e3c2074903,retain,readable; no cleaning exclusion,,,split_group_776a26197950c0e3c2074903
Dogs/Mange in Dog/mange-1-_jpg.rf.ZzUtigvGlM8l4KrTlv5a.jpg,10,10,Dog - Mange,image_family_776a26197950c0e3c2074903,exclude_additional_source_family_member,one source-family representative policy; retained Dogs/Mange in Dog/mange-1-_jpg.rf.6QhhK5hhncUP2z7KUuFP.jpg; original/animal identity not verified,,,split_group_776a26197950c0e3c2074903
Dogs/Mange in Dog/mange-1-_jpg.rf.fhsGihXMIgwdBMwUmA1v.jpg,10,10,Dog - Mange,image_family_776a26197950c0e3c2074903,exclude_additional_source_family_member,one source-family representative policy; retained Dogs/Mange in Dog/mange-1-_jpg.rf.6QhhK5hhncUP2z7KUuFP.jpg; original/animal identity not verified,,,split_group_776a26197950c0e3c2074903
Dogs/Mange in Dog/mange-11-_jpg.rf.abKX9wigwyyoyZ5pFXJB.jpg,10,10,Dog - Mange,image_family_6ec0f808af69d18b62af8e64,retain,readable; no cleaning exclusion,,,split_group_6ec0f808af69d18b62af8e64
Dogs/Mange in Dog/mange-11-_jpg.rf.n4jEoUmLwWcmFCblx6P6.jpg,10,10,Dog - Mange,image_family_6ec0f808af69d18b62af8e64,exclude_additional_source_family_member,one source-family representative policy; retained Dogs/Mange in Dog/mange-11-_jpg.rf.abKX9wigwyyoyZ5pFXJB.jpg; original/animal identity not verified,,,split_group_6ec0f808af69d18b62af8e64
Dogs/Mange in Dog/mange-12-_jpg.rf.75WK68O5BDpea7w8U2L6.jpg,10,10,Dog - Mange,image_family_c05a15fedc7af874885f4698,retain,readable; no cleaning exclusion,,,split_group_c05a15fedc7af874885f4698
Dogs/Mange in Dog/mange-12-_jpg.rf.wbmk9fcDV60bGHeVPb65.jpg,10,10,Dog - Mange,image_family_c05a15fedc7af874885f4698,exclude_additional_source_family_member,one source-family representative policy; retained Dogs/Mange in Dog/mange-12-_jpg.rf.75WK68O5BDpea7w8U2L6.jpg; original/animal identity not verified,,,split_group_c05a15fedc7af874885f4698
Dogs/Mange in Dog/mange-13-_jpg.rf.5pHWLAPr9gt1oT3Zj2jr.jpg,10,10,Dog - Mange,image_family_687f61294ddc6e97d8212181,retain,readable; no cleaning exclusion,,,split_group_687f61294ddc6e97d8212181
Dogs/Mange in Dog/mange-13-_jpg.rf.PEi3rmnyrqGip17CwiQC.jpg,10,10,Dog - Mange,image_family_687f61294ddc6e97d8212181,exclude_additional_source_family_member,one source-family representative policy; retained Dogs/Mange in Dog/mange-13-_jpg.rf.5pHWLAPr9gt1oT3Zj2jr.jpg; original/animal identity not verified,,,split_group_687f61294ddc6e97d8212181
Dogs/Mange in Dog/mange-16-_jpg.rf.KK35znDy2nnR3bUORaIs.jpg,10,10,Dog - Mange,image_family_2b965d48fff7113735350c82,retain,readable; no cleaning exclusion,,,split_group_2b965d48fff7113735350c82
Dogs/Mange in Dog/mange-16-_jpg.rf.SdTN6YN5b4q8muH3ZvMN.jpg,10,10,Dog - Mange,image_family_2b965d48fff7113735350c82,exclude_additional_source_family_member,one source-family representative policy; retained Dogs/Mange in Dog/mange-16-_jpg.rf.KK35znDy2nnR3bUORaIs.jpg; original/animal identity not verified,,,split_group_2b965d48fff7113735350c82
Dogs/Mange in Dog/mange-17-_jpg.rf.ZMh5PnPoP6vKo3gktquz.jpg,10,10,Dog - Mange,image_family_f343775d26cf0cdb459c82c2,retain,readable; no cleaning exclusion,,,split_group_f343775d26cf0cdb459c82c2
Dogs/Mange in Dog/mange-17-_jpg.rf.hzStaVZvNooGcN1jIpOd.jpg,10,10,Dog - Mange,image_family_f343775d26cf0cdb459c82c2,exclude_additional_source_family_member,one source-family representative policy; retained Dogs/Mange in Dog/mange-17-_jpg.rf.ZMh5PnPoP6vKo3gktquz.jpg; original/animal identity not verified,,,split_group_f343775d26cf0cdb459c82c2
Dogs/Mange in Dog/mange-18-_jpg.rf.26rvoAXItC7BjS7vYv4W.jpg,10,10,Dog - Mange,image_family_01629f696167d8bb8b71f2d4,retain,readable; no cleaning exclusion,,,split_group_01629f696167d8bb8b71f2d4
Dogs/Mange in Dog/mange-18-_jpg.rf.4inLo8NKPjVvbZPj99Av.jpg,10,10,Dog - Mange,image_family_01629f696167d8bb8b71f2d4,exclude_additional_source_family_member,one source-family representative policy; retained Dogs/Mange in Dog/mange-18-_jpg.rf.26rvoAXItC7BjS7vYv4W.jpg; original/animal identity not verified,,,split_group_01629f696167d8bb8b71f2d4
Dogs/Mange in Dog/mange-18-_jpg.rf.9IaOUa3IU8QgcwW45xBJ.jpg,10,10,Dog - Mange,image_family_01629f696167d8bb8b71f2d4,exclude_additional_source_family_member,one source-family representative policy; retained Dogs/Mange in Dog/mange-18-_jpg.rf.26rvoAXItC7BjS7vYv4W.jpg; original/animal identity not verified,,,split_group_01629f696167d8bb8b71f2d4
Dogs/Mange in Dog/mange-19-_jpg.rf.tvE3L2WGVmcA54RSsiRH.jpg,10,10,Dog - Mange,image_family_74fc8f2ab8f5c0106aca7fe1,retain,readable; no cleaning exclusion,,,split_group_74fc8f2ab8f5c0106aca7fe1
Dogs/Mange in Dog/mange-19-_jpg.rf.uDS8jDdtsxg8fDUK4rU1.jpg,10,10,Dog - Mange,image_family_74fc8f2ab8f5c0106aca7fe1,exclude_additional_source_family_member,one source-family representative policy; retained Dogs/Mange in Dog/mange-19-_jpg.rf.tvE3L2WGVmcA54RSsiRH.jpg; original/animal identity not verified,,,split_group_74fc8f2ab8f5c0106aca7fe1
Dogs/Mange in Dog/mange-21-_jpg.rf.IYDENLW9RdSjADqGNBDa.jpg,10,10,Dog - Mange,image_family_84add6d5e0503d8a6d2e42fc,retain,readable; no cleaning exclusion,,,split_group_84add6d5e0503d8a6d2e42fc
Dogs/Mange in Dog/mange-21-_jpg.rf.c9rgDpwwEdYQEYbR9S8G.jpg,10,10,Dog - Mange,image_family_84add6d5e0503d8a6d2e42fc,exclude_additional_source_family_member,one source-family representative policy; retained Dogs/Mange in Dog/mange-21-_jpg.rf.IYDENLW9RdSjADqGNBDa.jpg; original/animal identity not verified,,,split_group_84add6d5e0503d8a6d2e42fc
Dogs/Mange in Dog/mange-22-_jpg.rf.MztARtuh0L0bZUN5PIhT.jpg,10,10,Dog - Mange,image_family_b4173c5ae9efe37f412d193d,retain,readable; no cleaning exclusion,,,split_group_b4173c5ae9efe37f412d193d
Dogs/Mange in Dog/mange-22-_jpg.rf.fRZdYpHA8BcFYLCHwOK7.jpg,10,10,Dog - Mange,image_family_b4173c5ae9efe37f412d193d,exclude_additional_source_family_member,one source-family representative policy; retained Dogs/Mange in Dog/mange-22-_jpg.rf.MztARtuh0L0bZUN5PIhT.jpg; original/animal identity not verified,,,split_group_b4173c5ae9efe37f412d193d
Dogs/Mange in Dog/mange-24-_jpg.rf.IlX9dTIWmHZn6lW0QrPi.jpg,10,10,Dog - Mange,image_family_230d6dbfdba3f8b258cefbc0,retain,readable; no cleaning exclusion,,,split_group_230d6dbfdba3f8b258cefbc0
Dogs/Mange in Dog/mange-24-_jpg.rf.fyyZNQ5SYoeXjedO8ZDg.jpg,10,10,Dog - Mange,image_family_230d6dbfdba3f8b258cefbc0,exclude_additional_source_family_member,one source-family representative policy; retained Dogs/Mange in Dog/mange-24-_jpg.rf.IlX9dTIWmHZn6lW0QrPi.jpg; original/animal identity not verified,,,split_group_230d6dbfdba3f8b258cefbc0
Dogs/Mange in Dog/mange-25-_jpg.rf.AgRh9KQfbsddJ1H7eqXa.jpg,10,10,Dog - Mange,image_family_01efc7e1d5c2c375665f2891,retain,readable; no cleaning exclusion,,,split_group_01efc7e1d5c2c375665f2891
Dogs/Mange in Dog/mange-25-_jpg.rf.YDCgum8XohZNRCiimO2y.jpg,10,10,Dog - Mange,image_family_01efc7e1d5c2c375665f2891,exclude_additional_source_family_member,one source-family representative policy; retained Dogs/Mange in Dog/mange-25-_jpg.rf.AgRh9KQfbsddJ1H7eqXa.jpg; original/animal identity not verified,,,split_group_01efc7e1d5c2c375665f2891
Dogs/Mange in Dog/mange-25-_jpg.rf.nmhdmBFFU7aAvhzLIn9V.jpg,10,10,Dog - Mange,image_family_01efc7e1d5c2c375665f2891,exclude_additional_source_family_member,one source-family representative policy; retained Dogs/Mange in Dog/mange-25-_jpg.rf.AgRh9KQfbsddJ1H7eqXa.jpg; original/animal identity not verified,,,split_group_01efc7e1d5c2c375665f2891
Dogs/Mange in Dog/mange-26-_jpg.rf.d8lBKVQS3VITkkyLQgYw.jpg,10,10,Dog - Mange,image_family_55c66f90b341685ad035de49,retain,readable; no cleaning exclusion,,,split_group_55c66f90b341685ad035de49
Dogs/Mange in Dog/mange-26-_jpg.rf.wYzOgxRNHDg3vTHGLfjO.jpg,10,10,Dog - Mange,image_family_55c66f90b341685ad035de49,exclude_additional_source_family_member,one source-family representative policy; retained Dogs/Mange in Dog/mange-26-_jpg.rf.d8lBKVQS3VITkkyLQgYw.jpg; original/animal identity not verified,,,split_group_55c66f90b341685ad035de49
Dogs/Mange in Dog/mange-27-_jpg.rf.1AGahKgcvOoWClGmWAGv.jpg,10,10,Dog - Mange,image_family_cae0c765b0034aeeaa42fe2b,retain,readable; no cleaning exclusion,,,split_group_cae0c765b0034aeeaa42fe2b
Dogs/Mange in Dog/mange-27-_jpg.rf.WZ8FODbhr59zyFacuWFc.jpg,10,10,Dog - Mange,image_family_cae0c765b0034aeeaa42fe2b,exclude_additional_source_family_member,one source-family representative policy; retained Dogs/Mange in Dog/mange-27-_jpg.rf.1AGahKgcvOoWClGmWAGv.jpg; original/animal identity not verified,,,split_group_cae0c765b0034aeeaa42fe2b
Dogs/Mange in Dog/mange-28-_jpg.rf.4SPm8w3uWQIXeW51DTdk.jpg,10,10,Dog - Mange,image_family_f8b2c1dbf563491489955e12,retain,readable; no cleaning exclusion,,,split_group_f8b2c1dbf563491489955e12
Dogs/Mange in Dog/mange-28-_jpg.rf.E72G6ijC2sZg75LOiT1O.jpg,10,10,Dog - Mange,image_family_f8b2c1dbf563491489955e12,exclude_additional_source_family_member,one source-family representative policy; retained Dogs/Mange in Dog/mange-28-_jpg.rf.4SPm8w3uWQIXeW51DTdk.jpg; original/animal identity not verified,,,split_group_f8b2c1dbf563491489955e12
Dogs/Mange in Dog/mange-28-_jpg.rf.L36UgM5u8384IzH5dyOP.jpg,10,10,Dog - Mange,image_family_f8b2c1dbf563491489955e12,exclude_additional_source_family_member,one source-family representative policy; retained Dogs/Mange in Dog/mange-28-_jpg.rf.4SPm8w3uWQIXeW51DTdk.jpg; original/animal identity not verified,,,split_group_f8b2c1dbf563491489955e12
Dogs/Mange in Dog/mange-29-_jpg.rf.9gZPUKVgvENYUp2gX8EH.jpg,10,10,Dog - Mange,image_family_85c67e209b148ecb15fd84d8,retain,readable; no cleaning exclusion,,,split_group_85c67e209b148ecb15fd84d8
Dogs/Mange in Dog/mange-29-_jpg.rf.pehu4OQ1OGiS3J1V6Zc0.jpg,10,10,Dog - Mange,image_family_85c67e209b148ecb15fd84d8,exclude_additional_source_family_member,one source-family representative policy; retained Dogs/Mange in Dog/mange-29-_jpg.rf.9gZPUKVgvENYUp2gX8EH.jpg; original/animal identity not verified,,,split_group_85c67e209b148ecb15fd84d8
Dogs/Mange in Dog/mange-3-_jpg.rf.1RWAjX2jQiRkHnRyt5Gs.jpg,10,10,Dog - Mange,image_family_a1d423978372ed9682ee0f92,retain,readable; no cleaning exclusion,,,split_group_a1d423978372ed9682ee0f92
Dogs/Mange in Dog/mange-3-_jpg.rf.V61Or7mvVW00C0ezgMRD.jpg,10,10,Dog - Mange,image_family_a1d423978372ed9682ee0f92,exclude_additional_source_family_member,one source-family representative policy; retained Dogs/Mange in Dog/mange-3-_jpg.rf.1RWAjX2jQiRkHnRyt5Gs.jpg; original/animal identity not verified,,,split_group_a1d423978372ed9682ee0f92
Dogs/Mange in Dog/mange-31-_jpg.rf.JNmdYE0PVnBPwTgzi4IX.jpg,10,10,Dog - Mange,image_family_a9776a138ad9a38932974954,retain,readable; no cleaning exclusion,,,split_group_a9776a138ad9a38932974954
Dogs/Mange in Dog/mange-31-_jpg.rf.JuxMDmLRvSKRbXOHzYOP.jpg,10,10,Dog - Mange,image_family_a9776a138ad9a38932974954,exclude_additional_source_family_member,one source-family representative policy; retained Dogs/Mange in Dog/mange-31-_jpg.rf.JNmdYE0PVnBPwTgzi4IX.jpg; original/animal identity not verified,,,split_group_a9776a138ad9a38932974954
Dogs/Mange in Dog/mange-31-_jpg.rf.d8JUFp4GRZ3u9ZszgOsW.jpg,10,10,Dog - Mange,image_family_a9776a138ad9a38932974954,exclude_additional_source_family_member,one source-family representative policy; retained Dogs/Mange in Dog/mange-31-_jpg.rf.JNmdYE0PVnBPwTgzi4IX.jpg; original/animal identity not verified,,,split_group_a9776a138ad9a38932974954
Dogs/Mange in Dog/mange-32-_jpg.rf.ZNvZTS9tTriMVbUG09o9.jpg,10,10,Dog - Mange,image_family_f5aaf3c9e7a99187f81c3793,retain,readable; no cleaning exclusion,,,split_group_f5aaf3c9e7a99187f81c3793
Dogs/Mange in Dog/mange-32-_jpg.rf.shajYgpF5tlV1TtNmtTY.jpg,10,10,Dog - Mange,image_family_f5aaf3c9e7a99187f81c3793,exclude_additional_source_family_member,one source-family representative policy; retained Dogs/Mange in Dog/mange-32-_jpg.rf.ZNvZTS9tTriMVbUG09o9.jpg; original/animal identity not verified,,,split_group_f5aaf3c9e7a99187f81c3793
Dogs/Mange in Dog/mange-35-_jpg.rf.KZyEtPmggSeEN8tNxSoG.jpg,10,10,Dog - Mange,image_family_60cbd8693facef1c78e73f00,retain,readable; no cleaning exclusion,,,split_group_60cbd8693facef1c78e73f00
Dogs/Mange in Dog/mange-35-_jpg.rf.dIF3ayQQLHnEkEdRqKlt.jpg,10,10,Dog - Mange,image_family_60cbd8693facef1c78e73f00,exclude_additional_source_family_member,one source-family representative policy; retained Dogs/Mange in Dog/mange-35-_jpg.rf.KZyEtPmggSeEN8tNxSoG.jpg; original/animal identity not verified,,,split_group_60cbd8693facef1c78e73f00
Dogs/Mange in Dog/mange-37-_jpg.rf.FUaNRAktlnM1TmYkibo9.jpg,10,10,Dog - Mange,image_family_f07b2212134fcc0443dbe711,retain,readable; no cleaning exclusion,,,split_group_f07b2212134fcc0443dbe711
Dogs/Mange in Dog/mange-4-_jpg.rf.DHasKt3lXZwPZoepIEHG.jpg,10,10,Dog - Mange,image_family_fa80ec41528471e6694e48e8,retain,readable; no cleaning exclusion,,,split_group_fa80ec41528471e6694e48e8
Dogs/Mange in Dog/mange-4-_jpg.rf.NUHHJat1PzTRLk6azQpr.jpg,10,10,Dog - Mange,image_family_fa80ec41528471e6694e48e8,exclude_additional_source_family_member,one source-family representative policy; retained Dogs/Mange in Dog/mange-4-_jpg.rf.DHasKt3lXZwPZoepIEHG.jpg; original/animal identity not verified,,,split_group_fa80ec41528471e6694e48e8
Dogs/Mange in Dog/mange-4-_jpg.rf.nM0WBlWGvLbgUfUrzHVh.jpg,10,10,Dog - Mange,image_family_fa80ec41528471e6694e48e8,exclude_additional_source_family_member,one source-family representative policy; retained Dogs/Mange in Dog/mange-4-_jpg.rf.DHasKt3lXZwPZoepIEHG.jpg; original/animal identity not verified,,,split_group_fa80ec41528471e6694e48e8
Dogs/Mange in Dog/mange-41-_jpg.rf.ttEdUkou3hozGa7O81wL.jpg,10,10,Dog - Mange,image_family_01865c01870c2410aee0502a,retain,readable; no cleaning exclusion,,,split_group_01865c01870c2410aee0502a
Dogs/Mange in Dog/mange-43-_jpg.rf.5YHeCEkMV7lA4YfYHPln.jpg,10,10,Dog - Mange,image_family_f718fccb55e0e0486bf1bb70,retain,readable; no cleaning exclusion,,,split_group_f718fccb55e0e0486bf1bb70
Dogs/Mange in Dog/mange-44-_jpg.rf.lIPIwphs2gHGsLncZZXZ.jpg,10,10,Dog - Mange,image_family_08d21c2464a4255aa56f2f94,retain,readable; no cleaning exclusion,,,split_group_08d21c2464a4255aa56f2f94
Dogs/Mange in Dog/mange-46-_jpg.rf.M70Rn4PRrr9FNuJGQmp8.jpg,10,10,Dog - Mange,image_family_8f65ee92e80b15108b0dea32,retain,readable; no cleaning exclusion,,,split_group_8f65ee92e80b15108b0dea32
Dogs/Mange in Dog/mange-46-_jpg.rf.T9eYSD8GE8ns5TcKPEnU.jpg,10,10,Dog - Mange,image_family_8f65ee92e80b15108b0dea32,exclude_additional_source_family_member,one source-family representative policy; retained Dogs/Mange in Dog/mange-46-_jpg.rf.M70Rn4PRrr9FNuJGQmp8.jpg; original/animal identity not verified,,,split_group_8f65ee92e80b15108b0dea32
Dogs/Mange in Dog/mange-47-_jpg.rf.7Hqr63pskI8qIH8jXYK5.jpg,10,10,Dog - Mange,image_family_930a60473ac798861755405e,retain,readable; no cleaning exclusion,,,split_group_930a60473ac798861755405e
Dogs/Mange in Dog/mange-47-_jpg.rf.dAkTy9Ylde2aJXxjVfLe.jpg,10,10,Dog - Mange,image_family_930a60473ac798861755405e,exclude_additional_source_family_member,one source-family representative policy; retained Dogs/Mange in Dog/mange-47-_jpg.rf.7Hqr63pskI8qIH8jXYK5.jpg; original/animal identity not verified,,,split_group_930a60473ac798861755405e
Dogs/Mange in Dog/mange-47-_jpg.rf.yGfBc7lV7xLOlZIiNNCB.jpg,10,10,Dog - Mange,image_family_930a60473ac798861755405e,exclude_additional_source_family_member,one source-family representative policy; retained Dogs/Mange in Dog/mange-47-_jpg.rf.7Hqr63pskI8qIH8jXYK5.jpg; original/animal identity not verified,,,split_group_930a60473ac798861755405e
Dogs/Mange in Dog/mange-52-_jpg.rf.OzEZnYtMlvOBkDyQ2r6Y.jpg,10,10,Dog - Mange,image_family_4b2a6b974f32c709e108247e,retain,readable; no cleaning exclusion,,,split_group_4b2a6b974f32c709e108247e
Dogs/Mange in Dog/mange-55-_jpg.rf.w41TPgFs9S4UKk7KYXsA.jpg,10,10,Dog - Mange,image_family_765a9c4723f434e3b7ee4e13,retain,readable; no cleaning exclusion,,,split_group_765a9c4723f434e3b7ee4e13
Dogs/Mange in Dog/mange-58-_jpg.rf.0pNOIUmBCnyaE5CxkiKn.jpg,10,10,Dog - Mange,image_family_5f3f74c6252a8e7560549de2,retain,readable; no cleaning exclusion,,,split_group_5f3f74c6252a8e7560549de2
Dogs/Mange in Dog/mange-58-_jpg.rf.JmPwjDhZ3BFwD6Ph20a5.jpg,10,10,Dog - Mange,image_family_5f3f74c6252a8e7560549de2,exclude_additional_source_family_member,one source-family representative policy; retained Dogs/Mange in Dog/mange-58-_jpg.rf.0pNOIUmBCnyaE5CxkiKn.jpg; original/animal identity not verified,,,split_group_5f3f74c6252a8e7560549de2
Dogs/Mange in Dog/mange-58-_jpg.rf.nFUMlaA2kEKVqCGBtI9q.jpg,10,10,Dog - Mange,image_family_5f3f74c6252a8e7560549de2,exclude_additional_source_family_member,one source-family representative policy; retained Dogs/Mange in Dog/mange-58-_jpg.rf.0pNOIUmBCnyaE5CxkiKn.jpg; original/animal identity not verified,,,split_group_5f3f74c6252a8e7560549de2
Dogs/Mange in Dog/mange-59-_jpg.rf.XQhHzEuiR4lqULliZ3mP.jpg,10,10,Dog - Mange,image_family_14183d90450ff678b753de19,retain,readable; no cleaning exclusion,,,split_group_14183d90450ff678b753de19
Dogs/Mange in Dog/mange-59-_jpg.rf.sILQkv2lO8YZ9q3ui3mk.jpg,10,10,Dog - Mange,image_family_14183d90450ff678b753de19,exclude_additional_source_family_member,one source-family representative policy; retained Dogs/Mange in Dog/mange-59-_jpg.rf.XQhHzEuiR4lqULliZ3mP.jpg; original/animal identity not verified,,,split_group_14183d90450ff678b753de19
Dogs/Mange in Dog/mange-60-_jpg.rf.TQ1ROFJC2y6Whengporr.jpg,10,10,Dog - Mange,image_family_ecfaf19715e2ea21e7beaa3f,retain,readable; no cleaning exclusion,,,split_group_a65741df118feec6e19e83bc
Dogs/Mange in Dog/mange-62-_jpg.rf.hbLCgRcYchsljUL5qpkG.jpg,10,10,Dog - Mange,image_family_46ba644dec3ef384f689c0d9,retain,readable; no cleaning exclusion,,,split_group_46ba644dec3ef384f689c0d9
Dogs/Mange in Dog/mange-7-_jpg.rf.lwx7W7993c3ngbwC4bv9.jpg,10,10,Dog - Mange,image_family_0257dfdebb57a0be730272ad,retain,readable; no cleaning exclusion,,,split_group_0257dfdebb57a0be730272ad
Dogs/Mange in Dog/mange-7-_jpg.rf.sRdjYzo0X3pA8CvRhztQ.jpg,10,10,Dog - Mange,image_family_0257dfdebb57a0be730272ad,exclude_additional_source_family_member,one source-family representative policy; retained Dogs/Mange in Dog/mange-7-_jpg.rf.lwx7W7993c3ngbwC4bv9.jpg; original/animal identity not verified,,,split_group_0257dfdebb57a0be730272ad
Dogs/Mange in Dog/mange-9-_jpg.rf.lc6uhyYhzj322WyvYugi.jpg,10,10,Dog - Mange,image_family_15b02a0decf72a9bfd80a47e,retain,readable; no cleaning exclusion,,,split_group_15b02a0decf72a9bfd80a47e
Dogs/Mange in Dog/mange-in-dogs-1_jpg.rf.ELJH8kPZ71fdxbsKfxRI.jpg,10,10,Dog - Mange,image_family_9895a61684711c3f21246725,retain,readable; no cleaning exclusion,,,split_group_9895a61684711c3f21246725
Dogs/Mange in Dog/mange-in-puppies-1-_jpg.rf.ZpabFUgs5i19PgBfrnij.jpg,10,10,Dog - Mange,image_family_68b6826e106973842c1c4260,retain,readable; no cleaning exclusion,,,split_group_68b6826e106973842c1c4260
Dogs/Mange in Dog/n02085782_2922_jpg.rf.udOfoxFBewDlHjrtxA6h.jpg,10,10,Dog - Mange,image_family_74e98e93861e221217c5e20b,retain,readable; no cleaning exclusion,,,split_group_74e98e93861e221217c5e20b
Dogs/Mange in Dog/old-dog-with-dermatitis-at-the-veterinary-clinic-R3EYP6_jpg.rf.lao1DKrGmFoFx3DeV4p7.jpg,10,10,Dog - Mange,image_family_bf9946469e72b7f6b833eb28,retain,readable; no cleaning exclusion,,,split_group_bf9946469e72b7f6b833eb28
Dogs/Mange in Dog/scabies-in-dogs_jpg.rf.dJkNu0RSlAwnt6E6soyG.jpg,10,10,Dog - Mange,image_family_f2ee4a30692997aeb7b3de5e,retain,readable; no cleaning exclusion,,,split_group_a65741df118feec6e19e83bc
Dogs/Mange in Dog/scabies_102_png_jpg.rf.8lOVAAWFrFInW0uNRtp1.jpg,10,10,Dog - Mange,image_family_b35bc0df7ae5d30bebd4eb60,retain,readable; no cleaning exclusion,,,split_group_b35bc0df7ae5d30bebd4eb60
Dogs/Mange in Dog/scabies_102_png_jpg.rf.yisG0AdW1Rwe8dchjcpe.jpg,10,10,Dog - Mange,image_family_b35bc0df7ae5d30bebd4eb60,exclude_additional_source_family_member,one source-family representative policy; retained Dogs/Mange in Dog/scabies_102_png_jpg.rf.8lOVAAWFrFInW0uNRtp1.jpg; original/animal identity not verified,,,split_group_b35bc0df7ae5d30bebd4eb60
Dogs/Mange in Dog/scabies_109_png_jpg.rf.mzatEDr8g2axFgqbKWje.jpg,10,10,Dog - Mange,image_family_b8cddd1d5a57f300c2f646be,retain,readable; no cleaning exclusion,,,split_group_b8cddd1d5a57f300c2f646be
Dogs/Mange in Dog/scabies_110_png_jpg.rf.3tntLC3Qu55dydkIImSJ.jpg,10,10,Dog - Mange,image_family_139ecbf59bb8a72d03102dd7,retain,readable; no cleaning exclusion,,,split_group_139ecbf59bb8a72d03102dd7
Dogs/Mange in Dog/scabies_111_png_jpg.rf.bSyRJmSbVN0qg5DXlpFV.jpg,10,10,Dog - Mange,image_family_fcd951a32353c719a9c637b0,retain,readable; no cleaning exclusion,,,split_group_fcd951a32353c719a9c637b0
Dogs/Mange in Dog/scabies_112_png_jpg.rf.isDdoaftl4qta8cm0ksr.jpg,10,10,Dog - Mange,image_family_9c04c8e9ced77025e0721c8f,retain,readable; no cleaning exclusion,,,split_group_9c04c8e9ced77025e0721c8f
Dogs/Mange in Dog/scabies_112_png_jpg.rf.nOrl3aVWhpb8tRJevjpT.jpg,10,10,Dog - Mange,image_family_9c04c8e9ced77025e0721c8f,exclude_additional_source_family_member,one source-family representative policy; retained Dogs/Mange in Dog/scabies_112_png_jpg.rf.isDdoaftl4qta8cm0ksr.jpg; original/animal identity not verified,,,split_group_9c04c8e9ced77025e0721c8f
Dogs/Mange in Dog/scabies_113_png_jpg.rf.vydJNQIU9DWBY3B9r88c.jpg,10,10,Dog - Mange,image_family_a8d586661df54fac02c3ac63,retain,readable; no cleaning exclusion,,,split_group_a8d586661df54fac02c3ac63
Dogs/Mange in Dog/scabies_114_png_jpg.rf.2JqBXN7wNFw1sDzoxjZF.jpg,10,10,Dog - Mange,image_family_3b9d6b528ccbb02fabad69cf,retain,readable; no cleaning exclusion,,,split_group_3b9d6b528ccbb02fabad69cf
Dogs/Mange in Dog/scabies_115_png_jpg.rf.lQxwC2qMUZURnHrwR9VF.jpg,10,10,Dog - Mange,image_family_285f5f719fde3c27abbe9fbb,retain,readable; no cleaning exclusion,,,split_group_285f5f719fde3c27abbe9fbb
Dogs/Mange in Dog/scabies_115_png_jpg.rf.nJtvdDwRihWKkFCH2PnA.jpg,10,10,Dog - Mange,image_family_285f5f719fde3c27abbe9fbb,exclude_additional_source_family_member,one source-family representative policy; retained Dogs/Mange in Dog/scabies_115_png_jpg.rf.lQxwC2qMUZURnHrwR9VF.jpg; original/animal identity not verified,,,split_group_285f5f719fde3c27abbe9fbb
Dogs/Mange in Dog/scabies_118_png_jpg.rf.QxEJ2tUho5l4gfemcq69.jpg,10,10,Dog - Mange,image_family_8caec540d47177a84bf8003f,retain,readable; no cleaning exclusion,,,split_group_8caec540d47177a84bf8003f
Dogs/Mange in Dog/scabies_120_png_jpg.rf.XIlekTF5yinJDZKmrlLb.jpg,10,10,Dog - Mange,image_family_dd829296be164fd4103b2ff3,retain,readable; no cleaning exclusion,,,split_group_dd829296be164fd4103b2ff3
Dogs/Mange in Dog/scabies_120_png_jpg.rf.o5L0C36XRZXGKGkdEl91.jpg,10,10,Dog - Mange,image_family_dd829296be164fd4103b2ff3,exclude_additional_source_family_member,one source-family representative policy; retained Dogs/Mange in Dog/scabies_120_png_jpg.rf.XIlekTF5yinJDZKmrlLb.jpg; original/animal identity not verified,,,split_group_dd829296be164fd4103b2ff3
Dogs/Mange in Dog/scabies_121_png_jpg.rf.GWx0j9oSEvVCQL6mq2sI.jpg,10,10,Dog - Mange,image_family_c82b6184a7b55ebb253d6483,retain,readable; no cleaning exclusion,,,split_group_c82b6184a7b55ebb253d6483
Dogs/Mange in Dog/scabies_121_png_jpg.rf.l6i9QGdRc5lItL8qluzN.jpg,10,10,Dog - Mange,image_family_c82b6184a7b55ebb253d6483,exclude_additional_source_family_member,one source-family representative policy; retained Dogs/Mange in Dog/scabies_121_png_jpg.rf.GWx0j9oSEvVCQL6mq2sI.jpg; original/animal identity not verified,,,split_group_c82b6184a7b55ebb253d6483
Dogs/Mange in Dog/scabies_123_png_jpg.rf.l9yJpPR4fyOrxr9y0oOv.jpg,10,10,Dog - Mange,image_family_eed84bb086b287b8fbd09eda,retain,readable; no cleaning exclusion,,,split_group_eed84bb086b287b8fbd09eda
Dogs/Mange in Dog/scabies_126_png_jpg.rf.0BSHgpaxFUPAxg0nlDCf.jpg,10,10,Dog - Mange,image_family_46e654c5f46162e110b5522c,retain,readable; no cleaning exclusion,,,split_group_46e654c5f46162e110b5522c
Dogs/Mange in Dog/scabies_128_png_jpg.rf.7ibmgHZdkiEtQFniMiLj.jpg,10,10,Dog - Mange,image_family_a95c9693281357857b482850,retain,readable; no cleaning exclusion,,,split_group_a95c9693281357857b482850
Dogs/Mange in Dog/scabies_131_png_jpg.rf.17wH3SB7vCpcfIyDNt05.jpg,10,10,Dog - Mange,image_family_6a15bd7207b6468e22de2706,retain,readable; no cleaning exclusion,,,split_group_6a15bd7207b6468e22de2706
Dogs/Mange in Dog/scabies_132_png_jpg.rf.IifLOhOrFuP86LeNdCQX.jpg,10,10,Dog - Mange,image_family_8af2da523cc2ccac4dc013d1,retain,readable; no cleaning exclusion,,,split_group_8af2da523cc2ccac4dc013d1
Dogs/Mange in Dog/scabies_135_png_jpg.rf.tmwsAnlowR0UuoySMC90.jpg,10,10,Dog - Mange,image_family_5acfcfcc8ae3c09097dd29ca,retain,readable; no cleaning exclusion,,,split_group_5acfcfcc8ae3c09097dd29ca
Dogs/Mange in Dog/scabies_136_png_jpg.rf.P8k4lMnz3ko5IcC1uVlj.jpg,10,10,Dog - Mange,image_family_efe58a63569da86843834e9b,retain,readable; no cleaning exclusion,,,split_group_efe58a63569da86843834e9b
Dogs/Mange in Dog/scabies_136_png_jpg.rf.rHfDONntuZGvtSxdzuwN.jpg,10,10,Dog - Mange,image_family_efe58a63569da86843834e9b,exclude_additional_source_family_member,one source-family representative policy; retained Dogs/Mange in Dog/scabies_136_png_jpg.rf.P8k4lMnz3ko5IcC1uVlj.jpg; original/animal identity not verified,,,split_group_efe58a63569da86843834e9b
Dogs/Mange in Dog/scabies_88_png_jpg.rf.Eg5mMzGFujU59oJ5UZ0Q.jpg,10,10,Dog - Mange,image_family_033ad1c76c67fd975f800a98,retain,readable; no cleaning exclusion,,,split_group_033ad1c76c67fd975f800a98
Dogs/Mange in Dog/scabies_88_png_jpg.rf.oi1lCkqK9kby7kyJWcV9.jpg,10,10,Dog - Mange,image_family_033ad1c76c67fd975f800a98,exclude_additional_source_family_member,one source-family representative policy; retained Dogs/Mange in Dog/scabies_88_png_jpg.rf.Eg5mMzGFujU59oJ5UZ0Q.jpg; original/animal identity not verified,,,split_group_033ad1c76c67fd975f800a98
Dogs/Mange in Dog/scabies_89_png_jpg.rf.KEgD7V6feKvhCDpCusNw.jpg,10,10,Dog - Mange,image_family_b885372c667d8c5b8dc1804d,retain,readable; no cleaning exclusion,,,split_group_b885372c667d8c5b8dc1804d
Dogs/Mange in Dog/scabies_89_png_jpg.rf.cwJVGlKTXvd91drAh9HE.jpg,10,10,Dog - Mange,image_family_b885372c667d8c5b8dc1804d,exclude_additional_source_family_member,one source-family representative policy; retained Dogs/Mange in Dog/scabies_89_png_jpg.rf.KEgD7V6feKvhCDpCusNw.jpg; original/animal identity not verified,,,split_group_b885372c667d8c5b8dc1804d
Dogs/Mange in Dog/scabies_90_png_jpg.rf.vga9kfO9ZIjrvDjvm5Y6.jpg,10,10,Dog - Mange,image_family_58c6862d126cdffe0aede2ba,retain,readable; no cleaning exclusion,,,split_group_58c6862d126cdffe0aede2ba
Dogs/Mange in Dog/scabies_97_png_jpg.rf.HknHUboYu7ZqukrznWid.jpg,10,10,Dog - Mange,image_family_b9727790f8cd69b88fc560d1,retain,readable; no cleaning exclusion,,,split_group_b9727790f8cd69b88fc560d1
Dogs/Mange in Dog/sick-big-dog-dermatitis-and-disease-on-dog-skinbald-patchy-area-of-the-skin-in-dogs-alopecia-2B9PDTR_jpg.rf.QEWsZDN3fjyZRkrCTt4i.jpg,10,10,Dog - Mange,image_family_8f96ef63e4ad2d75b0720d63,retain,readable; no cleaning exclusion,,,split_group_8f96ef63e4ad2d75b0720d63
Dogs/Mange in Dog/small-puppy-mange-1130760778-2000-49d8c33cba4c4678a71b92e10af88f70_jpg.rf.vlfDEMidnYG4oZYH1HFy.jpg,10,10,Dog - Mange,image_family_eef0de510d796899f9344fb2,retain,readable; no cleaning exclusion,,,split_group_eef0de510d796899f9344fb2
Dogs/Mange in Dog/unnamed_jpeg.rf.iWfVVJsmcq1dGODqtPba.jpg,10,10,Dog - Mange,image_family_97ef1b4d8458a597f8a01306,retain,readable; no cleaning exclusion,,,split_group_97ef1b4d8458a597f8a01306
Dogs/Mange in Dog/zelda1-1024x861-1_jpg.rf.bFmok9kVZzaAiYC9Vgs8.jpg,10,10,Dog - Mange,image_family_c88fbe21516530ddb605e1d5,retain,readable; no cleaning exclusion,,,split_group_c88fbe21516530ddb605e1d5
Dogs/Flea Allergy in Dog/Image_1.jpg,11,11,Dog - Flea Allergy,image_family_19009dde847928b4467639f9,retain,readable; no cleaning exclusion,,,split_group_19009dde847928b4467639f9
Dogs/Flea Allergy in Dog/Image_10.jpg,11,11,Dog - Flea Allergy,image_family_bc3214cf0e16cda4215d70ad,retain,readable; no cleaning exclusion,,,split_group_bc3214cf0e16cda4215d70ad
Dogs/Flea Allergy in Dog/Image_100.jpg,11,11,Dog - Flea Allergy,image_family_660edaf65de35917ef5ceda8,retain,readable; no cleaning exclusion,,,split_group_660edaf65de35917ef5ceda8
Dogs/Flea Allergy in Dog/Image_11.jpg,11,11,Dog - Flea Allergy,image_family_1b507e090a69723101c3ef46,retain,readable; no cleaning exclusion,,,split_group_1b507e090a69723101c3ef46
Dogs/Flea Allergy in Dog/Image_14.webp,11,11,Dog - Flea Allergy,image_family_725ea650a241f53f04230ba2,retain,readable; no cleaning exclusion,,,split_group_725ea650a241f53f04230ba2
Dogs/Flea Allergy in Dog/Image_15.jpeg,11,11,Dog - Flea Allergy,image_family_48bbed09b0150a32ebbb17ec,retain,readable; no cleaning exclusion,,,split_group_48bbed09b0150a32ebbb17ec
Dogs/Flea Allergy in Dog/Image_15.webp,11,11,Dog - Flea Allergy,image_family_725ea650a241f53f04230ba2,exclude_same_class_exact_duplicate,same-class exact RGB duplicate; retained representative Dogs/Flea Allergy in Dog/Image_14.webp,,,split_group_725ea650a241f53f04230ba2
Dogs/Flea Allergy in Dog/Image_16.jpeg,11,11,Dog - Flea Allergy,image_family_48bbed09b0150a32ebbb17ec,exclude_same_class_exact_duplicate,same-class exact RGB duplicate; retained representative Dogs/Flea Allergy in Dog/Image_15.jpeg,,,split_group_48bbed09b0150a32ebbb17ec
Dogs/Flea Allergy in Dog/Image_16.jpg,11,11,Dog - Flea Allergy,image_family_895d73a7ddd061f331c02c4f,retain,readable; no cleaning exclusion,,,split_group_895d73a7ddd061f331c02c4f
Dogs/Flea Allergy in Dog/Image_18.png,11,11,Dog - Flea Allergy,image_family_ebebbf7f33c48c0af5ae1816,retain,readable; no cleaning exclusion,,,split_group_ebebbf7f33c48c0af5ae1816
Dogs/Flea Allergy in Dog/Image_19.webp,11,11,Dog - Flea Allergy,image_family_5e7963cfdff4d05988ed8937,retain,readable; no cleaning exclusion,,,split_group_5e7963cfdff4d05988ed8937
Dogs/Flea Allergy in Dog/Image_2.jpg,11,11,Dog - Flea Allergy,image_family_0d349f06253d49d7aef9b8a2,retain,readable; no cleaning exclusion,,,split_group_0d349f06253d49d7aef9b8a2
Dogs/Flea Allergy in Dog/Image_24.jpg,11,11,Dog - Flea Allergy,image_family_fa179b4181308897fdf9824e,retain,readable; no cleaning exclusion,,,split_group_fa179b4181308897fdf9824e
Dogs/Flea Allergy in Dog/Image_26.jpg,11,11,Dog - Flea Allergy,image_family_0150435d29cfa1e1f1ade432,retain,readable; no cleaning exclusion,,,split_group_0150435d29cfa1e1f1ade432
Dogs/Flea Allergy in Dog/Image_36.png,11,11,Dog - Flea Allergy,image_family_d377c93e040ec46952f5885a,retain,readable; no cleaning exclusion,,,split_group_d377c93e040ec46952f5885a
Dogs/Flea Allergy in Dog/Image_40.png,11,11,Dog - Flea Allergy,image_family_3e5958ec323ea51a159ac9d8,retain,readable; no cleaning exclusion,,,split_group_3e5958ec323ea51a159ac9d8
Dogs/Flea Allergy in Dog/Image_41.png,11,11,Dog - Flea Allergy,image_family_3e5958ec323ea51a159ac9d8,exclude_same_class_exact_duplicate,same-class exact RGB duplicate; retained representative Dogs/Flea Allergy in Dog/Image_40.png,,,split_group_3e5958ec323ea51a159ac9d8
Dogs/Flea Allergy in Dog/Image_43.jpg,11,11,Dog - Flea Allergy,image_family_d94ea17f5240dd0944475c68,retain,readable; no cleaning exclusion,,,split_group_d94ea17f5240dd0944475c68
Dogs/Flea Allergy in Dog/Image_44.jpg,11,11,Dog - Flea Allergy,image_family_feb5a864192c72af64ed4f14,retain,readable; no cleaning exclusion,,,split_group_feb5a864192c72af64ed4f14
Dogs/Flea Allergy in Dog/Image_5.png,11,11,Dog - Flea Allergy,image_family_f55c2f166cd4906817d22eea,retain,readable; no cleaning exclusion,,,split_group_f55c2f166cd4906817d22eea
Dogs/Flea Allergy in Dog/Image_51.jpg,11,11,Dog - Flea Allergy,image_family_d98f9d25628805ad5ff8f950,retain,readable; no cleaning exclusion,,,split_group_d98f9d25628805ad5ff8f950
Dogs/Flea Allergy in Dog/Image_53.jpg,11,11,Dog - Flea Allergy,image_family_a72b0e624c90f08b8c40cee4,retain,readable; no cleaning exclusion,,,split_group_2bedc4895a8f3716ae26ca12
Dogs/Flea Allergy in Dog/Image_54.jpg,11,11,Dog - Flea Allergy,image_family_479b14af0a6243b3b924f83d,retain,readable; no cleaning exclusion,,,split_group_479b14af0a6243b3b924f83d
Dogs/Flea Allergy in Dog/Image_59.png,11,11,Dog - Flea Allergy,image_family_2720cbc9494a944a9f801836,retain,readable; no cleaning exclusion,,,split_group_2720cbc9494a944a9f801836
Dogs/Flea Allergy in Dog/Image_60.jpg,11,11,Dog - Flea Allergy,image_family_bcba76903385d2511fbe2fe6,retain,readable; no cleaning exclusion,,,split_group_56c0eb08b61ec957f78d71bf
Dogs/Flea Allergy in Dog/Image_62.jpg,11,11,Dog - Flea Allergy,image_family_4697e75e11bfe176d3265222,retain,readable; no cleaning exclusion,,,split_group_4697e75e11bfe176d3265222
Dogs/Flea Allergy in Dog/Image_63.jpg,11,11,Dog - Flea Allergy,image_family_92b29c74f1ffe516b7cdb3fb,retain,readable; no cleaning exclusion,,,split_group_92b29c74f1ffe516b7cdb3fb
Dogs/Flea Allergy in Dog/Image_64.jpg,11,11,Dog - Flea Allergy,image_family_2a00834a1866a388cb14ed40,retain,readable; no cleaning exclusion,,,split_group_2a00834a1866a388cb14ed40
Dogs/Flea Allergy in Dog/Image_65.webp,11,11,Dog - Flea Allergy,image_family_3d13edaf39b5e245710c56b6,retain,readable; no cleaning exclusion,,,split_group_3d13edaf39b5e245710c56b6
Dogs/Flea Allergy in Dog/Image_66.jpg,11,11,Dog - Flea Allergy,image_family_6f65e32b3147e9855964ac72,retain,readable; no cleaning exclusion,,,split_group_6f65e32b3147e9855964ac72
Dogs/Flea Allergy in Dog/Image_72.jpg,11,11,Dog - Flea Allergy,image_family_5a8818fcbefc66fdfc3e3370,retain,readable; no cleaning exclusion,,,split_group_5a8818fcbefc66fdfc3e3370
Dogs/Flea Allergy in Dog/Image_75.jpg,11,11,Dog - Flea Allergy,image_family_bcd2e1b08e50a98bfd2a7723,retain,readable; no cleaning exclusion,,,split_group_bcd2e1b08e50a98bfd2a7723
Dogs/Flea Allergy in Dog/Image_77.jpg,11,11,Dog - Flea Allergy,image_family_7e3d8da17232ef0037c1faf3,retain,readable; no cleaning exclusion,,,split_group_7e3d8da17232ef0037c1faf3
Dogs/Flea Allergy in Dog/Image_78.jpg,11,11,Dog - Flea Allergy,image_family_81b495545ae2020ed0e7bc37,retain,readable; no cleaning exclusion,,,split_group_81b495545ae2020ed0e7bc37
Dogs/Flea Allergy in Dog/Image_79.jpg,11,11,Dog - Flea Allergy,image_family_8df4019d24e808e737415049,retain,readable; no cleaning exclusion,,,split_group_8df4019d24e808e737415049
Dogs/Flea Allergy in Dog/Image_8.jpg,11,11,Dog - Flea Allergy,image_family_d98f9d25628805ad5ff8f950,exclude_same_class_exact_duplicate,same-class exact RGB duplicate; retained representative Dogs/Flea Allergy in Dog/Image_51.jpg,,,split_group_d98f9d25628805ad5ff8f950
Dogs/Flea Allergy in Dog/Image_80.jpg,11,11,Dog - Flea Allergy,image_family_80fcfb0dd40a83a1ef316686,retain,readable; no cleaning exclusion,,,split_group_80fcfb0dd40a83a1ef316686
Dogs/Flea Allergy in Dog/Image_90.jpg,11,11,Dog - Flea Allergy,image_family_dc09c5ff43c5c705892eedc0,retain,readable; no cleaning exclusion,,,split_group_dc09c5ff43c5c705892eedc0
Dogs/Flea Allergy in Dog/Image_92.jpg,11,11,Dog - Flea Allergy,image_family_a641f18e1a4a5e3167a0f3b4,retain,readable; no cleaning exclusion,,,split_group_2bedc4895a8f3716ae26ca12
Dogs/Flea Allergy in Dog/Image_95.jpg,11,11,Dog - Flea Allergy,image_family_447628df3b73944a0ee0c0d2,retain,readable; no cleaning exclusion,,,split_group_447628df3b73944a0ee0c0d2
Dogs/Flea Allergy in Dog/Image_98.jpg,11,11,Dog - Flea Allergy,image_family_b4c0ef849c0d0684be4f7f2a,retain,readable; no cleaning exclusion,,,split_group_b4c0ef849c0d0684be4f7f2a
Dogs/Flea Allergy in Dog/flea_allergy (1)_jpg.rf.lVkwGxhYtJno4n5hcO09.jpg,11,11,Dog - Flea Allergy,image_family_d4534329e4c1a5bf0703dadc,retain,readable; no cleaning exclusion,,,split_group_d4534329e4c1a5bf0703dadc
Dogs/Flea Allergy in Dog/flea_allergy (10)_jpg.rf.duQgkcoMFgxWbnXWAz0X.jpg,11,11,Dog - Flea Allergy,image_family_ae99a58f629cfba5350de0ed,retain,readable; no cleaning exclusion,,,split_group_ae99a58f629cfba5350de0ed
Dogs/Flea Allergy in Dog/flea_allergy (11)_jpg.rf.3ci6NQqUnWgTAhvEOwxn.jpg,11,11,Dog - Flea Allergy,image_family_41c6279f0d71d85710fb83f5,retain,readable; no cleaning exclusion,,,split_group_41c6279f0d71d85710fb83f5
Dogs/Flea Allergy in Dog/flea_allergy (12)_jpg.rf.OpVO1NLhhcPHAx1QwiE5.jpg,11,11,Dog - Flea Allergy,image_family_c618abcfc6d910e27c7f5363,retain,readable; no cleaning exclusion,,,split_group_c618abcfc6d910e27c7f5363
Dogs/Flea Allergy in Dog/flea_allergy (13)_jpg.rf.bt5PLwIRDNuaD5Uq1gxX.jpg,11,11,Dog - Flea Allergy,image_family_f95a785aa60db7e52ecbe739,retain,readable; no cleaning exclusion,,,split_group_f95a785aa60db7e52ecbe739
Dogs/Flea Allergy in Dog/flea_allergy (14)_jpg.rf.NZgZn4Tc96eQYms0URGc.jpg,11,11,Dog - Flea Allergy,image_family_a7f8a4f69c4ee02d7a5ac5c9,retain,readable; no cleaning exclusion,,,split_group_a7f8a4f69c4ee02d7a5ac5c9
Dogs/Flea Allergy in Dog/flea_allergy (15)_jpg.rf.rcgSIpPGddylFd8dtwrb.jpg,11,11,Dog - Flea Allergy,image_family_359332a20e1444a88e4d4a37,retain,readable; no cleaning exclusion,,,split_group_359332a20e1444a88e4d4a37
Dogs/Flea Allergy in Dog/flea_allergy (16)_jpg.rf.wt8MN02eIBuBE3cAJPQi.jpg,11,11,Dog - Flea Allergy,image_family_c8958333a977bc68b2e7d8f2,retain,readable; no cleaning exclusion,,,split_group_c8958333a977bc68b2e7d8f2
Dogs/Flea Allergy in Dog/flea_allergy (17)_jpg.rf.Wjfr6EmDSxOivR9p8pRG.jpg,11,11,Dog - Flea Allergy,image_family_29d51ad62c3cdf5f2fee9192,retain,readable; no cleaning exclusion,,,split_group_29d51ad62c3cdf5f2fee9192
Dogs/Flea Allergy in Dog/flea_allergy (18)_jpg.rf.MQlC6Wp0SdpUW9WG8zIr.jpg,11,11,Dog - Flea Allergy,image_family_b01397629ed4fb49dd48ded5,retain,readable; no cleaning exclusion,,,split_group_b01397629ed4fb49dd48ded5
Dogs/Flea Allergy in Dog/flea_allergy (19)_jpg.rf.HZaTNA6DB95VwtWywUzc.jpg,11,11,Dog - Flea Allergy,image_family_475362182f4bf52b039ba6f0,retain,readable; no cleaning exclusion,,,split_group_475362182f4bf52b039ba6f0
Dogs/Flea Allergy in Dog/flea_allergy (2)_jpg.rf.SW8lH1cl1AeE6TBaww9T.jpg,11,11,Dog - Flea Allergy,image_family_9ce8063ccf0cc73ca2f628f7,retain,readable; no cleaning exclusion,,,split_group_9ce8063ccf0cc73ca2f628f7
Dogs/Flea Allergy in Dog/flea_allergy (20)_jpg.rf.wh4h75AS96cxIbuvHmPd.jpg,11,11,Dog - Flea Allergy,image_family_0b2ed53072dc6311e5edf372,retain,readable; no cleaning exclusion,,,split_group_0b2ed53072dc6311e5edf372
Dogs/Flea Allergy in Dog/flea_allergy (21)_jpg.rf.lEoyjJAc1v66LqG8EMzy.jpg,11,11,Dog - Flea Allergy,image_family_32b8563a1e90ac89e84daacb,retain,readable; no cleaning exclusion,,,split_group_32b8563a1e90ac89e84daacb
Dogs/Flea Allergy in Dog/flea_allergy (22)_jpg.rf.kuqIz4AO4sNNr2DbCJlA.jpg,11,11,Dog - Flea Allergy,image_family_439bffac87780f90f4fe92ec,retain,readable; no cleaning exclusion,,,split_group_439bffac87780f90f4fe92ec
Dogs/Flea Allergy in Dog/flea_allergy (23)_jpg.rf.zPhdTmLLCKqnjugyovtR.jpg,11,11,Dog - Flea Allergy,image_family_83b1de864efcedc84607d192,retain,readable; no cleaning exclusion,,,split_group_83b1de864efcedc84607d192
Dogs/Flea Allergy in Dog/flea_allergy (24)_jpg.rf.DClv6yjLP0e5NsPNmp7G.jpg,11,11,Dog - Flea Allergy,image_family_6473b995c332b016a80c3a90,retain,readable; no cleaning exclusion,,,split_group_6473b995c332b016a80c3a90
Dogs/Flea Allergy in Dog/flea_allergy (25)_jpg.rf.dW5xtnu1riLNFh8VDc6E.jpg,11,11,Dog - Flea Allergy,image_family_83e199f22954a49da7600c7e,retain,readable; no cleaning exclusion,,,split_group_83e199f22954a49da7600c7e
Dogs/Flea Allergy in Dog/flea_allergy (26)_jpg.rf.rWaKuroLBXNLyWmAuuG0.jpg,11,11,Dog - Flea Allergy,image_family_4e576173a4b78f9f219fc7ae,retain,readable; no cleaning exclusion,,,split_group_4e576173a4b78f9f219fc7ae
Dogs/Flea Allergy in Dog/flea_allergy (27)_jpg.rf.aSejnt0xMqrhKIGY2B1j.jpg,11,11,Dog - Flea Allergy,image_family_187a98392c2b8e339fedc686,retain,readable; no cleaning exclusion,,,split_group_187a98392c2b8e339fedc686
Dogs/Flea Allergy in Dog/flea_allergy (28)_jpg.rf.H6lVadG2KRfxdS1PRd2a.jpg,11,11,Dog - Flea Allergy,image_family_41e267f8948a12a8094bb2f7,retain,readable; no cleaning exclusion,,,split_group_41e267f8948a12a8094bb2f7
Dogs/Flea Allergy in Dog/flea_allergy (29)_jpg.rf.0Y2xpBjTtUZjLBr5AWHT.jpg,11,11,Dog - Flea Allergy,image_family_58e082fa2780aa68431a7ac1,retain,readable; no cleaning exclusion,,,split_group_58e082fa2780aa68431a7ac1
Dogs/Flea Allergy in Dog/flea_allergy (3)_jpg.rf.lofmQPE22aXFs9HCsIls.jpg,11,11,Dog - Flea Allergy,image_family_0c95c80be43907c522c44255,retain,readable; no cleaning exclusion,,,split_group_0c95c80be43907c522c44255
Dogs/Flea Allergy in Dog/flea_allergy (30)_jpg.rf.uViVWOC9Gy4OOE0iCuTx.jpg,11,11,Dog - Flea Allergy,image_family_92e215beb48a8f399b29876d,retain,readable; no cleaning exclusion,,,split_group_92e215beb48a8f399b29876d
Dogs/Flea Allergy in Dog/flea_allergy (31)_jpg.rf.ihdYYUiWER8zEGKX9txw.jpg,11,11,Dog - Flea Allergy,image_family_c151d6e7b3131b72ac389528,retain,readable; no cleaning exclusion,,,split_group_c151d6e7b3131b72ac389528
Dogs/Flea Allergy in Dog/flea_allergy (32)_jpg.rf.emhwNsXv8FhV81nOqC33.jpg,11,11,Dog - Flea Allergy,image_family_656c3c925186cc97348fe235,retain,readable; no cleaning exclusion,,,split_group_656c3c925186cc97348fe235
Dogs/Flea Allergy in Dog/flea_allergy (33)_jpg.rf.6Vu6QKdfYLyEVHJ05Swq.jpg,11,11,Dog - Flea Allergy,image_family_790f9dd45f4516ea879295af,retain,readable; no cleaning exclusion,,,split_group_790f9dd45f4516ea879295af
Dogs/Flea Allergy in Dog/flea_allergy (34)_jpg.rf.IoqaIWeUGkwdljv00LBT.jpg,11,11,Dog - Flea Allergy,image_family_e6040448439ebfed9d774509,retain,readable; no cleaning exclusion,,,split_group_e6040448439ebfed9d774509
Dogs/Flea Allergy in Dog/flea_allergy (35)_jpg.rf.AfE5gquanuTy9CmosptR.jpg,11,11,Dog - Flea Allergy,image_family_5f5f0c2ef9d8a9a1b3b7cfbf,retain,readable; no cleaning exclusion,,,split_group_5f5f0c2ef9d8a9a1b3b7cfbf
Dogs/Flea Allergy in Dog/flea_allergy (36)_jpg.rf.qb9tOOUOxzVQTjRzuIpO.jpg,11,11,Dog - Flea Allergy,image_family_462c93d6b5380a6b5d696719,retain,readable; no cleaning exclusion,,,split_group_462c93d6b5380a6b5d696719
Dogs/Flea Allergy in Dog/flea_allergy (37)_jpg.rf.xcTjrjBRUzyrBrig0ENU.jpg,11,11,Dog - Flea Allergy,image_family_f22db669bcc8a25315a3360d,retain,readable; no cleaning exclusion,,,split_group_f22db669bcc8a25315a3360d
Dogs/Flea Allergy in Dog/flea_allergy (38)_jpg.rf.5NJsD43D9oe6HLYJLmIt.jpg,11,11,Dog - Flea Allergy,image_family_a273a134912d590a3ec4af0a,retain,readable; no cleaning exclusion,,,split_group_a273a134912d590a3ec4af0a
Dogs/Flea Allergy in Dog/flea_allergy (39)_jpg.rf.lLMMR4hjRv6NGhtJnexs.jpg,11,11,Dog - Flea Allergy,image_family_0e518c5ccb06ac14b010abef,retain,readable; no cleaning exclusion,,,split_group_0e518c5ccb06ac14b010abef
Dogs/Flea Allergy in Dog/flea_allergy (4)_jpg.rf.NXehlz8c1mKkYacGCroQ.jpg,11,11,Dog - Flea Allergy,image_family_9ca39f3baef272810f6050d0,retain,readable; no cleaning exclusion,,,split_group_9ca39f3baef272810f6050d0
Dogs/Flea Allergy in Dog/flea_allergy (40)_jpg.rf.ApKJfqFauBv8Gq6Aid0r.jpg,11,11,Dog - Flea Allergy,image_family_3fada7a26a9191de0d767876,retain,readable; no cleaning exclusion,,,split_group_3fada7a26a9191de0d767876
Dogs/Flea Allergy in Dog/flea_allergy (41)_jpg.rf.eGN44MbpZ8cfJzr39u5t.jpg,11,11,Dog - Flea Allergy,image_family_7cd39b1206de5100232b4e99,retain,readable; no cleaning exclusion,,,split_group_7cd39b1206de5100232b4e99
Dogs/Flea Allergy in Dog/flea_allergy (42)_jpg.rf.trIK8D2XrGprpmpSLOTJ.jpg,11,11,Dog - Flea Allergy,image_family_935a53f11a08bfad57168d20,retain,readable; no cleaning exclusion,,,split_group_935a53f11a08bfad57168d20
Dogs/Flea Allergy in Dog/flea_allergy (43)_jpg.rf.GtZrSTMMstfGMNdYvU6F.jpg,11,11,Dog - Flea Allergy,image_family_5fcfac3ec5a6bd78f02eda09,retain,readable; no cleaning exclusion,,,split_group_5fcfac3ec5a6bd78f02eda09
Dogs/Flea Allergy in Dog/flea_allergy (44)_jpg.rf.RRRKMw7r0kia88QTxgDL.jpg,11,11,Dog - Flea Allergy,image_family_3d8debd9b3c6d16c5b5b5961,retain,readable; no cleaning exclusion,,,split_group_3d8debd9b3c6d16c5b5b5961
Dogs/Flea Allergy in Dog/flea_allergy (45)_jpg.rf.XxNjBqGNWMvpeQBqVFKu.jpg,11,11,Dog - Flea Allergy,image_family_a48942d607037c2fb934ae28,retain,readable; no cleaning exclusion,,,split_group_a48942d607037c2fb934ae28
Dogs/Flea Allergy in Dog/flea_allergy (46)_jpg.rf.V3R1V3CjL84WL4XSSchN.jpg,11,11,Dog - Flea Allergy,image_family_63ef4ea5105bef08268f841a,retain,readable; no cleaning exclusion,,,split_group_63ef4ea5105bef08268f841a
Dogs/Flea Allergy in Dog/flea_allergy (47)_jpg.rf.ojmuhLjIH7CTApMljaH4.jpg,11,11,Dog - Flea Allergy,image_family_85269dc4f1185cbf22dc34c5,retain,readable; no cleaning exclusion,,,split_group_85269dc4f1185cbf22dc34c5
Dogs/Flea Allergy in Dog/flea_allergy (48)_jpg.rf.f8ISEaIcZ1ajRH47dO7H.jpg,11,11,Dog - Flea Allergy,image_family_dc6b16075cc37807501fed25,retain,readable; no cleaning exclusion,,,split_group_dc6b16075cc37807501fed25
Dogs/Flea Allergy in Dog/flea_allergy (49)_jpg.rf.LwTuSkDh14odVO3wDwZz.jpg,11,11,Dog - Flea Allergy,image_family_f29899b15b6180f120a3f1f8,retain,readable; no cleaning exclusion,,,split_group_f29899b15b6180f120a3f1f8
Dogs/Flea Allergy in Dog/flea_allergy (5)_jpg.rf.Wr4HAVFoSFQzSH9fjOKm.jpg,11,11,Dog - Flea Allergy,image_family_f37029e92cacf10170ec84df,retain,readable; no cleaning exclusion,,,split_group_f37029e92cacf10170ec84df
Dogs/Flea Allergy in Dog/flea_allergy (50)_jpg.rf.Nrgedw4wXfqyROmOoxe3.jpg,11,11,Dog - Flea Allergy,image_family_276a07ce220da5163b3264f2,retain,readable; no cleaning exclusion,,,split_group_276a07ce220da5163b3264f2
Dogs/Flea Allergy in Dog/flea_allergy (51)_jpg.rf.MaRfLDx65PiTzAcf2MJg.jpg,11,11,Dog - Flea Allergy,image_family_6ff633f1720acd66379959b9,retain,readable; no cleaning exclusion,,,split_group_6ff633f1720acd66379959b9
Dogs/Flea Allergy in Dog/flea_allergy (52)_jpg.rf.5oTvwzLA6oA2F45s6OAG.jpg,11,11,Dog - Flea Allergy,image_family_228bbb677237c909d25ddfe6,retain,readable; no cleaning exclusion,,,split_group_228bbb677237c909d25ddfe6
Dogs/Flea Allergy in Dog/flea_allergy (53)_jpg.rf.OAnkrBJFaLSmoD8c0zVN.jpg,11,11,Dog - Flea Allergy,image_family_cfcbf44ecda85980d2ac402d,retain,readable; no cleaning exclusion,,,split_group_cfcbf44ecda85980d2ac402d
Dogs/Flea Allergy in Dog/flea_allergy (54)_jpg.rf.HkOTEhkVip6BBIhf4nWj.jpg,11,11,Dog - Flea Allergy,image_family_a865cb2a6d5b70c5d2e25f6f,retain,readable; no cleaning exclusion,,,split_group_a865cb2a6d5b70c5d2e25f6f
Dogs/Flea Allergy in Dog/flea_allergy (55)_jpg.rf.MHjh5GSxgZJCmW1M7EAL.jpg,11,11,Dog - Flea Allergy,image_family_9bc289cbff8a40dc5ca670e5,retain,readable; no cleaning exclusion,,,split_group_9bc289cbff8a40dc5ca670e5
Dogs/Flea Allergy in Dog/flea_allergy (56)_jpg.rf.IefsZ30m5dzhJ6j4MxRZ.jpg,11,11,Dog - Flea Allergy,image_family_d9f25eef4c35b5fee8a89d3d,retain,readable; no cleaning exclusion,,,split_group_d9f25eef4c35b5fee8a89d3d
Dogs/Flea Allergy in Dog/flea_allergy (57)_jpg.rf.nDU9vZ4wvh4MgOXL9ruG.jpg,11,11,Dog - Flea Allergy,image_family_ec95b81df0801f596ea1ecfe,retain,readable; no cleaning exclusion,,,split_group_ec95b81df0801f596ea1ecfe
Dogs/Flea Allergy in Dog/flea_allergy (58)_jpg.rf.CvhEm3EhUmqsAzyocMKn.jpg,11,11,Dog - Flea Allergy,image_family_ad14c800df8b66af6758aeff,retain,readable; no cleaning exclusion,,,split_group_ad14c800df8b66af6758aeff
Dogs/Flea Allergy in Dog/flea_allergy (59)_jpg.rf.pXVDAiEIPYnJk6pZ30Fy.jpg,11,11,Dog - Flea Allergy,image_family_cec2b021e147fa143a2ee1db,retain,readable; no cleaning exclusion,,,split_group_cec2b021e147fa143a2ee1db
Dogs/Flea Allergy in Dog/flea_allergy (6)_jpg.rf.Rvgu0AT7P1kOcSCwAiEt.jpg,11,11,Dog - Flea Allergy,image_family_fd4ee1d68df7d1f29244c65d,retain,readable; no cleaning exclusion,,,split_group_fd4ee1d68df7d1f29244c65d
Dogs/Flea Allergy in Dog/flea_allergy (60)_jpg.rf.wBCLTymVfECPXDxTBC98.jpg,11,11,Dog - Flea Allergy,image_family_825638803cd75de23a13b3c7,retain,readable; no cleaning exclusion,,,split_group_825638803cd75de23a13b3c7
Dogs/Flea Allergy in Dog/flea_allergy (61)_jpg.rf.8mhRPNvcqa3YBp2QHQwe.jpg,11,11,Dog - Flea Allergy,image_family_b6a77e7cf1a4729c4b768a4e,retain,readable; no cleaning exclusion,,,split_group_b6a77e7cf1a4729c4b768a4e
Dogs/Flea Allergy in Dog/flea_allergy (62)_jpg.rf.phaoGeMpkQmrda5JJ9ip.jpg,11,11,Dog - Flea Allergy,image_family_c6f069d9bf1977b560d863c9,retain,readable; no cleaning exclusion,,,split_group_c6f069d9bf1977b560d863c9
Dogs/Flea Allergy in Dog/flea_allergy (63)_jpg.rf.gJAmQ2pWWiHtOJmIl9bZ.jpg,11,11,Dog - Flea Allergy,image_family_f3c34efb1251fe06a2606856,retain,readable; no cleaning exclusion,,,split_group_f3c34efb1251fe06a2606856
Dogs/Flea Allergy in Dog/flea_allergy (64)_jpg.rf.jQLly6ezoLpdwePvUZFx.jpg,11,11,Dog - Flea Allergy,image_family_2187bfe8cd43427b2f6d0944,retain,readable; no cleaning exclusion,,,split_group_2187bfe8cd43427b2f6d0944
Dogs/Flea Allergy in Dog/flea_allergy (65)_jpg.rf.U6XG76Ibfz17LelqXUPM.jpg,11,11,Dog - Flea Allergy,image_family_a03ca4cf6d63e40c9666801e,retain,readable; no cleaning exclusion,,,split_group_a03ca4cf6d63e40c9666801e
Dogs/Flea Allergy in Dog/flea_allergy (66)_jpg.rf.BG4CSAoB6IhKhgRHuv4J.jpg,11,11,Dog - Flea Allergy,image_family_55d7fd3c56b93b73d50c5623,retain,readable; no cleaning exclusion,,,split_group_55d7fd3c56b93b73d50c5623
Dogs/Flea Allergy in Dog/flea_allergy (67)_jpg.rf.H5Lz1QjxGxd1pjJtJyUq.jpg,11,11,Dog - Flea Allergy,image_family_8b717fce395ec19f828e6092,retain,readable; no cleaning exclusion,,,split_group_8b717fce395ec19f828e6092
Dogs/Flea Allergy in Dog/flea_allergy (68)_jpg.rf.6QwQPFiu9RQK0gBg8yi4.jpg,11,11,Dog - Flea Allergy,image_family_1ff2042142a4fe101ad8e55e,retain,readable; no cleaning exclusion,,,split_group_1ff2042142a4fe101ad8e55e
Dogs/Flea Allergy in Dog/flea_allergy (69)_jpg.rf.m4mlhAPvoq0PXXXxNkXc.jpg,11,11,Dog - Flea Allergy,image_family_eb2cb996fcaadade3f930354,retain,readable; no cleaning exclusion,,,split_group_eb2cb996fcaadade3f930354
Dogs/Flea Allergy in Dog/flea_allergy (7)_jpg.rf.FHZaRQn88mLTUb1n0ACR.jpg,11,11,Dog - Flea Allergy,image_family_941765628cb2744e413c3c1c,retain,readable; no cleaning exclusion,,,split_group_941765628cb2744e413c3c1c
Dogs/Flea Allergy in Dog/flea_allergy (70)_jpg.rf.zmqZ8r7Yg4VGCrLpcVwj.jpg,11,11,Dog - Flea Allergy,image_family_fe5a772ff1df43fe868fd2e7,retain,readable; no cleaning exclusion,,,split_group_fe5a772ff1df43fe868fd2e7
Dogs/Flea Allergy in Dog/flea_allergy (71)_jpg.rf.a9IbKgVAvU4e1wRwWNI1.jpg,11,11,Dog - Flea Allergy,image_family_c9ed6e804bf2610e0608b386,retain,readable; no cleaning exclusion,,,split_group_c9ed6e804bf2610e0608b386
Dogs/Flea Allergy in Dog/flea_allergy (72)_jpg.rf.aVC5GXIFMO9oT5rwRVSd.jpg,11,11,Dog - Flea Allergy,image_family_ba6f821158435715f1a8a834,retain,readable; no cleaning exclusion,,,split_group_ba6f821158435715f1a8a834
Dogs/Flea Allergy in Dog/flea_allergy (73)_jpg.rf.yoXdnn0PHifQt2OGOFdz.jpg,11,11,Dog - Flea Allergy,image_family_34b618591914b888c4ab9716,retain,readable; no cleaning exclusion,,,split_group_34b618591914b888c4ab9716
Dogs/Flea Allergy in Dog/flea_allergy (74)_jpg.rf.pveM6G2kfbnsYlR6jIoT.jpg,11,11,Dog - Flea Allergy,image_family_9988368ffd801079ff754eb6,retain,readable; no cleaning exclusion,,,split_group_9988368ffd801079ff754eb6
Dogs/Flea Allergy in Dog/flea_allergy (75)_jpg.rf.QZHlumzOrVM5NIAcH3VN.jpg,11,11,Dog - Flea Allergy,image_family_57f9535892b8a9ab4ff7f7ee,retain,readable; no cleaning exclusion,,,split_group_57f9535892b8a9ab4ff7f7ee
Dogs/Flea Allergy in Dog/flea_allergy (76)_jpg.rf.MhHG07gQf5Ud33jy3prm.jpg,11,11,Dog - Flea Allergy,image_family_8d64f83b73de4ef042398a29,retain,readable; no cleaning exclusion,,,split_group_8d64f83b73de4ef042398a29
Dogs/Flea Allergy in Dog/flea_allergy (8)_jpg.rf.gEZR5m1tXlk7yxsRjBKt.jpg,11,11,Dog - Flea Allergy,image_family_76d23904d2a6e64626642422,retain,readable; no cleaning exclusion,,,split_group_76d23904d2a6e64626642422
Dogs/Flea Allergy in Dog/flea_allergy (9)_jpg.rf.MWnevQOZ3TE1TIqWnvMv.jpg,11,11,Dog - Flea Allergy,image_family_475e63760892fb60434d67ab,retain,readable; no cleaning exclusion,,,split_group_475e63760892fb60434d67ab
